2026-04-27 12:18:00,291 - INFO - Navigating to Login Page: http://operator-qa.qmaastech.com/
2026-04-27 12:18:00,291 - INFO - Navigating to: http://operator-qa.qmaastech.com/
2026-04-27 12:18:03,177 - INFO - Attempting login for user: superadmin_qm@yopmail.com
2026-04-27 12:18:04,938 - INFO - Logging DOM elements BEFORE login click...
2026-04-27 12:18:04,938 - INFO - 
================================================================================
2026-04-27 12:18:04,938 - INFO - DOM SNAPSHOT AT STAGE: Before_Login
2026-04-27 12:18:04,938 - INFO - ================================================================================
2026-04-27 12:18:05,010 - INFO - 
Searching for pop-up elements in page content...
2026-04-27 12:18:05,352 - WARNING - ⚠ No known pop-up selectors found. Checking all visible divs...
2026-04-27 12:18:05,410 - INFO - Total DIV elements on page: 21
2026-04-27 12:18:06,025 - INFO -   Visible DIV 1: class='hero-pills' id='no-id' text='bolt
Real-time
smart_toy
AI-driven
hub
Multi-agenc'
2026-04-27 12:18:06,141 - INFO -   Visible DIV 2: class='auth-panel' id='no-id' text='Welcome Back

Sign in to your account to continue
'
2026-04-27 12:18:06,216 - INFO -   Visible DIV 3: class='auth-card' id='no-id' text='Welcome Back

Sign in to your account to continue
'
2026-04-27 12:18:06,331 - INFO -   Visible DIV 4: class='auth-step' id='no-id' text='Welcome Back

Sign in to your account to continue
'
2026-04-27 12:18:06,504 - INFO -   Visible DIV 5: class='field-wrap' id='no-id' text='Email ID / Username *
person'
2026-04-27 12:18:06,610 - INFO -   Visible DIV 6: class='input-shell' id='no-id' text='person'
2026-04-27 12:18:06,694 - INFO -   Visible DIV 7: class='field-wrap' id='no-id' text='Password *
lock
visibility_off'
2026-04-27 12:18:06,774 - INFO -   Visible DIV 8: class='input-shell' id='no-id' text='lock
visibility_off'
2026-04-27 12:18:06,860 - INFO -   Visible DIV 9: class='auth-bottom-links' id='no-id' text='New user?  Access Account

Forgot password?'
2026-04-27 12:18:06,892 - INFO - 
================================================================================

2026-04-27 12:18:07,481 - INFO - Login button clicked.
2026-04-27 12:18:07,481 - INFO - Taking rapid screenshots and validating pop-up...
2026-04-27 12:18:08,064 - INFO - Screenshot captured: reports\RUN_20260427_121757\screenshots\03_Popup_Immediate_1_121807.png
2026-04-27 12:18:08,064 - INFO - Screenshot 1 captured - Attempting validation...
2026-04-27 12:18:08,065 - INFO - 
================================================================================
2026-04-27 12:18:08,065 - INFO - STARTING COMPREHENSIVE POP-UP VALIDATION
2026-04-27 12:18:08,066 - INFO - ================================================================================
2026-04-27 12:18:08,088 - INFO - 
[VALIDATION 1] Checking Pop-up Visibility...
2026-04-27 12:18:08,108 - INFO -   Visibility Status: True
2026-04-27 12:18:08,122 - INFO -   PASSED: Pop-up is visible
2026-04-27 12:18:08,125 - INFO - 
[VALIDATION 2] Extracting and Validating Text Content...
2026-04-27 12:18:08,141 - INFO -   Extracted Text: 'Login Successful'
2026-04-27 12:18:08,141 - INFO -   PASSED: Text matches exactly: 'Login Successful'
2026-04-27 12:18:08,141 - INFO - 
[VALIDATION 3] Checking for Typos...
2026-04-27 12:18:08,154 - INFO -   PASSED: No known typos detected
2026-04-27 12:18:08,154 - INFO - 
[VALIDATION 4] Extracting CSS Classes and Attributes...
2026-04-27 12:18:08,173 - INFO -   CSS Classes: snackbar success-snackbar
2026-04-27 12:18:08,173 - INFO -   PASSED: 'success' class is present
2026-04-27 12:18:08,173 - INFO - 
[VALIDATION 5] Checking Element Properties...
2026-04-27 12:18:08,272 - INFO -   ID: Not set
2026-04-27 12:18:08,272 - INFO -   Data-TestID: Not set
2026-04-27 12:18:08,272 - INFO -   Role: Not set
2026-04-27 12:18:08,272 - INFO -   ARIA Label: Not set
2026-04-27 12:18:08,272 - INFO - 
[VALIDATION 6] Checking Position and Size...
2026-04-27 12:18:08,307 - INFO -   X: 1230, Y: 20
2026-04-27 12:18:08,307 - INFO -   Width: 250, Height: 43.5
2026-04-27 12:18:08,307 - INFO -   PASSED: Element has valid dimensions
2026-04-27 12:18:08,307 - INFO - 
[VALIDATION 7] Checking Computed Styles...
2026-04-27 12:18:08,340 - INFO -   Display: block
2026-04-27 12:18:08,340 - INFO -   Opacity: 1
2026-04-27 12:18:08,340 - INFO -   PASSED: Element is displayed with proper opacity
2026-04-27 12:18:08,340 - INFO - 
================================================================================
2026-04-27 12:18:08,340 - INFO - POP-UP VALIDATION SUMMARY
2026-04-27 12:18:08,340 - INFO - ================================================================================
2026-04-27 12:18:08,340 - INFO -   Visibility: PASSED
2026-04-27 12:18:08,340 - INFO -   Text Match: PASSED
2026-04-27 12:18:08,340 - INFO -   Typo Check: PASSED
2026-04-27 12:18:08,340 - INFO -   CSS Classes: Present
2026-04-27 12:18:08,340 - INFO -   Position & Size: Valid
2026-04-27 12:18:08,354 - INFO -   Computed Styles: Valid
2026-04-27 12:18:08,355 - INFO - ================================================================================

2026-04-27 12:18:08,356 - INFO - ✓ ALL VALIDATIONS PASSED - Pop-up is working correctly!
2026-04-27 12:18:08,761 - INFO - Screenshot captured: reports\RUN_20260427_121757\screenshots\03_Popup_Immediate_2_121808.png
2026-04-27 12:18:08,763 - INFO - Screenshot 2 captured - Attempting validation...
2026-04-27 12:18:08,766 - INFO - 
================================================================================
2026-04-27 12:18:08,767 - INFO - STARTING COMPREHENSIVE POP-UP VALIDATION
2026-04-27 12:18:08,767 - INFO - ================================================================================
2026-04-27 12:18:08,791 - ERROR - VALIDATION FAILED: Pop-up element not found!
2026-04-27 12:18:10,090 - INFO - Screenshot captured: reports\RUN_20260427_121757\screenshots\03_Popup_Immediate_3_121808.png
2026-04-27 12:18:10,091 - INFO - Screenshot 3 captured - Attempting validation...
2026-04-27 12:18:10,094 - INFO - 
================================================================================
2026-04-27 12:18:10,095 - INFO - STARTING COMPREHENSIVE POP-UP VALIDATION
2026-04-27 12:18:10,096 - INFO - ================================================================================
2026-04-27 12:18:10,120 - ERROR - VALIDATION FAILED: Pop-up element not found!
2026-04-27 12:18:10,245 - INFO - Logging DOM elements AFTER login click (pop-up should appear here)...
2026-04-27 12:18:10,245 - INFO - 
================================================================================
2026-04-27 12:18:10,246 - INFO - DOM SNAPSHOT AT STAGE: After_Login_Click
2026-04-27 12:18:10,246 - INFO - ================================================================================
2026-04-27 12:18:10,270 - INFO - 
Searching for pop-up elements in page content...
2026-04-27 12:18:10,535 - WARNING - ⚠ No known pop-up selectors found. Checking all visible divs...
2026-04-27 12:18:10,589 - INFO - Total DIV elements on page: 29
2026-04-27 12:18:10,803 - INFO -   Visible DIV 1: class='header-right' id='no-id' text='English
French
Spanish
Quantum Toll Authority
supe'
2026-04-27 12:18:10,906 - INFO -   Visible DIV 2: class='nav-user' id='no-id' text='Quantum Toll Authority
superadmin_qm@yopmail.com'
2026-04-27 12:18:11,070 - INFO -   Visible DIV 3: class='nav-user-info' id='no-id' text='Quantum Toll Authority
superadmin_qm@yopmail.com'
2026-04-27 12:18:11,182 - INFO -   Visible DIV 4: class='uname' id='no-id' text='Quantum Toll Authority'
2026-04-27 12:18:11,286 - INFO -   Visible DIV 5: class='urole' id='no-id' text='superadmin_qm@yopmail.com'
2026-04-27 12:18:11,406 - INFO -   Visible DIV 6: class='main-container' id='no-id' text='dashboard_2
group
decimal_increase
admin_panel_set'
2026-04-27 12:18:11,521 - INFO -   Visible DIV 7: class='inner' id='no-id' text='dashboard_2'
2026-04-27 12:18:11,620 - INFO -   Visible DIV 8: class='inner' id='no-id' text='group'
2026-04-27 12:18:11,740 - INFO -   Visible DIV 9: class='inner' id='no-id' text='decimal_increase'
2026-04-27 12:18:11,871 - INFO -   Visible DIV 10: class='inner' id='no-id' text='admin_panel_settings'
2026-04-27 12:18:12,002 - INFO -   Visible DIV 11: class='inner' id='no-id' text='nest_doorbell_visitor'
2026-04-27 12:18:12,126 - INFO -   Visible DIV 12: class='inner' id='no-id' text='key_visualizer'
2026-04-27 12:18:12,150 - INFO - 
================================================================================

2026-04-27 12:18:12,447 - INFO - Screenshot captured: reports\RUN_20260427_121757\screenshots\02_Just_After_Login_Click_121812.png
2026-04-27 12:18:12,449 - INFO - Waiting for dashboard URL...
2026-04-27 12:18:12,449 - INFO - 
================================================================================
2026-04-27 12:18:12,450 - INFO - DOM SNAPSHOT AT STAGE: Before_Dashboard_Navigation
2026-04-27 12:18:12,451 - INFO - ================================================================================
2026-04-27 12:18:12,485 - INFO - 
Searching for pop-up elements in page content...
2026-04-27 12:18:12,725 - WARNING - ⚠ No known pop-up selectors found. Checking all visible divs...
2026-04-27 12:18:12,765 - INFO - Total DIV elements on page: 29
2026-04-27 12:18:12,919 - INFO -   Visible DIV 1: class='header-right' id='no-id' text='English
French
Spanish
Quantum Toll Authority
supe'
2026-04-27 12:18:13,007 - INFO -   Visible DIV 2: class='nav-user' id='no-id' text='Quantum Toll Authority
superadmin_qm@yopmail.com'
2026-04-27 12:18:13,146 - INFO -   Visible DIV 3: class='nav-user-info' id='no-id' text='Quantum Toll Authority
superadmin_qm@yopmail.com'
2026-04-27 12:18:13,225 - INFO -   Visible DIV 4: class='uname' id='no-id' text='Quantum Toll Authority'
2026-04-27 12:18:13,291 - INFO -   Visible DIV 5: class='urole' id='no-id' text='superadmin_qm@yopmail.com'
2026-04-27 12:18:13,375 - INFO -   Visible DIV 6: class='main-container' id='no-id' text='dashboard_2
group
decimal_increase
admin_panel_set'
2026-04-27 12:18:13,472 - INFO -   Visible DIV 7: class='inner' id='no-id' text='dashboard_2'
2026-04-27 12:18:13,541 - INFO -   Visible DIV 8: class='inner' id='no-id' text='group'
2026-04-27 12:18:13,651 - INFO -   Visible DIV 9: class='inner' id='no-id' text='decimal_increase'
2026-04-27 12:18:13,758 - INFO -   Visible DIV 10: class='inner' id='no-id' text='admin_panel_settings'
2026-04-27 12:18:13,856 - INFO -   Visible DIV 11: class='inner' id='no-id' text='nest_doorbell_visitor'
2026-04-27 12:18:13,941 - INFO -   Visible DIV 12: class='inner' id='no-id' text='key_visualizer'
2026-04-27 12:18:13,962 - INFO - 
================================================================================

2026-04-27 12:18:13,986 - INFO - Login SUCCESS: Dashboard URL reached.
2026-04-27 12:18:14,507 - INFO - 
================================================================================
2026-04-27 12:18:14,509 - INFO - DOM SNAPSHOT AT STAGE: After_Dashboard_Loaded
2026-04-27 12:18:14,509 - INFO - ================================================================================
2026-04-27 12:18:14,542 - INFO - 
Searching for pop-up elements in page content...
2026-04-27 12:18:14,807 - WARNING - ⚠ No known pop-up selectors found. Checking all visible divs...
2026-04-27 12:18:14,863 - INFO - Total DIV elements on page: 29
2026-04-27 12:18:15,151 - INFO -   Visible DIV 1: class='header-right' id='no-id' text='English
French
Spanish
Quantum Toll Authority
supe'
2026-04-27 12:18:15,263 - INFO -   Visible DIV 2: class='nav-user' id='no-id' text='Quantum Toll Authority
superadmin_qm@yopmail.com'
2026-04-27 12:18:15,408 - INFO -   Visible DIV 3: class='nav-user-info' id='no-id' text='Quantum Toll Authority
superadmin_qm@yopmail.com'
2026-04-27 12:18:15,506 - INFO -   Visible DIV 4: class='uname' id='no-id' text='Quantum Toll Authority'
2026-04-27 12:18:15,733 - INFO -   Visible DIV 5: class='urole' id='no-id' text='superadmin_qm@yopmail.com'
2026-04-27 12:18:15,921 - INFO -   Visible DIV 6: class='main-container' id='no-id' text='dashboard_2
group
decimal_increase
admin_panel_set'
2026-04-27 12:18:16,086 - INFO -   Visible DIV 7: class='inner' id='no-id' text='dashboard_2'
2026-04-27 12:18:16,223 - INFO -   Visible DIV 8: class='inner' id='no-id' text='group'
2026-04-27 12:18:16,389 - INFO -   Visible DIV 9: class='inner' id='no-id' text='decimal_increase'
2026-04-27 12:18:16,529 - INFO -   Visible DIV 10: class='inner' id='no-id' text='admin_panel_settings'
2026-04-27 12:18:16,676 - INFO -   Visible DIV 11: class='inner' id='no-id' text='nest_doorbell_visitor'
2026-04-27 12:18:16,866 - INFO -   Visible DIV 12: class='inner' id='no-id' text='key_visualizer'
2026-04-27 12:18:16,896 - INFO - 
================================================================================

2026-04-27 12:18:16,897 - INFO - Checking for dashboard header 'Welcome to QM Toll portal!'...
2026-04-27 12:18:16,965 - INFO - ✅ Dashboard header found with selector: h4:has-text("Welcome to QM Toll portal!")
2026-04-27 12:18:16,965 - INFO -    Header text: 'Welcome to QM Toll portal!'
2026-04-27 12:18:16,965 - INFO - ✅ DASHBOARD VALIDATION PASSED: 'Welcome to QM Toll portal!' header found
2026-04-27 12:18:17,151 - INFO - Screenshot captured: reports\RUN_20260427_121757\screenshots\01_Login_Success_Dashboard_121816.png
2026-04-27 12:18:17,775 - INFO - Step 1: Navigating and Starting Onboarding...
2026-04-27 12:18:17,775 - INFO - Navigating to Onboarding Module...
2026-04-27 12:19:32,525 - INFO - Navigating to Login Page: http://operator-qa.qmaastech.com/
2026-04-27 12:19:32,536 - INFO - Navigating to: http://operator-qa.qmaastech.com/
2026-04-27 12:19:35,391 - INFO - Attempting login for user: superadmin_qm@yopmail.com
2026-04-27 12:19:37,110 - INFO - Logging DOM elements BEFORE login click...
2026-04-27 12:19:37,112 - INFO - 
================================================================================
2026-04-27 12:19:37,114 - INFO - DOM SNAPSHOT AT STAGE: Before_Login
2026-04-27 12:19:37,116 - INFO - ================================================================================
2026-04-27 12:19:37,140 - INFO - 
Searching for pop-up elements in page content...
2026-04-27 12:19:37,437 - WARNING - ⚠ No known pop-up selectors found. Checking all visible divs...
2026-04-27 12:19:37,558 - INFO - Total DIV elements on page: 21
2026-04-27 12:19:38,118 - INFO -   Visible DIV 1: class='hero-pills' id='no-id' text='bolt
Real-time
smart_toy
AI-driven
hub
Multi-agenc'
2026-04-27 12:19:38,260 - INFO -   Visible DIV 2: class='auth-panel' id='no-id' text='Welcome Back

Sign in to your account to continue
'
2026-04-27 12:19:38,345 - INFO -   Visible DIV 3: class='auth-card' id='no-id' text='Welcome Back

Sign in to your account to continue
'
2026-04-27 12:19:38,454 - INFO -   Visible DIV 4: class='auth-step' id='no-id' text='Welcome Back

Sign in to your account to continue
'
2026-04-27 12:19:38,579 - INFO -   Visible DIV 5: class='field-wrap' id='no-id' text='Email ID / Username *
person'
2026-04-27 12:19:38,669 - INFO -   Visible DIV 6: class='input-shell' id='no-id' text='person'
2026-04-27 12:19:38,760 - INFO -   Visible DIV 7: class='field-wrap' id='no-id' text='Password *
lock
visibility_off'
2026-04-27 12:19:38,844 - INFO -   Visible DIV 8: class='input-shell' id='no-id' text='lock
visibility_off'
2026-04-27 12:19:38,953 - INFO -   Visible DIV 9: class='auth-bottom-links' id='no-id' text='New user?  Access Account

Forgot password?'
2026-04-27 12:19:39,007 - INFO - 
================================================================================

2026-04-27 12:19:39,590 - INFO - Login button clicked.
2026-04-27 12:19:39,599 - INFO - Taking rapid screenshots and validating pop-up...
2026-04-27 12:19:40,264 - INFO - Screenshot captured: reports\RUN_20260427_121930\screenshots\03_Popup_Immediate_1_121939.png
2026-04-27 12:19:40,264 - INFO - Screenshot 1 captured - Attempting validation...
2026-04-27 12:19:40,264 - INFO - 
================================================================================
2026-04-27 12:19:40,264 - INFO - STARTING COMPREHENSIVE POP-UP VALIDATION
2026-04-27 12:19:40,264 - INFO - ================================================================================
2026-04-27 12:19:40,309 - INFO - 
[VALIDATION 1] Checking Pop-up Visibility...
2026-04-27 12:19:40,331 - INFO -   Visibility Status: True
2026-04-27 12:19:40,331 - INFO -   PASSED: Pop-up is visible
2026-04-27 12:19:40,331 - INFO - 
[VALIDATION 2] Extracting and Validating Text Content...
2026-04-27 12:19:40,362 - INFO -   Extracted Text: 'Login Successful'
2026-04-27 12:19:40,362 - INFO -   PASSED: Text matches exactly: 'Login Successful'
2026-04-27 12:19:40,362 - INFO - 
[VALIDATION 3] Checking for Typos...
2026-04-27 12:19:40,362 - INFO -   PASSED: No known typos detected
2026-04-27 12:19:40,362 - INFO - 
[VALIDATION 4] Extracting CSS Classes and Attributes...
2026-04-27 12:19:40,375 - INFO -   CSS Classes: snackbar success-snackbar
2026-04-27 12:19:40,375 - INFO -   PASSED: 'success' class is present
2026-04-27 12:19:40,390 - INFO - 
[VALIDATION 5] Checking Element Properties...
2026-04-27 12:19:40,495 - INFO -   ID: Not set
2026-04-27 12:19:40,495 - INFO -   Data-TestID: Not set
2026-04-27 12:19:40,495 - INFO -   Role: Not set
2026-04-27 12:19:40,495 - INFO -   ARIA Label: Not set
2026-04-27 12:19:40,495 - INFO - 
[VALIDATION 6] Checking Position and Size...
2026-04-27 12:19:40,514 - INFO -   X: 1230, Y: 20
2026-04-27 12:19:40,514 - INFO -   Width: 250, Height: 43.5
2026-04-27 12:19:40,514 - INFO -   PASSED: Element has valid dimensions
2026-04-27 12:19:40,514 - INFO - 
[VALIDATION 7] Checking Computed Styles...
2026-04-27 12:19:40,559 - INFO -   Display: block
2026-04-27 12:19:40,559 - INFO -   Opacity: 1
2026-04-27 12:19:40,559 - INFO -   PASSED: Element is displayed with proper opacity
2026-04-27 12:19:40,559 - INFO - 
================================================================================
2026-04-27 12:19:40,571 - INFO - POP-UP VALIDATION SUMMARY
2026-04-27 12:19:40,571 - INFO - ================================================================================
2026-04-27 12:19:40,571 - INFO -   Visibility: PASSED
2026-04-27 12:19:40,571 - INFO -   Text Match: PASSED
2026-04-27 12:19:40,571 - INFO -   Typo Check: PASSED
2026-04-27 12:19:40,574 - INFO -   CSS Classes: Present
2026-04-27 12:19:40,575 - INFO -   Position & Size: Valid
2026-04-27 12:19:40,575 - INFO -   Computed Styles: Valid
2026-04-27 12:19:40,575 - INFO - ================================================================================

2026-04-27 12:19:40,578 - INFO - ✓ ALL VALIDATIONS PASSED - Pop-up is working correctly!
2026-04-27 12:19:40,970 - INFO - Screenshot captured: reports\RUN_20260427_121930\screenshots\03_Popup_Immediate_2_121940.png
2026-04-27 12:19:40,970 - INFO - Screenshot 2 captured - Attempting validation...
2026-04-27 12:19:40,970 - INFO - 
================================================================================
2026-04-27 12:19:40,972 - INFO - STARTING COMPREHENSIVE POP-UP VALIDATION
2026-04-27 12:19:40,973 - INFO - ================================================================================
2026-04-27 12:19:40,996 - ERROR - VALIDATION FAILED: Pop-up element not found!
2026-04-27 12:19:42,266 - INFO - Screenshot captured: reports\RUN_20260427_121930\screenshots\03_Popup_Immediate_3_121941.png
2026-04-27 12:19:42,266 - INFO - Screenshot 3 captured - Attempting validation...
2026-04-27 12:19:42,267 - INFO - 
================================================================================
2026-04-27 12:19:42,268 - INFO - STARTING COMPREHENSIVE POP-UP VALIDATION
2026-04-27 12:19:42,269 - INFO - ================================================================================
2026-04-27 12:19:42,300 - ERROR - VALIDATION FAILED: Pop-up element not found!
2026-04-27 12:19:42,442 - INFO - Logging DOM elements AFTER login click (pop-up should appear here)...
2026-04-27 12:19:42,442 - INFO - 
================================================================================
2026-04-27 12:19:42,442 - INFO - DOM SNAPSHOT AT STAGE: After_Login_Click
2026-04-27 12:19:42,442 - INFO - ================================================================================
2026-04-27 12:19:42,476 - INFO - 
Searching for pop-up elements in page content...
2026-04-27 12:19:42,792 - WARNING - ⚠ No known pop-up selectors found. Checking all visible divs...
2026-04-27 12:19:42,839 - INFO - Total DIV elements on page: 29
2026-04-27 12:19:43,049 - INFO -   Visible DIV 1: class='header-right' id='no-id' text='English
French
Spanish
Quantum Toll Authority
supe'
2026-04-27 12:19:43,150 - INFO -   Visible DIV 2: class='nav-user' id='no-id' text='Quantum Toll Authority
superadmin_qm@yopmail.com'
2026-04-27 12:19:43,297 - INFO -   Visible DIV 3: class='nav-user-info' id='no-id' text='Quantum Toll Authority
superadmin_qm@yopmail.com'
2026-04-27 12:19:43,397 - INFO -   Visible DIV 4: class='uname' id='no-id' text='Quantum Toll Authority'
2026-04-27 12:19:43,503 - INFO -   Visible DIV 5: class='urole' id='no-id' text='superadmin_qm@yopmail.com'
2026-04-27 12:19:43,594 - INFO -   Visible DIV 6: class='main-container' id='no-id' text='dashboard_2
group
decimal_increase
admin_panel_set'
2026-04-27 12:19:43,687 - INFO -   Visible DIV 7: class='inner' id='no-id' text='dashboard_2'
2026-04-27 12:19:43,789 - INFO -   Visible DIV 8: class='inner' id='no-id' text='group'
2026-04-27 12:19:43,906 - INFO -   Visible DIV 9: class='inner' id='no-id' text='decimal_increase'
2026-04-27 12:19:44,039 - INFO -   Visible DIV 10: class='inner' id='no-id' text='admin_panel_settings'
2026-04-27 12:19:44,152 - INFO -   Visible DIV 11: class='inner' id='no-id' text='nest_doorbell_visitor'
2026-04-27 12:19:44,263 - INFO -   Visible DIV 12: class='inner' id='no-id' text='key_visualizer'
2026-04-27 12:19:44,285 - INFO - 
================================================================================

2026-04-27 12:19:44,532 - INFO - Screenshot captured: reports\RUN_20260427_121930\screenshots\02_Just_After_Login_Click_121944.png
2026-04-27 12:19:44,538 - INFO - Waiting for dashboard URL...
2026-04-27 12:19:44,538 - INFO - 
================================================================================
2026-04-27 12:19:44,538 - INFO - DOM SNAPSHOT AT STAGE: Before_Dashboard_Navigation
2026-04-27 12:19:44,538 - INFO - ================================================================================
2026-04-27 12:19:44,561 - INFO - 
Searching for pop-up elements in page content...
2026-04-27 12:19:44,794 - WARNING - ⚠ No known pop-up selectors found. Checking all visible divs...
2026-04-27 12:19:44,829 - INFO - Total DIV elements on page: 29
2026-04-27 12:19:44,978 - INFO -   Visible DIV 1: class='header-right' id='no-id' text='English
French
Spanish
Quantum Toll Authority
supe'
2026-04-27 12:19:45,088 - INFO -   Visible DIV 2: class='nav-user' id='no-id' text='Quantum Toll Authority
superadmin_qm@yopmail.com'
2026-04-27 12:19:45,193 - INFO -   Visible DIV 3: class='nav-user-info' id='no-id' text='Quantum Toll Authority
superadmin_qm@yopmail.com'
2026-04-27 12:19:45,295 - INFO -   Visible DIV 4: class='uname' id='no-id' text='Quantum Toll Authority'
2026-04-27 12:19:45,378 - INFO -   Visible DIV 5: class='urole' id='no-id' text='superadmin_qm@yopmail.com'
2026-04-27 12:19:45,476 - INFO -   Visible DIV 6: class='main-container' id='no-id' text='dashboard_2
group
decimal_increase
admin_panel_set'
2026-04-27 12:19:45,562 - INFO -   Visible DIV 7: class='inner' id='no-id' text='dashboard_2'
2026-04-27 12:19:45,627 - INFO -   Visible DIV 8: class='inner' id='no-id' text='group'
2026-04-27 12:19:45,728 - INFO -   Visible DIV 9: class='inner' id='no-id' text='decimal_increase'
2026-04-27 12:19:45,828 - INFO -   Visible DIV 10: class='inner' id='no-id' text='admin_panel_settings'
2026-04-27 12:19:45,927 - INFO -   Visible DIV 11: class='inner' id='no-id' text='nest_doorbell_visitor'
2026-04-27 12:19:46,044 - INFO -   Visible DIV 12: class='inner' id='no-id' text='key_visualizer'
2026-04-27 12:19:46,079 - INFO - 
================================================================================

2026-04-27 12:19:46,094 - INFO - Login SUCCESS: Dashboard URL reached.
2026-04-27 12:19:46,627 - INFO - 
================================================================================
2026-04-27 12:19:46,630 - INFO - DOM SNAPSHOT AT STAGE: After_Dashboard_Loaded
2026-04-27 12:19:46,630 - INFO - ================================================================================
2026-04-27 12:19:46,648 - INFO - 
Searching for pop-up elements in page content...
2026-04-27 12:19:46,878 - WARNING - ⚠ No known pop-up selectors found. Checking all visible divs...
2026-04-27 12:19:46,913 - INFO - Total DIV elements on page: 29
2026-04-27 12:19:47,077 - INFO -   Visible DIV 1: class='header-right' id='no-id' text='English
French
Spanish
Quantum Toll Authority
supe'
2026-04-27 12:19:47,160 - INFO -   Visible DIV 2: class='nav-user' id='no-id' text='Quantum Toll Authority
superadmin_qm@yopmail.com'
2026-04-27 12:19:47,292 - INFO -   Visible DIV 3: class='nav-user-info' id='no-id' text='Quantum Toll Authority
superadmin_qm@yopmail.com'
2026-04-27 12:19:47,379 - INFO -   Visible DIV 4: class='uname' id='no-id' text='Quantum Toll Authority'
2026-04-27 12:19:47,484 - INFO -   Visible DIV 5: class='urole' id='no-id' text='superadmin_qm@yopmail.com'
2026-04-27 12:19:47,593 - INFO -   Visible DIV 6: class='main-container' id='no-id' text='dashboard_2
group
decimal_increase
admin_panel_set'
2026-04-27 12:19:47,678 - INFO -   Visible DIV 7: class='inner' id='no-id' text='dashboard_2'
2026-04-27 12:19:47,797 - INFO -   Visible DIV 8: class='inner' id='no-id' text='group'
2026-04-27 12:19:47,945 - INFO -   Visible DIV 9: class='inner' id='no-id' text='decimal_increase'
2026-04-27 12:19:48,123 - INFO -   Visible DIV 10: class='inner' id='no-id' text='admin_panel_settings'
2026-04-27 12:19:48,298 - INFO -   Visible DIV 11: class='inner' id='no-id' text='nest_doorbell_visitor'
2026-04-27 12:19:48,437 - INFO -   Visible DIV 12: class='inner' id='no-id' text='key_visualizer'
2026-04-27 12:19:48,479 - INFO - 
================================================================================

2026-04-27 12:19:48,481 - INFO - Checking for dashboard header 'Welcome to QM Toll portal!'...
2026-04-27 12:19:48,561 - INFO - ✅ Dashboard header found with selector: h4:has-text("Welcome to QM Toll portal!")
2026-04-27 12:19:48,572 - INFO -    Header text: 'Welcome to QM Toll portal!'
2026-04-27 12:19:48,577 - INFO - ✅ DASHBOARD VALIDATION PASSED: 'Welcome to QM Toll portal!' header found
2026-04-27 12:19:49,088 - INFO - Screenshot captured: reports\RUN_20260427_121930\screenshots\01_Login_Success_Dashboard_121948.png
2026-04-27 12:19:50,177 - INFO - Step 1: Navigating and Starting Onboarding...
2026-04-27 12:25:33,101 - INFO - Navigating to Login Page: http://operator-qa.qmaastech.com/
2026-04-27 12:25:33,103 - INFO - Navigating to: http://operator-qa.qmaastech.com/
2026-04-27 12:25:36,023 - INFO - Attempting login for user: superadmin_qm@yopmail.com
2026-04-27 12:25:37,735 - INFO - Logging DOM elements BEFORE login click...
2026-04-27 12:25:37,735 - INFO - 
================================================================================
2026-04-27 12:25:37,735 - INFO - DOM SNAPSHOT AT STAGE: Before_Login
2026-04-27 12:25:37,741 - INFO - ================================================================================
2026-04-27 12:25:37,766 - INFO - 
Searching for pop-up elements in page content...
2026-04-27 12:25:38,084 - WARNING - ⚠ No known pop-up selectors found. Checking all visible divs...
2026-04-27 12:25:38,148 - INFO - Total DIV elements on page: 21
2026-04-27 12:25:38,662 - INFO -   Visible DIV 1: class='hero-pills' id='no-id' text='bolt
Real-time
smart_toy
AI-driven
hub
Multi-agenc'
2026-04-27 12:25:38,794 - INFO -   Visible DIV 2: class='auth-panel' id='no-id' text='Welcome Back

Sign in to your account to continue
'
2026-04-27 12:25:38,890 - INFO -   Visible DIV 3: class='auth-card' id='no-id' text='Welcome Back

Sign in to your account to continue
'
2026-04-27 12:25:39,001 - INFO -   Visible DIV 4: class='auth-step' id='no-id' text='Welcome Back

Sign in to your account to continue
'
2026-04-27 12:25:39,143 - INFO -   Visible DIV 5: class='field-wrap' id='no-id' text='Email ID / Username *
person'
2026-04-27 12:25:39,213 - INFO -   Visible DIV 6: class='input-shell' id='no-id' text='person'
2026-04-27 12:25:39,292 - INFO -   Visible DIV 7: class='field-wrap' id='no-id' text='Password *
lock
visibility_off'
2026-04-27 12:25:39,366 - INFO -   Visible DIV 8: class='input-shell' id='no-id' text='lock
visibility_off'
2026-04-27 12:25:39,445 - INFO -   Visible DIV 9: class='auth-bottom-links' id='no-id' text='New user?  Access Account

Forgot password?'
2026-04-27 12:25:39,501 - INFO - 
================================================================================

2026-04-27 12:25:40,083 - INFO - Login button clicked.
2026-04-27 12:25:40,087 - INFO - Taking rapid screenshots and validating pop-up...
2026-04-27 12:25:40,717 - INFO - Screenshot captured: reports\RUN_20260427_122531\screenshots\03_Popup_Immediate_1_122540.png
2026-04-27 12:25:40,717 - INFO - Screenshot 1 captured - Attempting validation...
2026-04-27 12:25:40,719 - INFO - 
================================================================================
2026-04-27 12:25:40,719 - INFO - STARTING COMPREHENSIVE POP-UP VALIDATION
2026-04-27 12:25:40,719 - INFO - ================================================================================
2026-04-27 12:25:40,747 - INFO - 
[VALIDATION 1] Checking Pop-up Visibility...
2026-04-27 12:25:40,769 - INFO -   Visibility Status: True
2026-04-27 12:25:40,769 - INFO -   PASSED: Pop-up is visible
2026-04-27 12:25:40,769 - INFO - 
[VALIDATION 2] Extracting and Validating Text Content...
2026-04-27 12:25:40,783 - INFO -   Extracted Text: 'Login Successful'
2026-04-27 12:25:40,798 - INFO -   PASSED: Text matches exactly: 'Login Successful'
2026-04-27 12:25:40,798 - INFO - 
[VALIDATION 3] Checking for Typos...
2026-04-27 12:25:40,799 - INFO -   PASSED: No known typos detected
2026-04-27 12:25:40,800 - INFO - 
[VALIDATION 4] Extracting CSS Classes and Attributes...
2026-04-27 12:25:40,833 - INFO -   CSS Classes: snackbar success-snackbar
2026-04-27 12:25:40,834 - INFO -   PASSED: 'success' class is present
2026-04-27 12:25:40,834 - INFO - 
[VALIDATION 5] Checking Element Properties...
2026-04-27 12:25:40,917 - INFO -   ID: Not set
2026-04-27 12:25:40,917 - INFO -   Data-TestID: Not set
2026-04-27 12:25:40,917 - INFO -   Role: Not set
2026-04-27 12:25:40,917 - INFO -   ARIA Label: Not set
2026-04-27 12:25:40,917 - INFO - 
[VALIDATION 6] Checking Position and Size...
2026-04-27 12:25:40,947 - INFO -   X: 1230, Y: 20
2026-04-27 12:25:40,947 - INFO -   Width: 250, Height: 43.5
2026-04-27 12:25:40,950 - INFO -   PASSED: Element has valid dimensions
2026-04-27 12:25:40,951 - INFO - 
[VALIDATION 7] Checking Computed Styles...
2026-04-27 12:25:40,983 - INFO -   Display: block
2026-04-27 12:25:40,983 - INFO -   Opacity: 1
2026-04-27 12:25:40,983 - INFO -   PASSED: Element is displayed with proper opacity
2026-04-27 12:25:40,983 - INFO - 
================================================================================
2026-04-27 12:25:40,983 - INFO - POP-UP VALIDATION SUMMARY
2026-04-27 12:25:40,983 - INFO - ================================================================================
2026-04-27 12:25:40,983 - INFO -   Visibility: PASSED
2026-04-27 12:25:40,998 - INFO -   Text Match: PASSED
2026-04-27 12:25:40,998 - INFO -   Typo Check: PASSED
2026-04-27 12:25:40,999 - INFO -   CSS Classes: Present
2026-04-27 12:25:41,000 - INFO -   Position & Size: Valid
2026-04-27 12:25:41,001 - INFO -   Computed Styles: Valid
2026-04-27 12:25:41,001 - INFO - ================================================================================

2026-04-27 12:25:41,001 - INFO - ✓ ALL VALIDATIONS PASSED - Pop-up is working correctly!
2026-04-27 12:25:41,469 - INFO - Screenshot captured: reports\RUN_20260427_122531\screenshots\03_Popup_Immediate_2_122541.png
2026-04-27 12:25:41,469 - INFO - Screenshot 2 captured - Attempting validation...
2026-04-27 12:25:41,470 - INFO - 
================================================================================
2026-04-27 12:25:41,470 - INFO - STARTING COMPREHENSIVE POP-UP VALIDATION
2026-04-27 12:25:41,471 - INFO - ================================================================================
2026-04-27 12:25:41,487 - ERROR - VALIDATION FAILED: Pop-up element not found!
2026-04-27 12:25:42,756 - INFO - Screenshot captured: reports\RUN_20260427_122531\screenshots\03_Popup_Immediate_3_122541.png
2026-04-27 12:25:42,757 - INFO - Screenshot 3 captured - Attempting validation...
2026-04-27 12:25:42,757 - INFO - 
================================================================================
2026-04-27 12:25:42,758 - INFO - STARTING COMPREHENSIVE POP-UP VALIDATION
2026-04-27 12:25:42,758 - INFO - ================================================================================
2026-04-27 12:25:42,784 - ERROR - VALIDATION FAILED: Pop-up element not found!
2026-04-27 12:25:42,919 - INFO - Logging DOM elements AFTER login click (pop-up should appear here)...
2026-04-27 12:25:42,920 - INFO - 
================================================================================
2026-04-27 12:25:42,920 - INFO - DOM SNAPSHOT AT STAGE: After_Login_Click
2026-04-27 12:25:42,921 - INFO - ================================================================================
2026-04-27 12:25:42,947 - INFO - 
Searching for pop-up elements in page content...
2026-04-27 12:25:43,220 - WARNING - ⚠ No known pop-up selectors found. Checking all visible divs...
2026-04-27 12:25:43,273 - INFO - Total DIV elements on page: 29
2026-04-27 12:25:43,500 - INFO -   Visible DIV 1: class='header-right' id='no-id' text='English
French
Spanish
Quantum Toll Authority
supe'
2026-04-27 12:25:43,588 - INFO -   Visible DIV 2: class='nav-user' id='no-id' text='Quantum Toll Authority
superadmin_qm@yopmail.com'
2026-04-27 12:25:43,742 - INFO -   Visible DIV 3: class='nav-user-info' id='no-id' text='Quantum Toll Authority
superadmin_qm@yopmail.com'
2026-04-27 12:25:43,834 - INFO -   Visible DIV 4: class='uname' id='no-id' text='Quantum Toll Authority'
2026-04-27 12:25:43,935 - INFO -   Visible DIV 5: class='urole' id='no-id' text='superadmin_qm@yopmail.com'
2026-04-27 12:25:44,033 - INFO -   Visible DIV 6: class='main-container' id='no-id' text='dashboard_2
group
decimal_increase
admin_panel_set'
2026-04-27 12:25:44,137 - INFO -   Visible DIV 7: class='inner' id='no-id' text='dashboard_2'
2026-04-27 12:25:44,230 - INFO -   Visible DIV 8: class='inner' id='no-id' text='group'
2026-04-27 12:25:44,347 - INFO -   Visible DIV 9: class='inner' id='no-id' text='decimal_increase'
2026-04-27 12:25:44,452 - INFO -   Visible DIV 10: class='inner' id='no-id' text='admin_panel_settings'
2026-04-27 12:25:44,585 - INFO -   Visible DIV 11: class='inner' id='no-id' text='nest_doorbell_visitor'
2026-04-27 12:25:44,691 - INFO -   Visible DIV 12: class='inner' id='no-id' text='key_visualizer'
2026-04-27 12:25:44,714 - INFO - 
================================================================================

2026-04-27 12:25:45,077 - INFO - Screenshot captured: reports\RUN_20260427_122531\screenshots\02_Just_After_Login_Click_122544.png
2026-04-27 12:25:45,083 - INFO - Waiting for dashboard URL...
2026-04-27 12:25:45,084 - INFO - 
================================================================================
2026-04-27 12:25:45,085 - INFO - DOM SNAPSHOT AT STAGE: Before_Dashboard_Navigation
2026-04-27 12:25:45,086 - INFO - ================================================================================
2026-04-27 12:25:45,116 - INFO - 
Searching for pop-up elements in page content...
2026-04-27 12:25:45,346 - WARNING - ⚠ No known pop-up selectors found. Checking all visible divs...
2026-04-27 12:25:45,384 - INFO - Total DIV elements on page: 29
2026-04-27 12:25:45,518 - INFO -   Visible DIV 1: class='header-right' id='no-id' text='English
French
Spanish
Quantum Toll Authority
supe'
2026-04-27 12:25:45,591 - INFO -   Visible DIV 2: class='nav-user' id='no-id' text='Quantum Toll Authority
superadmin_qm@yopmail.com'
2026-04-27 12:25:45,702 - INFO -   Visible DIV 3: class='nav-user-info' id='no-id' text='Quantum Toll Authority
superadmin_qm@yopmail.com'
2026-04-27 12:25:45,785 - INFO -   Visible DIV 4: class='uname' id='no-id' text='Quantum Toll Authority'
2026-04-27 12:25:45,855 - INFO -   Visible DIV 5: class='urole' id='no-id' text='superadmin_qm@yopmail.com'
2026-04-27 12:25:45,936 - INFO -   Visible DIV 6: class='main-container' id='no-id' text='dashboard_2
group
decimal_increase
admin_panel_set'
2026-04-27 12:25:46,019 - INFO -   Visible DIV 7: class='inner' id='no-id' text='dashboard_2'
2026-04-27 12:25:46,104 - INFO -   Visible DIV 8: class='inner' id='no-id' text='group'
2026-04-27 12:25:46,202 - INFO -   Visible DIV 9: class='inner' id='no-id' text='decimal_increase'
2026-04-27 12:25:46,290 - INFO -   Visible DIV 10: class='inner' id='no-id' text='admin_panel_settings'
2026-04-27 12:25:46,369 - INFO -   Visible DIV 11: class='inner' id='no-id' text='nest_doorbell_visitor'
2026-04-27 12:25:46,456 - INFO -   Visible DIV 12: class='inner' id='no-id' text='key_visualizer'
2026-04-27 12:25:46,468 - INFO - 
================================================================================

2026-04-27 12:25:46,499 - INFO - Login SUCCESS: Dashboard URL reached.
2026-04-27 12:25:47,013 - INFO - 
================================================================================
2026-04-27 12:25:47,014 - INFO - DOM SNAPSHOT AT STAGE: After_Dashboard_Loaded
2026-04-27 12:25:47,014 - INFO - ================================================================================
2026-04-27 12:25:47,038 - INFO - 
Searching for pop-up elements in page content...
2026-04-27 12:25:47,269 - WARNING - ⚠ No known pop-up selectors found. Checking all visible divs...
2026-04-27 12:25:47,305 - INFO - Total DIV elements on page: 29
2026-04-27 12:25:47,458 - INFO -   Visible DIV 1: class='header-right' id='no-id' text='English
French
Spanish
Quantum Toll Authority
supe'
2026-04-27 12:25:47,502 - INFO -   Visible DIV 2: class='nav-user' id='no-id' text='Quantum Toll Authority
superadmin_qm@yopmail.com'
2026-04-27 12:25:47,617 - INFO -   Visible DIV 3: class='nav-user-info' id='no-id' text='Quantum Toll Authority
superadmin_qm@yopmail.com'
2026-04-27 12:25:47,691 - INFO -   Visible DIV 4: class='uname' id='no-id' text='Quantum Toll Authority'
2026-04-27 12:25:47,769 - INFO -   Visible DIV 5: class='urole' id='no-id' text='superadmin_qm@yopmail.com'
2026-04-27 12:25:47,835 - INFO -   Visible DIV 6: class='main-container' id='no-id' text='dashboard_2
group
decimal_increase
admin_panel_set'
2026-04-27 12:25:47,901 - INFO -   Visible DIV 7: class='inner' id='no-id' text='dashboard_2'
2026-04-27 12:25:47,996 - INFO -   Visible DIV 8: class='inner' id='no-id' text='group'
2026-04-27 12:25:48,119 - INFO -   Visible DIV 9: class='inner' id='no-id' text='decimal_increase'
2026-04-27 12:25:48,235 - INFO -   Visible DIV 10: class='inner' id='no-id' text='admin_panel_settings'
2026-04-27 12:25:48,363 - INFO -   Visible DIV 11: class='inner' id='no-id' text='nest_doorbell_visitor'
2026-04-27 12:25:48,519 - INFO -   Visible DIV 12: class='inner' id='no-id' text='key_visualizer'
2026-04-27 12:25:48,536 - INFO - 
================================================================================

2026-04-27 12:25:48,536 - INFO - Checking for dashboard header 'Welcome to QM Toll portal!'...
2026-04-27 12:25:48,661 - INFO - ✅ Dashboard header found with selector: h4:has-text("Welcome to QM Toll portal!")
2026-04-27 12:25:48,663 - INFO -    Header text: 'Welcome to QM Toll portal!'
2026-04-27 12:25:48,664 - INFO - ✅ DASHBOARD VALIDATION PASSED: 'Welcome to QM Toll portal!' header found
2026-04-27 12:25:49,029 - INFO - Screenshot captured: reports\RUN_20260427_122531\screenshots\01_Login_Success_Dashboard_122548.png
2026-04-27 12:25:49,851 - INFO - Step 1: Navigating and Starting Onboarding...
2026-04-27 12:25:49,851 - INFO - Navigating to Onboarding Module...
2026-04-27 12:26:20,390 - ERROR - Failed to navigate through sidebar: Timeout 30000ms exceeded.
2026-04-27 12:29:03,270 - INFO - Navigating to Login Page: http://operator-qa.qmaastech.com/
2026-04-27 12:29:03,270 - INFO - Navigating to: http://operator-qa.qmaastech.com/
2026-04-27 12:29:06,268 - INFO - Attempting login for user: superadmin_qm@yopmail.com
2026-04-27 12:29:08,042 - INFO - Logging DOM elements BEFORE login click...
2026-04-27 12:29:08,042 - INFO - 
================================================================================
2026-04-27 12:29:08,042 - INFO - DOM SNAPSHOT AT STAGE: Before_Login
2026-04-27 12:29:08,042 - INFO - ================================================================================
2026-04-27 12:29:08,081 - INFO - 
Searching for pop-up elements in page content...
2026-04-27 12:29:08,424 - WARNING - ⚠ No known pop-up selectors found. Checking all visible divs...
2026-04-27 12:29:08,482 - INFO - Total DIV elements on page: 21
2026-04-27 12:29:09,034 - INFO -   Visible DIV 1: class='hero-pills' id='no-id' text='bolt
Real-time
smart_toy
AI-driven
hub
Multi-agenc'
2026-04-27 12:29:09,199 - INFO -   Visible DIV 2: class='auth-panel' id='no-id' text='Welcome Back

Sign in to your account to continue
'
2026-04-27 12:29:09,330 - INFO -   Visible DIV 3: class='auth-card' id='no-id' text='Welcome Back

Sign in to your account to continue
'
2026-04-27 12:29:09,412 - INFO -   Visible DIV 4: class='auth-step' id='no-id' text='Welcome Back

Sign in to your account to continue
'
2026-04-27 12:29:09,549 - INFO -   Visible DIV 5: class='field-wrap' id='no-id' text='Email ID / Username *
person'
2026-04-27 12:29:09,644 - INFO -   Visible DIV 6: class='input-shell' id='no-id' text='person'
2026-04-27 12:29:09,741 - INFO -   Visible DIV 7: class='field-wrap' id='no-id' text='Password *
lock
visibility_off'
2026-04-27 12:29:09,850 - INFO -   Visible DIV 8: class='input-shell' id='no-id' text='lock
visibility_off'
2026-04-27 12:29:09,930 - INFO -   Visible DIV 9: class='auth-bottom-links' id='no-id' text='New user?  Access Account

Forgot password?'
2026-04-27 12:29:09,990 - INFO - 
================================================================================

2026-04-27 12:29:10,571 - INFO - Login button clicked.
2026-04-27 12:29:10,575 - INFO - Taking rapid screenshots and validating pop-up...
2026-04-27 12:29:11,139 - INFO - Screenshot captured: reports\RUN_20260427_122901\screenshots\03_Popup_Immediate_1_122910.png
2026-04-27 12:29:11,140 - INFO - Screenshot 1 captured - Attempting validation...
2026-04-27 12:29:11,140 - INFO - 
================================================================================
2026-04-27 12:29:11,140 - INFO - STARTING COMPREHENSIVE POP-UP VALIDATION
2026-04-27 12:29:11,142 - INFO - ================================================================================
2026-04-27 12:29:11,172 - INFO - 
[VALIDATION 1] Checking Pop-up Visibility...
2026-04-27 12:29:11,190 - INFO -   Visibility Status: True
2026-04-27 12:29:11,190 - INFO -   PASSED: Pop-up is visible
2026-04-27 12:29:11,190 - INFO - 
[VALIDATION 2] Extracting and Validating Text Content...
2026-04-27 12:29:11,221 - INFO -   Extracted Text: 'Login Successful'
2026-04-27 12:29:11,222 - INFO -   PASSED: Text matches exactly: 'Login Successful'
2026-04-27 12:29:11,222 - INFO - 
[VALIDATION 3] Checking for Typos...
2026-04-27 12:29:11,222 - INFO -   PASSED: No known typos detected
2026-04-27 12:29:11,222 - INFO - 
[VALIDATION 4] Extracting CSS Classes and Attributes...
2026-04-27 12:29:11,239 - INFO -   CSS Classes: snackbar success-snackbar
2026-04-27 12:29:11,239 - INFO -   PASSED: 'success' class is present
2026-04-27 12:29:11,239 - INFO - 
[VALIDATION 5] Checking Element Properties...
2026-04-27 12:29:11,337 - INFO -   ID: Not set
2026-04-27 12:29:11,338 - INFO -   Data-TestID: Not set
2026-04-27 12:29:11,338 - INFO -   Role: Not set
2026-04-27 12:29:11,338 - INFO -   ARIA Label: Not set
2026-04-27 12:29:11,338 - INFO - 
[VALIDATION 6] Checking Position and Size...
2026-04-27 12:29:11,355 - INFO -   X: 1230, Y: 20
2026-04-27 12:29:11,355 - INFO -   Width: 250, Height: 43.5
2026-04-27 12:29:11,355 - INFO -   PASSED: Element has valid dimensions
2026-04-27 12:29:11,355 - INFO - 
[VALIDATION 7] Checking Computed Styles...
2026-04-27 12:29:11,389 - INFO -   Display: block
2026-04-27 12:29:11,389 - INFO -   Opacity: 1
2026-04-27 12:29:11,389 - INFO -   PASSED: Element is displayed with proper opacity
2026-04-27 12:29:11,389 - INFO - 
================================================================================
2026-04-27 12:29:11,389 - INFO - POP-UP VALIDATION SUMMARY
2026-04-27 12:29:11,389 - INFO - ================================================================================
2026-04-27 12:29:11,389 - INFO -   Visibility: PASSED
2026-04-27 12:29:11,389 - INFO -   Text Match: PASSED
2026-04-27 12:29:11,405 - INFO -   Typo Check: PASSED
2026-04-27 12:29:11,405 - INFO -   CSS Classes: Present
2026-04-27 12:29:11,405 - INFO -   Position & Size: Valid
2026-04-27 12:29:11,405 - INFO -   Computed Styles: Valid
2026-04-27 12:29:11,405 - INFO - ================================================================================

2026-04-27 12:29:11,405 - INFO - ✓ ALL VALIDATIONS PASSED - Pop-up is working correctly!
2026-04-27 12:29:11,853 - INFO - Screenshot captured: reports\RUN_20260427_122901\screenshots\03_Popup_Immediate_2_122911.png
2026-04-27 12:29:11,854 - INFO - Screenshot 2 captured - Attempting validation...
2026-04-27 12:29:11,855 - INFO - 
================================================================================
2026-04-27 12:29:11,856 - INFO - STARTING COMPREHENSIVE POP-UP VALIDATION
2026-04-27 12:29:11,857 - INFO - ================================================================================
2026-04-27 12:29:11,893 - ERROR - VALIDATION FAILED: Pop-up element not found!
2026-04-27 12:29:13,475 - INFO - Screenshot captured: reports\RUN_20260427_122901\screenshots\03_Popup_Immediate_3_122911.png
2026-04-27 12:29:13,476 - INFO - Screenshot 3 captured - Attempting validation...
2026-04-27 12:29:13,477 - INFO - 
================================================================================
2026-04-27 12:29:13,479 - INFO - STARTING COMPREHENSIVE POP-UP VALIDATION
2026-04-27 12:29:13,480 - INFO - ================================================================================
2026-04-27 12:29:13,511 - ERROR - VALIDATION FAILED: Pop-up element not found!
2026-04-27 12:29:13,638 - INFO - Logging DOM elements AFTER login click (pop-up should appear here)...
2026-04-27 12:29:13,638 - INFO - 
================================================================================
2026-04-27 12:29:13,639 - INFO - DOM SNAPSHOT AT STAGE: After_Login_Click
2026-04-27 12:29:13,640 - INFO - ================================================================================
2026-04-27 12:29:13,673 - INFO - 
Searching for pop-up elements in page content...
2026-04-27 12:29:14,013 - WARNING - ⚠ No known pop-up selectors found. Checking all visible divs...
2026-04-27 12:29:14,077 - INFO - Total DIV elements on page: 29
2026-04-27 12:29:14,346 - INFO -   Visible DIV 1: class='header-right' id='no-id' text='English
French
Spanish
Quantum Toll Authority
supe'
2026-04-27 12:29:14,447 - INFO -   Visible DIV 2: class='nav-user' id='no-id' text='Quantum Toll Authority
superadmin_qm@yopmail.com'
2026-04-27 12:29:14,609 - INFO -   Visible DIV 3: class='nav-user-info' id='no-id' text='Quantum Toll Authority
superadmin_qm@yopmail.com'
2026-04-27 12:29:14,718 - INFO -   Visible DIV 4: class='uname' id='no-id' text='Quantum Toll Authority'
2026-04-27 12:29:14,819 - INFO -   Visible DIV 5: class='urole' id='no-id' text='superadmin_qm@yopmail.com'
2026-04-27 12:29:14,925 - INFO -   Visible DIV 6: class='main-container' id='no-id' text='dashboard_2
group
decimal_increase
admin_panel_set'
2026-04-27 12:29:15,019 - INFO -   Visible DIV 7: class='inner' id='no-id' text='dashboard_2'
2026-04-27 12:29:15,121 - INFO -   Visible DIV 8: class='inner' id='no-id' text='group'
2026-04-27 12:29:15,243 - INFO -   Visible DIV 9: class='inner' id='no-id' text='decimal_increase'
2026-04-27 12:29:15,369 - INFO -   Visible DIV 10: class='inner' id='no-id' text='admin_panel_settings'
2026-04-27 12:29:15,479 - INFO -   Visible DIV 11: class='inner' id='no-id' text='nest_doorbell_visitor'
2026-04-27 12:29:15,583 - INFO -   Visible DIV 12: class='inner' id='no-id' text='key_visualizer'
2026-04-27 12:29:15,605 - INFO - 
================================================================================

2026-04-27 12:29:15,864 - INFO - Screenshot captured: reports\RUN_20260427_122901\screenshots\02_Just_After_Login_Click_122915.png
2026-04-27 12:29:15,864 - INFO - Waiting for dashboard URL...
2026-04-27 12:29:15,864 - INFO - 
================================================================================
2026-04-27 12:29:15,864 - INFO - DOM SNAPSHOT AT STAGE: Before_Dashboard_Navigation
2026-04-27 12:29:15,864 - INFO - ================================================================================
2026-04-27 12:29:15,893 - INFO - 
Searching for pop-up elements in page content...
2026-04-27 12:29:16,109 - WARNING - ⚠ No known pop-up selectors found. Checking all visible divs...
2026-04-27 12:29:16,144 - INFO - Total DIV elements on page: 29
2026-04-27 12:29:16,292 - INFO -   Visible DIV 1: class='header-right' id='no-id' text='English
French
Spanish
Quantum Toll Authority
supe'
2026-04-27 12:29:16,374 - INFO -   Visible DIV 2: class='nav-user' id='no-id' text='Quantum Toll Authority
superadmin_qm@yopmail.com'
2026-04-27 12:29:16,509 - INFO -   Visible DIV 3: class='nav-user-info' id='no-id' text='Quantum Toll Authority
superadmin_qm@yopmail.com'
2026-04-27 12:29:16,575 - INFO -   Visible DIV 4: class='uname' id='no-id' text='Quantum Toll Authority'
2026-04-27 12:29:16,659 - INFO -   Visible DIV 5: class='urole' id='no-id' text='superadmin_qm@yopmail.com'
2026-04-27 12:29:16,741 - INFO -   Visible DIV 6: class='main-container' id='no-id' text='dashboard_2
group
decimal_increase
admin_panel_set'
2026-04-27 12:29:16,825 - INFO -   Visible DIV 7: class='inner' id='no-id' text='dashboard_2'
2026-04-27 12:29:16,912 - INFO -   Visible DIV 8: class='inner' id='no-id' text='group'
2026-04-27 12:29:17,008 - INFO -   Visible DIV 9: class='inner' id='no-id' text='decimal_increase'
2026-04-27 12:29:17,121 - INFO -   Visible DIV 10: class='inner' id='no-id' text='admin_panel_settings'
2026-04-27 12:29:17,224 - INFO -   Visible DIV 11: class='inner' id='no-id' text='nest_doorbell_visitor'
2026-04-27 12:29:17,307 - INFO -   Visible DIV 12: class='inner' id='no-id' text='key_visualizer'
2026-04-27 12:29:17,342 - INFO - 
================================================================================

2026-04-27 12:29:17,359 - INFO - Login SUCCESS: Dashboard URL reached.
2026-04-27 12:29:17,884 - INFO - 
================================================================================
2026-04-27 12:29:17,886 - INFO - DOM SNAPSHOT AT STAGE: After_Dashboard_Loaded
2026-04-27 12:29:17,888 - INFO - ================================================================================
2026-04-27 12:29:17,913 - INFO - 
Searching for pop-up elements in page content...
2026-04-27 12:29:18,158 - WARNING - ⚠ No known pop-up selectors found. Checking all visible divs...
2026-04-27 12:29:18,215 - INFO - Total DIV elements on page: 29
2026-04-27 12:29:18,438 - INFO -   Visible DIV 1: class='header-right' id='no-id' text='English
French
Spanish
Quantum Toll Authority
supe'
2026-04-27 12:29:18,541 - INFO -   Visible DIV 2: class='nav-user' id='no-id' text='Quantum Toll Authority
superadmin_qm@yopmail.com'
2026-04-27 12:29:18,736 - INFO -   Visible DIV 3: class='nav-user-info' id='no-id' text='Quantum Toll Authority
superadmin_qm@yopmail.com'
2026-04-27 12:29:18,865 - INFO -   Visible DIV 4: class='uname' id='no-id' text='Quantum Toll Authority'
2026-04-27 12:29:19,008 - INFO -   Visible DIV 5: class='urole' id='no-id' text='superadmin_qm@yopmail.com'
2026-04-27 12:29:19,154 - INFO -   Visible DIV 6: class='main-container' id='no-id' text='dashboard_2
group
decimal_increase
admin_panel_set'
2026-04-27 12:29:19,307 - INFO -   Visible DIV 7: class='inner' id='no-id' text='dashboard_2'
2026-04-27 12:29:19,480 - INFO -   Visible DIV 8: class='inner' id='no-id' text='group'
2026-04-27 12:29:19,622 - INFO -   Visible DIV 9: class='inner' id='no-id' text='decimal_increase'
2026-04-27 12:29:19,757 - INFO -   Visible DIV 10: class='inner' id='no-id' text='admin_panel_settings'
2026-04-27 12:29:19,914 - INFO -   Visible DIV 11: class='inner' id='no-id' text='nest_doorbell_visitor'
2026-04-27 12:29:20,056 - INFO -   Visible DIV 12: class='inner' id='no-id' text='key_visualizer'
2026-04-27 12:29:20,081 - INFO - 
================================================================================

2026-04-27 12:29:20,081 - INFO - Checking for dashboard header 'Welcome to QM Toll portal!'...
2026-04-27 12:29:20,157 - INFO - ✅ Dashboard header found with selector: h4:has-text("Welcome to QM Toll portal!")
2026-04-27 12:29:20,157 - INFO -    Header text: 'Welcome to QM Toll portal!'
2026-04-27 12:29:20,157 - INFO - ✅ DASHBOARD VALIDATION PASSED: 'Welcome to QM Toll portal!' header found
2026-04-27 12:29:20,361 - INFO - Screenshot captured: reports\RUN_20260427_122901\screenshots\01_Login_Success_Dashboard_122920.png
2026-04-27 12:29:20,854 - INFO - Step 1: Navigating and Starting Onboarding...
2026-04-27 12:29:20,857 - INFO - Executing Sidebar Navigation Sequence...
2026-04-27 12:29:21,479 - INFO - Clicked Workbench Icon.
2026-04-27 12:29:23,101 - INFO - Expanded 'Manage Accounts' sub-menu.
2026-04-27 12:29:23,729 - INFO - ✅ Successfully reached Onboarding form.
2026-04-27 12:29:23,759 - INFO - Filling Step 1: Account Details...
2026-04-27 12:29:33,945 - INFO - Step 1 Submitted.
2026-04-27 12:29:33,948 - INFO - Adding 1 Vehicle(s)...
2026-04-27 12:34:46,213 - INFO - Navigating to Login Page: http://operator-qa.qmaastech.com/
2026-04-27 12:34:46,213 - INFO - Navigating to: http://operator-qa.qmaastech.com/
2026-04-27 12:34:49,064 - INFO - Attempting login for user: superadmin_qm@yopmail.com
2026-04-27 12:34:50,813 - INFO - Logging DOM elements BEFORE login click...
2026-04-27 12:34:50,816 - INFO - 
================================================================================
2026-04-27 12:34:50,817 - INFO - DOM SNAPSHOT AT STAGE: Before_Login
2026-04-27 12:34:50,818 - INFO - ================================================================================
2026-04-27 12:34:50,854 - INFO - 
Searching for pop-up elements in page content...
2026-04-27 12:34:51,101 - WARNING - ⚠ No known pop-up selectors found. Checking all visible divs...
2026-04-27 12:34:51,127 - INFO - Total DIV elements on page: 21
2026-04-27 12:34:51,666 - INFO -   Visible DIV 1: class='hero-pills' id='no-id' text='bolt
Real-time
smart_toy
AI-driven
hub
Multi-agenc'
2026-04-27 12:34:51,805 - INFO -   Visible DIV 2: class='auth-panel' id='no-id' text='Welcome Back

Sign in to your account to continue
'
2026-04-27 12:34:51,935 - INFO -   Visible DIV 3: class='auth-card' id='no-id' text='Welcome Back

Sign in to your account to continue
'
2026-04-27 12:34:52,057 - INFO -   Visible DIV 4: class='auth-step' id='no-id' text='Welcome Back

Sign in to your account to continue
'
2026-04-27 12:34:52,181 - INFO -   Visible DIV 5: class='field-wrap' id='no-id' text='Email ID / Username *
person'
2026-04-27 12:34:52,271 - INFO -   Visible DIV 6: class='input-shell' id='no-id' text='person'
2026-04-27 12:34:52,364 - INFO -   Visible DIV 7: class='field-wrap' id='no-id' text='Password *
lock
visibility_off'
2026-04-27 12:34:52,454 - INFO -   Visible DIV 8: class='input-shell' id='no-id' text='lock
visibility_off'
2026-04-27 12:34:52,536 - INFO -   Visible DIV 9: class='auth-bottom-links' id='no-id' text='New user?  Access Account

Forgot password?'
2026-04-27 12:34:52,580 - INFO - 
================================================================================

2026-04-27 12:34:53,161 - INFO - Login button clicked.
2026-04-27 12:34:53,165 - INFO - Taking rapid screenshots and validating pop-up...
2026-04-27 12:34:53,730 - INFO - Screenshot captured: reports\RUN_20260427_123444\screenshots\03_Popup_Immediate_1_123453.png
2026-04-27 12:34:53,732 - INFO - Screenshot 1 captured - Attempting validation...
2026-04-27 12:34:53,732 - INFO - 
================================================================================
2026-04-27 12:34:53,732 - INFO - STARTING COMPREHENSIVE POP-UP VALIDATION
2026-04-27 12:34:53,732 - INFO - ================================================================================
2026-04-27 12:34:53,752 - INFO - 
[VALIDATION 1] Checking Pop-up Visibility...
2026-04-27 12:34:53,770 - INFO -   Visibility Status: True
2026-04-27 12:34:53,775 - INFO -   PASSED: Pop-up is visible
2026-04-27 12:34:53,775 - INFO - 
[VALIDATION 2] Extracting and Validating Text Content...
2026-04-27 12:34:53,797 - INFO -   Extracted Text: 'Login Successful'
2026-04-27 12:34:53,797 - INFO -   PASSED: Text matches exactly: 'Login Successful'
2026-04-27 12:34:53,797 - INFO - 
[VALIDATION 3] Checking for Typos...
2026-04-27 12:34:53,797 - INFO -   PASSED: No known typos detected
2026-04-27 12:34:53,797 - INFO - 
[VALIDATION 4] Extracting CSS Classes and Attributes...
2026-04-27 12:34:53,823 - INFO -   CSS Classes: snackbar success-snackbar
2026-04-27 12:34:53,829 - INFO -   PASSED: 'success' class is present
2026-04-27 12:34:53,830 - INFO - 
[VALIDATION 5] Checking Element Properties...
2026-04-27 12:34:53,913 - INFO -   ID: Not set
2026-04-27 12:34:53,913 - INFO -   Data-TestID: Not set
2026-04-27 12:34:53,913 - INFO -   Role: Not set
2026-04-27 12:34:53,913 - INFO -   ARIA Label: Not set
2026-04-27 12:34:53,913 - INFO - 
[VALIDATION 6] Checking Position and Size...
2026-04-27 12:34:53,930 - INFO -   X: 1230, Y: 20
2026-04-27 12:34:53,930 - INFO -   Width: 250, Height: 43.5
2026-04-27 12:34:53,930 - INFO -   PASSED: Element has valid dimensions
2026-04-27 12:34:53,930 - INFO - 
[VALIDATION 7] Checking Computed Styles...
2026-04-27 12:34:53,981 - INFO -   Display: block
2026-04-27 12:34:53,981 - INFO -   Opacity: 1
2026-04-27 12:34:53,981 - INFO -   PASSED: Element is displayed with proper opacity
2026-04-27 12:34:53,981 - INFO - 
================================================================================
2026-04-27 12:34:53,995 - INFO - POP-UP VALIDATION SUMMARY
2026-04-27 12:34:53,996 - INFO - ================================================================================
2026-04-27 12:34:53,997 - INFO -   Visibility: PASSED
2026-04-27 12:34:53,998 - INFO -   Text Match: PASSED
2026-04-27 12:34:53,998 - INFO -   Typo Check: PASSED
2026-04-27 12:34:53,998 - INFO -   CSS Classes: Present
2026-04-27 12:34:53,998 - INFO -   Position & Size: Valid
2026-04-27 12:34:53,998 - INFO -   Computed Styles: Valid
2026-04-27 12:34:53,998 - INFO - ================================================================================

2026-04-27 12:34:53,998 - INFO - ✓ ALL VALIDATIONS PASSED - Pop-up is working correctly!
2026-04-27 12:34:54,457 - INFO - Screenshot captured: reports\RUN_20260427_123444\screenshots\03_Popup_Immediate_2_123454.png
2026-04-27 12:34:54,457 - INFO - Screenshot 2 captured - Attempting validation...
2026-04-27 12:34:54,460 - INFO - 
================================================================================
2026-04-27 12:34:54,460 - INFO - STARTING COMPREHENSIVE POP-UP VALIDATION
2026-04-27 12:34:54,461 - INFO - ================================================================================
2026-04-27 12:34:54,483 - ERROR - VALIDATION FAILED: Pop-up element not found!
2026-04-27 12:34:55,756 - INFO - Screenshot captured: reports\RUN_20260427_123444\screenshots\03_Popup_Immediate_3_123454.png
2026-04-27 12:34:55,757 - INFO - Screenshot 3 captured - Attempting validation...
2026-04-27 12:34:55,757 - INFO - 
================================================================================
2026-04-27 12:34:55,758 - INFO - STARTING COMPREHENSIVE POP-UP VALIDATION
2026-04-27 12:34:55,758 - INFO - ================================================================================
2026-04-27 12:34:55,793 - ERROR - VALIDATION FAILED: Pop-up element not found!
2026-04-27 12:34:55,915 - INFO - Logging DOM elements AFTER login click (pop-up should appear here)...
2026-04-27 12:34:55,916 - INFO - 
================================================================================
2026-04-27 12:34:55,916 - INFO - DOM SNAPSHOT AT STAGE: After_Login_Click
2026-04-27 12:34:55,917 - INFO - ================================================================================
2026-04-27 12:34:55,942 - INFO - 
Searching for pop-up elements in page content...
2026-04-27 12:34:56,197 - WARNING - ⚠ No known pop-up selectors found. Checking all visible divs...
2026-04-27 12:34:56,257 - INFO - Total DIV elements on page: 29
2026-04-27 12:34:56,456 - INFO -   Visible DIV 1: class='header-right' id='no-id' text='English
French
Spanish
Quantum Toll Authority
supe'
2026-04-27 12:34:56,546 - INFO -   Visible DIV 2: class='nav-user' id='no-id' text='Quantum Toll Authority
superadmin_qm@yopmail.com'
2026-04-27 12:34:56,701 - INFO -   Visible DIV 3: class='nav-user-info' id='no-id' text='Quantum Toll Authority
superadmin_qm@yopmail.com'
2026-04-27 12:34:56,793 - INFO -   Visible DIV 4: class='uname' id='no-id' text='Quantum Toll Authority'
2026-04-27 12:34:56,889 - INFO -   Visible DIV 5: class='urole' id='no-id' text='superadmin_qm@yopmail.com'
2026-04-27 12:34:56,989 - INFO -   Visible DIV 6: class='main-container' id='no-id' text='dashboard_2
group
decimal_increase
admin_panel_set'
2026-04-27 12:34:57,085 - INFO -   Visible DIV 7: class='inner' id='no-id' text='dashboard_2'
2026-04-27 12:34:57,171 - INFO -   Visible DIV 8: class='inner' id='no-id' text='group'
2026-04-27 12:34:57,280 - INFO -   Visible DIV 9: class='inner' id='no-id' text='decimal_increase'
2026-04-27 12:34:57,393 - INFO -   Visible DIV 10: class='inner' id='no-id' text='admin_panel_settings'
2026-04-27 12:34:57,514 - INFO -   Visible DIV 11: class='inner' id='no-id' text='nest_doorbell_visitor'
2026-04-27 12:34:57,615 - INFO -   Visible DIV 12: class='inner' id='no-id' text='key_visualizer'
2026-04-27 12:34:57,641 - INFO - 
================================================================================

2026-04-27 12:34:57,992 - INFO - Screenshot captured: reports\RUN_20260427_123444\screenshots\02_Just_After_Login_Click_123457.png
2026-04-27 12:34:57,993 - INFO - Waiting for dashboard URL...
2026-04-27 12:34:57,993 - INFO - 
================================================================================
2026-04-27 12:34:57,994 - INFO - DOM SNAPSHOT AT STAGE: Before_Dashboard_Navigation
2026-04-27 12:34:57,995 - INFO - ================================================================================
2026-04-27 12:34:58,035 - INFO - 
Searching for pop-up elements in page content...
2026-04-27 12:34:58,230 - WARNING - ⚠ No known pop-up selectors found. Checking all visible divs...
2026-04-27 12:34:58,264 - INFO - Total DIV elements on page: 29
2026-04-27 12:34:58,415 - INFO -   Visible DIV 1: class='header-right' id='no-id' text='English
French
Spanish
Quantum Toll Authority
supe'
2026-04-27 12:34:58,492 - INFO -   Visible DIV 2: class='nav-user' id='no-id' text='Quantum Toll Authority
superadmin_qm@yopmail.com'
2026-04-27 12:34:58,601 - INFO -   Visible DIV 3: class='nav-user-info' id='no-id' text='Quantum Toll Authority
superadmin_qm@yopmail.com'
2026-04-27 12:34:58,667 - INFO -   Visible DIV 4: class='uname' id='no-id' text='Quantum Toll Authority'
2026-04-27 12:34:58,748 - INFO -   Visible DIV 5: class='urole' id='no-id' text='superadmin_qm@yopmail.com'
2026-04-27 12:34:58,816 - INFO -   Visible DIV 6: class='main-container' id='no-id' text='dashboard_2
group
decimal_increase
admin_panel_set'
2026-04-27 12:34:58,890 - INFO -   Visible DIV 7: class='inner' id='no-id' text='dashboard_2'
2026-04-27 12:34:58,979 - INFO -   Visible DIV 8: class='inner' id='no-id' text='group'
2026-04-27 12:34:59,066 - INFO -   Visible DIV 9: class='inner' id='no-id' text='decimal_increase'
2026-04-27 12:34:59,183 - INFO -   Visible DIV 10: class='inner' id='no-id' text='admin_panel_settings'
2026-04-27 12:34:59,266 - INFO -   Visible DIV 11: class='inner' id='no-id' text='nest_doorbell_visitor'
2026-04-27 12:34:59,373 - INFO -   Visible DIV 12: class='inner' id='no-id' text='key_visualizer'
2026-04-27 12:34:59,398 - INFO - 
================================================================================

2026-04-27 12:34:59,415 - INFO - Login SUCCESS: Dashboard URL reached.
2026-04-27 12:34:59,947 - INFO - 
================================================================================
2026-04-27 12:34:59,949 - INFO - DOM SNAPSHOT AT STAGE: After_Dashboard_Loaded
2026-04-27 12:34:59,949 - INFO - ================================================================================
2026-04-27 12:34:59,969 - INFO - 
Searching for pop-up elements in page content...
2026-04-27 12:35:00,198 - WARNING - ⚠ No known pop-up selectors found. Checking all visible divs...
2026-04-27 12:35:00,248 - INFO - Total DIV elements on page: 29
2026-04-27 12:35:00,381 - INFO -   Visible DIV 1: class='header-right' id='no-id' text='English
French
Spanish
Quantum Toll Authority
supe'
2026-04-27 12:35:00,469 - INFO -   Visible DIV 2: class='nav-user' id='no-id' text='Quantum Toll Authority
superadmin_qm@yopmail.com'
2026-04-27 12:35:00,569 - INFO -   Visible DIV 3: class='nav-user-info' id='no-id' text='Quantum Toll Authority
superadmin_qm@yopmail.com'
2026-04-27 12:35:00,631 - INFO -   Visible DIV 4: class='uname' id='no-id' text='Quantum Toll Authority'
2026-04-27 12:35:00,702 - INFO -   Visible DIV 5: class='urole' id='no-id' text='superadmin_qm@yopmail.com'
2026-04-27 12:35:00,765 - INFO -   Visible DIV 6: class='main-container' id='no-id' text='dashboard_2
group
decimal_increase
admin_panel_set'
2026-04-27 12:35:00,831 - INFO -   Visible DIV 7: class='inner' id='no-id' text='dashboard_2'
2026-04-27 12:35:00,901 - INFO -   Visible DIV 8: class='inner' id='no-id' text='group'
2026-04-27 12:35:00,980 - INFO -   Visible DIV 9: class='inner' id='no-id' text='decimal_increase'
2026-04-27 12:35:01,099 - INFO -   Visible DIV 10: class='inner' id='no-id' text='admin_panel_settings'
2026-04-27 12:35:01,215 - INFO -   Visible DIV 11: class='inner' id='no-id' text='nest_doorbell_visitor'
2026-04-27 12:35:01,331 - INFO -   Visible DIV 12: class='inner' id='no-id' text='key_visualizer'
2026-04-27 12:35:01,348 - INFO - 
================================================================================

2026-04-27 12:35:01,348 - INFO - Checking for dashboard header 'Welcome to QM Toll portal!'...
2026-04-27 12:35:01,400 - INFO - ✅ Dashboard header found with selector: h4:has-text("Welcome to QM Toll portal!")
2026-04-27 12:35:01,400 - INFO -    Header text: 'Welcome to QM Toll portal!'
2026-04-27 12:35:01,400 - INFO - ✅ DASHBOARD VALIDATION PASSED: 'Welcome to QM Toll portal!' header found
2026-04-27 12:35:01,596 - INFO - Screenshot captured: reports\RUN_20260427_123444\screenshots\01_Login_Success_Dashboard_123501.png
2026-04-27 12:35:02,739 - INFO - Step 1: Navigating and Starting Onboarding...
2026-04-27 12:35:02,739 - INFO - Executing Sidebar Navigation Sequence...
2026-04-27 12:35:05,584 - INFO - ✅ Successfully reached Onboarding form.
2026-04-27 12:35:05,605 - INFO - Filling Step 1: Account Details...
2026-04-27 12:35:09,329 - INFO - Filled First Name: Ehsaan
2026-04-27 12:35:10,528 - INFO - Filled Middle Name: QATeam
2026-04-27 12:35:11,691 - INFO - Filled Last Name: Dube
2026-04-27 12:35:15,614 - INFO - Filled Address: 123 Automation Blvd
2026-04-27 12:35:16,860 - INFO - Filled Zip Code: 12345
2026-04-27 12:35:18,597 - INFO - Filled Phone: 9058325602
2026-04-27 12:35:19,833 - INFO - Filled Email: ehsaan.dube69@testmail.com
2026-04-27 12:35:21,095 - INFO - Filled Confirm Email: ehsaan.dube69@testmail.com
2026-04-27 12:35:21,696 - INFO - Step 1 Submitted.
2026-04-27 12:35:21,697 - INFO - Adding 1 Vehicle(s)...
2026-04-27 12:35:51,727 - WARNING - Highlight/Fill failed for Plate 1: Timeout 30000ms exceeded.
2026-04-27 12:39:02,274 - INFO - Navigating to Login Page: http://operator-qa.qmaastech.com/
2026-04-27 12:39:02,274 - INFO - Navigating to: http://operator-qa.qmaastech.com/
2026-04-27 12:39:04,904 - INFO - Attempting login for user: superadmin_qm@yopmail.com
2026-04-27 12:39:06,590 - INFO - Logging DOM elements BEFORE login click...
2026-04-27 12:39:06,590 - INFO - 
================================================================================
2026-04-27 12:39:06,590 - INFO - DOM SNAPSHOT AT STAGE: Before_Login
2026-04-27 12:39:06,590 - INFO - ================================================================================
2026-04-27 12:39:06,621 - INFO - 
Searching for pop-up elements in page content...
2026-04-27 12:39:06,911 - WARNING - ⚠ No known pop-up selectors found. Checking all visible divs...
2026-04-27 12:39:06,963 - INFO - Total DIV elements on page: 21
2026-04-27 12:39:07,452 - INFO -   Visible DIV 1: class='hero-pills' id='no-id' text='bolt
Real-time
smart_toy
AI-driven
hub
Multi-agenc'
2026-04-27 12:39:07,595 - INFO -   Visible DIV 2: class='auth-panel' id='no-id' text='Welcome Back

Sign in to your account to continue
'
2026-04-27 12:39:07,675 - INFO -   Visible DIV 3: class='auth-card' id='no-id' text='Welcome Back

Sign in to your account to continue
'
2026-04-27 12:39:07,770 - INFO -   Visible DIV 4: class='auth-step' id='no-id' text='Welcome Back

Sign in to your account to continue
'
2026-04-27 12:39:07,935 - INFO -   Visible DIV 5: class='field-wrap' id='no-id' text='Email ID / Username *
person'
2026-04-27 12:39:08,042 - INFO -   Visible DIV 6: class='input-shell' id='no-id' text='person'
2026-04-27 12:39:08,145 - INFO -   Visible DIV 7: class='field-wrap' id='no-id' text='Password *
lock
visibility_off'
2026-04-27 12:39:08,227 - INFO -   Visible DIV 8: class='input-shell' id='no-id' text='lock
visibility_off'
2026-04-27 12:39:08,322 - INFO -   Visible DIV 9: class='auth-bottom-links' id='no-id' text='New user?  Access Account

Forgot password?'
2026-04-27 12:39:08,377 - INFO - 
================================================================================

2026-04-27 12:39:08,977 - INFO - Login button clicked.
2026-04-27 12:39:08,981 - INFO - Taking rapid screenshots and validating pop-up...
2026-04-27 12:39:09,587 - INFO - Screenshot captured: reports\RUN_20260427_123900\screenshots\03_Popup_Immediate_1_123908.png
2026-04-27 12:39:09,587 - INFO - Screenshot 1 captured - Attempting validation...
2026-04-27 12:39:09,587 - INFO - 
================================================================================
2026-04-27 12:39:09,587 - INFO - STARTING COMPREHENSIVE POP-UP VALIDATION
2026-04-27 12:39:09,587 - INFO - ================================================================================
2026-04-27 12:39:09,620 - INFO - 
[VALIDATION 1] Checking Pop-up Visibility...
2026-04-27 12:39:09,636 - INFO -   Visibility Status: True
2026-04-27 12:39:09,636 - INFO -   PASSED: Pop-up is visible
2026-04-27 12:39:09,636 - INFO - 
[VALIDATION 2] Extracting and Validating Text Content...
2026-04-27 12:39:09,670 - INFO -   Extracted Text: 'Login Successful'
2026-04-27 12:39:09,670 - INFO -   PASSED: Text matches exactly: 'Login Successful'
2026-04-27 12:39:09,670 - INFO - 
[VALIDATION 3] Checking for Typos...
2026-04-27 12:39:09,670 - INFO -   PASSED: No known typos detected
2026-04-27 12:39:09,670 - INFO - 
[VALIDATION 4] Extracting CSS Classes and Attributes...
2026-04-27 12:39:09,689 - INFO -   CSS Classes: snackbar success-snackbar
2026-04-27 12:39:09,689 - INFO -   PASSED: 'success' class is present
2026-04-27 12:39:09,689 - INFO - 
[VALIDATION 5] Checking Element Properties...
2026-04-27 12:39:09,787 - INFO -   ID: Not set
2026-04-27 12:39:09,787 - INFO -   Data-TestID: Not set
2026-04-27 12:39:09,787 - INFO -   Role: Not set
2026-04-27 12:39:09,787 - INFO -   ARIA Label: Not set
2026-04-27 12:39:09,787 - INFO - 
[VALIDATION 6] Checking Position and Size...
2026-04-27 12:39:09,814 - INFO -   X: 1230, Y: 20
2026-04-27 12:39:09,814 - INFO -   Width: 250, Height: 43.5
2026-04-27 12:39:09,814 - INFO -   PASSED: Element has valid dimensions
2026-04-27 12:39:09,814 - INFO - 
[VALIDATION 7] Checking Computed Styles...
2026-04-27 12:39:09,857 - INFO -   Display: block
2026-04-27 12:39:09,857 - INFO -   Opacity: 1
2026-04-27 12:39:09,857 - INFO -   PASSED: Element is displayed with proper opacity
2026-04-27 12:39:09,857 - INFO - 
================================================================================
2026-04-27 12:39:09,857 - INFO - POP-UP VALIDATION SUMMARY
2026-04-27 12:39:09,857 - INFO - ================================================================================
2026-04-27 12:39:09,869 - INFO -   Visibility: PASSED
2026-04-27 12:39:09,869 - INFO -   Text Match: PASSED
2026-04-27 12:39:09,869 - INFO -   Typo Check: PASSED
2026-04-27 12:39:09,869 - INFO -   CSS Classes: Present
2026-04-27 12:39:09,869 - INFO -   Position & Size: Valid
2026-04-27 12:39:09,869 - INFO -   Computed Styles: Valid
2026-04-27 12:39:09,869 - INFO - ================================================================================

2026-04-27 12:39:09,869 - INFO - ✓ ALL VALIDATIONS PASSED - Pop-up is working correctly!
2026-04-27 12:39:10,206 - INFO - Screenshot captured: reports\RUN_20260427_123900\screenshots\03_Popup_Immediate_2_123909.png
2026-04-27 12:39:10,206 - INFO - Screenshot 2 captured - Attempting validation...
2026-04-27 12:39:10,206 - INFO - 
================================================================================
2026-04-27 12:39:10,206 - INFO - STARTING COMPREHENSIVE POP-UP VALIDATION
2026-04-27 12:39:10,206 - INFO - ================================================================================
2026-04-27 12:39:10,235 - ERROR - VALIDATION FAILED: Pop-up element not found!
2026-04-27 12:39:11,485 - INFO - Screenshot captured: reports\RUN_20260427_123900\screenshots\03_Popup_Immediate_3_123910.png
2026-04-27 12:39:11,487 - INFO - Screenshot 3 captured - Attempting validation...
2026-04-27 12:39:11,488 - INFO - 
================================================================================
2026-04-27 12:39:11,488 - INFO - STARTING COMPREHENSIVE POP-UP VALIDATION
2026-04-27 12:39:11,489 - INFO - ================================================================================
2026-04-27 12:39:11,516 - ERROR - VALIDATION FAILED: Pop-up element not found!
2026-04-27 12:39:11,637 - INFO - Logging DOM elements AFTER login click (pop-up should appear here)...
2026-04-27 12:39:11,638 - INFO - 
================================================================================
2026-04-27 12:39:11,638 - INFO - DOM SNAPSHOT AT STAGE: After_Login_Click
2026-04-27 12:39:11,638 - INFO - ================================================================================
2026-04-27 12:39:11,666 - INFO - 
Searching for pop-up elements in page content...
2026-04-27 12:39:11,921 - WARNING - ⚠ No known pop-up selectors found. Checking all visible divs...
2026-04-27 12:39:11,980 - INFO - Total DIV elements on page: 29
2026-04-27 12:39:12,199 - INFO -   Visible DIV 1: class='header-right' id='no-id' text='English
French
Spanish
Quantum Toll Authority
supe'
2026-04-27 12:39:12,305 - INFO -   Visible DIV 2: class='nav-user' id='no-id' text='Quantum Toll Authority
superadmin_qm@yopmail.com'
2026-04-27 12:39:12,462 - INFO -   Visible DIV 3: class='nav-user-info' id='no-id' text='Quantum Toll Authority
superadmin_qm@yopmail.com'
2026-04-27 12:39:12,557 - INFO -   Visible DIV 4: class='uname' id='no-id' text='Quantum Toll Authority'
2026-04-27 12:39:12,663 - INFO -   Visible DIV 5: class='urole' id='no-id' text='superadmin_qm@yopmail.com'
2026-04-27 12:39:12,779 - INFO -   Visible DIV 6: class='main-container' id='no-id' text='dashboard_2
group
decimal_increase
admin_panel_set'
2026-04-27 12:39:12,906 - INFO -   Visible DIV 7: class='inner' id='no-id' text='dashboard_2'
2026-04-27 12:39:13,050 - INFO -   Visible DIV 8: class='inner' id='no-id' text='group'
2026-04-27 12:39:13,232 - INFO -   Visible DIV 9: class='inner' id='no-id' text='decimal_increase'
2026-04-27 12:39:13,414 - INFO -   Visible DIV 10: class='inner' id='no-id' text='admin_panel_settings'
2026-04-27 12:39:13,596 - INFO -   Visible DIV 11: class='inner' id='no-id' text='nest_doorbell_visitor'
2026-04-27 12:39:13,786 - INFO -   Visible DIV 12: class='inner' id='no-id' text='key_visualizer'
2026-04-27 12:39:13,830 - INFO - 
================================================================================

2026-04-27 12:39:14,297 - INFO - Screenshot captured: reports\RUN_20260427_123900\screenshots\02_Just_After_Login_Click_123913.png
2026-04-27 12:39:14,298 - INFO - Waiting for dashboard URL...
2026-04-27 12:39:14,299 - INFO - 
================================================================================
2026-04-27 12:39:14,300 - INFO - DOM SNAPSHOT AT STAGE: Before_Dashboard_Navigation
2026-04-27 12:39:14,300 - INFO - ================================================================================
2026-04-27 12:39:14,352 - INFO - 
Searching for pop-up elements in page content...
2026-04-27 12:39:14,721 - WARNING - ⚠ No known pop-up selectors found. Checking all visible divs...
2026-04-27 12:39:14,789 - INFO - Total DIV elements on page: 29
2026-04-27 12:39:15,004 - INFO -   Visible DIV 1: class='header-right' id='no-id' text='English
French
Spanish
Quantum Toll Authority
supe'
2026-04-27 12:39:15,121 - INFO -   Visible DIV 2: class='nav-user' id='no-id' text='Quantum Toll Authority
superadmin_qm@yopmail.com'
2026-04-27 12:39:15,274 - INFO -   Visible DIV 3: class='nav-user-info' id='no-id' text='Quantum Toll Authority
superadmin_qm@yopmail.com'
2026-04-27 12:39:15,388 - INFO -   Visible DIV 4: class='uname' id='no-id' text='Quantum Toll Authority'
2026-04-27 12:39:15,487 - INFO -   Visible DIV 5: class='urole' id='no-id' text='superadmin_qm@yopmail.com'
2026-04-27 12:39:15,587 - INFO -   Visible DIV 6: class='main-container' id='no-id' text='dashboard_2
group
decimal_increase
admin_panel_set'
2026-04-27 12:39:15,688 - INFO -   Visible DIV 7: class='inner' id='no-id' text='dashboard_2'
2026-04-27 12:39:15,772 - INFO -   Visible DIV 8: class='inner' id='no-id' text='group'
2026-04-27 12:39:15,871 - INFO -   Visible DIV 9: class='inner' id='no-id' text='decimal_increase'
2026-04-27 12:39:15,988 - INFO -   Visible DIV 10: class='inner' id='no-id' text='admin_panel_settings'
2026-04-27 12:39:16,071 - INFO -   Visible DIV 11: class='inner' id='no-id' text='nest_doorbell_visitor'
2026-04-27 12:39:16,188 - INFO -   Visible DIV 12: class='inner' id='no-id' text='key_visualizer'
2026-04-27 12:39:16,188 - INFO - 
================================================================================

2026-04-27 12:39:16,235 - INFO - Login SUCCESS: Dashboard URL reached.
2026-04-27 12:39:16,754 - INFO - 
================================================================================
2026-04-27 12:39:16,756 - INFO - DOM SNAPSHOT AT STAGE: After_Dashboard_Loaded
2026-04-27 12:39:16,756 - INFO - ================================================================================
2026-04-27 12:39:16,777 - INFO - 
Searching for pop-up elements in page content...
2026-04-27 12:39:16,954 - WARNING - ⚠ No known pop-up selectors found. Checking all visible divs...
2026-04-27 12:39:17,003 - INFO - Total DIV elements on page: 29
2026-04-27 12:39:17,147 - INFO -   Visible DIV 1: class='header-right' id='no-id' text='English
French
Spanish
Quantum Toll Authority
supe'
2026-04-27 12:39:17,222 - INFO -   Visible DIV 2: class='nav-user' id='no-id' text='Quantum Toll Authority
superadmin_qm@yopmail.com'
2026-04-27 12:39:17,390 - INFO -   Visible DIV 3: class='nav-user-info' id='no-id' text='Quantum Toll Authority
superadmin_qm@yopmail.com'
2026-04-27 12:39:17,542 - INFO -   Visible DIV 4: class='uname' id='no-id' text='Quantum Toll Authority'
2026-04-27 12:39:17,743 - INFO -   Visible DIV 5: class='urole' id='no-id' text='superadmin_qm@yopmail.com'
2026-04-27 12:39:17,910 - INFO -   Visible DIV 6: class='main-container' id='no-id' text='dashboard_2
group
decimal_increase
admin_panel_set'
2026-04-27 12:39:18,098 - INFO -   Visible DIV 7: class='inner' id='no-id' text='dashboard_2'
2026-04-27 12:39:18,293 - INFO -   Visible DIV 8: class='inner' id='no-id' text='group'
2026-04-27 12:39:18,665 - INFO -   Visible DIV 9: class='inner' id='no-id' text='decimal_increase'
2026-04-27 12:39:18,946 - INFO -   Visible DIV 10: class='inner' id='no-id' text='admin_panel_settings'
2026-04-27 12:39:19,182 - INFO -   Visible DIV 11: class='inner' id='no-id' text='nest_doorbell_visitor'
2026-04-27 12:39:19,407 - INFO -   Visible DIV 12: class='inner' id='no-id' text='key_visualizer'
2026-04-27 12:39:19,462 - INFO - 
================================================================================

2026-04-27 12:39:19,462 - INFO - Checking for dashboard header 'Welcome to QM Toll portal!'...
2026-04-27 12:39:19,601 - INFO - ✅ Dashboard header found with selector: h4:has-text("Welcome to QM Toll portal!")
2026-04-27 12:39:19,603 - INFO -    Header text: 'Welcome to QM Toll portal!'
2026-04-27 12:39:19,603 - INFO - ✅ DASHBOARD VALIDATION PASSED: 'Welcome to QM Toll portal!' header found
2026-04-27 12:39:19,896 - INFO - Screenshot captured: reports\RUN_20260427_123900\screenshots\01_Login_Success_Dashboard_123919.png
2026-04-27 12:39:20,555 - INFO - Step 1: Navigating and Starting Onboarding...
2026-04-27 12:39:20,555 - INFO - Executing Sidebar Navigation Sequence...
2026-04-27 12:39:23,479 - INFO - ✅ Successfully reached Onboarding form.
2026-04-27 12:39:23,516 - INFO - Filling Step 1: Account Details...
2026-04-27 12:39:27,327 - INFO - Filled First Name: Shayak
2026-04-27 12:39:28,522 - INFO - Filled Middle Name: QATeam
2026-04-27 12:39:29,716 - INFO - Filled Last Name: Sandal
2026-04-27 12:39:29,720 - INFO - Selecting address-related checkboxes...
2026-04-27 12:39:30,918 - INFO - Checked: Use Same for Billing
2026-04-27 12:39:32,095 - INFO - Checked: Use Same for Shipping
2026-04-27 12:39:33,285 - INFO - Checked: Primary Address
2026-04-27 12:39:37,303 - INFO - Filled Address: 123 Automation Blvd
2026-04-27 12:39:38,532 - INFO - Filled Zip Code: 12345
2026-04-27 12:39:40,273 - INFO - Filled Phone: 7109351753
2026-04-27 12:39:41,465 - INFO - Filled Email: shayak.sandal86@testmail.com
2026-04-27 12:51:04,505 - INFO - Navigating to Login Page: http://operator-qa.qmaastech.com/
2026-04-27 12:51:04,513 - INFO - Navigating to: http://operator-qa.qmaastech.com/
2026-04-27 12:51:07,545 - INFO - Attempting login for user: superadmin_qm@yopmail.com
2026-04-27 12:51:09,274 - INFO - Logging DOM elements BEFORE login click...
2026-04-27 12:51:09,274 - INFO - 
================================================================================
2026-04-27 12:51:09,284 - INFO - DOM SNAPSHOT AT STAGE: Before_Login
2026-04-27 12:51:09,287 - INFO - ================================================================================
2026-04-27 12:51:09,332 - INFO - 
Searching for pop-up elements in page content...
2026-04-27 12:51:09,776 - WARNING - ⚠ No known pop-up selectors found. Checking all visible divs...
2026-04-27 12:51:09,850 - INFO - Total DIV elements on page: 21
2026-04-27 12:51:10,526 - INFO -   Visible DIV 1: class='hero-pills' id='no-id' text='bolt
Real-time
smart_toy
AI-driven
hub
Multi-agenc'
2026-04-27 12:51:10,723 - INFO -   Visible DIV 2: class='auth-panel' id='no-id' text='Welcome Back

Sign in to your account to continue
'
2026-04-27 12:51:10,816 - INFO -   Visible DIV 3: class='auth-card' id='no-id' text='Welcome Back

Sign in to your account to continue
'
2026-04-27 12:51:10,918 - INFO -   Visible DIV 4: class='auth-step' id='no-id' text='Welcome Back

Sign in to your account to continue
'
2026-04-27 12:51:11,081 - INFO -   Visible DIV 5: class='field-wrap' id='no-id' text='Email ID / Username *
person'
2026-04-27 12:51:11,192 - INFO -   Visible DIV 6: class='input-shell' id='no-id' text='person'
2026-04-27 12:51:11,305 - INFO -   Visible DIV 7: class='field-wrap' id='no-id' text='Password *
lock
visibility_off'
2026-04-27 12:51:11,414 - INFO -   Visible DIV 8: class='input-shell' id='no-id' text='lock
visibility_off'
2026-04-27 12:51:11,518 - INFO -   Visible DIV 9: class='auth-bottom-links' id='no-id' text='New user?  Access Account

Forgot password?'
2026-04-27 12:51:11,566 - INFO - 
================================================================================

2026-04-27 12:51:12,147 - INFO - Login button clicked.
2026-04-27 12:51:12,153 - INFO - Taking rapid screenshots and validating pop-up...
2026-04-27 12:51:12,838 - INFO - Screenshot captured: reports\RUN_20260427_125102\screenshots\03_Popup_Immediate_1_125112.png
2026-04-27 12:51:12,838 - INFO - Screenshot 1 captured - Attempting validation...
2026-04-27 12:51:12,838 - INFO - 
================================================================================
2026-04-27 12:51:12,842 - INFO - STARTING COMPREHENSIVE POP-UP VALIDATION
2026-04-27 12:51:12,842 - INFO - ================================================================================
2026-04-27 12:51:12,859 - INFO - 
[VALIDATION 1] Checking Pop-up Visibility...
2026-04-27 12:51:12,887 - INFO -   Visibility Status: True
2026-04-27 12:51:12,887 - INFO -   PASSED: Pop-up is visible
2026-04-27 12:51:12,887 - INFO - 
[VALIDATION 2] Extracting and Validating Text Content...
2026-04-27 12:51:12,913 - INFO -   Extracted Text: 'Login Successful'
2026-04-27 12:51:12,913 - INFO -   PASSED: Text matches exactly: 'Login Successful'
2026-04-27 12:51:12,913 - INFO - 
[VALIDATION 3] Checking for Typos...
2026-04-27 12:51:12,919 - INFO -   PASSED: No known typos detected
2026-04-27 12:51:12,919 - INFO - 
[VALIDATION 4] Extracting CSS Classes and Attributes...
2026-04-27 12:51:12,937 - INFO -   CSS Classes: snackbar success-snackbar
2026-04-27 12:51:12,938 - INFO -   PASSED: 'success' class is present
2026-04-27 12:51:12,938 - INFO - 
[VALIDATION 5] Checking Element Properties...
2026-04-27 12:51:13,079 - INFO -   ID: Not set
2026-04-27 12:51:13,084 - INFO -   Data-TestID: Not set
2026-04-27 12:51:13,085 - INFO -   Role: Not set
2026-04-27 12:51:13,085 - INFO -   ARIA Label: Not set
2026-04-27 12:51:13,086 - INFO - 
[VALIDATION 6] Checking Position and Size...
2026-04-27 12:51:13,120 - INFO -   X: 1230, Y: 20
2026-04-27 12:51:13,120 - INFO -   Width: 250, Height: 43.5
2026-04-27 12:51:13,122 - INFO -   PASSED: Element has valid dimensions
2026-04-27 12:51:13,122 - INFO - 
[VALIDATION 7] Checking Computed Styles...
2026-04-27 12:51:13,308 - ERROR - Validation error: TypeError: Failed to execute 'getComputedStyle' on 'Window': parameter 1 is not of type 'Element'.
    at eval (eval at evaluate (:226:30), <anonymous>:1:8)
    at eval (<anonymous>)
    at UtilityScript.evaluate (<anonymous>:226:30)
    at UtilityScript.<anonymous> (<anonymous>:1:44)
2026-04-27 12:51:13,312 - WARNING -   WARNING: Could not check computed styles - element may have disappeared
2026-04-27 12:51:13,312 - INFO - 
================================================================================
2026-04-27 12:51:13,314 - INFO - POP-UP VALIDATION SUMMARY
2026-04-27 12:51:13,314 - INFO - ================================================================================
2026-04-27 12:51:13,316 - INFO -   Visibility: PASSED
2026-04-27 12:51:13,318 - INFO -   Text Match: PASSED
2026-04-27 12:51:13,320 - INFO -   Typo Check: PASSED
2026-04-27 12:51:13,320 - INFO -   CSS Classes: Present
2026-04-27 12:51:13,320 - INFO -   Position & Size: Valid
2026-04-27 12:51:13,320 - INFO -   Computed Styles: Valid
2026-04-27 12:51:13,326 - INFO - ================================================================================

2026-04-27 12:51:13,326 - INFO - ✓ ALL VALIDATIONS PASSED - Pop-up is working correctly!
2026-04-27 12:51:15,081 - INFO - Screenshot captured: reports\RUN_20260427_125102\screenshots\03_Popup_Immediate_2_125113.png
2026-04-27 12:51:15,081 - INFO - Screenshot 2 captured - Attempting validation...
2026-04-27 12:51:15,081 - INFO - 
================================================================================
2026-04-27 12:51:15,081 - INFO - STARTING COMPREHENSIVE POP-UP VALIDATION
2026-04-27 12:51:15,081 - INFO - ================================================================================
2026-04-27 12:51:15,111 - ERROR - VALIDATION FAILED: Pop-up element not found!
2026-04-27 12:51:15,574 - INFO - Screenshot captured: reports\RUN_20260427_125102\screenshots\03_Popup_Immediate_3_125115.png
2026-04-27 12:51:15,575 - INFO - Screenshot 3 captured - Attempting validation...
2026-04-27 12:51:15,575 - INFO - 
================================================================================
2026-04-27 12:51:15,575 - INFO - STARTING COMPREHENSIVE POP-UP VALIDATION
2026-04-27 12:51:15,577 - INFO - ================================================================================
2026-04-27 12:51:15,604 - ERROR - VALIDATION FAILED: Pop-up element not found!
2026-04-27 12:51:15,744 - INFO - Logging DOM elements AFTER login click (pop-up should appear here)...
2026-04-27 12:51:15,746 - INFO - 
================================================================================
2026-04-27 12:51:15,746 - INFO - DOM SNAPSHOT AT STAGE: After_Login_Click
2026-04-27 12:51:15,748 - INFO - ================================================================================
2026-04-27 12:51:15,809 - INFO - 
Searching for pop-up elements in page content...
2026-04-27 12:51:16,223 - WARNING - ⚠ No known pop-up selectors found. Checking all visible divs...
2026-04-27 12:51:16,291 - INFO - Total DIV elements on page: 29
2026-04-27 12:51:16,546 - INFO -   Visible DIV 1: class='header-right' id='no-id' text='English
French
Spanish
Quantum Toll Authority
supe'
2026-04-27 12:51:16,660 - INFO -   Visible DIV 2: class='nav-user' id='no-id' text='Quantum Toll Authority
superadmin_qm@yopmail.com'
2026-04-27 12:51:16,826 - INFO -   Visible DIV 3: class='nav-user-info' id='no-id' text='Quantum Toll Authority
superadmin_qm@yopmail.com'
2026-04-27 12:51:16,952 - INFO -   Visible DIV 4: class='uname' id='no-id' text='Quantum Toll Authority'
2026-04-27 12:51:17,066 - INFO -   Visible DIV 5: class='urole' id='no-id' text='superadmin_qm@yopmail.com'
2026-04-27 12:51:17,176 - INFO -   Visible DIV 6: class='main-container' id='no-id' text='dashboard_2
group
decimal_increase
admin_panel_set'
2026-04-27 12:51:17,295 - INFO -   Visible DIV 7: class='inner' id='no-id' text='dashboard_2'
2026-04-27 12:51:17,410 - INFO -   Visible DIV 8: class='inner' id='no-id' text='group'
2026-04-27 12:51:17,550 - INFO -   Visible DIV 9: class='inner' id='no-id' text='decimal_increase'
2026-04-27 12:51:17,660 - INFO -   Visible DIV 10: class='inner' id='no-id' text='admin_panel_settings'
2026-04-27 12:51:17,795 - INFO -   Visible DIV 11: class='inner' id='no-id' text='nest_doorbell_visitor'
2026-04-27 12:51:17,904 - INFO -   Visible DIV 12: class='inner' id='no-id' text='key_visualizer'
2026-04-27 12:51:17,921 - INFO - 
================================================================================

2026-04-27 12:51:18,147 - INFO - Screenshot captured: reports\RUN_20260427_125102\screenshots\02_Just_After_Login_Click_125117.png
2026-04-27 12:51:18,147 - INFO - Waiting for dashboard URL...
2026-04-27 12:51:18,147 - INFO - 
================================================================================
2026-04-27 12:51:18,147 - INFO - DOM SNAPSHOT AT STAGE: Before_Dashboard_Navigation
2026-04-27 12:51:18,147 - INFO - ================================================================================
2026-04-27 12:51:18,172 - INFO - 
Searching for pop-up elements in page content...
2026-04-27 12:51:18,388 - WARNING - ⚠ No known pop-up selectors found. Checking all visible divs...
2026-04-27 12:51:18,425 - INFO - Total DIV elements on page: 29
2026-04-27 12:51:18,604 - INFO -   Visible DIV 1: class='header-right' id='no-id' text='English
French
Spanish
Quantum Toll Authority
supe'
2026-04-27 12:51:18,704 - INFO -   Visible DIV 2: class='nav-user' id='no-id' text='Quantum Toll Authority
superadmin_qm@yopmail.com'
2026-04-27 12:51:18,848 - INFO -   Visible DIV 3: class='nav-user-info' id='no-id' text='Quantum Toll Authority
superadmin_qm@yopmail.com'
2026-04-27 12:51:18,935 - INFO -   Visible DIV 4: class='uname' id='no-id' text='Quantum Toll Authority'
2026-04-27 12:51:19,036 - INFO -   Visible DIV 5: class='urole' id='no-id' text='superadmin_qm@yopmail.com'
2026-04-27 12:51:19,138 - INFO -   Visible DIV 6: class='main-container' id='no-id' text='dashboard_2
group
decimal_increase
admin_panel_set'
2026-04-27 12:51:19,288 - INFO -   Visible DIV 7: class='inner' id='no-id' text='dashboard_2'
2026-04-27 12:51:19,488 - INFO -   Visible DIV 8: class='inner' id='no-id' text='group'
2026-04-27 12:51:19,656 - INFO -   Visible DIV 9: class='inner' id='no-id' text='decimal_increase'
2026-04-27 12:51:19,886 - INFO -   Visible DIV 10: class='inner' id='no-id' text='admin_panel_settings'
2026-04-27 12:51:20,231 - INFO -   Visible DIV 11: class='inner' id='no-id' text='nest_doorbell_visitor'
2026-04-27 12:51:20,616 - INFO -   Visible DIV 12: class='inner' id='no-id' text='key_visualizer'
2026-04-27 12:51:20,673 - INFO - 
================================================================================

2026-04-27 12:51:20,732 - INFO - Login SUCCESS: Dashboard URL reached.
2026-04-27 12:51:21,261 - INFO - 
================================================================================
2026-04-27 12:51:21,261 - INFO - DOM SNAPSHOT AT STAGE: After_Dashboard_Loaded
2026-04-27 12:51:21,261 - INFO - ================================================================================
2026-04-27 12:51:21,293 - INFO - 
Searching for pop-up elements in page content...
2026-04-27 12:51:21,636 - WARNING - ⚠ No known pop-up selectors found. Checking all visible divs...
2026-04-27 12:51:21,683 - INFO - Total DIV elements on page: 29
2026-04-27 12:51:21,882 - INFO -   Visible DIV 1: class='header-right' id='no-id' text='English
French
Spanish
Quantum Toll Authority
supe'
2026-04-27 12:51:21,983 - INFO -   Visible DIV 2: class='nav-user' id='no-id' text='Quantum Toll Authority
superadmin_qm@yopmail.com'
2026-04-27 12:51:22,158 - INFO -   Visible DIV 3: class='nav-user-info' id='no-id' text='Quantum Toll Authority
superadmin_qm@yopmail.com'
2026-04-27 12:51:22,254 - INFO -   Visible DIV 4: class='uname' id='no-id' text='Quantum Toll Authority'
2026-04-27 12:51:22,334 - INFO -   Visible DIV 5: class='urole' id='no-id' text='superadmin_qm@yopmail.com'
2026-04-27 12:51:22,429 - INFO -   Visible DIV 6: class='main-container' id='no-id' text='dashboard_2
group
decimal_increase
admin_panel_set'
2026-04-27 12:51:22,542 - INFO -   Visible DIV 7: class='inner' id='no-id' text='dashboard_2'
2026-04-27 12:51:22,655 - INFO -   Visible DIV 8: class='inner' id='no-id' text='group'
2026-04-27 12:51:22,795 - INFO -   Visible DIV 9: class='inner' id='no-id' text='decimal_increase'
2026-04-27 12:51:22,931 - INFO -   Visible DIV 10: class='inner' id='no-id' text='admin_panel_settings'
2026-04-27 12:51:23,021 - INFO -   Visible DIV 11: class='inner' id='no-id' text='nest_doorbell_visitor'
2026-04-27 12:51:23,182 - INFO -   Visible DIV 12: class='inner' id='no-id' text='key_visualizer'
2026-04-27 12:51:23,219 - INFO - 
================================================================================

2026-04-27 12:51:23,219 - INFO - Checking for dashboard header 'Welcome to QM Toll portal!'...
2026-04-27 12:51:23,307 - INFO - ✅ Dashboard header found with selector: h4:has-text("Welcome to QM Toll portal!")
2026-04-27 12:51:23,307 - INFO -    Header text: 'Welcome to QM Toll portal!'
2026-04-27 12:51:23,307 - INFO - ✅ DASHBOARD VALIDATION PASSED: 'Welcome to QM Toll portal!' header found
2026-04-27 12:51:23,560 - INFO - Screenshot captured: reports\RUN_20260427_125102\screenshots\01_Login_Success_Dashboard_125123.png
2026-04-27 12:51:23,986 - INFO - Step 1: Navigating and Starting Onboarding...
2026-04-27 12:51:23,988 - INFO - Executing Sidebar Navigation Sequence...
2026-04-27 12:51:26,945 - INFO - ✅ Successfully reached Onboarding form.
2026-04-27 12:51:26,988 - INFO - Filling Step 1: Account Details...
2026-04-27 12:51:30,450 - INFO - Filled First Name: Aniruddh
2026-04-27 12:51:31,662 - INFO - Filled Middle Name: QATeam
2026-04-27 12:51:32,984 - INFO - Filled Last Name: Srinivas
2026-04-27 12:51:32,984 - INFO - Selecting address-related checkboxes...
2026-04-27 12:51:34,183 - INFO - Checked: Use Same for Billing
2026-04-27 12:51:35,480 - INFO - Checked: Use Same for Shipping
2026-04-27 12:51:36,648 - INFO - Checked: Primary Address
2026-04-27 12:51:40,583 - INFO - Filled Address: 123 Automation Blvd
2026-04-27 12:51:41,842 - INFO - Filled Zip Code: 12345
2026-04-27 12:51:43,597 - INFO - Filled Phone: 7206312247
2026-04-27 12:51:44,790 - INFO - Filled Email: aniruddh.srinivas71@testmail.com
2026-04-27 12:51:46,023 - INFO - Filled Confirm Email: aniruddh.srinivas71@testmail.com
2026-04-27 12:51:46,038 - INFO - Clicking Save & Next...
2026-04-27 12:51:47,212 - INFO - Step 1 Submitted.
2026-04-27 12:51:47,212 - INFO - Adding 1 Vehicle(s)...
2026-04-27 12:52:00,848 - INFO - Navigating to Login Page: http://operator-qa.qmaastech.com/
2026-04-27 12:52:00,848 - INFO - Navigating to: http://operator-qa.qmaastech.com/
2026-04-27 12:52:03,678 - INFO - Attempting login for user: superadmin_qm@yopmail.com
2026-04-27 12:52:05,420 - INFO - Logging DOM elements BEFORE login click...
2026-04-27 12:52:05,422 - INFO - 
================================================================================
2026-04-27 12:52:05,424 - INFO - DOM SNAPSHOT AT STAGE: Before_Login
2026-04-27 12:52:05,426 - INFO - ================================================================================
2026-04-27 12:52:05,500 - INFO - 
Searching for pop-up elements in page content...
2026-04-27 12:52:06,071 - WARNING - ⚠ No known pop-up selectors found. Checking all visible divs...
2026-04-27 12:52:06,150 - INFO - Total DIV elements on page: 21
2026-04-27 12:52:06,715 - INFO -   Visible DIV 1: class='hero-pills' id='no-id' text='bolt
Real-time
smart_toy
AI-driven
hub
Multi-agenc'
2026-04-27 12:52:06,894 - INFO -   Visible DIV 2: class='auth-panel' id='no-id' text='Welcome Back

Sign in to your account to continue
'
2026-04-27 12:52:07,000 - INFO -   Visible DIV 3: class='auth-card' id='no-id' text='Welcome Back

Sign in to your account to continue
'
2026-04-27 12:52:07,103 - INFO -   Visible DIV 4: class='auth-step' id='no-id' text='Welcome Back

Sign in to your account to continue
'
2026-04-27 12:52:07,279 - INFO -   Visible DIV 5: class='field-wrap' id='no-id' text='Email ID / Username *
person'
2026-04-27 12:52:07,391 - INFO -   Visible DIV 6: class='input-shell' id='no-id' text='person'
2026-04-27 12:52:07,503 - INFO -   Visible DIV 7: class='field-wrap' id='no-id' text='Password *
lock
visibility_off'
2026-04-27 12:52:07,604 - INFO -   Visible DIV 8: class='input-shell' id='no-id' text='lock
visibility_off'
2026-04-27 12:52:07,709 - INFO -   Visible DIV 9: class='auth-bottom-links' id='no-id' text='New user?  Access Account

Forgot password?'
2026-04-27 12:52:07,769 - INFO - 
================================================================================

2026-04-27 12:52:08,393 - INFO - Login button clicked.
2026-04-27 12:52:08,393 - INFO - Taking rapid screenshots and validating pop-up...
2026-04-27 12:52:08,990 - INFO - Screenshot captured: reports\RUN_20260427_125158\screenshots\03_Popup_Immediate_1_125208.png
2026-04-27 12:52:08,990 - INFO - Screenshot 1 captured - Attempting validation...
2026-04-27 12:52:08,990 - INFO - 
================================================================================
2026-04-27 12:52:08,990 - INFO - STARTING COMPREHENSIVE POP-UP VALIDATION
2026-04-27 12:52:08,990 - INFO - ================================================================================
2026-04-27 12:52:09,020 - INFO - 
[VALIDATION 1] Checking Pop-up Visibility...
2026-04-27 12:52:09,040 - INFO -   Visibility Status: True
2026-04-27 12:52:09,040 - INFO -   PASSED: Pop-up is visible
2026-04-27 12:52:09,040 - INFO - 
[VALIDATION 2] Extracting and Validating Text Content...
2026-04-27 12:52:09,057 - INFO -   Extracted Text: 'Login Successful'
2026-04-27 12:52:09,069 - INFO -   PASSED: Text matches exactly: 'Login Successful'
2026-04-27 12:52:09,071 - INFO - 
[VALIDATION 3] Checking for Typos...
2026-04-27 12:52:09,071 - INFO -   PASSED: No known typos detected
2026-04-27 12:52:09,071 - INFO - 
[VALIDATION 4] Extracting CSS Classes and Attributes...
2026-04-27 12:52:09,091 - INFO -   CSS Classes: snackbar success-snackbar
2026-04-27 12:52:09,091 - INFO -   PASSED: 'success' class is present
2026-04-27 12:52:09,091 - INFO - 
[VALIDATION 5] Checking Element Properties...
2026-04-27 12:52:09,172 - INFO -   ID: Not set
2026-04-27 12:52:09,172 - INFO -   Data-TestID: Not set
2026-04-27 12:52:09,172 - INFO -   Role: Not set
2026-04-27 12:52:09,172 - INFO -   ARIA Label: Not set
2026-04-27 12:52:09,172 - INFO - 
[VALIDATION 6] Checking Position and Size...
2026-04-27 12:52:09,192 - INFO -   X: 1230, Y: 20
2026-04-27 12:52:09,192 - INFO -   Width: 250, Height: 43.5
2026-04-27 12:52:09,192 - INFO -   PASSED: Element has valid dimensions
2026-04-27 12:52:09,197 - INFO - 
[VALIDATION 7] Checking Computed Styles...
2026-04-27 12:52:09,223 - INFO -   Display: block
2026-04-27 12:52:09,223 - INFO -   Opacity: 1
2026-04-27 12:52:09,223 - INFO -   PASSED: Element is displayed with proper opacity
2026-04-27 12:52:09,223 - INFO - 
================================================================================
2026-04-27 12:52:09,223 - INFO - POP-UP VALIDATION SUMMARY
2026-04-27 12:52:09,223 - INFO - ================================================================================
2026-04-27 12:52:09,223 - INFO -   Visibility: PASSED
2026-04-27 12:52:09,223 - INFO -   Text Match: PASSED
2026-04-27 12:52:09,223 - INFO -   Typo Check: PASSED
2026-04-27 12:52:09,223 - INFO -   CSS Classes: Present
2026-04-27 12:52:09,237 - INFO -   Position & Size: Valid
2026-04-27 12:52:09,237 - INFO -   Computed Styles: Valid
2026-04-27 12:52:09,237 - INFO - ================================================================================

2026-04-27 12:52:09,237 - INFO - ✓ ALL VALIDATIONS PASSED - Pop-up is working correctly!
2026-04-27 12:52:09,670 - INFO - Screenshot captured: reports\RUN_20260427_125158\screenshots\03_Popup_Immediate_2_125209.png
2026-04-27 12:52:09,670 - INFO - Screenshot 2 captured - Attempting validation...
2026-04-27 12:52:09,670 - INFO - 
================================================================================
2026-04-27 12:52:09,670 - INFO - STARTING COMPREHENSIVE POP-UP VALIDATION
2026-04-27 12:52:09,670 - INFO - ================================================================================
2026-04-27 12:52:09,692 - ERROR - VALIDATION FAILED: Pop-up element not found!
2026-04-27 12:52:11,054 - INFO - Screenshot captured: reports\RUN_20260427_125158\screenshots\03_Popup_Immediate_3_125209.png
2026-04-27 12:52:11,057 - INFO - Screenshot 3 captured - Attempting validation...
2026-04-27 12:52:11,057 - INFO - 
================================================================================
2026-04-27 12:52:11,057 - INFO - STARTING COMPREHENSIVE POP-UP VALIDATION
2026-04-27 12:52:11,057 - INFO - ================================================================================
2026-04-27 12:52:11,099 - ERROR - VALIDATION FAILED: Pop-up element not found!
2026-04-27 12:52:11,232 - INFO - Logging DOM elements AFTER login click (pop-up should appear here)...
2026-04-27 12:52:11,232 - INFO - 
================================================================================
2026-04-27 12:52:11,232 - INFO - DOM SNAPSHOT AT STAGE: After_Login_Click
2026-04-27 12:52:11,232 - INFO - ================================================================================
2026-04-27 12:52:11,259 - INFO - 
Searching for pop-up elements in page content...
2026-04-27 12:52:11,609 - WARNING - ⚠ No known pop-up selectors found. Checking all visible divs...
2026-04-27 12:52:11,672 - INFO - Total DIV elements on page: 29
2026-04-27 12:52:11,946 - INFO -   Visible DIV 1: class='header-right' id='no-id' text='English
French
Spanish
Quantum Toll Authority
supe'
2026-04-27 12:52:12,175 - INFO -   Visible DIV 2: class='nav-user' id='no-id' text='Quantum Toll Authority
superadmin_qm@yopmail.com'
2026-04-27 12:52:12,413 - INFO -   Visible DIV 3: class='nav-user-info' id='no-id' text='Quantum Toll Authority
superadmin_qm@yopmail.com'
2026-04-27 12:52:12,553 - INFO -   Visible DIV 4: class='uname' id='no-id' text='Quantum Toll Authority'
2026-04-27 12:52:12,664 - INFO -   Visible DIV 5: class='urole' id='no-id' text='superadmin_qm@yopmail.com'
2026-04-27 12:52:12,799 - INFO -   Visible DIV 6: class='main-container' id='no-id' text='dashboard_2
group
decimal_increase
admin_panel_set'
2026-04-27 12:52:12,937 - INFO -   Visible DIV 7: class='inner' id='no-id' text='dashboard_2'
2026-04-27 12:52:13,056 - INFO -   Visible DIV 8: class='inner' id='no-id' text='group'
2026-04-27 12:52:13,210 - INFO -   Visible DIV 9: class='inner' id='no-id' text='decimal_increase'
2026-04-27 12:52:13,360 - INFO -   Visible DIV 10: class='inner' id='no-id' text='admin_panel_settings'
2026-04-27 12:52:13,519 - INFO -   Visible DIV 11: class='inner' id='no-id' text='nest_doorbell_visitor'
2026-04-27 12:52:13,667 - INFO -   Visible DIV 12: class='inner' id='no-id' text='key_visualizer'
2026-04-27 12:52:13,700 - INFO - 
================================================================================

2026-04-27 12:52:13,948 - INFO - Screenshot captured: reports\RUN_20260427_125158\screenshots\02_Just_After_Login_Click_125213.png
2026-04-27 12:52:13,948 - INFO - Waiting for dashboard URL...
2026-04-27 12:52:13,948 - INFO - 
================================================================================
2026-04-27 12:52:13,953 - INFO - DOM SNAPSHOT AT STAGE: Before_Dashboard_Navigation
2026-04-27 12:52:13,954 - INFO - ================================================================================
2026-04-27 12:52:13,992 - INFO - 
Searching for pop-up elements in page content...
2026-04-27 12:52:14,340 - WARNING - ⚠ No known pop-up selectors found. Checking all visible divs...
2026-04-27 12:52:14,375 - INFO - Total DIV elements on page: 29
2026-04-27 12:52:14,573 - INFO -   Visible DIV 1: class='header-right' id='no-id' text='English
French
Spanish
Quantum Toll Authority
supe'
2026-04-27 12:52:14,653 - INFO -   Visible DIV 2: class='nav-user' id='no-id' text='Quantum Toll Authority
superadmin_qm@yopmail.com'
2026-04-27 12:52:14,789 - INFO -   Visible DIV 3: class='nav-user-info' id='no-id' text='Quantum Toll Authority
superadmin_qm@yopmail.com'
2026-04-27 12:52:14,906 - INFO -   Visible DIV 4: class='uname' id='no-id' text='Quantum Toll Authority'
2026-04-27 12:52:15,023 - INFO -   Visible DIV 5: class='urole' id='no-id' text='superadmin_qm@yopmail.com'
2026-04-27 12:52:15,179 - INFO -   Visible DIV 6: class='main-container' id='no-id' text='dashboard_2
group
decimal_increase
admin_panel_set'
2026-04-27 12:52:15,356 - INFO -   Visible DIV 7: class='inner' id='no-id' text='dashboard_2'
2026-04-27 12:52:15,503 - INFO -   Visible DIV 8: class='inner' id='no-id' text='group'
2026-04-27 12:52:15,656 - INFO -   Visible DIV 9: class='inner' id='no-id' text='decimal_increase'
2026-04-27 12:52:15,844 - INFO -   Visible DIV 10: class='inner' id='no-id' text='admin_panel_settings'
2026-04-27 12:52:16,040 - INFO -   Visible DIV 11: class='inner' id='no-id' text='nest_doorbell_visitor'
2026-04-27 12:52:16,354 - INFO -   Visible DIV 12: class='inner' id='no-id' text='key_visualizer'
2026-04-27 12:52:16,417 - INFO - 
================================================================================

2026-04-27 12:52:16,533 - INFO - Login SUCCESS: Dashboard URL reached.
2026-04-27 12:52:17,118 - INFO - 
================================================================================
2026-04-27 12:52:17,121 - INFO - DOM SNAPSHOT AT STAGE: After_Dashboard_Loaded
2026-04-27 12:52:17,121 - INFO - ================================================================================
2026-04-27 12:52:17,167 - INFO - 
Searching for pop-up elements in page content...
2026-04-27 12:52:17,588 - WARNING - ⚠ No known pop-up selectors found. Checking all visible divs...
2026-04-27 12:52:17,705 - INFO - Total DIV elements on page: 29
2026-04-27 12:52:17,938 - INFO -   Visible DIV 1: class='header-right' id='no-id' text='English
French
Spanish
Quantum Toll Authority
supe'
2026-04-27 12:52:18,039 - INFO -   Visible DIV 2: class='nav-user' id='no-id' text='Quantum Toll Authority
superadmin_qm@yopmail.com'
2026-04-27 12:52:18,204 - INFO -   Visible DIV 3: class='nav-user-info' id='no-id' text='Quantum Toll Authority
superadmin_qm@yopmail.com'
2026-04-27 12:52:18,290 - INFO -   Visible DIV 4: class='uname' id='no-id' text='Quantum Toll Authority'
2026-04-27 12:52:18,354 - INFO -   Visible DIV 5: class='urole' id='no-id' text='superadmin_qm@yopmail.com'
2026-04-27 12:52:18,405 - INFO -   Visible DIV 6: class='main-container' id='no-id' text='dashboard_2
group
decimal_increase
admin_panel_set'
2026-04-27 12:52:18,471 - INFO -   Visible DIV 7: class='inner' id='no-id' text='dashboard_2'
2026-04-27 12:52:18,538 - INFO -   Visible DIV 8: class='inner' id='no-id' text='group'
2026-04-27 12:52:18,637 - INFO -   Visible DIV 9: class='inner' id='no-id' text='decimal_increase'
2026-04-27 12:52:18,721 - INFO -   Visible DIV 10: class='inner' id='no-id' text='admin_panel_settings'
2026-04-27 12:52:18,821 - INFO -   Visible DIV 11: class='inner' id='no-id' text='nest_doorbell_visitor'
2026-04-27 12:52:18,921 - INFO -   Visible DIV 12: class='inner' id='no-id' text='key_visualizer'
2026-04-27 12:52:18,938 - INFO - 
================================================================================

2026-04-27 12:52:18,938 - INFO - Checking for dashboard header 'Welcome to QM Toll portal!'...
2026-04-27 12:52:18,988 - INFO - ✅ Dashboard header found with selector: h4:has-text("Welcome to QM Toll portal!")
2026-04-27 12:52:18,988 - INFO -    Header text: 'Welcome to QM Toll portal!'
2026-04-27 12:52:18,988 - INFO - ✅ DASHBOARD VALIDATION PASSED: 'Welcome to QM Toll portal!' header found
2026-04-27 12:52:19,177 - INFO - Screenshot captured: reports\RUN_20260427_125158\screenshots\01_Login_Success_Dashboard_125218.png
2026-04-27 12:52:19,681 - INFO - Step 1: Navigating and Starting Onboarding...
2026-04-27 12:52:19,681 - INFO - Executing Sidebar Navigation Sequence...
2026-04-27 12:52:22,662 - INFO - ✅ Successfully reached Onboarding form.
2026-04-27 12:52:22,725 - INFO - Filling Step 1: Account Details...
2026-04-27 12:52:26,132 - INFO - Filled First Name: Bhavin
2026-04-27 12:52:27,320 - INFO - Filled Middle Name: QATeam
2026-04-27 12:52:28,532 - INFO - Filled Last Name: Varty
2026-04-27 12:52:28,532 - INFO - Selecting address-related checkboxes...
2026-04-27 12:52:29,782 - INFO - Checked: Use Same for Billing
2026-04-27 12:52:30,966 - INFO - Checked: Use Same for Shipping
2026-04-27 12:52:32,249 - INFO - Checked: Primary Address
2026-04-27 12:52:36,155 - INFO - Filled Address: 123 Automation Blvd
2026-04-27 12:52:37,368 - INFO - Filled Zip Code: 12345
2026-04-27 12:52:39,121 - INFO - Filled Phone: 8379723319
2026-04-27 12:52:40,339 - INFO - Filled Email: bhavin.varty72@testmail.com
2026-04-27 12:52:41,548 - INFO - Filled Confirm Email: bhavin.varty72@testmail.com
2026-04-27 12:52:41,548 - INFO - Clicking Save & Next...
2026-04-27 12:52:42,735 - INFO - Step 1 Submitted.
2026-04-27 12:52:42,735 - INFO - Adding 1 Vehicle(s)...
2026-04-27 12:56:55,652 - INFO - Navigating to Login Page: http://operator-qa.qmaastech.com/
2026-04-27 12:56:55,655 - INFO - Navigating to: http://operator-qa.qmaastech.com/
2026-04-27 12:56:58,594 - INFO - Attempting login for user: superadmin_qm@yopmail.com
2026-04-27 12:57:00,305 - INFO - Logging DOM elements BEFORE login click...
2026-04-27 12:57:00,305 - INFO - 
================================================================================
2026-04-27 12:57:00,305 - INFO - DOM SNAPSHOT AT STAGE: Before_Login
2026-04-27 12:57:00,305 - INFO - ================================================================================
2026-04-27 12:57:00,325 - INFO - 
Searching for pop-up elements in page content...
2026-04-27 12:57:00,650 - WARNING - ⚠ No known pop-up selectors found. Checking all visible divs...
2026-04-27 12:57:00,730 - INFO - Total DIV elements on page: 21
2026-04-27 12:57:01,380 - INFO -   Visible DIV 1: class='hero-pills' id='no-id' text='bolt
Real-time
smart_toy
AI-driven
hub
Multi-agenc'
2026-04-27 12:57:01,596 - INFO -   Visible DIV 2: class='auth-panel' id='no-id' text='Welcome Back

Sign in to your account to continue
'
2026-04-27 12:57:01,704 - INFO -   Visible DIV 3: class='auth-card' id='no-id' text='Welcome Back

Sign in to your account to continue
'
2026-04-27 12:57:01,814 - INFO -   Visible DIV 4: class='auth-step' id='no-id' text='Welcome Back

Sign in to your account to continue
'
2026-04-27 12:57:01,957 - INFO -   Visible DIV 5: class='field-wrap' id='no-id' text='Email ID / Username *
person'
2026-04-27 12:57:02,079 - INFO -   Visible DIV 6: class='input-shell' id='no-id' text='person'
2026-04-27 12:57:02,198 - INFO -   Visible DIV 7: class='field-wrap' id='no-id' text='Password *
lock
visibility_off'
2026-04-27 12:57:02,283 - INFO -   Visible DIV 8: class='input-shell' id='no-id' text='lock
visibility_off'
2026-04-27 12:57:02,392 - INFO -   Visible DIV 9: class='auth-bottom-links' id='no-id' text='New user?  Access Account

Forgot password?'
2026-04-27 12:57:02,452 - INFO - 
================================================================================

2026-04-27 12:57:03,047 - INFO - Login button clicked.
2026-04-27 12:57:03,053 - INFO - Taking rapid screenshots and validating pop-up...
2026-04-27 12:57:03,681 - INFO - Screenshot captured: reports\RUN_20260427_125653\screenshots\03_Popup_Immediate_1_125703.png
2026-04-27 12:57:03,681 - INFO - Screenshot 1 captured - Attempting validation...
2026-04-27 12:57:03,683 - INFO - 
================================================================================
2026-04-27 12:57:03,683 - INFO - STARTING COMPREHENSIVE POP-UP VALIDATION
2026-04-27 12:57:03,683 - INFO - ================================================================================
2026-04-27 12:57:03,711 - INFO - 
[VALIDATION 1] Checking Pop-up Visibility...
2026-04-27 12:57:03,737 - INFO -   Visibility Status: True
2026-04-27 12:57:03,737 - INFO -   PASSED: Pop-up is visible
2026-04-27 12:57:03,737 - INFO - 
[VALIDATION 2] Extracting and Validating Text Content...
2026-04-27 12:57:03,775 - INFO -   Extracted Text: 'Login Successful'
2026-04-27 12:57:03,777 - INFO -   PASSED: Text matches exactly: 'Login Successful'
2026-04-27 12:57:03,777 - INFO - 
[VALIDATION 3] Checking for Typos...
2026-04-27 12:57:03,777 - INFO -   PASSED: No known typos detected
2026-04-27 12:57:03,781 - INFO - 
[VALIDATION 4] Extracting CSS Classes and Attributes...
2026-04-27 12:57:03,810 - INFO -   CSS Classes: snackbar success-snackbar
2026-04-27 12:57:03,810 - INFO -   PASSED: 'success' class is present
2026-04-27 12:57:03,810 - INFO - 
[VALIDATION 5] Checking Element Properties...
2026-04-27 12:57:03,910 - INFO -   ID: Not set
2026-04-27 12:57:03,910 - INFO -   Data-TestID: Not set
2026-04-27 12:57:03,910 - INFO -   Role: Not set
2026-04-27 12:57:03,910 - INFO -   ARIA Label: Not set
2026-04-27 12:57:03,912 - INFO - 
[VALIDATION 6] Checking Position and Size...
2026-04-27 12:57:03,930 - INFO -   X: 1230, Y: 20
2026-04-27 12:57:03,930 - INFO -   Width: 250, Height: 43.5
2026-04-27 12:57:03,930 - INFO -   PASSED: Element has valid dimensions
2026-04-27 12:57:03,930 - INFO - 
[VALIDATION 7] Checking Computed Styles...
2026-04-27 12:57:03,977 - INFO -   Display: block
2026-04-27 12:57:03,980 - INFO -   Opacity: 1
2026-04-27 12:57:03,980 - INFO -   PASSED: Element is displayed with proper opacity
2026-04-27 12:57:03,980 - INFO - 
================================================================================
2026-04-27 12:57:03,980 - INFO - POP-UP VALIDATION SUMMARY
2026-04-27 12:57:03,980 - INFO - ================================================================================
2026-04-27 12:57:03,980 - INFO -   Visibility: PASSED
2026-04-27 12:57:03,980 - INFO -   Text Match: PASSED
2026-04-27 12:57:03,980 - INFO -   Typo Check: PASSED
2026-04-27 12:57:03,980 - INFO -   CSS Classes: Present
2026-04-27 12:57:03,980 - INFO -   Position & Size: Valid
2026-04-27 12:57:03,980 - INFO -   Computed Styles: Valid
2026-04-27 12:57:03,980 - INFO - ================================================================================

2026-04-27 12:57:03,980 - INFO - ✓ ALL VALIDATIONS PASSED - Pop-up is working correctly!
2026-04-27 12:57:04,405 - INFO - Screenshot captured: reports\RUN_20260427_125653\screenshots\03_Popup_Immediate_2_125704.png
2026-04-27 12:57:04,407 - INFO - Screenshot 2 captured - Attempting validation...
2026-04-27 12:57:04,407 - INFO - 
================================================================================
2026-04-27 12:57:04,408 - INFO - STARTING COMPREHENSIVE POP-UP VALIDATION
2026-04-27 12:57:04,408 - INFO - ================================================================================
2026-04-27 12:57:04,432 - ERROR - VALIDATION FAILED: Pop-up element not found!
2026-04-27 12:57:05,802 - INFO - Screenshot captured: reports\RUN_20260427_125653\screenshots\03_Popup_Immediate_3_125704.png
2026-04-27 12:57:05,802 - INFO - Screenshot 3 captured - Attempting validation...
2026-04-27 12:57:05,806 - INFO - 
================================================================================
2026-04-27 12:57:05,807 - INFO - STARTING COMPREHENSIVE POP-UP VALIDATION
2026-04-27 12:57:05,807 - INFO - ================================================================================
2026-04-27 12:57:05,836 - ERROR - VALIDATION FAILED: Pop-up element not found!
2026-04-27 12:57:05,968 - INFO - Logging DOM elements AFTER login click (pop-up should appear here)...
2026-04-27 12:57:05,968 - INFO - 
================================================================================
2026-04-27 12:57:05,971 - INFO - DOM SNAPSHOT AT STAGE: After_Login_Click
2026-04-27 12:57:05,971 - INFO - ================================================================================
2026-04-27 12:57:06,003 - INFO - 
Searching for pop-up elements in page content...
2026-04-27 12:57:06,334 - WARNING - ⚠ No known pop-up selectors found. Checking all visible divs...
2026-04-27 12:57:06,391 - INFO - Total DIV elements on page: 29
2026-04-27 12:57:06,629 - INFO -   Visible DIV 1: class='header-right' id='no-id' text='English
French
Spanish
Quantum Toll Authority
supe'
2026-04-27 12:57:06,751 - INFO -   Visible DIV 2: class='nav-user' id='no-id' text='Quantum Toll Authority
superadmin_qm@yopmail.com'
2026-04-27 12:57:06,918 - INFO -   Visible DIV 3: class='nav-user-info' id='no-id' text='Quantum Toll Authority
superadmin_qm@yopmail.com'
2026-04-27 12:57:07,012 - INFO -   Visible DIV 4: class='uname' id='no-id' text='Quantum Toll Authority'
2026-04-27 12:57:07,116 - INFO -   Visible DIV 5: class='urole' id='no-id' text='superadmin_qm@yopmail.com'
2026-04-27 12:57:07,222 - INFO -   Visible DIV 6: class='main-container' id='no-id' text='dashboard_2
group
decimal_increase
admin_panel_set'
2026-04-27 12:57:07,347 - INFO -   Visible DIV 7: class='inner' id='no-id' text='dashboard_2'
2026-04-27 12:57:07,446 - INFO -   Visible DIV 8: class='inner' id='no-id' text='group'
2026-04-27 12:57:07,585 - INFO -   Visible DIV 9: class='inner' id='no-id' text='decimal_increase'
2026-04-27 12:57:07,731 - INFO -   Visible DIV 10: class='inner' id='no-id' text='admin_panel_settings'
2026-04-27 12:57:07,845 - INFO -   Visible DIV 11: class='inner' id='no-id' text='nest_doorbell_visitor'
2026-04-27 12:57:07,984 - INFO -   Visible DIV 12: class='inner' id='no-id' text='key_visualizer'
2026-04-27 12:57:08,016 - INFO - 
================================================================================

2026-04-27 12:57:08,372 - INFO - Screenshot captured: reports\RUN_20260427_125653\screenshots\02_Just_After_Login_Click_125708.png
2026-04-27 12:57:08,372 - INFO - Waiting for dashboard URL...
2026-04-27 12:57:08,372 - INFO - 
================================================================================
2026-04-27 12:57:08,372 - INFO - DOM SNAPSHOT AT STAGE: Before_Dashboard_Navigation
2026-04-27 12:57:08,372 - INFO - ================================================================================
2026-04-27 12:57:08,413 - INFO - 
Searching for pop-up elements in page content...
2026-04-27 12:57:08,727 - WARNING - ⚠ No known pop-up selectors found. Checking all visible divs...
2026-04-27 12:57:08,767 - INFO - Total DIV elements on page: 29
2026-04-27 12:57:08,944 - INFO -   Visible DIV 1: class='header-right' id='no-id' text='English
French
Spanish
Quantum Toll Authority
supe'
2026-04-27 12:57:09,046 - INFO -   Visible DIV 2: class='nav-user' id='no-id' text='Quantum Toll Authority
superadmin_qm@yopmail.com'
2026-04-27 12:57:09,189 - INFO -   Visible DIV 3: class='nav-user-info' id='no-id' text='Quantum Toll Authority
superadmin_qm@yopmail.com'
2026-04-27 12:57:09,297 - INFO -   Visible DIV 4: class='uname' id='no-id' text='Quantum Toll Authority'
2026-04-27 12:57:09,422 - INFO -   Visible DIV 5: class='urole' id='no-id' text='superadmin_qm@yopmail.com'
2026-04-27 12:57:09,529 - INFO -   Visible DIV 6: class='main-container' id='no-id' text='dashboard_2
group
decimal_increase
admin_panel_set'
2026-04-27 12:57:09,596 - INFO -   Visible DIV 7: class='inner' id='no-id' text='dashboard_2'
2026-04-27 12:57:09,688 - INFO -   Visible DIV 8: class='inner' id='no-id' text='group'
2026-04-27 12:57:09,827 - INFO -   Visible DIV 9: class='inner' id='no-id' text='decimal_increase'
2026-04-27 12:57:09,955 - INFO -   Visible DIV 10: class='inner' id='no-id' text='admin_panel_settings'
2026-04-27 12:57:10,046 - INFO -   Visible DIV 11: class='inner' id='no-id' text='nest_doorbell_visitor'
2026-04-27 12:57:10,207 - INFO -   Visible DIV 12: class='inner' id='no-id' text='key_visualizer'
2026-04-27 12:57:10,230 - INFO - 
================================================================================

2026-04-27 12:57:10,263 - INFO - Login SUCCESS: Dashboard URL reached.
2026-04-27 12:57:10,795 - INFO - 
================================================================================
2026-04-27 12:57:10,795 - INFO - DOM SNAPSHOT AT STAGE: After_Dashboard_Loaded
2026-04-27 12:57:10,795 - INFO - ================================================================================
2026-04-27 12:57:10,864 - INFO - 
Searching for pop-up elements in page content...
2026-04-27 12:57:11,276 - WARNING - ⚠ No known pop-up selectors found. Checking all visible divs...
2026-04-27 12:57:11,368 - INFO - Total DIV elements on page: 29
2026-04-27 12:57:11,702 - INFO -   Visible DIV 1: class='header-right' id='no-id' text='English
French
Spanish
Quantum Toll Authority
supe'
2026-04-27 12:57:11,836 - INFO -   Visible DIV 2: class='nav-user' id='no-id' text='Quantum Toll Authority
superadmin_qm@yopmail.com'
2026-04-27 12:57:12,092 - INFO -   Visible DIV 3: class='nav-user-info' id='no-id' text='Quantum Toll Authority
superadmin_qm@yopmail.com'
2026-04-27 12:57:12,381 - INFO -   Visible DIV 4: class='uname' id='no-id' text='Quantum Toll Authority'
2026-04-27 12:57:12,547 - INFO -   Visible DIV 5: class='urole' id='no-id' text='superadmin_qm@yopmail.com'
2026-04-27 12:57:12,670 - INFO -   Visible DIV 6: class='main-container' id='no-id' text='dashboard_2
group
decimal_increase
admin_panel_set'
2026-04-27 12:57:12,778 - INFO -   Visible DIV 7: class='inner' id='no-id' text='dashboard_2'
2026-04-27 12:57:12,895 - INFO -   Visible DIV 8: class='inner' id='no-id' text='group'
2026-04-27 12:57:13,079 - INFO -   Visible DIV 9: class='inner' id='no-id' text='decimal_increase'
2026-04-27 12:57:13,229 - INFO -   Visible DIV 10: class='inner' id='no-id' text='admin_panel_settings'
2026-04-27 12:57:13,370 - INFO -   Visible DIV 11: class='inner' id='no-id' text='nest_doorbell_visitor'
2026-04-27 12:57:13,521 - INFO -   Visible DIV 12: class='inner' id='no-id' text='key_visualizer'
2026-04-27 12:57:13,557 - INFO - 
================================================================================

2026-04-27 12:57:13,559 - INFO - Checking for dashboard header 'Welcome to QM Toll portal!'...
2026-04-27 12:57:13,650 - INFO - ✅ Dashboard header found with selector: h4:has-text("Welcome to QM Toll portal!")
2026-04-27 12:57:13,650 - INFO -    Header text: 'Welcome to QM Toll portal!'
2026-04-27 12:57:13,650 - INFO - ✅ DASHBOARD VALIDATION PASSED: 'Welcome to QM Toll portal!' header found
2026-04-27 12:57:13,873 - INFO - Screenshot captured: reports\RUN_20260427_125653\screenshots\01_Login_Success_Dashboard_125713.png
2026-04-27 12:57:14,264 - INFO - Step 1: Navigating and Starting Onboarding...
2026-04-27 12:57:14,264 - INFO - Executing Sidebar Navigation Sequence...
2026-04-27 12:57:17,267 - INFO - ✅ Successfully reached Onboarding form.
2026-04-27 12:57:17,328 - INFO - Filling Step 1: Account Details...
2026-04-27 12:57:20,761 - INFO - Filled First Name: Saanvi
2026-04-27 12:57:22,002 - INFO - Filled Middle Name: QATeam
2026-04-27 12:57:23,210 - INFO - Filled Last Name: Chaudry
2026-04-27 12:57:23,210 - INFO - Selecting address-related checkboxes...
2026-04-27 12:57:24,396 - INFO - Checked: Use Same for Billing
2026-04-27 12:57:25,589 - INFO - Checked: Use Same for Shipping
2026-04-27 12:57:26,795 - INFO - Checked: Primary Address
2026-04-27 12:57:30,788 - INFO - Filled Address: 123 Automation Blvd
2026-04-27 12:57:32,045 - INFO - Filled Zip Code: 12345
2026-04-27 12:57:33,859 - INFO - Filled Phone: 7723614821
2026-04-27 12:57:35,088 - INFO - Filled Email: saanvi.chaudry73@testmail.com
2026-04-27 12:57:36,303 - INFO - Filled Confirm Email: saanvi.chaudry73@testmail.com
2026-04-27 12:57:36,305 - INFO - Clicking Save & Next...
2026-04-27 12:57:36,928 - INFO - Step 1 Submitted.
2026-04-27 12:57:36,934 - INFO - Adding 1 Vehicle(s)...
2026-04-27 12:57:46,960 - ERROR - Step 2 (Vehicles) did not load in time.
2026-04-27 13:00:48,819 - INFO - Navigating to Login Page: http://operator-qa.qmaastech.com/
2026-04-27 13:00:48,825 - INFO - Navigating to: http://operator-qa.qmaastech.com/
2026-04-27 13:00:51,914 - INFO - Attempting login for user: superadmin_qm@yopmail.com
2026-04-27 13:00:53,637 - INFO - Logging DOM elements BEFORE login click...
2026-04-27 13:00:53,637 - INFO - 
================================================================================
2026-04-27 13:00:53,637 - INFO - DOM SNAPSHOT AT STAGE: Before_Login
2026-04-27 13:00:53,637 - INFO - ================================================================================
2026-04-27 13:00:53,672 - INFO - 
Searching for pop-up elements in page content...
2026-04-27 13:00:54,085 - WARNING - ⚠ No known pop-up selectors found. Checking all visible divs...
2026-04-27 13:00:54,125 - INFO - Total DIV elements on page: 21
2026-04-27 13:00:54,782 - INFO -   Visible DIV 1: class='hero-pills' id='no-id' text='bolt
Real-time
smart_toy
AI-driven
hub
Multi-agenc'
2026-04-27 13:00:54,945 - INFO -   Visible DIV 2: class='auth-panel' id='no-id' text='Welcome Back

Sign in to your account to continue
'
2026-04-27 13:00:55,032 - INFO -   Visible DIV 3: class='auth-card' id='no-id' text='Welcome Back

Sign in to your account to continue
'
2026-04-27 13:00:55,135 - INFO -   Visible DIV 4: class='auth-step' id='no-id' text='Welcome Back

Sign in to your account to continue
'
2026-04-27 13:00:55,299 - INFO -   Visible DIV 5: class='field-wrap' id='no-id' text='Email ID / Username *
person'
2026-04-27 13:00:55,371 - INFO -   Visible DIV 6: class='input-shell' id='no-id' text='person'
2026-04-27 13:00:55,464 - INFO -   Visible DIV 7: class='field-wrap' id='no-id' text='Password *
lock
visibility_off'
2026-04-27 13:00:55,576 - INFO -   Visible DIV 8: class='input-shell' id='no-id' text='lock
visibility_off'
2026-04-27 13:00:55,671 - INFO -   Visible DIV 9: class='auth-bottom-links' id='no-id' text='New user?  Access Account

Forgot password?'
2026-04-27 13:00:55,719 - INFO - 
================================================================================

2026-04-27 13:00:56,316 - INFO - Login button clicked.
2026-04-27 13:00:56,316 - INFO - Taking rapid screenshots and validating pop-up...
2026-04-27 13:00:56,938 - INFO - Screenshot captured: reports\RUN_20260427_130046\screenshots\03_Popup_Immediate_1_130056.png
2026-04-27 13:00:56,949 - INFO - Screenshot 1 captured - Attempting validation...
2026-04-27 13:00:56,952 - INFO - 
================================================================================
2026-04-27 13:00:56,952 - INFO - STARTING COMPREHENSIVE POP-UP VALIDATION
2026-04-27 13:00:56,952 - INFO - ================================================================================
2026-04-27 13:00:56,985 - INFO - 
[VALIDATION 1] Checking Pop-up Visibility...
2026-04-27 13:00:57,014 - INFO -   Visibility Status: True
2026-04-27 13:00:57,016 - INFO -   PASSED: Pop-up is visible
2026-04-27 13:00:57,016 - INFO - 
[VALIDATION 2] Extracting and Validating Text Content...
2026-04-27 13:00:57,035 - INFO -   Extracted Text: 'Login Successful'
2026-04-27 13:00:57,035 - INFO -   PASSED: Text matches exactly: 'Login Successful'
2026-04-27 13:00:57,035 - INFO - 
[VALIDATION 3] Checking for Typos...
2026-04-27 13:00:57,044 - INFO -   PASSED: No known typos detected
2026-04-27 13:00:57,044 - INFO - 
[VALIDATION 4] Extracting CSS Classes and Attributes...
2026-04-27 13:00:57,065 - INFO -   CSS Classes: snackbar success-snackbar
2026-04-27 13:00:57,066 - INFO -   PASSED: 'success' class is present
2026-04-27 13:00:57,066 - INFO - 
[VALIDATION 5] Checking Element Properties...
2026-04-27 13:00:57,132 - INFO -   ID: Not set
2026-04-27 13:00:57,132 - INFO -   Data-TestID: Not set
2026-04-27 13:00:57,132 - INFO -   Role: Not set
2026-04-27 13:00:57,132 - INFO -   ARIA Label: Not set
2026-04-27 13:00:57,135 - INFO - 
[VALIDATION 6] Checking Position and Size...
2026-04-27 13:00:57,138 - INFO -   X: 1230, Y: 20
2026-04-27 13:00:57,149 - INFO -   Width: 250, Height: 43.5
2026-04-27 13:00:57,149 - INFO -   PASSED: Element has valid dimensions
2026-04-27 13:00:57,149 - INFO - 
[VALIDATION 7] Checking Computed Styles...
2026-04-27 13:00:57,182 - INFO -   Display: block
2026-04-27 13:00:57,182 - INFO -   Opacity: 1
2026-04-27 13:00:57,182 - INFO -   PASSED: Element is displayed with proper opacity
2026-04-27 13:00:57,188 - INFO - 
================================================================================
2026-04-27 13:00:57,190 - INFO - POP-UP VALIDATION SUMMARY
2026-04-27 13:00:57,190 - INFO - ================================================================================
2026-04-27 13:00:57,190 - INFO -   Visibility: PASSED
2026-04-27 13:00:57,190 - INFO -   Text Match: PASSED
2026-04-27 13:00:57,190 - INFO -   Typo Check: PASSED
2026-04-27 13:00:57,190 - INFO -   CSS Classes: Present
2026-04-27 13:00:57,190 - INFO -   Position & Size: Valid
2026-04-27 13:00:57,190 - INFO -   Computed Styles: Valid
2026-04-27 13:00:57,190 - INFO - ================================================================================

2026-04-27 13:00:57,190 - INFO - ✓ ALL VALIDATIONS PASSED - Pop-up is working correctly!
2026-04-27 13:00:57,654 - INFO - Screenshot captured: reports\RUN_20260427_130046\screenshots\03_Popup_Immediate_2_130057.png
2026-04-27 13:00:57,654 - INFO - Screenshot 2 captured - Attempting validation...
2026-04-27 13:00:57,656 - INFO - 
================================================================================
2026-04-27 13:00:57,658 - INFO - STARTING COMPREHENSIVE POP-UP VALIDATION
2026-04-27 13:00:57,659 - INFO - ================================================================================
2026-04-27 13:00:57,686 - ERROR - VALIDATION FAILED: Pop-up element not found!
2026-04-27 13:00:59,172 - INFO - Screenshot captured: reports\RUN_20260427_130046\screenshots\03_Popup_Immediate_3_130057.png
2026-04-27 13:00:59,175 - INFO - Screenshot 3 captured - Attempting validation...
2026-04-27 13:00:59,175 - INFO - 
================================================================================
2026-04-27 13:00:59,175 - INFO - STARTING COMPREHENSIVE POP-UP VALIDATION
2026-04-27 13:00:59,175 - INFO - ================================================================================
2026-04-27 13:00:59,205 - ERROR - VALIDATION FAILED: Pop-up element not found!
2026-04-27 13:00:59,333 - INFO - Logging DOM elements AFTER login click (pop-up should appear here)...
2026-04-27 13:00:59,333 - INFO - 
================================================================================
2026-04-27 13:00:59,333 - INFO - DOM SNAPSHOT AT STAGE: After_Login_Click
2026-04-27 13:00:59,334 - INFO - ================================================================================
2026-04-27 13:00:59,356 - INFO - 
Searching for pop-up elements in page content...
2026-04-27 13:00:59,666 - WARNING - ⚠ No known pop-up selectors found. Checking all visible divs...
2026-04-27 13:00:59,756 - INFO - Total DIV elements on page: 29
2026-04-27 13:01:00,100 - INFO -   Visible DIV 1: class='header-right' id='no-id' text='English
French
Spanish
Quantum Toll Authority
supe'
2026-04-27 13:01:00,272 - INFO -   Visible DIV 2: class='nav-user' id='no-id' text='Quantum Toll Authority
superadmin_qm@yopmail.com'
2026-04-27 13:01:00,495 - INFO -   Visible DIV 3: class='nav-user-info' id='no-id' text='Quantum Toll Authority
superadmin_qm@yopmail.com'
2026-04-27 13:01:00,621 - INFO -   Visible DIV 4: class='uname' id='no-id' text='Quantum Toll Authority'
2026-04-27 13:01:00,790 - INFO -   Visible DIV 5: class='urole' id='no-id' text='superadmin_qm@yopmail.com'
2026-04-27 13:01:00,953 - INFO -   Visible DIV 6: class='main-container' id='no-id' text='dashboard_2
group
decimal_increase
admin_panel_set'
2026-04-27 13:01:01,089 - INFO -   Visible DIV 7: class='inner' id='no-id' text='dashboard_2'
2026-04-27 13:01:01,238 - INFO -   Visible DIV 8: class='inner' id='no-id' text='group'
2026-04-27 13:01:01,390 - INFO -   Visible DIV 9: class='inner' id='no-id' text='decimal_increase'
2026-04-27 13:01:01,572 - INFO -   Visible DIV 10: class='inner' id='no-id' text='admin_panel_settings'
2026-04-27 13:01:01,743 - INFO -   Visible DIV 11: class='inner' id='no-id' text='nest_doorbell_visitor'
2026-04-27 13:01:01,923 - INFO -   Visible DIV 12: class='inner' id='no-id' text='key_visualizer'
2026-04-27 13:01:01,960 - INFO - 
================================================================================

2026-04-27 13:01:02,291 - INFO - Screenshot captured: reports\RUN_20260427_130046\screenshots\02_Just_After_Login_Click_130101.png
2026-04-27 13:01:02,296 - INFO - Waiting for dashboard URL...
2026-04-27 13:01:02,296 - INFO - 
================================================================================
2026-04-27 13:01:02,296 - INFO - DOM SNAPSHOT AT STAGE: Before_Dashboard_Navigation
2026-04-27 13:01:02,296 - INFO - ================================================================================
2026-04-27 13:01:02,324 - INFO - 
Searching for pop-up elements in page content...
2026-04-27 13:01:02,585 - WARNING - ⚠ No known pop-up selectors found. Checking all visible divs...
2026-04-27 13:01:02,619 - INFO - Total DIV elements on page: 29
2026-04-27 13:01:02,799 - INFO -   Visible DIV 1: class='header-right' id='no-id' text='English
French
Spanish
Quantum Toll Authority
supe'
2026-04-27 13:01:02,900 - INFO -   Visible DIV 2: class='nav-user' id='no-id' text='Quantum Toll Authority
superadmin_qm@yopmail.com'
2026-04-27 13:01:03,035 - INFO -   Visible DIV 3: class='nav-user-info' id='no-id' text='Quantum Toll Authority
superadmin_qm@yopmail.com'
2026-04-27 13:01:03,113 - INFO -   Visible DIV 4: class='uname' id='no-id' text='Quantum Toll Authority'
2026-04-27 13:01:03,201 - INFO -   Visible DIV 5: class='urole' id='no-id' text='superadmin_qm@yopmail.com'
2026-04-27 13:01:03,295 - INFO -   Visible DIV 6: class='main-container' id='no-id' text='dashboard_2
group
decimal_increase
admin_panel_set'
2026-04-27 13:01:03,366 - INFO -   Visible DIV 7: class='inner' id='no-id' text='dashboard_2'
2026-04-27 13:01:03,446 - INFO -   Visible DIV 8: class='inner' id='no-id' text='group'
2026-04-27 13:01:03,564 - INFO -   Visible DIV 9: class='inner' id='no-id' text='decimal_increase'
2026-04-27 13:01:03,735 - INFO -   Visible DIV 10: class='inner' id='no-id' text='admin_panel_settings'
2026-04-27 13:01:03,933 - INFO -   Visible DIV 11: class='inner' id='no-id' text='nest_doorbell_visitor'
2026-04-27 13:01:04,102 - INFO -   Visible DIV 12: class='inner' id='no-id' text='key_visualizer'
2026-04-27 13:01:04,143 - INFO - 
================================================================================

2026-04-27 13:01:04,196 - INFO - Login SUCCESS: Dashboard URL reached.
2026-04-27 13:01:04,735 - INFO - 
================================================================================
2026-04-27 13:01:04,737 - INFO - DOM SNAPSHOT AT STAGE: After_Dashboard_Loaded
2026-04-27 13:01:04,737 - INFO - ================================================================================
2026-04-27 13:01:04,785 - INFO - 
Searching for pop-up elements in page content...
2026-04-27 13:01:05,225 - WARNING - ⚠ No known pop-up selectors found. Checking all visible divs...
2026-04-27 13:01:05,351 - INFO - Total DIV elements on page: 29
2026-04-27 13:01:05,630 - INFO -   Visible DIV 1: class='header-right' id='no-id' text='English
French
Spanish
Quantum Toll Authority
supe'
2026-04-27 13:01:05,768 - INFO -   Visible DIV 2: class='nav-user' id='no-id' text='Quantum Toll Authority
superadmin_qm@yopmail.com'
2026-04-27 13:01:05,938 - INFO -   Visible DIV 3: class='nav-user-info' id='no-id' text='Quantum Toll Authority
superadmin_qm@yopmail.com'
2026-04-27 13:01:06,070 - INFO -   Visible DIV 4: class='uname' id='no-id' text='Quantum Toll Authority'
2026-04-27 13:01:06,216 - INFO -   Visible DIV 5: class='urole' id='no-id' text='superadmin_qm@yopmail.com'
2026-04-27 13:01:06,360 - INFO -   Visible DIV 6: class='main-container' id='no-id' text='dashboard_2
group
decimal_increase
admin_panel_set'
2026-04-27 13:01:06,480 - INFO -   Visible DIV 7: class='inner' id='no-id' text='dashboard_2'
2026-04-27 13:01:06,567 - INFO -   Visible DIV 8: class='inner' id='no-id' text='group'
2026-04-27 13:01:06,668 - INFO -   Visible DIV 9: class='inner' id='no-id' text='decimal_increase'
2026-04-27 13:01:06,801 - INFO -   Visible DIV 10: class='inner' id='no-id' text='admin_panel_settings'
2026-04-27 13:01:06,918 - INFO -   Visible DIV 11: class='inner' id='no-id' text='nest_doorbell_visitor'
2026-04-27 13:01:07,046 - INFO -   Visible DIV 12: class='inner' id='no-id' text='key_visualizer'
2026-04-27 13:01:07,068 - INFO - 
================================================================================

2026-04-27 13:01:07,068 - INFO - Checking for dashboard header 'Welcome to QM Toll portal!'...
2026-04-27 13:01:07,151 - INFO - ✅ Dashboard header found with selector: h4:has-text("Welcome to QM Toll portal!")
2026-04-27 13:01:07,151 - INFO -    Header text: 'Welcome to QM Toll portal!'
2026-04-27 13:01:07,165 - INFO - ✅ DASHBOARD VALIDATION PASSED: 'Welcome to QM Toll portal!' header found
2026-04-27 13:01:07,375 - INFO - Screenshot captured: reports\RUN_20260427_130046\screenshots\01_Login_Success_Dashboard_130107.png
2026-04-27 13:01:07,785 - INFO - Step 1: Navigating and Starting Onboarding...
2026-04-27 13:01:07,785 - INFO - Executing Sidebar Navigation Sequence...
2026-04-27 13:01:10,757 - INFO - Filling Step 1: Account Details...
2026-04-27 13:01:14,769 - INFO - Filled First Name: Aarush
2026-04-27 13:01:16,087 - INFO - Filled Last Name: Kamdar
2026-04-27 13:01:17,458 - INFO - Checked: Use Same for Billing
2026-04-27 13:01:18,667 - INFO - Checked: Use Same for Shipping
2026-04-27 13:01:19,936 - INFO - Checked: Primary Address
2026-04-27 13:01:23,898 - INFO - Filled Address: 123 Automation Blvd
2026-04-27 13:01:25,121 - INFO - Filled Zip Code: 12345
2026-04-27 13:01:26,893 - INFO - Filled Phone: 8720309164
2026-04-27 13:01:28,072 - INFO - Filled Email: aarush.kamdar82@testmail.com
2026-04-27 13:01:29,351 - INFO - Filled Confirm Email: aarush.kamdar82@testmail.com
2026-04-27 13:01:29,351 - INFO - Clicking Save & Next...
2026-04-27 13:01:31,257 - INFO - Step 1 Submitted.
2026-04-27 13:01:31,257 - INFO - Adding 1 Vehicle(s)...
2026-04-27 13:01:31,795 - INFO - Step 2 loaded successfully.
2026-04-27 13:01:33,097 - INFO - Filled Plate 1: QA9708GP
2026-04-27 13:19:12,454 - INFO - Navigating to Login Page: http://operator-qa.qmaastech.com/
2026-04-27 13:19:12,455 - INFO - Navigating to: http://operator-qa.qmaastech.com/
2026-04-27 13:19:15,979 - INFO - Attempting login for user: superadmin_qm@yopmail.com
2026-04-27 13:19:17,711 - INFO - Logging DOM elements BEFORE login click...
2026-04-27 13:19:17,720 - INFO - 
================================================================================
2026-04-27 13:19:17,720 - INFO - DOM SNAPSHOT AT STAGE: Before_Login
2026-04-27 13:19:17,722 - INFO - ================================================================================
2026-04-27 13:19:17,761 - INFO - 
Searching for pop-up elements in page content...
2026-04-27 13:19:18,154 - WARNING - ⚠ No known pop-up selectors found. Checking all visible divs...
2026-04-27 13:19:18,177 - INFO - Total DIV elements on page: 21
2026-04-27 13:19:18,811 - INFO -   Visible DIV 1: class='hero-pills' id='no-id' text='bolt
Real-time
smart_toy
AI-driven
hub
Multi-agenc'
2026-04-27 13:19:18,955 - INFO -   Visible DIV 2: class='auth-panel' id='no-id' text='Welcome Back

Sign in to your account to continue
'
2026-04-27 13:19:19,055 - INFO -   Visible DIV 3: class='auth-card' id='no-id' text='Welcome Back

Sign in to your account to continue
'
2026-04-27 13:19:19,157 - INFO -   Visible DIV 4: class='auth-step' id='no-id' text='Welcome Back

Sign in to your account to continue
'
2026-04-27 13:19:19,331 - INFO -   Visible DIV 5: class='field-wrap' id='no-id' text='Email ID / Username *
person'
2026-04-27 13:19:19,476 - INFO -   Visible DIV 6: class='input-shell' id='no-id' text='person'
2026-04-27 13:19:19,585 - INFO -   Visible DIV 7: class='field-wrap' id='no-id' text='Password *
lock
visibility_off'
2026-04-27 13:19:19,720 - INFO -   Visible DIV 8: class='input-shell' id='no-id' text='lock
visibility_off'
2026-04-27 13:19:19,820 - INFO -   Visible DIV 9: class='auth-bottom-links' id='no-id' text='New user?  Access Account

Forgot password?'
2026-04-27 13:19:19,877 - INFO - 
================================================================================

2026-04-27 13:19:20,492 - INFO - Login button clicked.
2026-04-27 13:19:20,494 - INFO - Taking rapid screenshots and validating pop-up...
2026-04-27 13:19:21,113 - INFO - Screenshot captured: reports\RUN_20260427_131909\screenshots\03_Popup_Immediate_1_131920.png
2026-04-27 13:19:21,113 - INFO - Screenshot 1 captured - Attempting validation...
2026-04-27 13:19:21,113 - INFO - 
================================================================================
2026-04-27 13:19:21,120 - INFO - STARTING COMPREHENSIVE POP-UP VALIDATION
2026-04-27 13:19:21,120 - INFO - ================================================================================
2026-04-27 13:19:21,142 - INFO - 
[VALIDATION 1] Checking Pop-up Visibility...
2026-04-27 13:19:21,171 - INFO -   Visibility Status: True
2026-04-27 13:19:21,171 - INFO -   PASSED: Pop-up is visible
2026-04-27 13:19:21,171 - INFO - 
[VALIDATION 2] Extracting and Validating Text Content...
2026-04-27 13:19:21,196 - INFO -   Extracted Text: 'Login Successful'
2026-04-27 13:19:21,196 - INFO -   PASSED: Text matches exactly: 'Login Successful'
2026-04-27 13:19:21,196 - INFO - 
[VALIDATION 3] Checking for Typos...
2026-04-27 13:19:21,196 - INFO -   PASSED: No known typos detected
2026-04-27 13:19:21,207 - INFO - 
[VALIDATION 4] Extracting CSS Classes and Attributes...
2026-04-27 13:19:21,222 - INFO -   CSS Classes: snackbar success-snackbar
2026-04-27 13:19:21,222 - INFO -   PASSED: 'success' class is present
2026-04-27 13:19:21,222 - INFO - 
[VALIDATION 5] Checking Element Properties...
2026-04-27 13:19:21,294 - INFO -   ID: Not set
2026-04-27 13:19:21,294 - INFO -   Data-TestID: Not set
2026-04-27 13:19:21,294 - INFO -   Role: Not set
2026-04-27 13:19:21,294 - INFO -   ARIA Label: Not set
2026-04-27 13:19:21,294 - INFO - 
[VALIDATION 6] Checking Position and Size...
2026-04-27 13:19:21,312 - INFO -   X: 1230, Y: 20
2026-04-27 13:19:21,315 - INFO -   Width: 250, Height: 43.5
2026-04-27 13:19:21,315 - INFO -   PASSED: Element has valid dimensions
2026-04-27 13:19:21,315 - INFO - 
[VALIDATION 7] Checking Computed Styles...
2026-04-27 13:19:21,345 - INFO -   Display: block
2026-04-27 13:19:21,345 - INFO -   Opacity: 1
2026-04-27 13:19:21,345 - INFO -   PASSED: Element is displayed with proper opacity
2026-04-27 13:19:21,345 - INFO - 
================================================================================
2026-04-27 13:19:21,345 - INFO - POP-UP VALIDATION SUMMARY
2026-04-27 13:19:21,345 - INFO - ================================================================================
2026-04-27 13:19:21,345 - INFO -   Visibility: PASSED
2026-04-27 13:19:21,345 - INFO -   Text Match: PASSED
2026-04-27 13:19:21,345 - INFO -   Typo Check: PASSED
2026-04-27 13:19:21,345 - INFO -   CSS Classes: Present
2026-04-27 13:19:21,345 - INFO -   Position & Size: Valid
2026-04-27 13:19:21,345 - INFO -   Computed Styles: Valid
2026-04-27 13:19:21,345 - INFO - ================================================================================

2026-04-27 13:19:21,345 - INFO - ✓ ALL VALIDATIONS PASSED - Pop-up is working correctly!
2026-04-27 13:19:21,794 - INFO - Screenshot captured: reports\RUN_20260427_131909\screenshots\03_Popup_Immediate_2_131921.png
2026-04-27 13:19:21,794 - INFO - Screenshot 2 captured - Attempting validation...
2026-04-27 13:19:21,798 - INFO - 
================================================================================
2026-04-27 13:19:21,799 - INFO - STARTING COMPREHENSIVE POP-UP VALIDATION
2026-04-27 13:19:21,799 - INFO - ================================================================================
2026-04-27 13:19:21,828 - ERROR - VALIDATION FAILED: Pop-up element not found!
2026-04-27 13:19:23,159 - INFO - Screenshot captured: reports\RUN_20260427_131909\screenshots\03_Popup_Immediate_3_131921.png
2026-04-27 13:19:23,162 - INFO - Screenshot 3 captured - Attempting validation...
2026-04-27 13:19:23,163 - INFO - 
================================================================================
2026-04-27 13:19:23,163 - INFO - STARTING COMPREHENSIVE POP-UP VALIDATION
2026-04-27 13:19:23,164 - INFO - ================================================================================
2026-04-27 13:19:23,199 - ERROR - VALIDATION FAILED: Pop-up element not found!
2026-04-27 13:19:23,323 - INFO - Logging DOM elements AFTER login click (pop-up should appear here)...
2026-04-27 13:19:23,323 - INFO - 
================================================================================
2026-04-27 13:19:23,323 - INFO - DOM SNAPSHOT AT STAGE: After_Login_Click
2026-04-27 13:19:23,323 - INFO - ================================================================================
2026-04-27 13:19:23,355 - INFO - 
Searching for pop-up elements in page content...
2026-04-27 13:19:23,766 - WARNING - ⚠ No known pop-up selectors found. Checking all visible divs...
2026-04-27 13:19:23,841 - INFO - Total DIV elements on page: 29
2026-04-27 13:19:24,103 - INFO -   Visible DIV 1: class='header-right' id='no-id' text='English
French
Spanish
Quantum Toll Authority
supe'
2026-04-27 13:19:24,234 - INFO -   Visible DIV 2: class='nav-user' id='no-id' text='Quantum Toll Authority
superadmin_qm@yopmail.com'
2026-04-27 13:19:24,419 - INFO -   Visible DIV 3: class='nav-user-info' id='no-id' text='Quantum Toll Authority
superadmin_qm@yopmail.com'
2026-04-27 13:19:24,554 - INFO -   Visible DIV 4: class='uname' id='no-id' text='Quantum Toll Authority'
2026-04-27 13:19:24,699 - INFO -   Visible DIV 5: class='urole' id='no-id' text='superadmin_qm@yopmail.com'
2026-04-27 13:19:24,826 - INFO -   Visible DIV 6: class='main-container' id='no-id' text='dashboard_2
group
decimal_increase
admin_panel_set'
2026-04-27 13:19:24,951 - INFO -   Visible DIV 7: class='inner' id='no-id' text='dashboard_2'
2026-04-27 13:19:25,068 - INFO -   Visible DIV 8: class='inner' id='no-id' text='group'
2026-04-27 13:19:25,215 - INFO -   Visible DIV 9: class='inner' id='no-id' text='decimal_increase'
2026-04-27 13:19:25,371 - INFO -   Visible DIV 10: class='inner' id='no-id' text='admin_panel_settings'
2026-04-27 13:19:25,510 - INFO -   Visible DIV 11: class='inner' id='no-id' text='nest_doorbell_visitor'
2026-04-27 13:19:25,662 - INFO -   Visible DIV 12: class='inner' id='no-id' text='key_visualizer'
2026-04-27 13:19:25,693 - INFO - 
================================================================================

2026-04-27 13:19:25,956 - INFO - Screenshot captured: reports\RUN_20260427_131909\screenshots\02_Just_After_Login_Click_131925.png
2026-04-27 13:19:25,956 - INFO - Waiting for dashboard URL...
2026-04-27 13:19:25,958 - INFO - 
================================================================================
2026-04-27 13:19:25,958 - INFO - DOM SNAPSHOT AT STAGE: Before_Dashboard_Navigation
2026-04-27 13:19:25,960 - INFO - ================================================================================
2026-04-27 13:19:25,984 - INFO - 
Searching for pop-up elements in page content...
2026-04-27 13:19:26,194 - WARNING - ⚠ No known pop-up selectors found. Checking all visible divs...
2026-04-27 13:19:26,237 - INFO - Total DIV elements on page: 29
2026-04-27 13:19:26,452 - INFO -   Visible DIV 1: class='header-right' id='no-id' text='English
French
Spanish
Quantum Toll Authority
supe'
2026-04-27 13:19:26,525 - INFO -   Visible DIV 2: class='nav-user' id='no-id' text='Quantum Toll Authority
superadmin_qm@yopmail.com'
2026-04-27 13:19:26,644 - INFO -   Visible DIV 3: class='nav-user-info' id='no-id' text='Quantum Toll Authority
superadmin_qm@yopmail.com'
2026-04-27 13:19:26,744 - INFO -   Visible DIV 4: class='uname' id='no-id' text='Quantum Toll Authority'
2026-04-27 13:19:26,844 - INFO -   Visible DIV 5: class='urole' id='no-id' text='superadmin_qm@yopmail.com'
2026-04-27 13:19:26,928 - INFO -   Visible DIV 6: class='main-container' id='no-id' text='dashboard_2
group
decimal_increase
admin_panel_set'
2026-04-27 13:19:27,053 - INFO -   Visible DIV 7: class='inner' id='no-id' text='dashboard_2'
2026-04-27 13:19:27,128 - INFO -   Visible DIV 8: class='inner' id='no-id' text='group'
2026-04-27 13:19:27,212 - INFO -   Visible DIV 9: class='inner' id='no-id' text='decimal_increase'
2026-04-27 13:19:27,376 - INFO -   Visible DIV 10: class='inner' id='no-id' text='admin_panel_settings'
2026-04-27 13:19:27,614 - INFO -   Visible DIV 11: class='inner' id='no-id' text='nest_doorbell_visitor'
2026-04-27 13:19:27,809 - INFO -   Visible DIV 12: class='inner' id='no-id' text='key_visualizer'
2026-04-27 13:19:27,851 - INFO - 
================================================================================

2026-04-27 13:19:27,896 - INFO - Login SUCCESS: Dashboard URL reached.
2026-04-27 13:19:28,445 - INFO - 
================================================================================
2026-04-27 13:19:28,454 - INFO - DOM SNAPSHOT AT STAGE: After_Dashboard_Loaded
2026-04-27 13:19:28,459 - INFO - ================================================================================
2026-04-27 13:19:28,510 - INFO - 
Searching for pop-up elements in page content...
2026-04-27 13:19:28,911 - WARNING - ⚠ No known pop-up selectors found. Checking all visible divs...
2026-04-27 13:19:28,973 - INFO - Total DIV elements on page: 29
2026-04-27 13:19:29,318 - INFO -   Visible DIV 1: class='header-right' id='no-id' text='English
French
Spanish
Quantum Toll Authority
supe'
2026-04-27 13:19:29,495 - INFO -   Visible DIV 2: class='nav-user' id='no-id' text='Quantum Toll Authority
superadmin_qm@yopmail.com'
2026-04-27 13:19:29,675 - INFO -   Visible DIV 3: class='nav-user-info' id='no-id' text='Quantum Toll Authority
superadmin_qm@yopmail.com'
2026-04-27 13:19:29,797 - INFO -   Visible DIV 4: class='uname' id='no-id' text='Quantum Toll Authority'
2026-04-27 13:19:29,926 - INFO -   Visible DIV 5: class='urole' id='no-id' text='superadmin_qm@yopmail.com'
2026-04-27 13:19:30,036 - INFO -   Visible DIV 6: class='main-container' id='no-id' text='dashboard_2
group
decimal_increase
admin_panel_set'
2026-04-27 13:19:30,161 - INFO -   Visible DIV 7: class='inner' id='no-id' text='dashboard_2'
2026-04-27 13:19:30,278 - INFO -   Visible DIV 8: class='inner' id='no-id' text='group'
2026-04-27 13:19:30,421 - INFO -   Visible DIV 9: class='inner' id='no-id' text='decimal_increase'
2026-04-27 13:19:30,561 - INFO -   Visible DIV 10: class='inner' id='no-id' text='admin_panel_settings'
2026-04-27 13:19:30,661 - INFO -   Visible DIV 11: class='inner' id='no-id' text='nest_doorbell_visitor'
2026-04-27 13:19:30,744 - INFO -   Visible DIV 12: class='inner' id='no-id' text='key_visualizer'
2026-04-27 13:19:30,770 - INFO - 
================================================================================

2026-04-27 13:19:30,770 - INFO - Checking for dashboard header 'Welcome to QM Toll portal!'...
2026-04-27 13:19:30,828 - INFO - ✅ Dashboard header found with selector: h4:has-text("Welcome to QM Toll portal!")
2026-04-27 13:19:30,828 - INFO -    Header text: 'Welcome to QM Toll portal!'
2026-04-27 13:19:30,828 - INFO - ✅ DASHBOARD VALIDATION PASSED: 'Welcome to QM Toll portal!' header found
2026-04-27 13:19:31,021 - INFO - Screenshot captured: reports\RUN_20260427_131909\screenshots\01_Login_Success_Dashboard_131930.png
2026-04-27 13:19:31,428 - INFO - Step 1: Navigating and Starting Onboarding...
2026-04-27 13:19:50,530 - INFO - Navigating to Login Page: http://operator-qa.qmaastech.com/
2026-04-27 13:19:50,535 - INFO - Navigating to: http://operator-qa.qmaastech.com/
2026-04-27 13:19:53,725 - INFO - Attempting login for user: superadmin_qm@yopmail.com
2026-04-27 13:19:55,437 - INFO - Logging DOM elements BEFORE login click...
2026-04-27 13:19:55,437 - INFO - 
================================================================================
2026-04-27 13:19:55,437 - INFO - DOM SNAPSHOT AT STAGE: Before_Login
2026-04-27 13:19:55,437 - INFO - ================================================================================
2026-04-27 13:19:55,485 - INFO - 
Searching for pop-up elements in page content...
2026-04-27 13:19:55,937 - WARNING - ⚠ No known pop-up selectors found. Checking all visible divs...
2026-04-27 13:19:56,006 - INFO - Total DIV elements on page: 21
2026-04-27 13:19:56,560 - INFO -   Visible DIV 1: class='hero-pills' id='no-id' text='bolt
Real-time
smart_toy
AI-driven
hub
Multi-agenc'
2026-04-27 13:19:56,751 - INFO -   Visible DIV 2: class='auth-panel' id='no-id' text='Welcome Back

Sign in to your account to continue
'
2026-04-27 13:19:56,864 - INFO -   Visible DIV 3: class='auth-card' id='no-id' text='Welcome Back

Sign in to your account to continue
'
2026-04-27 13:19:56,948 - INFO -   Visible DIV 4: class='auth-step' id='no-id' text='Welcome Back

Sign in to your account to continue
'
2026-04-27 13:19:57,100 - INFO -   Visible DIV 5: class='field-wrap' id='no-id' text='Email ID / Username *
person'
2026-04-27 13:19:57,194 - INFO -   Visible DIV 6: class='input-shell' id='no-id' text='person'
2026-04-27 13:19:57,289 - INFO -   Visible DIV 7: class='field-wrap' id='no-id' text='Password *
lock
visibility_off'
2026-04-27 13:19:57,383 - INFO -   Visible DIV 8: class='input-shell' id='no-id' text='lock
visibility_off'
2026-04-27 13:19:57,481 - INFO -   Visible DIV 9: class='auth-bottom-links' id='no-id' text='New user?  Access Account

Forgot password?'
2026-04-27 13:19:57,526 - INFO - 
================================================================================

2026-04-27 13:19:58,110 - INFO - Login button clicked.
2026-04-27 13:19:58,114 - INFO - Taking rapid screenshots and validating pop-up...
2026-04-27 13:19:58,785 - INFO - Screenshot captured: reports\RUN_20260427_131948\screenshots\03_Popup_Immediate_1_131958.png
2026-04-27 13:19:58,789 - INFO - Screenshot 1 captured - Attempting validation...
2026-04-27 13:19:58,790 - INFO - 
================================================================================
2026-04-27 13:19:58,793 - INFO - STARTING COMPREHENSIVE POP-UP VALIDATION
2026-04-27 13:19:58,795 - INFO - ================================================================================
2026-04-27 13:19:58,827 - INFO - 
[VALIDATION 1] Checking Pop-up Visibility...
2026-04-27 13:19:58,858 - INFO -   Visibility Status: True
2026-04-27 13:19:58,858 - INFO -   PASSED: Pop-up is visible
2026-04-27 13:19:58,860 - INFO - 
[VALIDATION 2] Extracting and Validating Text Content...
2026-04-27 13:19:58,900 - INFO -   Extracted Text: 'Login Successful'
2026-04-27 13:19:58,900 - INFO -   PASSED: Text matches exactly: 'Login Successful'
2026-04-27 13:19:58,900 - INFO - 
[VALIDATION 3] Checking for Typos...
2026-04-27 13:19:58,900 - INFO -   PASSED: No known typos detected
2026-04-27 13:19:58,905 - INFO - 
[VALIDATION 4] Extracting CSS Classes and Attributes...
2026-04-27 13:19:58,943 - INFO -   CSS Classes: snackbar success-snackbar
2026-04-27 13:19:58,945 - INFO -   PASSED: 'success' class is present
2026-04-27 13:19:58,946 - INFO - 
[VALIDATION 5] Checking Element Properties...
2026-04-27 13:19:59,222 - INFO -   ID: Not set
2026-04-27 13:19:59,225 - INFO -   Data-TestID: Not set
2026-04-27 13:19:59,226 - INFO -   Role: Not set
2026-04-27 13:19:59,226 - INFO -   ARIA Label: Not set
2026-04-27 13:19:59,226 - INFO - 
[VALIDATION 6] Checking Position and Size...
2026-04-27 13:19:59,252 - WARNING -   WARNING: Could not get bounding box
2026-04-27 13:19:59,252 - INFO - 
[VALIDATION 7] Checking Computed Styles...
2026-04-27 13:19:59,298 - ERROR - Validation error: TypeError: Failed to execute 'getComputedStyle' on 'Window': parameter 1 is not of type 'Element'.
    at eval (eval at evaluate (:226:30), <anonymous>:1:8)
    at eval (<anonymous>)
    at UtilityScript.evaluate (<anonymous>:226:30)
    at UtilityScript.<anonymous> (<anonymous>:1:44)
2026-04-27 13:19:59,298 - WARNING -   WARNING: Could not check computed styles - element may have disappeared
2026-04-27 13:19:59,301 - INFO - 
================================================================================
2026-04-27 13:19:59,301 - INFO - POP-UP VALIDATION SUMMARY
2026-04-27 13:19:59,301 - INFO - ================================================================================
2026-04-27 13:19:59,303 - INFO -   Visibility: PASSED
2026-04-27 13:19:59,305 - INFO -   Text Match: PASSED
2026-04-27 13:19:59,306 - INFO -   Typo Check: PASSED
2026-04-27 13:19:59,306 - INFO -   CSS Classes: Present
2026-04-27 13:19:59,306 - INFO -   Position & Size: Valid
2026-04-27 13:19:59,306 - INFO -   Computed Styles: Valid
2026-04-27 13:19:59,306 - INFO - ================================================================================

2026-04-27 13:19:59,306 - INFO - ✓ ALL VALIDATIONS PASSED - Pop-up is working correctly!
2026-04-27 13:20:00,900 - INFO - Screenshot captured: reports\RUN_20260427_131948\screenshots\03_Popup_Immediate_2_131959.png
2026-04-27 13:20:00,900 - INFO - Screenshot 2 captured - Attempting validation...
2026-04-27 13:20:00,902 - INFO - 
================================================================================
2026-04-27 13:20:00,903 - INFO - STARTING COMPREHENSIVE POP-UP VALIDATION
2026-04-27 13:20:00,903 - INFO - ================================================================================
2026-04-27 13:20:00,936 - ERROR - VALIDATION FAILED: Pop-up element not found!
2026-04-27 13:20:01,333 - INFO - Screenshot captured: reports\RUN_20260427_131948\screenshots\03_Popup_Immediate_3_132001.png
2026-04-27 13:20:01,337 - INFO - Screenshot 3 captured - Attempting validation...
2026-04-27 13:20:01,339 - INFO - 
================================================================================
2026-04-27 13:20:01,339 - INFO - STARTING COMPREHENSIVE POP-UP VALIDATION
2026-04-27 13:20:01,341 - INFO - ================================================================================
2026-04-27 13:20:01,376 - ERROR - VALIDATION FAILED: Pop-up element not found!
2026-04-27 13:20:01,525 - INFO - Logging DOM elements AFTER login click (pop-up should appear here)...
2026-04-27 13:20:01,526 - INFO - 
================================================================================
2026-04-27 13:20:01,526 - INFO - DOM SNAPSHOT AT STAGE: After_Login_Click
2026-04-27 13:20:01,526 - INFO - ================================================================================
2026-04-27 13:20:01,564 - INFO - 
Searching for pop-up elements in page content...
2026-04-27 13:20:01,930 - WARNING - ⚠ No known pop-up selectors found. Checking all visible divs...
2026-04-27 13:20:01,986 - INFO - Total DIV elements on page: 29
2026-04-27 13:20:02,240 - INFO -   Visible DIV 1: class='header-right' id='no-id' text='English
French
Spanish
Quantum Toll Authority
supe'
2026-04-27 13:20:02,355 - INFO -   Visible DIV 2: class='nav-user' id='no-id' text='Quantum Toll Authority
superadmin_qm@yopmail.com'
2026-04-27 13:20:02,511 - INFO -   Visible DIV 3: class='nav-user-info' id='no-id' text='Quantum Toll Authority
superadmin_qm@yopmail.com'
2026-04-27 13:20:02,623 - INFO -   Visible DIV 4: class='uname' id='no-id' text='Quantum Toll Authority'
2026-04-27 13:20:02,743 - INFO -   Visible DIV 5: class='urole' id='no-id' text='superadmin_qm@yopmail.com'
2026-04-27 13:20:02,859 - INFO -   Visible DIV 6: class='main-container' id='no-id' text='dashboard_2
group
decimal_increase
admin_panel_set'
2026-04-27 13:20:02,986 - INFO -   Visible DIV 7: class='inner' id='no-id' text='dashboard_2'
2026-04-27 13:20:03,077 - INFO -   Visible DIV 8: class='inner' id='no-id' text='group'
2026-04-27 13:20:03,221 - INFO -   Visible DIV 9: class='inner' id='no-id' text='decimal_increase'
2026-04-27 13:20:03,340 - INFO -   Visible DIV 10: class='inner' id='no-id' text='admin_panel_settings'
2026-04-27 13:20:03,457 - INFO -   Visible DIV 11: class='inner' id='no-id' text='nest_doorbell_visitor'
2026-04-27 13:20:03,570 - INFO -   Visible DIV 12: class='inner' id='no-id' text='key_visualizer'
2026-04-27 13:20:03,596 - INFO - 
================================================================================

2026-04-27 13:20:03,780 - INFO - Screenshot captured: reports\RUN_20260427_131948\screenshots\02_Just_After_Login_Click_132003.png
2026-04-27 13:20:03,780 - INFO - Waiting for dashboard URL...
2026-04-27 13:20:03,788 - INFO - 
================================================================================
2026-04-27 13:20:03,788 - INFO - DOM SNAPSHOT AT STAGE: Before_Dashboard_Navigation
2026-04-27 13:20:03,788 - INFO - ================================================================================
2026-04-27 13:20:03,815 - INFO - 
Searching for pop-up elements in page content...
2026-04-27 13:20:04,043 - WARNING - ⚠ No known pop-up selectors found. Checking all visible divs...
2026-04-27 13:20:04,102 - INFO - Total DIV elements on page: 29
2026-04-27 13:20:04,293 - INFO -   Visible DIV 1: class='header-right' id='no-id' text='English
French
Spanish
Quantum Toll Authority
supe'
2026-04-27 13:20:04,362 - INFO -   Visible DIV 2: class='nav-user' id='no-id' text='Quantum Toll Authority
superadmin_qm@yopmail.com'
2026-04-27 13:20:04,495 - INFO -   Visible DIV 3: class='nav-user-info' id='no-id' text='Quantum Toll Authority
superadmin_qm@yopmail.com'
2026-04-27 13:20:04,577 - INFO -   Visible DIV 4: class='uname' id='no-id' text='Quantum Toll Authority'
2026-04-27 13:20:04,680 - INFO -   Visible DIV 5: class='urole' id='no-id' text='superadmin_qm@yopmail.com'
2026-04-27 13:20:04,779 - INFO -   Visible DIV 6: class='main-container' id='no-id' text='dashboard_2
group
decimal_increase
admin_panel_set'
2026-04-27 13:20:04,862 - INFO -   Visible DIV 7: class='inner' id='no-id' text='dashboard_2'
2026-04-27 13:20:04,957 - INFO -   Visible DIV 8: class='inner' id='no-id' text='group'
2026-04-27 13:20:05,079 - INFO -   Visible DIV 9: class='inner' id='no-id' text='decimal_increase'
2026-04-27 13:20:05,237 - INFO -   Visible DIV 10: class='inner' id='no-id' text='admin_panel_settings'
2026-04-27 13:20:05,400 - INFO -   Visible DIV 11: class='inner' id='no-id' text='nest_doorbell_visitor'
2026-04-27 13:20:05,579 - INFO -   Visible DIV 12: class='inner' id='no-id' text='key_visualizer'
2026-04-27 13:20:05,606 - INFO - 
================================================================================

2026-04-27 13:20:05,640 - INFO - Login SUCCESS: Dashboard URL reached.
2026-04-27 13:20:06,171 - INFO - 
================================================================================
2026-04-27 13:20:06,182 - INFO - DOM SNAPSHOT AT STAGE: After_Dashboard_Loaded
2026-04-27 13:20:06,188 - INFO - ================================================================================
2026-04-27 13:20:06,232 - INFO - 
Searching for pop-up elements in page content...
2026-04-27 13:20:06,660 - WARNING - ⚠ No known pop-up selectors found. Checking all visible divs...
2026-04-27 13:20:06,719 - INFO - Total DIV elements on page: 29
2026-04-27 13:20:07,033 - INFO -   Visible DIV 1: class='header-right' id='no-id' text='English
French
Spanish
Quantum Toll Authority
supe'
2026-04-27 13:20:07,183 - INFO -   Visible DIV 2: class='nav-user' id='no-id' text='Quantum Toll Authority
superadmin_qm@yopmail.com'
2026-04-27 13:20:07,363 - INFO -   Visible DIV 3: class='nav-user-info' id='no-id' text='Quantum Toll Authority
superadmin_qm@yopmail.com'
2026-04-27 13:20:07,467 - INFO -   Visible DIV 4: class='uname' id='no-id' text='Quantum Toll Authority'
2026-04-27 13:20:07,563 - INFO -   Visible DIV 5: class='urole' id='no-id' text='superadmin_qm@yopmail.com'
2026-04-27 13:20:07,673 - INFO -   Visible DIV 6: class='main-container' id='no-id' text='dashboard_2
group
decimal_increase
admin_panel_set'
2026-04-27 13:20:07,815 - INFO -   Visible DIV 7: class='inner' id='no-id' text='dashboard_2'
2026-04-27 13:20:07,896 - INFO -   Visible DIV 8: class='inner' id='no-id' text='group'
2026-04-27 13:20:08,036 - INFO -   Visible DIV 9: class='inner' id='no-id' text='decimal_increase'
2026-04-27 13:20:08,171 - INFO -   Visible DIV 10: class='inner' id='no-id' text='admin_panel_settings'
2026-04-27 13:20:08,274 - INFO -   Visible DIV 11: class='inner' id='no-id' text='nest_doorbell_visitor'
2026-04-27 13:20:08,370 - INFO -   Visible DIV 12: class='inner' id='no-id' text='key_visualizer'
2026-04-27 13:20:08,386 - INFO - 
================================================================================

2026-04-27 13:20:08,386 - INFO - Checking for dashboard header 'Welcome to QM Toll portal!'...
2026-04-27 13:20:08,450 - INFO - ✅ Dashboard header found with selector: h4:has-text("Welcome to QM Toll portal!")
2026-04-27 13:20:08,458 - INFO -    Header text: 'Welcome to QM Toll portal!'
2026-04-27 13:20:08,458 - INFO - ✅ DASHBOARD VALIDATION PASSED: 'Welcome to QM Toll portal!' header found
2026-04-27 13:20:08,680 - INFO - Screenshot captured: reports\RUN_20260427_131948\screenshots\01_Login_Success_Dashboard_132008.png
2026-04-27 13:20:09,076 - INFO - Step 1: Navigating and Starting Onboarding...
2026-04-27 13:27:19,929 - INFO - Navigating to Login Page: http://operator-qa.qmaastech.com/
2026-04-27 13:27:19,929 - INFO - Navigating to: http://operator-qa.qmaastech.com/
2026-04-27 13:27:22,837 - INFO - Attempting login for user: superadmin_qm@yopmail.com
2026-04-27 13:27:24,517 - INFO - Logging DOM elements BEFORE login click...
2026-04-27 13:27:24,521 - INFO - 
================================================================================
2026-04-27 13:27:24,523 - INFO - DOM SNAPSHOT AT STAGE: Before_Login
2026-04-27 13:27:24,523 - INFO - ================================================================================
2026-04-27 13:27:24,561 - INFO - 
Searching for pop-up elements in page content...
2026-04-27 13:27:24,769 - WARNING - ⚠ No known pop-up selectors found. Checking all visible divs...
2026-04-27 13:27:24,817 - INFO - Total DIV elements on page: 21
2026-04-27 13:27:25,398 - INFO -   Visible DIV 1: class='hero-pills' id='no-id' text='bolt
Real-time
smart_toy
AI-driven
hub
Multi-agenc'
2026-04-27 13:27:25,572 - INFO -   Visible DIV 2: class='auth-panel' id='no-id' text='Welcome Back

Sign in to your account to continue
'
2026-04-27 13:27:25,696 - INFO -   Visible DIV 3: class='auth-card' id='no-id' text='Welcome Back

Sign in to your account to continue
'
2026-04-27 13:27:25,888 - INFO -   Visible DIV 4: class='auth-step' id='no-id' text='Welcome Back

Sign in to your account to continue
'
2026-04-27 13:27:26,053 - INFO -   Visible DIV 5: class='field-wrap' id='no-id' text='Email ID / Username *
person'
2026-04-27 13:27:26,164 - INFO -   Visible DIV 6: class='input-shell' id='no-id' text='person'
2026-04-27 13:27:26,252 - INFO -   Visible DIV 7: class='field-wrap' id='no-id' text='Password *
lock
visibility_off'
2026-04-27 13:27:26,367 - INFO -   Visible DIV 8: class='input-shell' id='no-id' text='lock
visibility_off'
2026-04-27 13:27:26,470 - INFO -   Visible DIV 9: class='auth-bottom-links' id='no-id' text='New user?  Access Account

Forgot password?'
2026-04-27 13:27:26,549 - INFO - 
================================================================================

2026-04-27 13:27:27,162 - INFO - Login button clicked.
2026-04-27 13:27:27,162 - INFO - Taking rapid screenshots and validating pop-up...
2026-04-27 13:27:27,788 - INFO - Screenshot captured: reports\RUN_20260427_132717\screenshots\03_Popup_Immediate_1_132727.png
2026-04-27 13:27:27,788 - INFO - Screenshot 1 captured - Attempting validation...
2026-04-27 13:27:27,788 - INFO - 
================================================================================
2026-04-27 13:27:27,788 - INFO - STARTING COMPREHENSIVE POP-UP VALIDATION
2026-04-27 13:27:27,788 - INFO - ================================================================================
2026-04-27 13:27:27,834 - INFO - 
[VALIDATION 1] Checking Pop-up Visibility...
2026-04-27 13:27:27,870 - INFO -   Visibility Status: True
2026-04-27 13:27:27,871 - INFO -   PASSED: Pop-up is visible
2026-04-27 13:27:27,871 - INFO - 
[VALIDATION 2] Extracting and Validating Text Content...
2026-04-27 13:27:27,897 - INFO -   Extracted Text: 'Login Successful'
2026-04-27 13:27:27,897 - INFO -   PASSED: Text matches exactly: 'Login Successful'
2026-04-27 13:27:27,897 - INFO - 
[VALIDATION 3] Checking for Typos...
2026-04-27 13:27:27,904 - INFO -   PASSED: No known typos detected
2026-04-27 13:27:27,904 - INFO - 
[VALIDATION 4] Extracting CSS Classes and Attributes...
2026-04-27 13:27:27,921 - INFO -   CSS Classes: snackbar success-snackbar
2026-04-27 13:27:27,921 - INFO -   PASSED: 'success' class is present
2026-04-27 13:27:27,936 - INFO - 
[VALIDATION 5] Checking Element Properties...
2026-04-27 13:27:28,048 - INFO -   ID: Not set
2026-04-27 13:27:28,048 - INFO -   Data-TestID: Not set
2026-04-27 13:27:28,048 - INFO -   Role: Not set
2026-04-27 13:27:28,053 - INFO -   ARIA Label: Not set
2026-04-27 13:27:28,053 - INFO - 
[VALIDATION 6] Checking Position and Size...
2026-04-27 13:27:28,103 - INFO -   X: 1230, Y: 20
2026-04-27 13:27:28,104 - INFO -   Width: 250, Height: 43.5
2026-04-27 13:27:28,106 - INFO -   PASSED: Element has valid dimensions
2026-04-27 13:27:28,106 - INFO - 
[VALIDATION 7] Checking Computed Styles...
2026-04-27 13:27:28,234 - ERROR - Validation error: TypeError: Failed to execute 'getComputedStyle' on 'Window': parameter 1 is not of type 'Element'.
    at eval (eval at evaluate (:226:30), <anonymous>:1:8)
    at eval (<anonymous>)
    at UtilityScript.evaluate (<anonymous>:226:30)
    at UtilityScript.<anonymous> (<anonymous>:1:44)
2026-04-27 13:27:28,238 - WARNING -   WARNING: Could not check computed styles - element may have disappeared
2026-04-27 13:27:28,238 - INFO - 
================================================================================
2026-04-27 13:27:28,238 - INFO - POP-UP VALIDATION SUMMARY
2026-04-27 13:27:28,238 - INFO - ================================================================================
2026-04-27 13:27:28,241 - INFO -   Visibility: PASSED
2026-04-27 13:27:28,241 - INFO -   Text Match: PASSED
2026-04-27 13:27:28,241 - INFO -   Typo Check: PASSED
2026-04-27 13:27:28,241 - INFO -   CSS Classes: Present
2026-04-27 13:27:28,243 - INFO -   Position & Size: Valid
2026-04-27 13:27:28,244 - INFO -   Computed Styles: Valid
2026-04-27 13:27:28,244 - INFO - ================================================================================

2026-04-27 13:27:28,245 - INFO - ✓ ALL VALIDATIONS PASSED - Pop-up is working correctly!
2026-04-27 13:27:30,037 - INFO - Screenshot captured: reports\RUN_20260427_132717\screenshots\03_Popup_Immediate_2_132728.png
2026-04-27 13:27:30,037 - INFO - Screenshot 2 captured - Attempting validation...
2026-04-27 13:27:30,037 - INFO - 
================================================================================
2026-04-27 13:27:30,037 - INFO - STARTING COMPREHENSIVE POP-UP VALIDATION
2026-04-27 13:27:30,037 - INFO - ================================================================================
2026-04-27 13:27:30,073 - ERROR - VALIDATION FAILED: Pop-up element not found!
2026-04-27 13:27:30,505 - INFO - Screenshot captured: reports\RUN_20260427_132717\screenshots\03_Popup_Immediate_3_132730.png
2026-04-27 13:27:30,508 - INFO - Screenshot 3 captured - Attempting validation...
2026-04-27 13:27:30,508 - INFO - 
================================================================================
2026-04-27 13:27:30,509 - INFO - STARTING COMPREHENSIVE POP-UP VALIDATION
2026-04-27 13:27:30,511 - INFO - ================================================================================
2026-04-27 13:27:30,542 - ERROR - VALIDATION FAILED: Pop-up element not found!
2026-04-27 13:27:30,677 - INFO - Logging DOM elements AFTER login click (pop-up should appear here)...
2026-04-27 13:27:30,677 - INFO - 
================================================================================
2026-04-27 13:27:30,679 - INFO - DOM SNAPSHOT AT STAGE: After_Login_Click
2026-04-27 13:27:30,681 - INFO - ================================================================================
2026-04-27 13:27:30,725 - INFO - 
Searching for pop-up elements in page content...
2026-04-27 13:27:31,193 - WARNING - ⚠ No known pop-up selectors found. Checking all visible divs...
2026-04-27 13:27:31,250 - INFO - Total DIV elements on page: 29
2026-04-27 13:27:31,558 - INFO -   Visible DIV 1: class='header-right' id='no-id' text='English
French
Spanish
Quantum Toll Authority
supe'
2026-04-27 13:27:31,683 - INFO -   Visible DIV 2: class='nav-user' id='no-id' text='Quantum Toll Authority
superadmin_qm@yopmail.com'
2026-04-27 13:27:31,861 - INFO -   Visible DIV 3: class='nav-user-info' id='no-id' text='Quantum Toll Authority
superadmin_qm@yopmail.com'
2026-04-27 13:27:31,987 - INFO -   Visible DIV 4: class='uname' id='no-id' text='Quantum Toll Authority'
2026-04-27 13:27:32,111 - INFO -   Visible DIV 5: class='urole' id='no-id' text='superadmin_qm@yopmail.com'
2026-04-27 13:27:32,227 - INFO -   Visible DIV 6: class='main-container' id='no-id' text='dashboard_2
group
decimal_increase
admin_panel_set'
2026-04-27 13:27:32,342 - INFO -   Visible DIV 7: class='inner' id='no-id' text='dashboard_2'
2026-04-27 13:27:32,447 - INFO -   Visible DIV 8: class='inner' id='no-id' text='group'
2026-04-27 13:27:32,579 - INFO -   Visible DIV 9: class='inner' id='no-id' text='decimal_increase'
2026-04-27 13:27:32,748 - INFO -   Visible DIV 10: class='inner' id='no-id' text='admin_panel_settings'
2026-04-27 13:27:32,914 - INFO -   Visible DIV 11: class='inner' id='no-id' text='nest_doorbell_visitor'
2026-04-27 13:27:33,055 - INFO -   Visible DIV 12: class='inner' id='no-id' text='key_visualizer'
2026-04-27 13:27:33,088 - INFO - 
================================================================================

2026-04-27 13:27:33,289 - INFO - Screenshot captured: reports\RUN_20260427_132717\screenshots\02_Just_After_Login_Click_132733.png
2026-04-27 13:27:33,289 - INFO - Waiting for dashboard URL...
2026-04-27 13:27:33,289 - INFO - 
================================================================================
2026-04-27 13:27:33,294 - INFO - DOM SNAPSHOT AT STAGE: Before_Dashboard_Navigation
2026-04-27 13:27:33,294 - INFO - ================================================================================
2026-04-27 13:27:33,325 - INFO - 
Searching for pop-up elements in page content...
2026-04-27 13:27:33,539 - WARNING - ⚠ No known pop-up selectors found. Checking all visible divs...
2026-04-27 13:27:33,575 - INFO - Total DIV elements on page: 29
2026-04-27 13:27:33,739 - INFO -   Visible DIV 1: class='header-right' id='no-id' text='English
French
Spanish
Quantum Toll Authority
supe'
2026-04-27 13:27:33,820 - INFO -   Visible DIV 2: class='nav-user' id='no-id' text='Quantum Toll Authority
superadmin_qm@yopmail.com'
2026-04-27 13:27:33,923 - INFO -   Visible DIV 3: class='nav-user-info' id='no-id' text='Quantum Toll Authority
superadmin_qm@yopmail.com'
2026-04-27 13:27:33,982 - INFO -   Visible DIV 4: class='uname' id='no-id' text='Quantum Toll Authority'
2026-04-27 13:27:34,053 - INFO -   Visible DIV 5: class='urole' id='no-id' text='superadmin_qm@yopmail.com'
2026-04-27 13:27:34,148 - INFO -   Visible DIV 6: class='main-container' id='no-id' text='dashboard_2
group
decimal_increase
admin_panel_set'
2026-04-27 13:27:34,257 - INFO -   Visible DIV 7: class='inner' id='no-id' text='dashboard_2'
2026-04-27 13:27:34,332 - INFO -   Visible DIV 8: class='inner' id='no-id' text='group'
2026-04-27 13:27:34,437 - INFO -   Visible DIV 9: class='inner' id='no-id' text='decimal_increase'
2026-04-27 13:27:34,541 - INFO -   Visible DIV 10: class='inner' id='no-id' text='admin_panel_settings'
2026-04-27 13:27:34,656 - INFO -   Visible DIV 11: class='inner' id='no-id' text='nest_doorbell_visitor'
2026-04-27 13:27:34,759 - INFO -   Visible DIV 12: class='inner' id='no-id' text='key_visualizer'
2026-04-27 13:27:34,790 - INFO - 
================================================================================

2026-04-27 13:27:34,820 - INFO - Login SUCCESS: Dashboard URL reached.
2026-04-27 13:27:35,361 - INFO - 
================================================================================
2026-04-27 13:27:35,373 - INFO - DOM SNAPSHOT AT STAGE: After_Dashboard_Loaded
2026-04-27 13:27:35,377 - INFO - ================================================================================
2026-04-27 13:27:35,438 - INFO - 
Searching for pop-up elements in page content...
2026-04-27 13:27:36,016 - WARNING - ⚠ No known pop-up selectors found. Checking all visible divs...
2026-04-27 13:27:36,109 - INFO - Total DIV elements on page: 29
2026-04-27 13:27:36,382 - INFO -   Visible DIV 1: class='header-right' id='no-id' text='English
French
Spanish
Quantum Toll Authority
supe'
2026-04-27 13:27:36,498 - INFO -   Visible DIV 2: class='nav-user' id='no-id' text='Quantum Toll Authority
superadmin_qm@yopmail.com'
2026-04-27 13:27:36,722 - INFO -   Visible DIV 3: class='nav-user-info' id='no-id' text='Quantum Toll Authority
superadmin_qm@yopmail.com'
2026-04-27 13:27:36,837 - INFO -   Visible DIV 4: class='uname' id='no-id' text='Quantum Toll Authority'
2026-04-27 13:27:36,923 - INFO -   Visible DIV 5: class='urole' id='no-id' text='superadmin_qm@yopmail.com'
2026-04-27 13:27:37,038 - INFO -   Visible DIV 6: class='main-container' id='no-id' text='dashboard_2
group
decimal_increase
admin_panel_set'
2026-04-27 13:27:37,129 - INFO -   Visible DIV 7: class='inner' id='no-id' text='dashboard_2'
2026-04-27 13:27:37,238 - INFO -   Visible DIV 8: class='inner' id='no-id' text='group'
2026-04-27 13:27:37,338 - INFO -   Visible DIV 9: class='inner' id='no-id' text='decimal_increase'
2026-04-27 13:27:37,421 - INFO -   Visible DIV 10: class='inner' id='no-id' text='admin_panel_settings'
2026-04-27 13:27:37,488 - INFO -   Visible DIV 11: class='inner' id='no-id' text='nest_doorbell_visitor'
2026-04-27 13:27:37,571 - INFO -   Visible DIV 12: class='inner' id='no-id' text='key_visualizer'
2026-04-27 13:27:37,581 - INFO - 
================================================================================

2026-04-27 13:27:37,586 - INFO - Checking for dashboard header 'Welcome to QM Toll portal!'...
2026-04-27 13:27:37,638 - INFO - ✅ Dashboard header found with selector: h4:has-text("Welcome to QM Toll portal!")
2026-04-27 13:27:37,638 - INFO -    Header text: 'Welcome to QM Toll portal!'
2026-04-27 13:27:37,647 - INFO - ✅ DASHBOARD VALIDATION PASSED: 'Welcome to QM Toll portal!' header found
2026-04-27 13:27:37,837 - INFO - Screenshot captured: reports\RUN_20260427_132717\screenshots\01_Login_Success_Dashboard_132737.png
2026-04-27 13:27:38,173 - INFO - Step 1: Navigating and Starting Onboarding...
2026-04-27 13:27:38,173 - INFO - Executing Sidebar Navigation Sequence...
2026-04-27 13:27:41,255 - INFO - Filling Step 1: Account Details...
2026-04-27 13:27:44,714 - INFO - Filled First Name: Yasmin
2026-04-27 13:27:45,932 - INFO - Filled Last Name: Jani
2026-04-27 13:27:47,156 - INFO - Checked: Use Same for Billing
2026-04-27 13:27:48,302 - INFO - Checked: Use Same for Shipping
2026-04-27 13:27:49,588 - INFO - Checked: Primary Address
2026-04-27 13:27:53,575 - INFO - Filled Address: 123 Automation Blvd
2026-04-27 13:27:54,844 - INFO - Filled Zip Code: 12345
2026-04-27 13:27:56,644 - INFO - Filled Phone: 9315698399
2026-04-27 13:27:57,885 - INFO - Filled Email: yasmin.jani15@testmail.com
2026-04-27 13:27:59,127 - INFO - Filled Confirm Email: yasmin.jani15@testmail.com
2026-04-27 13:27:59,127 - INFO - Clicking Save & Next...
2026-04-27 13:28:00,949 - INFO - Step 1 Submitted.
2026-04-27 13:28:00,950 - INFO - Adding 1 Vehicle(s)...
2026-04-27 13:28:01,485 - INFO - Step 2 loaded successfully.
2026-04-27 13:28:02,695 - INFO - Filled Plate 1: QA6440GP
2026-04-27 13:33:27,691 - INFO - Navigating to Login Page: http://operator-qa.qmaastech.com/
2026-04-27 13:33:27,697 - INFO - Navigating to: http://operator-qa.qmaastech.com/
2026-04-27 13:33:31,075 - INFO - Attempting login for user: superadmin_qm@yopmail.com
2026-04-27 13:33:32,826 - INFO - Logging DOM elements BEFORE login click...
2026-04-27 13:33:32,826 - INFO - 
================================================================================
2026-04-27 13:33:32,826 - INFO - DOM SNAPSHOT AT STAGE: Before_Login
2026-04-27 13:33:32,826 - INFO - ================================================================================
2026-04-27 13:33:32,896 - INFO - 
Searching for pop-up elements in page content...
2026-04-27 13:33:33,250 - WARNING - ⚠ No known pop-up selectors found. Checking all visible divs...
2026-04-27 13:33:33,296 - INFO - Total DIV elements on page: 21
2026-04-27 13:33:33,934 - INFO -   Visible DIV 1: class='hero-pills' id='no-id' text='bolt
Real-time
smart_toy
AI-driven
hub
Multi-agenc'
2026-04-27 13:33:34,114 - INFO -   Visible DIV 2: class='auth-panel' id='no-id' text='Welcome Back

Sign in to your account to continue
'
2026-04-27 13:33:34,209 - INFO -   Visible DIV 3: class='auth-card' id='no-id' text='Welcome Back

Sign in to your account to continue
'
2026-04-27 13:33:34,298 - INFO -   Visible DIV 4: class='auth-step' id='no-id' text='Welcome Back

Sign in to your account to continue
'
2026-04-27 13:33:34,474 - INFO -   Visible DIV 5: class='field-wrap' id='no-id' text='Email ID / Username *
person'
2026-04-27 13:33:34,586 - INFO -   Visible DIV 6: class='input-shell' id='no-id' text='person'
2026-04-27 13:33:34,664 - INFO -   Visible DIV 7: class='field-wrap' id='no-id' text='Password *
lock
visibility_off'
2026-04-27 13:33:34,787 - INFO -   Visible DIV 8: class='input-shell' id='no-id' text='lock
visibility_off'
2026-04-27 13:33:34,907 - INFO -   Visible DIV 9: class='auth-bottom-links' id='no-id' text='New user?  Access Account

Forgot password?'
2026-04-27 13:33:34,955 - INFO - 
================================================================================

2026-04-27 13:33:35,562 - INFO - Login button clicked.
2026-04-27 13:33:35,562 - INFO - Taking rapid screenshots and validating pop-up...
2026-04-27 13:33:36,150 - INFO - Screenshot captured: reports\RUN_20260427_133324\screenshots\03_Popup_Immediate_1_133335.png
2026-04-27 13:33:36,153 - INFO - Screenshot 1 captured - Attempting validation...
2026-04-27 13:33:36,153 - INFO - 
================================================================================
2026-04-27 13:33:36,153 - INFO - STARTING COMPREHENSIVE POP-UP VALIDATION
2026-04-27 13:33:36,155 - INFO - ================================================================================
2026-04-27 13:33:36,189 - INFO - 
[VALIDATION 1] Checking Pop-up Visibility...
2026-04-27 13:33:36,217 - INFO -   Visibility Status: True
2026-04-27 13:33:36,217 - INFO -   PASSED: Pop-up is visible
2026-04-27 13:33:36,217 - INFO - 
[VALIDATION 2] Extracting and Validating Text Content...
2026-04-27 13:33:36,248 - INFO -   Extracted Text: 'Login Successful'
2026-04-27 13:33:36,248 - INFO -   PASSED: Text matches exactly: 'Login Successful'
2026-04-27 13:33:36,258 - INFO - 
[VALIDATION 3] Checking for Typos...
2026-04-27 13:33:36,258 - INFO -   PASSED: No known typos detected
2026-04-27 13:33:36,258 - INFO - 
[VALIDATION 4] Extracting CSS Classes and Attributes...
2026-04-27 13:33:36,301 - INFO -   CSS Classes: snackbar success-snackbar
2026-04-27 13:33:36,301 - INFO -   PASSED: 'success' class is present
2026-04-27 13:33:36,309 - INFO - 
[VALIDATION 5] Checking Element Properties...
2026-04-27 13:33:36,416 - INFO -   ID: Not set
2026-04-27 13:33:36,416 - INFO -   Data-TestID: Not set
2026-04-27 13:33:36,416 - INFO -   Role: Not set
2026-04-27 13:33:36,416 - INFO -   ARIA Label: Not set
2026-04-27 13:33:36,416 - INFO - 
[VALIDATION 6] Checking Position and Size...
2026-04-27 13:33:36,450 - INFO -   X: 1230, Y: 20
2026-04-27 13:33:36,450 - INFO -   Width: 250, Height: 43.5
2026-04-27 13:33:36,450 - INFO -   PASSED: Element has valid dimensions
2026-04-27 13:33:36,450 - INFO - 
[VALIDATION 7] Checking Computed Styles...
2026-04-27 13:33:36,500 - INFO -   Display: block
2026-04-27 13:33:36,507 - INFO -   Opacity: 1
2026-04-27 13:33:36,507 - INFO -   PASSED: Element is displayed with proper opacity
2026-04-27 13:33:36,507 - INFO - 
================================================================================
2026-04-27 13:33:36,507 - INFO - POP-UP VALIDATION SUMMARY
2026-04-27 13:33:36,507 - INFO - ================================================================================
2026-04-27 13:33:36,507 - INFO -   Visibility: PASSED
2026-04-27 13:33:36,507 - INFO -   Text Match: PASSED
2026-04-27 13:33:36,507 - INFO -   Typo Check: PASSED
2026-04-27 13:33:36,512 - INFO -   CSS Classes: Present
2026-04-27 13:33:36,512 - INFO -   Position & Size: Valid
2026-04-27 13:33:36,515 - INFO -   Computed Styles: Valid
2026-04-27 13:33:36,515 - INFO - ================================================================================

2026-04-27 13:33:36,515 - INFO - ✓ ALL VALIDATIONS PASSED - Pop-up is working correctly!
2026-04-27 13:33:36,923 - INFO - Screenshot captured: reports\RUN_20260427_133324\screenshots\03_Popup_Immediate_2_133336.png
2026-04-27 13:33:36,923 - INFO - Screenshot 2 captured - Attempting validation...
2026-04-27 13:33:36,925 - INFO - 
================================================================================
2026-04-27 13:33:36,925 - INFO - STARTING COMPREHENSIVE POP-UP VALIDATION
2026-04-27 13:33:36,927 - INFO - ================================================================================
2026-04-27 13:33:36,959 - ERROR - VALIDATION FAILED: Pop-up element not found!
2026-04-27 13:33:38,324 - INFO - Screenshot captured: reports\RUN_20260427_133324\screenshots\03_Popup_Immediate_3_133337.png
2026-04-27 13:33:38,324 - INFO - Screenshot 3 captured - Attempting validation...
2026-04-27 13:33:38,324 - INFO - 
================================================================================
2026-04-27 13:33:38,324 - INFO - STARTING COMPREHENSIVE POP-UP VALIDATION
2026-04-27 13:33:38,331 - INFO - ================================================================================
2026-04-27 13:33:38,353 - ERROR - VALIDATION FAILED: Pop-up element not found!
2026-04-27 13:33:38,493 - INFO - Logging DOM elements AFTER login click (pop-up should appear here)...
2026-04-27 13:33:38,496 - INFO - 
================================================================================
2026-04-27 13:33:38,496 - INFO - DOM SNAPSHOT AT STAGE: After_Login_Click
2026-04-27 13:33:38,496 - INFO - ================================================================================
2026-04-27 13:33:38,529 - INFO - 
Searching for pop-up elements in page content...
2026-04-27 13:33:38,904 - WARNING - ⚠ No known pop-up selectors found. Checking all visible divs...
2026-04-27 13:33:38,965 - INFO - Total DIV elements on page: 29
2026-04-27 13:33:39,245 - INFO -   Visible DIV 1: class='header-right' id='no-id' text='English
French
Spanish
Quantum Toll Authority
supe'
2026-04-27 13:33:39,379 - INFO -   Visible DIV 2: class='nav-user' id='no-id' text='Quantum Toll Authority
superadmin_qm@yopmail.com'
2026-04-27 13:33:39,587 - INFO -   Visible DIV 3: class='nav-user-info' id='no-id' text='Quantum Toll Authority
superadmin_qm@yopmail.com'
2026-04-27 13:33:39,726 - INFO -   Visible DIV 4: class='uname' id='no-id' text='Quantum Toll Authority'
2026-04-27 13:33:39,876 - INFO -   Visible DIV 5: class='urole' id='no-id' text='superadmin_qm@yopmail.com'
2026-04-27 13:33:40,005 - INFO -   Visible DIV 6: class='main-container' id='no-id' text='dashboard_2
group
decimal_increase
admin_panel_set'
2026-04-27 13:33:40,123 - INFO -   Visible DIV 7: class='inner' id='no-id' text='dashboard_2'
2026-04-27 13:33:40,246 - INFO -   Visible DIV 8: class='inner' id='no-id' text='group'
2026-04-27 13:33:40,438 - INFO -   Visible DIV 9: class='inner' id='no-id' text='decimal_increase'
2026-04-27 13:33:40,580 - INFO -   Visible DIV 10: class='inner' id='no-id' text='admin_panel_settings'
2026-04-27 13:33:40,712 - INFO -   Visible DIV 11: class='inner' id='no-id' text='nest_doorbell_visitor'
2026-04-27 13:33:40,841 - INFO -   Visible DIV 12: class='inner' id='no-id' text='key_visualizer'
2026-04-27 13:33:40,874 - INFO - 
================================================================================

2026-04-27 13:33:41,199 - INFO - Screenshot captured: reports\RUN_20260427_133324\screenshots\02_Just_After_Login_Click_133340.png
2026-04-27 13:33:41,199 - INFO - Waiting for dashboard URL...
2026-04-27 13:33:41,199 - INFO - 
================================================================================
2026-04-27 13:33:41,199 - INFO - DOM SNAPSHOT AT STAGE: Before_Dashboard_Navigation
2026-04-27 13:33:41,199 - INFO - ================================================================================
2026-04-27 13:33:41,245 - INFO - 
Searching for pop-up elements in page content...
2026-04-27 13:33:41,498 - WARNING - ⚠ No known pop-up selectors found. Checking all visible divs...
2026-04-27 13:33:41,547 - INFO - Total DIV elements on page: 29
2026-04-27 13:33:41,765 - INFO -   Visible DIV 1: class='header-right' id='no-id' text='English
French
Spanish
Quantum Toll Authority
supe'
2026-04-27 13:33:41,862 - INFO -   Visible DIV 2: class='nav-user' id='no-id' text='Quantum Toll Authority
superadmin_qm@yopmail.com'
2026-04-27 13:33:41,962 - INFO -   Visible DIV 3: class='nav-user-info' id='no-id' text='Quantum Toll Authority
superadmin_qm@yopmail.com'
2026-04-27 13:33:42,026 - INFO -   Visible DIV 4: class='uname' id='no-id' text='Quantum Toll Authority'
2026-04-27 13:33:42,114 - INFO -   Visible DIV 5: class='urole' id='no-id' text='superadmin_qm@yopmail.com'
2026-04-27 13:33:42,215 - INFO -   Visible DIV 6: class='main-container' id='no-id' text='dashboard_2
group
decimal_increase
admin_panel_set'
2026-04-27 13:33:42,331 - INFO -   Visible DIV 7: class='inner' id='no-id' text='dashboard_2'
2026-04-27 13:33:42,441 - INFO -   Visible DIV 8: class='inner' id='no-id' text='group'
2026-04-27 13:33:42,575 - INFO -   Visible DIV 9: class='inner' id='no-id' text='decimal_increase'
2026-04-27 13:33:42,785 - INFO -   Visible DIV 10: class='inner' id='no-id' text='admin_panel_settings'
2026-04-27 13:33:42,983 - INFO -   Visible DIV 11: class='inner' id='no-id' text='nest_doorbell_visitor'
2026-04-27 13:33:43,156 - INFO -   Visible DIV 12: class='inner' id='no-id' text='key_visualizer'
2026-04-27 13:33:43,192 - INFO - 
================================================================================

2026-04-27 13:33:43,245 - INFO - Login SUCCESS: Dashboard URL reached.
2026-04-27 13:33:43,777 - INFO - 
================================================================================
2026-04-27 13:33:43,779 - INFO - DOM SNAPSHOT AT STAGE: After_Dashboard_Loaded
2026-04-27 13:33:43,779 - INFO - ================================================================================
2026-04-27 13:33:43,852 - INFO - 
Searching for pop-up elements in page content...
2026-04-27 13:33:44,296 - WARNING - ⚠ No known pop-up selectors found. Checking all visible divs...
2026-04-27 13:33:44,387 - INFO - Total DIV elements on page: 29
2026-04-27 13:33:44,596 - INFO -   Visible DIV 1: class='header-right' id='no-id' text='English
French
Spanish
Quantum Toll Authority
supe'
2026-04-27 13:33:44,678 - INFO -   Visible DIV 2: class='nav-user' id='no-id' text='Quantum Toll Authority
superadmin_qm@yopmail.com'
2026-04-27 13:33:44,798 - INFO -   Visible DIV 3: class='nav-user-info' id='no-id' text='Quantum Toll Authority
superadmin_qm@yopmail.com'
2026-04-27 13:33:44,881 - INFO -   Visible DIV 4: class='uname' id='no-id' text='Quantum Toll Authority'
2026-04-27 13:33:44,964 - INFO -   Visible DIV 5: class='urole' id='no-id' text='superadmin_qm@yopmail.com'
2026-04-27 13:33:45,055 - INFO -   Visible DIV 6: class='main-container' id='no-id' text='dashboard_2
group
decimal_increase
admin_panel_set'
2026-04-27 13:33:45,164 - INFO -   Visible DIV 7: class='inner' id='no-id' text='dashboard_2'
2026-04-27 13:33:45,248 - INFO -   Visible DIV 8: class='inner' id='no-id' text='group'
2026-04-27 13:33:45,390 - INFO -   Visible DIV 9: class='inner' id='no-id' text='decimal_increase'
2026-04-27 13:33:45,527 - INFO -   Visible DIV 10: class='inner' id='no-id' text='admin_panel_settings'
2026-04-27 13:33:45,631 - INFO -   Visible DIV 11: class='inner' id='no-id' text='nest_doorbell_visitor'
2026-04-27 13:33:45,714 - INFO -   Visible DIV 12: class='inner' id='no-id' text='key_visualizer'
2026-04-27 13:33:45,731 - INFO - 
================================================================================

2026-04-27 13:33:45,731 - INFO - Checking for dashboard header 'Welcome to QM Toll portal!'...
2026-04-27 13:33:45,781 - INFO - ✅ Dashboard header found with selector: h4:has-text("Welcome to QM Toll portal!")
2026-04-27 13:33:45,781 - INFO -    Header text: 'Welcome to QM Toll portal!'
2026-04-27 13:33:45,781 - INFO - ✅ DASHBOARD VALIDATION PASSED: 'Welcome to QM Toll portal!' header found
2026-04-27 13:33:45,966 - INFO - Screenshot captured: reports\RUN_20260427_133324\screenshots\01_Login_Success_Dashboard_133345.png
2026-04-27 13:33:46,418 - INFO - Step 1: Navigating and Starting Onboarding...
2026-04-27 13:33:46,418 - INFO - Executing Sidebar Navigation Sequence...
2026-04-27 13:33:49,338 - INFO - Filling Step 1: Account Details...
2026-04-27 13:33:53,807 - INFO - Filled First Name: Mannat
2026-04-27 13:33:55,036 - INFO - Filled Last Name: Varkey
2026-04-27 13:33:56,273 - INFO - Checked: Use Same for Billing
2026-04-27 13:33:57,519 - INFO - Checked: Use Same for Shipping
2026-04-27 13:33:58,727 - INFO - Checked: Primary Address
2026-04-27 13:34:02,691 - INFO - Filled Address: 123 Automation Blvd
2026-04-27 13:34:03,934 - INFO - Filled Zip Code: 12345
2026-04-27 13:34:05,737 - INFO - Filled Phone: 9617478173
2026-04-27 13:34:06,926 - INFO - Filled Email: mannat.varkey40@testmail.com
2026-04-27 13:34:08,149 - INFO - Filled Confirm Email: mannat.varkey40@testmail.com
2026-04-27 13:34:08,149 - INFO - Clicking Save & Next...
2026-04-27 13:34:10,018 - INFO - Step 1 Submitted.
2026-04-27 13:34:10,018 - INFO - Adding 1 Vehicle(s)...
2026-04-27 13:34:10,576 - INFO - Step 2 loaded successfully.
2026-04-27 13:34:11,877 - INFO - Filled Plate 1: QA1915GP
2026-04-27 13:34:16,654 - INFO - Filled Plate Start Date: 2026-04-27
2026-04-27 13:34:30,569 - INFO - Vehicle 1 added.
2026-04-27 13:39:51,178 - INFO - Navigating to Login Page: http://operator-qa.qmaastech.com/
2026-04-27 13:39:51,183 - INFO - Navigating to: http://operator-qa.qmaastech.com/
2026-04-27 13:39:54,184 - INFO - Attempting login for user: superadmin_qm@yopmail.com
2026-04-27 13:39:55,879 - INFO - Logging DOM elements BEFORE login click...
2026-04-27 13:39:55,879 - INFO - 
================================================================================
2026-04-27 13:39:55,879 - INFO - DOM SNAPSHOT AT STAGE: Before_Login
2026-04-27 13:39:55,879 - INFO - ================================================================================
2026-04-27 13:39:55,912 - INFO - 
Searching for pop-up elements in page content...
2026-04-27 13:39:56,252 - WARNING - ⚠ No known pop-up selectors found. Checking all visible divs...
2026-04-27 13:39:56,319 - INFO - Total DIV elements on page: 21
2026-04-27 13:39:56,928 - INFO -   Visible DIV 1: class='hero-pills' id='no-id' text='bolt
Real-time
smart_toy
AI-driven
hub
Multi-agenc'
2026-04-27 13:39:57,131 - INFO -   Visible DIV 2: class='auth-panel' id='no-id' text='Welcome Back

Sign in to your account to continue
'
2026-04-27 13:39:57,245 - INFO -   Visible DIV 3: class='auth-card' id='no-id' text='Welcome Back

Sign in to your account to continue
'
2026-04-27 13:39:57,346 - INFO -   Visible DIV 4: class='auth-step' id='no-id' text='Welcome Back

Sign in to your account to continue
'
2026-04-27 13:39:57,503 - INFO -   Visible DIV 5: class='field-wrap' id='no-id' text='Email ID / Username *
person'
2026-04-27 13:39:57,630 - INFO -   Visible DIV 6: class='input-shell' id='no-id' text='person'
2026-04-27 13:39:57,740 - INFO -   Visible DIV 7: class='field-wrap' id='no-id' text='Password *
lock
visibility_off'
2026-04-27 13:39:57,838 - INFO -   Visible DIV 8: class='input-shell' id='no-id' text='lock
visibility_off'
2026-04-27 13:39:57,942 - INFO -   Visible DIV 9: class='auth-bottom-links' id='no-id' text='New user?  Access Account

Forgot password?'
2026-04-27 13:39:57,981 - INFO - 
================================================================================

2026-04-27 13:39:58,569 - INFO - Login button clicked.
2026-04-27 13:39:58,572 - INFO - Taking rapid screenshots and validating pop-up...
2026-04-27 13:39:59,197 - INFO - Screenshot captured: reports\RUN_20260427_133948\screenshots\03_Popup_Immediate_1_133958.png
2026-04-27 13:39:59,197 - INFO - Screenshot 1 captured - Attempting validation...
2026-04-27 13:39:59,197 - INFO - 
================================================================================
2026-04-27 13:39:59,197 - INFO - STARTING COMPREHENSIVE POP-UP VALIDATION
2026-04-27 13:39:59,197 - INFO - ================================================================================
2026-04-27 13:39:59,229 - INFO - 
[VALIDATION 1] Checking Pop-up Visibility...
2026-04-27 13:39:59,254 - INFO -   Visibility Status: True
2026-04-27 13:39:59,256 - INFO -   PASSED: Pop-up is visible
2026-04-27 13:39:59,256 - INFO - 
[VALIDATION 2] Extracting and Validating Text Content...
2026-04-27 13:39:59,273 - INFO -   Extracted Text: 'Login Successful'
2026-04-27 13:39:59,273 - INFO -   PASSED: Text matches exactly: 'Login Successful'
2026-04-27 13:39:59,273 - INFO - 
[VALIDATION 3] Checking for Typos...
2026-04-27 13:39:59,287 - INFO -   PASSED: No known typos detected
2026-04-27 13:39:59,288 - INFO - 
[VALIDATION 4] Extracting CSS Classes and Attributes...
2026-04-27 13:39:59,306 - INFO -   CSS Classes: snackbar success-snackbar
2026-04-27 13:39:59,306 - INFO -   PASSED: 'success' class is present
2026-04-27 13:39:59,306 - INFO - 
[VALIDATION 5] Checking Element Properties...
2026-04-27 13:39:59,407 - INFO -   ID: Not set
2026-04-27 13:39:59,407 - INFO -   Data-TestID: Not set
2026-04-27 13:39:59,407 - INFO -   Role: Not set
2026-04-27 13:39:59,407 - INFO -   ARIA Label: Not set
2026-04-27 13:39:59,407 - INFO - 
[VALIDATION 6] Checking Position and Size...
2026-04-27 13:39:59,422 - INFO -   X: 1230, Y: 20
2026-04-27 13:39:59,422 - INFO -   Width: 250, Height: 43.5
2026-04-27 13:39:59,422 - INFO -   PASSED: Element has valid dimensions
2026-04-27 13:39:59,422 - INFO - 
[VALIDATION 7] Checking Computed Styles...
2026-04-27 13:39:59,472 - INFO -   Display: block
2026-04-27 13:39:59,472 - INFO -   Opacity: 1
2026-04-27 13:39:59,472 - INFO -   PASSED: Element is displayed with proper opacity
2026-04-27 13:39:59,472 - INFO - 
================================================================================
2026-04-27 13:39:59,472 - INFO - POP-UP VALIDATION SUMMARY
2026-04-27 13:39:59,482 - INFO - ================================================================================
2026-04-27 13:39:59,482 - INFO -   Visibility: PASSED
2026-04-27 13:39:59,482 - INFO -   Text Match: PASSED
2026-04-27 13:39:59,482 - INFO -   Typo Check: PASSED
2026-04-27 13:39:59,482 - INFO -   CSS Classes: Present
2026-04-27 13:39:59,482 - INFO -   Position & Size: Valid
2026-04-27 13:39:59,482 - INFO -   Computed Styles: Valid
2026-04-27 13:39:59,482 - INFO - ================================================================================

2026-04-27 13:39:59,482 - INFO - ✓ ALL VALIDATIONS PASSED - Pop-up is working correctly!
2026-04-27 13:40:01,344 - INFO - Screenshot captured: reports\RUN_20260427_133948\screenshots\03_Popup_Immediate_2_133959.png
2026-04-27 13:40:01,344 - INFO - Screenshot 2 captured - Attempting validation...
2026-04-27 13:40:01,345 - INFO - 
================================================================================
2026-04-27 13:40:01,345 - INFO - STARTING COMPREHENSIVE POP-UP VALIDATION
2026-04-27 13:40:01,345 - INFO - ================================================================================
2026-04-27 13:40:01,370 - ERROR - VALIDATION FAILED: Pop-up element not found!
2026-04-27 13:40:01,778 - INFO - Screenshot captured: reports\RUN_20260427_133948\screenshots\03_Popup_Immediate_3_134001.png
2026-04-27 13:40:01,778 - INFO - Screenshot 3 captured - Attempting validation...
2026-04-27 13:40:01,778 - INFO - 
================================================================================
2026-04-27 13:40:01,778 - INFO - STARTING COMPREHENSIVE POP-UP VALIDATION
2026-04-27 13:40:01,778 - INFO - ================================================================================
2026-04-27 13:40:01,811 - ERROR - VALIDATION FAILED: Pop-up element not found!
2026-04-27 13:40:01,955 - INFO - Logging DOM elements AFTER login click (pop-up should appear here)...
2026-04-27 13:40:01,955 - INFO - 
================================================================================
2026-04-27 13:40:01,955 - INFO - DOM SNAPSHOT AT STAGE: After_Login_Click
2026-04-27 13:40:01,958 - INFO - ================================================================================
2026-04-27 13:40:01,993 - INFO - 
Searching for pop-up elements in page content...
2026-04-27 13:40:02,389 - WARNING - ⚠ No known pop-up selectors found. Checking all visible divs...
2026-04-27 13:40:02,481 - INFO - Total DIV elements on page: 29
2026-04-27 13:40:02,754 - INFO -   Visible DIV 1: class='header-right' id='no-id' text='English
French
Spanish
Quantum Toll Authority
supe'
2026-04-27 13:40:02,871 - INFO -   Visible DIV 2: class='nav-user' id='no-id' text='Quantum Toll Authority
superadmin_qm@yopmail.com'
2026-04-27 13:40:03,094 - INFO -   Visible DIV 3: class='nav-user-info' id='no-id' text='Quantum Toll Authority
superadmin_qm@yopmail.com'
2026-04-27 13:40:03,227 - INFO -   Visible DIV 4: class='uname' id='no-id' text='Quantum Toll Authority'
2026-04-27 13:40:03,346 - INFO -   Visible DIV 5: class='urole' id='no-id' text='superadmin_qm@yopmail.com'
2026-04-27 13:40:03,506 - INFO -   Visible DIV 6: class='main-container' id='no-id' text='dashboard_2
group
decimal_increase
admin_panel_set'
2026-04-27 13:40:03,652 - INFO -   Visible DIV 7: class='inner' id='no-id' text='dashboard_2'
2026-04-27 13:40:03,880 - INFO -   Visible DIV 8: class='inner' id='no-id' text='group'
2026-04-27 13:40:04,077 - INFO -   Visible DIV 9: class='inner' id='no-id' text='decimal_increase'
2026-04-27 13:40:04,352 - INFO -   Visible DIV 10: class='inner' id='no-id' text='admin_panel_settings'
2026-04-27 13:40:04,542 - INFO -   Visible DIV 11: class='inner' id='no-id' text='nest_doorbell_visitor'
2026-04-27 13:40:04,838 - INFO -   Visible DIV 12: class='inner' id='no-id' text='key_visualizer'
2026-04-27 13:40:04,880 - INFO - 
================================================================================

2026-04-27 13:40:05,176 - INFO - Screenshot captured: reports\RUN_20260427_133948\screenshots\02_Just_After_Login_Click_134004.png
2026-04-27 13:40:05,176 - INFO - Waiting for dashboard URL...
2026-04-27 13:40:05,176 - INFO - 
================================================================================
2026-04-27 13:40:05,176 - INFO - DOM SNAPSHOT AT STAGE: Before_Dashboard_Navigation
2026-04-27 13:40:05,176 - INFO - ================================================================================
2026-04-27 13:40:05,222 - INFO - 
Searching for pop-up elements in page content...
2026-04-27 13:40:05,605 - WARNING - ⚠ No known pop-up selectors found. Checking all visible divs...
2026-04-27 13:40:05,656 - INFO - Total DIV elements on page: 29
2026-04-27 13:40:05,941 - INFO -   Visible DIV 1: class='header-right' id='no-id' text='English
French
Spanish
Quantum Toll Authority
supe'
2026-04-27 13:40:06,089 - INFO -   Visible DIV 2: class='nav-user' id='no-id' text='Quantum Toll Authority
superadmin_qm@yopmail.com'
2026-04-27 13:40:06,307 - INFO -   Visible DIV 3: class='nav-user-info' id='no-id' text='Quantum Toll Authority
superadmin_qm@yopmail.com'
2026-04-27 13:40:06,458 - INFO -   Visible DIV 4: class='uname' id='no-id' text='Quantum Toll Authority'
2026-04-27 13:40:06,626 - INFO -   Visible DIV 5: class='urole' id='no-id' text='superadmin_qm@yopmail.com'
2026-04-27 13:40:06,767 - INFO -   Visible DIV 6: class='main-container' id='no-id' text='dashboard_2
group
decimal_increase
admin_panel_set'
2026-04-27 13:40:06,881 - INFO -   Visible DIV 7: class='inner' id='no-id' text='dashboard_2'
2026-04-27 13:40:07,039 - INFO -   Visible DIV 8: class='inner' id='no-id' text='group'
2026-04-27 13:40:07,272 - INFO -   Visible DIV 9: class='inner' id='no-id' text='decimal_increase'
2026-04-27 13:40:07,464 - INFO -   Visible DIV 10: class='inner' id='no-id' text='admin_panel_settings'
2026-04-27 13:40:07,708 - INFO -   Visible DIV 11: class='inner' id='no-id' text='nest_doorbell_visitor'
2026-04-27 13:40:07,889 - INFO -   Visible DIV 12: class='inner' id='no-id' text='key_visualizer'
2026-04-27 13:40:07,950 - INFO - 
================================================================================

2026-04-27 13:40:08,006 - INFO - Login SUCCESS: Dashboard URL reached.
2026-04-27 13:40:08,532 - INFO - 
================================================================================
2026-04-27 13:40:08,532 - INFO - DOM SNAPSHOT AT STAGE: After_Dashboard_Loaded
2026-04-27 13:40:08,532 - INFO - ================================================================================
2026-04-27 13:40:08,589 - INFO - 
Searching for pop-up elements in page content...
2026-04-27 13:40:08,872 - WARNING - ⚠ No known pop-up selectors found. Checking all visible divs...
2026-04-27 13:40:08,918 - INFO - Total DIV elements on page: 29
2026-04-27 13:40:09,130 - INFO -   Visible DIV 1: class='header-right' id='no-id' text='English
French
Spanish
Quantum Toll Authority
supe'
2026-04-27 13:40:09,239 - INFO -   Visible DIV 2: class='nav-user' id='no-id' text='Quantum Toll Authority
superadmin_qm@yopmail.com'
2026-04-27 13:40:09,394 - INFO -   Visible DIV 3: class='nav-user-info' id='no-id' text='Quantum Toll Authority
superadmin_qm@yopmail.com'
2026-04-27 13:40:09,473 - INFO -   Visible DIV 4: class='uname' id='no-id' text='Quantum Toll Authority'
2026-04-27 13:40:09,583 - INFO -   Visible DIV 5: class='urole' id='no-id' text='superadmin_qm@yopmail.com'
2026-04-27 13:40:09,689 - INFO -   Visible DIV 6: class='main-container' id='no-id' text='dashboard_2
group
decimal_increase
admin_panel_set'
2026-04-27 13:40:09,818 - INFO -   Visible DIV 7: class='inner' id='no-id' text='dashboard_2'
2026-04-27 13:40:09,936 - INFO -   Visible DIV 8: class='inner' id='no-id' text='group'
2026-04-27 13:40:10,073 - INFO -   Visible DIV 9: class='inner' id='no-id' text='decimal_increase'
2026-04-27 13:40:10,184 - INFO -   Visible DIV 10: class='inner' id='no-id' text='admin_panel_settings'
2026-04-27 13:40:10,314 - INFO -   Visible DIV 11: class='inner' id='no-id' text='nest_doorbell_visitor'
2026-04-27 13:40:10,456 - INFO -   Visible DIV 12: class='inner' id='no-id' text='key_visualizer'
2026-04-27 13:40:10,489 - INFO - 
================================================================================

2026-04-27 13:40:10,489 - INFO - Checking for dashboard header 'Welcome to QM Toll portal!'...
2026-04-27 13:40:10,589 - INFO - ✅ Dashboard header found with selector: h4:has-text("Welcome to QM Toll portal!")
2026-04-27 13:40:10,589 - INFO -    Header text: 'Welcome to QM Toll portal!'
2026-04-27 13:40:10,589 - INFO - ✅ DASHBOARD VALIDATION PASSED: 'Welcome to QM Toll portal!' header found
2026-04-27 13:40:10,818 - INFO - Screenshot captured: reports\RUN_20260427_133948\screenshots\01_Login_Success_Dashboard_134010.png
2026-04-27 13:40:11,187 - INFO - Step 1: Navigating and Starting Onboarding...
2026-04-27 13:40:11,188 - INFO - Executing Sidebar Navigation Sequence...
2026-04-27 13:40:26,224 - ERROR - Navigation Failure: Timeout 15000ms exceeded.
2026-04-27 14:36:20,849 - INFO - Navigating to Login Page: http://operator-qa.qmaastech.com/
2026-04-27 14:36:20,852 - INFO - Navigating to: http://operator-qa.qmaastech.com/
2026-04-27 14:36:23,732 - INFO - Attempting login for user: superadmin_qm@yopmail.com
2026-04-27 14:36:25,475 - INFO - Logging DOM elements BEFORE login click...
2026-04-27 14:36:25,476 - INFO - 
================================================================================
2026-04-27 14:36:25,476 - INFO - DOM SNAPSHOT AT STAGE: Before_Login
2026-04-27 14:36:25,476 - INFO - ================================================================================
2026-04-27 14:36:25,500 - INFO - 
Searching for pop-up elements in page content...
2026-04-27 14:36:25,888 - WARNING - ⚠ No known pop-up selectors found. Checking all visible divs...
2026-04-27 14:36:25,968 - INFO - Total DIV elements on page: 21
2026-04-27 14:36:26,631 - INFO -   Visible DIV 1: class='hero-pills' id='no-id' text='bolt
Real-time
smart_toy
AI-driven
hub
Multi-agenc'
2026-04-27 14:36:26,832 - INFO -   Visible DIV 2: class='auth-panel' id='no-id' text='Welcome Back

Sign in to your account to continue
'
2026-04-27 14:36:26,991 - INFO -   Visible DIV 3: class='auth-card' id='no-id' text='Welcome Back

Sign in to your account to continue
'
2026-04-27 14:36:27,129 - INFO -   Visible DIV 4: class='auth-step' id='no-id' text='Welcome Back

Sign in to your account to continue
'
2026-04-27 14:36:27,299 - INFO -   Visible DIV 5: class='field-wrap' id='no-id' text='Email ID / Username *
person'
2026-04-27 14:36:27,426 - INFO -   Visible DIV 6: class='input-shell' id='no-id' text='person'
2026-04-27 14:36:27,521 - INFO -   Visible DIV 7: class='field-wrap' id='no-id' text='Password *
lock
visibility_off'
2026-04-27 14:36:27,597 - INFO -   Visible DIV 8: class='input-shell' id='no-id' text='lock
visibility_off'
2026-04-27 14:36:27,690 - INFO -   Visible DIV 9: class='auth-bottom-links' id='no-id' text='New user?  Access Account

Forgot password?'
2026-04-27 14:36:27,756 - INFO - 
================================================================================

2026-04-27 14:36:28,352 - INFO - Login button clicked.
2026-04-27 14:36:28,354 - INFO - Taking rapid screenshots and validating pop-up...
2026-04-27 14:36:28,907 - INFO - Screenshot captured: reports\RUN_20260427_143617\screenshots\03_Popup_Immediate_1_143628.png
2026-04-27 14:36:28,914 - INFO - Screenshot 1 captured - Attempting validation...
2026-04-27 14:36:28,914 - INFO - 
================================================================================
2026-04-27 14:36:28,914 - INFO - STARTING COMPREHENSIVE POP-UP VALIDATION
2026-04-27 14:36:28,914 - INFO - ================================================================================
2026-04-27 14:36:28,931 - INFO - 
[VALIDATION 1] Checking Pop-up Visibility...
2026-04-27 14:36:28,998 - INFO -   Visibility Status: True
2026-04-27 14:36:29,000 - INFO -   PASSED: Pop-up is visible
2026-04-27 14:36:29,000 - INFO - 
[VALIDATION 2] Extracting and Validating Text Content...
2026-04-27 14:36:29,034 - INFO -   Extracted Text: 'Login Successful'
2026-04-27 14:36:29,042 - INFO -   PASSED: Text matches exactly: 'Login Successful'
2026-04-27 14:36:29,042 - INFO - 
[VALIDATION 3] Checking for Typos...
2026-04-27 14:36:29,042 - INFO -   PASSED: No known typos detected
2026-04-27 14:36:29,042 - INFO - 
[VALIDATION 4] Extracting CSS Classes and Attributes...
2026-04-27 14:36:29,087 - INFO -   CSS Classes: snackbar success-snackbar
2026-04-27 14:36:29,087 - INFO -   PASSED: 'success' class is present
2026-04-27 14:36:29,087 - INFO - 
[VALIDATION 5] Checking Element Properties...
2026-04-27 14:36:29,214 - INFO -   ID: Not set
2026-04-27 14:36:29,217 - INFO -   Data-TestID: Not set
2026-04-27 14:36:29,217 - INFO -   Role: Not set
2026-04-27 14:36:29,219 - INFO -   ARIA Label: Not set
2026-04-27 14:36:29,219 - INFO - 
[VALIDATION 6] Checking Position and Size...
2026-04-27 14:36:29,374 - WARNING -   WARNING: Could not get bounding box
2026-04-27 14:36:29,376 - INFO - 
[VALIDATION 7] Checking Computed Styles...
2026-04-27 14:36:29,403 - ERROR - Validation error: TypeError: Failed to execute 'getComputedStyle' on 'Window': parameter 1 is not of type 'Element'.
    at eval (eval at evaluate (:226:30), <anonymous>:1:8)
    at eval (<anonymous>)
    at UtilityScript.evaluate (<anonymous>:226:30)
    at UtilityScript.<anonymous> (<anonymous>:1:44)
2026-04-27 14:36:29,409 - WARNING -   WARNING: Could not check computed styles - element may have disappeared
2026-04-27 14:36:29,409 - INFO - 
================================================================================
2026-04-27 14:36:29,409 - INFO - POP-UP VALIDATION SUMMARY
2026-04-27 14:36:29,409 - INFO - ================================================================================
2026-04-27 14:36:29,411 - INFO -   Visibility: PASSED
2026-04-27 14:36:29,411 - INFO -   Text Match: PASSED
2026-04-27 14:36:29,411 - INFO -   Typo Check: PASSED
2026-04-27 14:36:29,411 - INFO -   CSS Classes: Present
2026-04-27 14:36:29,413 - INFO -   Position & Size: Valid
2026-04-27 14:36:29,413 - INFO -   Computed Styles: Valid
2026-04-27 14:36:29,413 - INFO - ================================================================================

2026-04-27 14:36:29,413 - INFO - ✓ ALL VALIDATIONS PASSED - Pop-up is working correctly!
2026-04-27 14:36:31,161 - INFO - Screenshot captured: reports\RUN_20260427_143617\screenshots\03_Popup_Immediate_2_143629.png
2026-04-27 14:36:31,164 - INFO - Screenshot 2 captured - Attempting validation...
2026-04-27 14:36:31,165 - INFO - 
================================================================================
2026-04-27 14:36:31,166 - INFO - STARTING COMPREHENSIVE POP-UP VALIDATION
2026-04-27 14:36:31,166 - INFO - ================================================================================
2026-04-27 14:36:31,194 - ERROR - VALIDATION FAILED: Pop-up element not found!
2026-04-27 14:36:31,628 - INFO - Screenshot captured: reports\RUN_20260427_143617\screenshots\03_Popup_Immediate_3_143631.png
2026-04-27 14:36:31,630 - INFO - Screenshot 3 captured - Attempting validation...
2026-04-27 14:36:31,631 - INFO - 
================================================================================
2026-04-27 14:36:31,631 - INFO - STARTING COMPREHENSIVE POP-UP VALIDATION
2026-04-27 14:36:31,631 - INFO - ================================================================================
2026-04-27 14:36:31,660 - ERROR - VALIDATION FAILED: Pop-up element not found!
2026-04-27 14:36:31,800 - INFO - Logging DOM elements AFTER login click (pop-up should appear here)...
2026-04-27 14:36:31,800 - INFO - 
================================================================================
2026-04-27 14:36:31,800 - INFO - DOM SNAPSHOT AT STAGE: After_Login_Click
2026-04-27 14:36:31,800 - INFO - ================================================================================
2026-04-27 14:36:31,835 - INFO - 
Searching for pop-up elements in page content...
2026-04-27 14:36:32,236 - WARNING - ⚠ No known pop-up selectors found. Checking all visible divs...
2026-04-27 14:36:32,319 - INFO - Total DIV elements on page: 29
2026-04-27 14:36:32,570 - INFO -   Visible DIV 1: class='header-right' id='no-id' text='English
French
Spanish
Quantum Toll Authority
supe'
2026-04-27 14:36:32,694 - INFO -   Visible DIV 2: class='nav-user' id='no-id' text='Quantum Toll Authority
superadmin_qm@yopmail.com'
2026-04-27 14:36:32,888 - INFO -   Visible DIV 3: class='nav-user-info' id='no-id' text='Quantum Toll Authority
superadmin_qm@yopmail.com'
2026-04-27 14:36:33,014 - INFO -   Visible DIV 4: class='uname' id='no-id' text='Quantum Toll Authority'
2026-04-27 14:36:33,142 - INFO -   Visible DIV 5: class='urole' id='no-id' text='superadmin_qm@yopmail.com'
2026-04-27 14:36:33,310 - INFO -   Visible DIV 6: class='main-container' id='no-id' text='dashboard_2
group
decimal_increase
admin_panel_set'
2026-04-27 14:36:33,420 - INFO -   Visible DIV 7: class='inner' id='no-id' text='dashboard_2'
2026-04-27 14:36:33,534 - INFO -   Visible DIV 8: class='inner' id='no-id' text='group'
2026-04-27 14:36:33,671 - INFO -   Visible DIV 9: class='inner' id='no-id' text='decimal_increase'
2026-04-27 14:36:33,822 - INFO -   Visible DIV 10: class='inner' id='no-id' text='admin_panel_settings'
2026-04-27 14:36:33,952 - INFO -   Visible DIV 11: class='inner' id='no-id' text='nest_doorbell_visitor'
2026-04-27 14:36:34,160 - INFO -   Visible DIV 12: class='inner' id='no-id' text='key_visualizer'
2026-04-27 14:36:34,220 - INFO - 
================================================================================

2026-04-27 14:36:34,451 - INFO - Screenshot captured: reports\RUN_20260427_143617\screenshots\02_Just_After_Login_Click_143634.png
2026-04-27 14:36:34,451 - INFO - Waiting for dashboard URL...
2026-04-27 14:36:34,451 - INFO - 
================================================================================
2026-04-27 14:36:34,458 - INFO - DOM SNAPSHOT AT STAGE: Before_Dashboard_Navigation
2026-04-27 14:36:34,458 - INFO - ================================================================================
2026-04-27 14:36:34,490 - INFO - 
Searching for pop-up elements in page content...
2026-04-27 14:36:34,726 - WARNING - ⚠ No known pop-up selectors found. Checking all visible divs...
2026-04-27 14:36:34,766 - INFO - Total DIV elements on page: 29
2026-04-27 14:36:34,946 - INFO -   Visible DIV 1: class='header-right' id='no-id' text='English
French
Spanish
Quantum Toll Authority
supe'
2026-04-27 14:36:35,047 - INFO -   Visible DIV 2: class='nav-user' id='no-id' text='Quantum Toll Authority
superadmin_qm@yopmail.com'
2026-04-27 14:36:35,208 - INFO -   Visible DIV 3: class='nav-user-info' id='no-id' text='Quantum Toll Authority
superadmin_qm@yopmail.com'
2026-04-27 14:36:35,310 - INFO -   Visible DIV 4: class='uname' id='no-id' text='Quantum Toll Authority'
2026-04-27 14:36:35,400 - INFO -   Visible DIV 5: class='urole' id='no-id' text='superadmin_qm@yopmail.com'
2026-04-27 14:36:35,492 - INFO -   Visible DIV 6: class='main-container' id='no-id' text='dashboard_2
group
decimal_increase
admin_panel_set'
2026-04-27 14:36:35,597 - INFO -   Visible DIV 7: class='inner' id='no-id' text='dashboard_2'
2026-04-27 14:36:35,734 - INFO -   Visible DIV 8: class='inner' id='no-id' text='group'
2026-04-27 14:36:35,935 - INFO -   Visible DIV 9: class='inner' id='no-id' text='decimal_increase'
2026-04-27 14:36:36,101 - INFO -   Visible DIV 10: class='inner' id='no-id' text='admin_panel_settings'
2026-04-27 14:36:36,357 - INFO -   Visible DIV 11: class='inner' id='no-id' text='nest_doorbell_visitor'
2026-04-27 14:36:36,525 - INFO -   Visible DIV 12: class='inner' id='no-id' text='key_visualizer'
2026-04-27 14:36:36,569 - INFO - 
================================================================================

2026-04-27 14:36:36,623 - INFO - Login SUCCESS: Dashboard URL reached.
2026-04-27 14:36:37,176 - INFO - 
================================================================================
2026-04-27 14:36:37,176 - INFO - DOM SNAPSHOT AT STAGE: After_Dashboard_Loaded
2026-04-27 14:36:37,177 - INFO - ================================================================================
2026-04-27 14:36:37,209 - INFO - 
Searching for pop-up elements in page content...
2026-04-27 14:36:37,681 - WARNING - ⚠ No known pop-up selectors found. Checking all visible divs...
2026-04-27 14:36:37,776 - INFO - Total DIV elements on page: 29
2026-04-27 14:36:38,014 - INFO -   Visible DIV 1: class='header-right' id='no-id' text='English
French
Spanish
Quantum Toll Authority
supe'
2026-04-27 14:36:38,126 - INFO -   Visible DIV 2: class='nav-user' id='no-id' text='Quantum Toll Authority
superadmin_qm@yopmail.com'
2026-04-27 14:36:38,261 - INFO -   Visible DIV 3: class='nav-user-info' id='no-id' text='Quantum Toll Authority
superadmin_qm@yopmail.com'
2026-04-27 14:36:38,347 - INFO -   Visible DIV 4: class='uname' id='no-id' text='Quantum Toll Authority'
2026-04-27 14:36:38,414 - INFO -   Visible DIV 5: class='urole' id='no-id' text='superadmin_qm@yopmail.com'
2026-04-27 14:36:38,513 - INFO -   Visible DIV 6: class='main-container' id='no-id' text='dashboard_2
group
decimal_increase
admin_panel_set'
2026-04-27 14:36:38,613 - INFO -   Visible DIV 7: class='inner' id='no-id' text='dashboard_2'
2026-04-27 14:36:38,717 - INFO -   Visible DIV 8: class='inner' id='no-id' text='group'
2026-04-27 14:36:38,863 - INFO -   Visible DIV 9: class='inner' id='no-id' text='decimal_increase'
2026-04-27 14:36:38,981 - INFO -   Visible DIV 10: class='inner' id='no-id' text='admin_panel_settings'
2026-04-27 14:36:39,080 - INFO -   Visible DIV 11: class='inner' id='no-id' text='nest_doorbell_visitor'
2026-04-27 14:36:39,198 - INFO -   Visible DIV 12: class='inner' id='no-id' text='key_visualizer'
2026-04-27 14:36:39,215 - INFO - 
================================================================================

2026-04-27 14:36:39,215 - INFO - Checking for dashboard header 'Welcome to QM Toll portal!'...
2026-04-27 14:36:39,298 - INFO - ✅ Dashboard header found with selector: h4:has-text("Welcome to QM Toll portal!")
2026-04-27 14:36:39,298 - INFO -    Header text: 'Welcome to QM Toll portal!'
2026-04-27 14:36:39,298 - INFO - ✅ DASHBOARD VALIDATION PASSED: 'Welcome to QM Toll portal!' header found
2026-04-27 14:36:39,501 - INFO - Screenshot captured: reports\RUN_20260427_143617\screenshots\01_Login_Success_Dashboard_143639.png
2026-04-27 14:36:39,880 - INFO - Step 1: Navigating and Starting Onboarding...
2026-04-27 14:36:39,883 - INFO - Executing Sidebar Navigation Sequence...
2026-04-27 14:36:54,911 - ERROR - Navigation Failure: Timeout 15000ms exceeded.
2026-04-27 14:41:51,500 - INFO - Navigating to Login Page: http://operator-qa.qmaastech.com/
2026-04-27 14:41:51,505 - INFO - Navigating to: http://operator-qa.qmaastech.com/
2026-04-27 14:41:54,588 - INFO - Attempting login for user: superadmin_qm@yopmail.com
2026-04-27 14:41:56,424 - INFO - Logging DOM elements BEFORE login click...
2026-04-27 14:41:56,424 - INFO - 
================================================================================
2026-04-27 14:41:56,428 - INFO - DOM SNAPSHOT AT STAGE: Before_Login
2026-04-27 14:41:56,431 - INFO - ================================================================================
2026-04-27 14:41:56,494 - INFO - 
Searching for pop-up elements in page content...
2026-04-27 14:41:56,888 - WARNING - ⚠ No known pop-up selectors found. Checking all visible divs...
2026-04-27 14:41:56,961 - INFO - Total DIV elements on page: 21
2026-04-27 14:41:57,606 - INFO -   Visible DIV 1: class='hero-pills' id='no-id' text='bolt
Real-time
smart_toy
AI-driven
hub
Multi-agenc'
2026-04-27 14:41:57,827 - INFO -   Visible DIV 2: class='auth-panel' id='no-id' text='Welcome Back

Sign in to your account to continue
'
2026-04-27 14:41:57,984 - INFO -   Visible DIV 3: class='auth-card' id='no-id' text='Welcome Back

Sign in to your account to continue
'
2026-04-27 14:41:58,110 - INFO -   Visible DIV 4: class='auth-step' id='no-id' text='Welcome Back

Sign in to your account to continue
'
2026-04-27 14:41:58,331 - INFO -   Visible DIV 5: class='field-wrap' id='no-id' text='Email ID / Username *
person'
2026-04-27 14:41:58,442 - INFO -   Visible DIV 6: class='input-shell' id='no-id' text='person'
2026-04-27 14:41:58,652 - INFO -   Visible DIV 7: class='field-wrap' id='no-id' text='Password *
lock
visibility_off'
2026-04-27 14:41:58,784 - INFO -   Visible DIV 8: class='input-shell' id='no-id' text='lock
visibility_off'
2026-04-27 14:41:58,958 - INFO -   Visible DIV 9: class='auth-bottom-links' id='no-id' text='New user?  Access Account

Forgot password?'
2026-04-27 14:41:59,045 - INFO - 
================================================================================

2026-04-27 14:41:59,682 - INFO - Login button clicked.
2026-04-27 14:41:59,682 - INFO - Taking rapid screenshots and validating pop-up...
2026-04-27 14:42:00,296 - INFO - Screenshot captured: reports\RUN_20260427_144148\screenshots\03_Popup_Immediate_1_144159.png
2026-04-27 14:42:00,297 - INFO - Screenshot 1 captured - Attempting validation...
2026-04-27 14:42:00,299 - INFO - 
================================================================================
2026-04-27 14:42:00,300 - INFO - STARTING COMPREHENSIVE POP-UP VALIDATION
2026-04-27 14:42:00,302 - INFO - ================================================================================
2026-04-27 14:42:00,377 - INFO - 
[VALIDATION 1] Checking Pop-up Visibility...
2026-04-27 14:42:00,409 - INFO -   Visibility Status: True
2026-04-27 14:42:00,409 - INFO -   PASSED: Pop-up is visible
2026-04-27 14:42:00,409 - INFO - 
[VALIDATION 2] Extracting and Validating Text Content...
2026-04-27 14:42:00,452 - INFO -   Extracted Text: 'Login Successful'
2026-04-27 14:42:00,452 - INFO -   PASSED: Text matches exactly: 'Login Successful'
2026-04-27 14:42:00,452 - INFO - 
[VALIDATION 3] Checking for Typos...
2026-04-27 14:42:00,452 - INFO -   PASSED: No known typos detected
2026-04-27 14:42:00,452 - INFO - 
[VALIDATION 4] Extracting CSS Classes and Attributes...
2026-04-27 14:42:00,499 - INFO -   CSS Classes: snackbar success-snackbar
2026-04-27 14:42:00,500 - INFO -   PASSED: 'success' class is present
2026-04-27 14:42:00,500 - INFO - 
[VALIDATION 5] Checking Element Properties...
2026-04-27 14:42:00,608 - INFO -   ID: Not set
2026-04-27 14:42:00,608 - INFO -   Data-TestID: Not set
2026-04-27 14:42:00,608 - INFO -   Role: Not set
2026-04-27 14:42:00,608 - INFO -   ARIA Label: Not set
2026-04-27 14:42:00,608 - INFO - 
[VALIDATION 6] Checking Position and Size...
2026-04-27 14:42:00,642 - INFO -   X: 1230, Y: 20
2026-04-27 14:42:00,642 - INFO -   Width: 250, Height: 43.5
2026-04-27 14:42:00,642 - INFO -   PASSED: Element has valid dimensions
2026-04-27 14:42:00,642 - INFO - 
[VALIDATION 7] Checking Computed Styles...
2026-04-27 14:42:00,697 - INFO -   Display: block
2026-04-27 14:42:00,697 - INFO -   Opacity: 1
2026-04-27 14:42:00,697 - INFO -   PASSED: Element is displayed with proper opacity
2026-04-27 14:42:00,697 - INFO - 
================================================================================
2026-04-27 14:42:00,697 - INFO - POP-UP VALIDATION SUMMARY
2026-04-27 14:42:00,701 - INFO - ================================================================================
2026-04-27 14:42:00,701 - INFO -   Visibility: PASSED
2026-04-27 14:42:00,702 - INFO -   Text Match: PASSED
2026-04-27 14:42:00,702 - INFO -   Typo Check: PASSED
2026-04-27 14:42:00,702 - INFO -   CSS Classes: Present
2026-04-27 14:42:00,702 - INFO -   Position & Size: Valid
2026-04-27 14:42:00,704 - INFO -   Computed Styles: Valid
2026-04-27 14:42:00,705 - INFO - ================================================================================

2026-04-27 14:42:00,705 - INFO - ✓ ALL VALIDATIONS PASSED - Pop-up is working correctly!
2026-04-27 14:42:01,141 - INFO - Screenshot captured: reports\RUN_20260427_144148\screenshots\03_Popup_Immediate_2_144200.png
2026-04-27 14:42:01,141 - INFO - Screenshot 2 captured - Attempting validation...
2026-04-27 14:42:01,141 - INFO - 
================================================================================
2026-04-27 14:42:01,141 - INFO - STARTING COMPREHENSIVE POP-UP VALIDATION
2026-04-27 14:42:01,141 - INFO - ================================================================================
2026-04-27 14:42:01,261 - ERROR - VALIDATION FAILED: Pop-up element not found!
2026-04-27 14:42:04,297 - INFO - Screenshot captured: reports\RUN_20260427_144148\screenshots\03_Popup_Immediate_3_144201.png
2026-04-27 14:42:04,300 - INFO - Screenshot 3 captured - Attempting validation...
2026-04-27 14:42:04,300 - INFO - 
================================================================================
2026-04-27 14:42:04,300 - INFO - STARTING COMPREHENSIVE POP-UP VALIDATION
2026-04-27 14:42:04,302 - INFO - ================================================================================
2026-04-27 14:42:04,329 - ERROR - VALIDATION FAILED: Pop-up element not found!
2026-04-27 14:42:04,458 - INFO - Logging DOM elements AFTER login click (pop-up should appear here)...
2026-04-27 14:42:04,458 - INFO - 
================================================================================
2026-04-27 14:42:04,458 - INFO - DOM SNAPSHOT AT STAGE: After_Login_Click
2026-04-27 14:42:04,458 - INFO - ================================================================================
2026-04-27 14:42:04,495 - INFO - 
Searching for pop-up elements in page content...
2026-04-27 14:42:05,048 - WARNING - ⚠ No known pop-up selectors found. Checking all visible divs...
2026-04-27 14:42:05,125 - INFO - Total DIV elements on page: 29
2026-04-27 14:42:05,394 - INFO -   Visible DIV 1: class='header-right' id='no-id' text='English
French
Spanish
Quantum Toll Authority
supe'
2026-04-27 14:42:05,515 - INFO -   Visible DIV 2: class='nav-user' id='no-id' text='Quantum Toll Authority
superadmin_qm@yopmail.com'
2026-04-27 14:42:05,720 - INFO -   Visible DIV 3: class='nav-user-info' id='no-id' text='Quantum Toll Authority
superadmin_qm@yopmail.com'
2026-04-27 14:42:05,896 - INFO -   Visible DIV 4: class='uname' id='no-id' text='Quantum Toll Authority'
2026-04-27 14:42:06,045 - INFO -   Visible DIV 5: class='urole' id='no-id' text='superadmin_qm@yopmail.com'
2026-04-27 14:42:06,193 - INFO -   Visible DIV 6: class='main-container' id='no-id' text='dashboard_2
group
decimal_increase
admin_panel_set'
2026-04-27 14:42:06,357 - INFO -   Visible DIV 7: class='inner' id='no-id' text='dashboard_2'
2026-04-27 14:42:06,516 - INFO -   Visible DIV 8: class='inner' id='no-id' text='group'
2026-04-27 14:42:06,727 - INFO -   Visible DIV 9: class='inner' id='no-id' text='decimal_increase'
2026-04-27 14:42:06,967 - INFO -   Visible DIV 10: class='inner' id='no-id' text='admin_panel_settings'
2026-04-27 14:42:07,204 - INFO -   Visible DIV 11: class='inner' id='no-id' text='nest_doorbell_visitor'
2026-04-27 14:42:07,437 - INFO -   Visible DIV 12: class='inner' id='no-id' text='key_visualizer'
2026-04-27 14:42:07,529 - INFO - 
================================================================================

2026-04-27 14:42:08,159 - INFO - Screenshot captured: reports\RUN_20260427_144148\screenshots\02_Just_After_Login_Click_144207.png
2026-04-27 14:42:08,159 - INFO - Waiting for dashboard URL...
2026-04-27 14:42:08,160 - INFO - 
================================================================================
2026-04-27 14:42:08,161 - INFO - DOM SNAPSHOT AT STAGE: Before_Dashboard_Navigation
2026-04-27 14:42:08,161 - INFO - ================================================================================
2026-04-27 14:42:08,210 - INFO - 
Searching for pop-up elements in page content...
2026-04-27 14:42:08,625 - WARNING - ⚠ No known pop-up selectors found. Checking all visible divs...
2026-04-27 14:42:08,688 - INFO - Total DIV elements on page: 29
2026-04-27 14:42:08,882 - INFO -   Visible DIV 1: class='header-right' id='no-id' text='English
French
Spanish
Quantum Toll Authority
supe'
2026-04-27 14:42:08,959 - INFO -   Visible DIV 2: class='nav-user' id='no-id' text='Quantum Toll Authority
superadmin_qm@yopmail.com'
2026-04-27 14:42:09,108 - INFO -   Visible DIV 3: class='nav-user-info' id='no-id' text='Quantum Toll Authority
superadmin_qm@yopmail.com'
2026-04-27 14:42:09,191 - INFO -   Visible DIV 4: class='uname' id='no-id' text='Quantum Toll Authority'
2026-04-27 14:42:09,273 - INFO -   Visible DIV 5: class='urole' id='no-id' text='superadmin_qm@yopmail.com'
2026-04-27 14:42:09,362 - INFO -   Visible DIV 6: class='main-container' id='no-id' text='dashboard_2
group
decimal_increase
admin_panel_set'
2026-04-27 14:42:09,450 - INFO -   Visible DIV 7: class='inner' id='no-id' text='dashboard_2'
2026-04-27 14:42:09,524 - INFO -   Visible DIV 8: class='inner' id='no-id' text='group'
2026-04-27 14:42:09,624 - INFO -   Visible DIV 9: class='inner' id='no-id' text='decimal_increase'
2026-04-27 14:42:09,726 - INFO -   Visible DIV 10: class='inner' id='no-id' text='admin_panel_settings'
2026-04-27 14:42:09,821 - INFO -   Visible DIV 11: class='inner' id='no-id' text='nest_doorbell_visitor'
2026-04-27 14:42:09,933 - INFO -   Visible DIV 12: class='inner' id='no-id' text='key_visualizer'
2026-04-27 14:42:09,953 - INFO - 
================================================================================

2026-04-27 14:42:09,975 - INFO - Login SUCCESS: Dashboard URL reached.
2026-04-27 14:42:10,488 - INFO - 
================================================================================
2026-04-27 14:42:10,490 - INFO - DOM SNAPSHOT AT STAGE: After_Dashboard_Loaded
2026-04-27 14:42:10,493 - INFO - ================================================================================
2026-04-27 14:42:10,519 - INFO - 
Searching for pop-up elements in page content...
2026-04-27 14:42:10,721 - WARNING - ⚠ No known pop-up selectors found. Checking all visible divs...
2026-04-27 14:42:10,774 - INFO - Total DIV elements on page: 29
2026-04-27 14:42:11,025 - INFO -   Visible DIV 1: class='header-right' id='no-id' text='English
French
Spanish
Quantum Toll Authority
supe'
2026-04-27 14:42:11,191 - INFO -   Visible DIV 2: class='nav-user' id='no-id' text='Quantum Toll Authority
superadmin_qm@yopmail.com'
2026-04-27 14:42:11,307 - INFO -   Visible DIV 3: class='nav-user-info' id='no-id' text='Quantum Toll Authority
superadmin_qm@yopmail.com'
2026-04-27 14:42:11,374 - INFO -   Visible DIV 4: class='uname' id='no-id' text='Quantum Toll Authority'
2026-04-27 14:42:11,450 - INFO -   Visible DIV 5: class='urole' id='no-id' text='superadmin_qm@yopmail.com'
2026-04-27 14:42:11,507 - INFO -   Visible DIV 6: class='main-container' id='no-id' text='dashboard_2
group
decimal_increase
admin_panel_set'
2026-04-27 14:42:11,568 - INFO -   Visible DIV 7: class='inner' id='no-id' text='dashboard_2'
2026-04-27 14:42:11,642 - INFO -   Visible DIV 8: class='inner' id='no-id' text='group'
2026-04-27 14:42:11,724 - INFO -   Visible DIV 9: class='inner' id='no-id' text='decimal_increase'
2026-04-27 14:42:11,840 - INFO -   Visible DIV 10: class='inner' id='no-id' text='admin_panel_settings'
2026-04-27 14:42:11,949 - INFO -   Visible DIV 11: class='inner' id='no-id' text='nest_doorbell_visitor'
2026-04-27 14:42:12,074 - INFO -   Visible DIV 12: class='inner' id='no-id' text='key_visualizer'
2026-04-27 14:42:12,099 - INFO - 
================================================================================

2026-04-27 14:42:12,099 - INFO - Checking for dashboard header 'Welcome to QM Toll portal!'...
2026-04-27 14:42:12,158 - INFO - ✅ Dashboard header found with selector: h4:has-text("Welcome to QM Toll portal!")
2026-04-27 14:42:12,158 - INFO -    Header text: 'Welcome to QM Toll portal!'
2026-04-27 14:42:12,158 - INFO - ✅ DASHBOARD VALIDATION PASSED: 'Welcome to QM Toll portal!' header found
2026-04-27 14:42:12,372 - INFO - Screenshot captured: reports\RUN_20260427_144148\screenshots\01_Login_Success_Dashboard_144212.png
2026-04-27 14:42:12,824 - INFO - Step 1: Navigating and Starting Onboarding...
2026-04-27 14:42:12,824 - INFO - Executing Sidebar Navigation Sequence...
2026-04-27 14:42:15,809 - INFO - Filling Step 1: Account Details...
2026-04-27 14:42:20,357 - INFO - Filled First Name: Neelofar
2026-04-27 14:42:21,593 - INFO - Filled Last Name: Rajan
2026-04-27 14:42:22,860 - INFO - Checked: Use Same for Billing
2026-04-27 14:42:24,099 - INFO - Checked: Use Same for Shipping
2026-04-27 14:42:25,312 - INFO - Checked: Primary Address
2026-04-27 14:42:29,196 - INFO - Filled Address: 123 Automation Blvd
2026-04-27 14:42:30,440 - INFO - Filled Zip Code: 12345
2026-04-27 14:42:32,225 - INFO - Filled Phone: 8730945581
2026-04-27 14:42:33,551 - INFO - Filled Email: neelofar.rajan76@testmail.com
2026-04-27 14:42:34,868 - INFO - Filled Confirm Email: neelofar.rajan76@testmail.com
2026-04-27 14:42:34,872 - INFO - Clicking Save & Next...
2026-04-27 14:42:35,549 - INFO - Step 1 Submitted.
2026-04-27 14:42:35,551 - INFO - Adding 1 Vehicle(s)...
2026-04-27 14:50:54,113 - INFO - Navigating to Login Page: http://operator-qa.qmaastech.com/
2026-04-27 14:50:54,114 - INFO - Navigating to: http://operator-qa.qmaastech.com/
2026-04-27 14:50:56,719 - INFO - Attempting login for user: superadmin_qm@yopmail.com
2026-04-27 14:50:58,397 - INFO - Logging DOM elements BEFORE login click...
2026-04-27 14:50:58,397 - INFO - 
================================================================================
2026-04-27 14:50:58,400 - INFO - DOM SNAPSHOT AT STAGE: Before_Login
2026-04-27 14:50:58,400 - INFO - ================================================================================
2026-04-27 14:50:58,441 - INFO - 
Searching for pop-up elements in page content...
2026-04-27 14:50:58,798 - WARNING - ⚠ No known pop-up selectors found. Checking all visible divs...
2026-04-27 14:50:58,835 - INFO - Total DIV elements on page: 21
2026-04-27 14:50:59,339 - INFO -   Visible DIV 1: class='hero-pills' id='no-id' text='bolt
Real-time
smart_toy
AI-driven
hub
Multi-agenc'
2026-04-27 14:50:59,476 - INFO -   Visible DIV 2: class='auth-panel' id='no-id' text='Welcome Back

Sign in to your account to continue
'
2026-04-27 14:50:59,572 - INFO -   Visible DIV 3: class='auth-card' id='no-id' text='Welcome Back

Sign in to your account to continue
'
2026-04-27 14:50:59,667 - INFO -   Visible DIV 4: class='auth-step' id='no-id' text='Welcome Back

Sign in to your account to continue
'
2026-04-27 14:50:59,788 - INFO -   Visible DIV 5: class='field-wrap' id='no-id' text='Email ID / Username *
person'
2026-04-27 14:50:59,879 - INFO -   Visible DIV 6: class='input-shell' id='no-id' text='person'
2026-04-27 14:50:59,959 - INFO -   Visible DIV 7: class='field-wrap' id='no-id' text='Password *
lock
visibility_off'
2026-04-27 14:51:00,070 - INFO -   Visible DIV 8: class='input-shell' id='no-id' text='lock
visibility_off'
2026-04-27 14:51:00,182 - INFO -   Visible DIV 9: class='auth-bottom-links' id='no-id' text='New user?  Access Account

Forgot password?'
2026-04-27 14:51:00,236 - INFO - 
================================================================================

2026-04-27 14:51:00,833 - INFO - Login button clicked.
2026-04-27 14:51:00,834 - INFO - Taking rapid screenshots and validating pop-up...
2026-04-27 14:51:01,453 - INFO - Screenshot captured: reports\RUN_20260427_145052\screenshots\03_Popup_Immediate_1_145100.png
2026-04-27 14:51:01,453 - INFO - Screenshot 1 captured - Attempting validation...
2026-04-27 14:51:01,453 - INFO - 
================================================================================
2026-04-27 14:51:01,453 - INFO - STARTING COMPREHENSIVE POP-UP VALIDATION
2026-04-27 14:51:01,453 - INFO - ================================================================================
2026-04-27 14:51:01,493 - INFO - 
[VALIDATION 1] Checking Pop-up Visibility...
2026-04-27 14:51:01,503 - INFO -   Visibility Status: True
2026-04-27 14:51:01,503 - INFO -   PASSED: Pop-up is visible
2026-04-27 14:51:01,503 - INFO - 
[VALIDATION 2] Extracting and Validating Text Content...
2026-04-27 14:51:01,539 - INFO -   Extracted Text: 'Login Successful'
2026-04-27 14:51:01,547 - INFO -   PASSED: Text matches exactly: 'Login Successful'
2026-04-27 14:51:01,547 - INFO - 
[VALIDATION 3] Checking for Typos...
2026-04-27 14:51:01,549 - INFO -   PASSED: No known typos detected
2026-04-27 14:51:01,549 - INFO - 
[VALIDATION 4] Extracting CSS Classes and Attributes...
2026-04-27 14:51:01,575 - INFO -   CSS Classes: snackbar success-snackbar
2026-04-27 14:51:01,575 - INFO -   PASSED: 'success' class is present
2026-04-27 14:51:01,575 - INFO - 
[VALIDATION 5] Checking Element Properties...
2026-04-27 14:51:01,669 - INFO -   ID: Not set
2026-04-27 14:51:01,669 - INFO -   Data-TestID: Not set
2026-04-27 14:51:01,669 - INFO -   Role: Not set
2026-04-27 14:51:01,669 - INFO -   ARIA Label: Not set
2026-04-27 14:51:01,669 - INFO - 
[VALIDATION 6] Checking Position and Size...
2026-04-27 14:51:01,685 - INFO -   X: 1230, Y: 20
2026-04-27 14:51:01,702 - INFO -   Width: 250, Height: 43.5
2026-04-27 14:51:01,702 - INFO -   PASSED: Element has valid dimensions
2026-04-27 14:51:01,702 - INFO - 
[VALIDATION 7] Checking Computed Styles...
2026-04-27 14:51:01,741 - INFO -   Display: block
2026-04-27 14:51:01,741 - INFO -   Opacity: 1
2026-04-27 14:51:01,741 - INFO -   PASSED: Element is displayed with proper opacity
2026-04-27 14:51:01,741 - INFO - 
================================================================================
2026-04-27 14:51:01,741 - INFO - POP-UP VALIDATION SUMMARY
2026-04-27 14:51:01,741 - INFO - ================================================================================
2026-04-27 14:51:01,750 - INFO -   Visibility: PASSED
2026-04-27 14:51:01,750 - INFO -   Text Match: PASSED
2026-04-27 14:51:01,750 - INFO -   Typo Check: PASSED
2026-04-27 14:51:01,751 - INFO -   CSS Classes: Present
2026-04-27 14:51:01,751 - INFO -   Position & Size: Valid
2026-04-27 14:51:01,752 - INFO -   Computed Styles: Valid
2026-04-27 14:51:01,752 - INFO - ================================================================================

2026-04-27 14:51:01,752 - INFO - ✓ ALL VALIDATIONS PASSED - Pop-up is working correctly!
2026-04-27 14:51:02,256 - INFO - Screenshot captured: reports\RUN_20260427_145052\screenshots\03_Popup_Immediate_2_145101.png
2026-04-27 14:51:02,266 - INFO - Screenshot 2 captured - Attempting validation...
2026-04-27 14:51:02,269 - INFO - 
================================================================================
2026-04-27 14:51:02,270 - INFO - STARTING COMPREHENSIVE POP-UP VALIDATION
2026-04-27 14:51:02,271 - INFO - ================================================================================
2026-04-27 14:51:02,288 - ERROR - VALIDATION FAILED: Pop-up element not found!
2026-04-27 14:51:03,562 - INFO - Screenshot captured: reports\RUN_20260427_145052\screenshots\03_Popup_Immediate_3_145102.png
2026-04-27 14:51:03,565 - INFO - Screenshot 3 captured - Attempting validation...
2026-04-27 14:51:03,565 - INFO - 
================================================================================
2026-04-27 14:51:03,565 - INFO - STARTING COMPREHENSIVE POP-UP VALIDATION
2026-04-27 14:51:03,565 - INFO - ================================================================================
2026-04-27 14:51:03,596 - ERROR - VALIDATION FAILED: Pop-up element not found!
2026-04-27 14:51:03,738 - INFO - Logging DOM elements AFTER login click (pop-up should appear here)...
2026-04-27 14:51:03,738 - INFO - 
================================================================================
2026-04-27 14:51:03,738 - INFO - DOM SNAPSHOT AT STAGE: After_Login_Click
2026-04-27 14:51:03,738 - INFO - ================================================================================
2026-04-27 14:51:03,764 - INFO - 
Searching for pop-up elements in page content...
2026-04-27 14:51:04,047 - WARNING - ⚠ No known pop-up selectors found. Checking all visible divs...
2026-04-27 14:51:04,106 - INFO - Total DIV elements on page: 29
2026-04-27 14:51:04,318 - INFO -   Visible DIV 1: class='header-right' id='no-id' text='English
French
Spanish
Quantum Toll Authority
supe'
2026-04-27 14:51:04,424 - INFO -   Visible DIV 2: class='nav-user' id='no-id' text='Quantum Toll Authority
superadmin_qm@yopmail.com'
2026-04-27 14:51:04,575 - INFO -   Visible DIV 3: class='nav-user-info' id='no-id' text='Quantum Toll Authority
superadmin_qm@yopmail.com'
2026-04-27 14:51:04,667 - INFO -   Visible DIV 4: class='uname' id='no-id' text='Quantum Toll Authority'
2026-04-27 14:51:04,765 - INFO -   Visible DIV 5: class='urole' id='no-id' text='superadmin_qm@yopmail.com'
2026-04-27 14:51:04,869 - INFO -   Visible DIV 6: class='main-container' id='no-id' text='dashboard_2
group
decimal_increase
admin_panel_set'
2026-04-27 14:51:04,978 - INFO -   Visible DIV 7: class='inner' id='no-id' text='dashboard_2'
2026-04-27 14:51:05,059 - INFO -   Visible DIV 8: class='inner' id='no-id' text='group'
2026-04-27 14:51:05,184 - INFO -   Visible DIV 9: class='inner' id='no-id' text='decimal_increase'
2026-04-27 14:51:05,313 - INFO -   Visible DIV 10: class='inner' id='no-id' text='admin_panel_settings'
2026-04-27 14:51:05,425 - INFO -   Visible DIV 11: class='inner' id='no-id' text='nest_doorbell_visitor'
2026-04-27 14:51:05,534 - INFO -   Visible DIV 12: class='inner' id='no-id' text='key_visualizer'
2026-04-27 14:51:05,560 - INFO - 
================================================================================

2026-04-27 14:51:05,897 - INFO - Screenshot captured: reports\RUN_20260427_145052\screenshots\02_Just_After_Login_Click_145105.png
2026-04-27 14:51:05,897 - INFO - Waiting for dashboard URL...
2026-04-27 14:51:05,898 - INFO - 
================================================================================
2026-04-27 14:51:05,898 - INFO - DOM SNAPSHOT AT STAGE: Before_Dashboard_Navigation
2026-04-27 14:51:05,898 - INFO - ================================================================================
2026-04-27 14:51:05,926 - INFO - 
Searching for pop-up elements in page content...
2026-04-27 14:51:06,154 - WARNING - ⚠ No known pop-up selectors found. Checking all visible divs...
2026-04-27 14:51:06,196 - INFO - Total DIV elements on page: 29
2026-04-27 14:51:06,353 - INFO -   Visible DIV 1: class='header-right' id='no-id' text='English
French
Spanish
Quantum Toll Authority
supe'
2026-04-27 14:51:06,437 - INFO -   Visible DIV 2: class='nav-user' id='no-id' text='Quantum Toll Authority
superadmin_qm@yopmail.com'
2026-04-27 14:51:06,547 - INFO -   Visible DIV 3: class='nav-user-info' id='no-id' text='Quantum Toll Authority
superadmin_qm@yopmail.com'
2026-04-27 14:51:06,621 - INFO -   Visible DIV 4: class='uname' id='no-id' text='Quantum Toll Authority'
2026-04-27 14:51:06,702 - INFO -   Visible DIV 5: class='urole' id='no-id' text='superadmin_qm@yopmail.com'
2026-04-27 14:51:06,778 - INFO -   Visible DIV 6: class='main-container' id='no-id' text='dashboard_2
group
decimal_increase
admin_panel_set'
2026-04-27 14:51:06,852 - INFO -   Visible DIV 7: class='inner' id='no-id' text='dashboard_2'
2026-04-27 14:51:06,920 - INFO -   Visible DIV 8: class='inner' id='no-id' text='group'
2026-04-27 14:51:07,007 - INFO -   Visible DIV 9: class='inner' id='no-id' text='decimal_increase'
2026-04-27 14:51:07,111 - INFO -   Visible DIV 10: class='inner' id='no-id' text='admin_panel_settings'
2026-04-27 14:51:07,206 - INFO -   Visible DIV 11: class='inner' id='no-id' text='nest_doorbell_visitor'
2026-04-27 14:51:07,309 - INFO -   Visible DIV 12: class='inner' id='no-id' text='key_visualizer'
2026-04-27 14:51:07,334 - INFO - 
================================================================================

2026-04-27 14:51:07,361 - INFO - Login SUCCESS: Dashboard URL reached.
2026-04-27 14:51:07,887 - INFO - 
================================================================================
2026-04-27 14:51:07,893 - INFO - DOM SNAPSHOT AT STAGE: After_Dashboard_Loaded
2026-04-27 14:51:07,895 - INFO - ================================================================================
2026-04-27 14:51:07,921 - INFO - 
Searching for pop-up elements in page content...
2026-04-27 14:51:08,152 - WARNING - ⚠ No known pop-up selectors found. Checking all visible divs...
2026-04-27 14:51:08,188 - INFO - Total DIV elements on page: 29
2026-04-27 14:51:08,337 - INFO -   Visible DIV 1: class='header-right' id='no-id' text='English
French
Spanish
Quantum Toll Authority
supe'
2026-04-27 14:51:08,406 - INFO -   Visible DIV 2: class='nav-user' id='no-id' text='Quantum Toll Authority
superadmin_qm@yopmail.com'
2026-04-27 14:51:08,531 - INFO -   Visible DIV 3: class='nav-user-info' id='no-id' text='Quantum Toll Authority
superadmin_qm@yopmail.com'
2026-04-27 14:51:08,604 - INFO -   Visible DIV 4: class='uname' id='no-id' text='Quantum Toll Authority'
2026-04-27 14:51:08,684 - INFO -   Visible DIV 5: class='urole' id='no-id' text='superadmin_qm@yopmail.com'
2026-04-27 14:51:08,771 - INFO -   Visible DIV 6: class='main-container' id='no-id' text='dashboard_2
group
decimal_increase
admin_panel_set'
2026-04-27 14:51:08,854 - INFO -   Visible DIV 7: class='inner' id='no-id' text='dashboard_2'
2026-04-27 14:51:08,936 - INFO -   Visible DIV 8: class='inner' id='no-id' text='group'
2026-04-27 14:51:09,062 - INFO -   Visible DIV 9: class='inner' id='no-id' text='decimal_increase'
2026-04-27 14:51:09,228 - INFO -   Visible DIV 10: class='inner' id='no-id' text='admin_panel_settings'
2026-04-27 14:51:09,404 - INFO -   Visible DIV 11: class='inner' id='no-id' text='nest_doorbell_visitor'
2026-04-27 14:51:09,555 - INFO -   Visible DIV 12: class='inner' id='no-id' text='key_visualizer'
2026-04-27 14:51:09,625 - INFO - 
================================================================================

2026-04-27 14:51:09,637 - INFO - Checking for dashboard header 'Welcome to QM Toll portal!'...
2026-04-27 14:51:09,726 - INFO - ✅ Dashboard header found with selector: h4:has-text("Welcome to QM Toll portal!")
2026-04-27 14:51:09,730 - INFO -    Header text: 'Welcome to QM Toll portal!'
2026-04-27 14:51:09,736 - INFO - ✅ DASHBOARD VALIDATION PASSED: 'Welcome to QM Toll portal!' header found
2026-04-27 14:51:10,003 - INFO - Screenshot captured: reports\RUN_20260427_145052\screenshots\01_Login_Success_Dashboard_145109.png
2026-04-27 14:51:10,927 - INFO - Step 1: Navigating and Starting Onboarding...
2026-04-27 14:51:10,927 - INFO - Step 0: Navigation
2026-04-27 14:51:12,788 - INFO - Step 1: Account Details
2026-04-27 14:51:16,117 - INFO - Filled First Name: Indrajit
2026-04-27 14:51:17,283 - INFO - Filled Last Name: Srinivasan
2026-04-27 14:51:37,271 - WARNING - Step 2 didn't load. Forcing click via JS...
2026-04-27 14:51:37,785 - INFO - Step 2: Adding 1 Vehicle(s)
2026-04-27 14:51:39,442 - INFO - Filled Plate: QA6083GP
2026-04-27 14:53:16,296 - INFO - Navigating to Login Page: http://operator-qa.qmaastech.com/
2026-04-27 14:53:16,297 - INFO - Navigating to: http://operator-qa.qmaastech.com/
2026-04-27 14:53:19,174 - INFO - Attempting login for user: superadmin_qm@yopmail.com
2026-04-27 14:53:20,856 - INFO - Logging DOM elements BEFORE login click...
2026-04-27 14:53:20,858 - INFO - 
================================================================================
2026-04-27 14:53:20,858 - INFO - DOM SNAPSHOT AT STAGE: Before_Login
2026-04-27 14:53:20,861 - INFO - ================================================================================
2026-04-27 14:53:21,095 - INFO - 
Searching for pop-up elements in page content...
2026-04-27 14:53:22,315 - WARNING - ⚠ No known pop-up selectors found. Checking all visible divs...
2026-04-27 14:53:22,546 - INFO - Total DIV elements on page: 21
2026-04-27 14:53:24,448 - INFO -   Visible DIV 1: class='hero-pills' id='no-id' text='bolt
Real-time
smart_toy
AI-driven
hub
Multi-agenc'
2026-04-27 14:53:24,936 - INFO -   Visible DIV 2: class='auth-panel' id='no-id' text='Welcome Back

Sign in to your account to continue
'
2026-04-27 14:53:25,159 - INFO -   Visible DIV 3: class='auth-card' id='no-id' text='Welcome Back

Sign in to your account to continue
'
2026-04-27 14:53:25,448 - INFO -   Visible DIV 4: class='auth-step' id='no-id' text='Welcome Back

Sign in to your account to continue
'
2026-04-27 14:53:26,154 - INFO -   Visible DIV 5: class='field-wrap' id='no-id' text='Email ID / Username *
person'
2026-04-27 14:53:26,523 - INFO -   Visible DIV 6: class='input-shell' id='no-id' text='person'
2026-04-27 14:53:26,844 - INFO -   Visible DIV 7: class='field-wrap' id='no-id' text='Password *
lock
visibility_off'
2026-04-27 14:53:27,158 - INFO -   Visible DIV 8: class='input-shell' id='no-id' text='lock
visibility_off'
2026-04-27 14:53:27,428 - INFO -   Visible DIV 9: class='auth-bottom-links' id='no-id' text='New user?  Access Account

Forgot password?'
2026-04-27 14:53:27,564 - INFO - 
================================================================================

2026-04-27 14:53:28,229 - INFO - Login button clicked.
2026-04-27 14:53:28,232 - INFO - Taking rapid screenshots and validating pop-up...
2026-04-27 14:53:29,154 - INFO - Screenshot captured: reports\RUN_20260427_145314\screenshots\03_Popup_Immediate_1_145328.png
2026-04-27 14:53:29,162 - INFO - Screenshot 1 captured - Attempting validation...
2026-04-27 14:53:29,165 - INFO - 
================================================================================
2026-04-27 14:53:29,167 - INFO - STARTING COMPREHENSIVE POP-UP VALIDATION
2026-04-27 14:53:29,170 - INFO - ================================================================================
2026-04-27 14:53:29,237 - INFO - 
[VALIDATION 1] Checking Pop-up Visibility...
2026-04-27 14:53:29,299 - INFO -   Visibility Status: True
2026-04-27 14:53:29,301 - INFO -   PASSED: Pop-up is visible
2026-04-27 14:53:29,301 - INFO - 
[VALIDATION 2] Extracting and Validating Text Content...
2026-04-27 14:53:29,349 - INFO -   Extracted Text: 'Login Successful'
2026-04-27 14:53:29,351 - INFO -   PASSED: Text matches exactly: 'Login Successful'
2026-04-27 14:53:29,351 - INFO - 
[VALIDATION 3] Checking for Typos...
2026-04-27 14:53:29,353 - INFO -   PASSED: No known typos detected
2026-04-27 14:53:29,362 - INFO - 
[VALIDATION 4] Extracting CSS Classes and Attributes...
2026-04-27 14:53:29,836 - INFO -   CSS Classes: snackbar success-snackbar
2026-04-27 14:53:29,839 - INFO -   PASSED: 'success' class is present
2026-04-27 14:53:29,841 - INFO - 
[VALIDATION 5] Checking Element Properties...
2026-04-27 14:53:30,175 - INFO -   ID: Not set
2026-04-27 14:53:30,179 - INFO -   Data-TestID: Not set
2026-04-27 14:53:30,179 - INFO -   Role: Not set
2026-04-27 14:53:30,181 - INFO -   ARIA Label: Not set
2026-04-27 14:53:30,186 - INFO - 
[VALIDATION 6] Checking Position and Size...
2026-04-27 14:53:30,254 - WARNING -   WARNING: Could not get bounding box
2026-04-27 14:53:30,256 - INFO - 
[VALIDATION 7] Checking Computed Styles...
2026-04-27 14:53:30,325 - ERROR - Validation error: TypeError: Failed to execute 'getComputedStyle' on 'Window': parameter 1 is not of type 'Element'.
    at eval (eval at evaluate (:226:30), <anonymous>:1:8)
    at eval (<anonymous>)
    at UtilityScript.evaluate (<anonymous>:226:30)
    at UtilityScript.<anonymous> (<anonymous>:1:44)
2026-04-27 14:53:30,327 - WARNING -   WARNING: Could not check computed styles - element may have disappeared
2026-04-27 14:53:30,329 - INFO - 
================================================================================
2026-04-27 14:53:30,331 - INFO - POP-UP VALIDATION SUMMARY
2026-04-27 14:53:30,331 - INFO - ================================================================================
2026-04-27 14:53:30,333 - INFO -   Visibility: PASSED
2026-04-27 14:53:30,335 - INFO -   Text Match: PASSED
2026-04-27 14:53:30,335 - INFO -   Typo Check: PASSED
2026-04-27 14:53:30,338 - INFO -   CSS Classes: Present
2026-04-27 14:53:30,340 - INFO -   Position & Size: Valid
2026-04-27 14:53:30,342 - INFO -   Computed Styles: Valid
2026-04-27 14:53:30,344 - INFO - ================================================================================

2026-04-27 14:53:30,346 - INFO - ✓ ALL VALIDATIONS PASSED - Pop-up is working correctly!
2026-04-27 14:53:34,054 - INFO - Screenshot captured: reports\RUN_20260427_145314\screenshots\03_Popup_Immediate_2_145330.png
2026-04-27 14:53:34,058 - INFO - Screenshot 2 captured - Attempting validation...
2026-04-27 14:53:34,060 - INFO - 
================================================================================
2026-04-27 14:53:34,062 - INFO - STARTING COMPREHENSIVE POP-UP VALIDATION
2026-04-27 14:53:34,062 - INFO - ================================================================================
2026-04-27 14:53:34,149 - ERROR - VALIDATION FAILED: Pop-up element not found!
2026-04-27 14:53:35,577 - INFO - Screenshot captured: reports\RUN_20260427_145314\screenshots\03_Popup_Immediate_3_145334.png
2026-04-27 14:53:35,581 - INFO - Screenshot 3 captured - Attempting validation...
2026-04-27 14:53:35,581 - INFO - 
================================================================================
2026-04-27 14:53:35,581 - INFO - STARTING COMPREHENSIVE POP-UP VALIDATION
2026-04-27 14:53:35,581 - INFO - ================================================================================
2026-04-27 14:53:35,627 - ERROR - VALIDATION FAILED: Pop-up element not found!
2026-04-27 14:53:35,766 - INFO - Logging DOM elements AFTER login click (pop-up should appear here)...
2026-04-27 14:53:35,766 - INFO - 
================================================================================
2026-04-27 14:53:35,766 - INFO - DOM SNAPSHOT AT STAGE: After_Login_Click
2026-04-27 14:53:35,770 - INFO - ================================================================================
2026-04-27 14:53:35,828 - INFO - 
Searching for pop-up elements in page content...
2026-04-27 14:53:36,348 - WARNING - ⚠ No known pop-up selectors found. Checking all visible divs...
2026-04-27 14:53:36,447 - INFO - Total DIV elements on page: 29
2026-04-27 14:53:36,790 - INFO -   Visible DIV 1: class='header-right' id='no-id' text='English
French
Spanish
Quantum Toll Authority
supe'
2026-04-27 14:53:36,947 - INFO -   Visible DIV 2: class='nav-user' id='no-id' text='Quantum Toll Authority
superadmin_qm@yopmail.com'
2026-04-27 14:53:37,187 - INFO -   Visible DIV 3: class='nav-user-info' id='no-id' text='Quantum Toll Authority
superadmin_qm@yopmail.com'
2026-04-27 14:53:37,343 - INFO -   Visible DIV 4: class='uname' id='no-id' text='Quantum Toll Authority'
2026-04-27 14:53:37,513 - INFO -   Visible DIV 5: class='urole' id='no-id' text='superadmin_qm@yopmail.com'
2026-04-27 14:53:37,689 - INFO -   Visible DIV 6: class='main-container' id='no-id' text='dashboard_2
group
decimal_increase
admin_panel_set'
2026-04-27 14:53:37,860 - INFO -   Visible DIV 7: class='inner' id='no-id' text='dashboard_2'
2026-04-27 14:53:38,069 - INFO -   Visible DIV 8: class='inner' id='no-id' text='group'
2026-04-27 14:53:38,279 - INFO -   Visible DIV 9: class='inner' id='no-id' text='decimal_increase'
2026-04-27 14:53:38,454 - INFO -   Visible DIV 10: class='inner' id='no-id' text='admin_panel_settings'
2026-04-27 14:53:38,617 - INFO -   Visible DIV 11: class='inner' id='no-id' text='nest_doorbell_visitor'
2026-04-27 14:53:38,792 - INFO -   Visible DIV 12: class='inner' id='no-id' text='key_visualizer'
2026-04-27 14:53:38,832 - INFO - 
================================================================================

2026-04-27 14:53:39,064 - INFO - Screenshot captured: reports\RUN_20260427_145314\screenshots\02_Just_After_Login_Click_145338.png
2026-04-27 14:53:39,065 - INFO - Waiting for dashboard URL...
2026-04-27 14:53:39,065 - INFO - 
================================================================================
2026-04-27 14:53:39,065 - INFO - DOM SNAPSHOT AT STAGE: Before_Dashboard_Navigation
2026-04-27 14:53:39,066 - INFO - ================================================================================
2026-04-27 14:53:39,106 - INFO - 
Searching for pop-up elements in page content...
2026-04-27 14:53:39,462 - WARNING - ⚠ No known pop-up selectors found. Checking all visible divs...
2026-04-27 14:53:39,505 - INFO - Total DIV elements on page: 29
2026-04-27 14:53:39,672 - INFO -   Visible DIV 1: class='header-right' id='no-id' text='English
French
Spanish
Quantum Toll Authority
supe'
2026-04-27 14:53:39,775 - INFO -   Visible DIV 2: class='nav-user' id='no-id' text='Quantum Toll Authority
superadmin_qm@yopmail.com'
2026-04-27 14:53:39,973 - INFO -   Visible DIV 3: class='nav-user-info' id='no-id' text='Quantum Toll Authority
superadmin_qm@yopmail.com'
2026-04-27 14:53:40,077 - INFO -   Visible DIV 4: class='uname' id='no-id' text='Quantum Toll Authority'
2026-04-27 14:53:40,199 - INFO -   Visible DIV 5: class='urole' id='no-id' text='superadmin_qm@yopmail.com'
2026-04-27 14:53:40,305 - INFO -   Visible DIV 6: class='main-container' id='no-id' text='dashboard_2
group
decimal_increase
admin_panel_set'
2026-04-27 14:53:40,392 - INFO -   Visible DIV 7: class='inner' id='no-id' text='dashboard_2'
2026-04-27 14:53:40,506 - INFO -   Visible DIV 8: class='inner' id='no-id' text='group'
2026-04-27 14:53:40,622 - INFO -   Visible DIV 9: class='inner' id='no-id' text='decimal_increase'
2026-04-27 14:53:40,759 - INFO -   Visible DIV 10: class='inner' id='no-id' text='admin_panel_settings'
2026-04-27 14:53:40,897 - INFO -   Visible DIV 11: class='inner' id='no-id' text='nest_doorbell_visitor'
2026-04-27 14:53:41,049 - INFO -   Visible DIV 12: class='inner' id='no-id' text='key_visualizer'
2026-04-27 14:53:41,081 - INFO - 
================================================================================

2026-04-27 14:53:41,120 - INFO - Login SUCCESS: Dashboard URL reached.
2026-04-27 14:53:41,659 - INFO - 
================================================================================
2026-04-27 14:53:41,659 - INFO - DOM SNAPSHOT AT STAGE: After_Dashboard_Loaded
2026-04-27 14:53:41,659 - INFO - ================================================================================
2026-04-27 14:53:41,703 - INFO - 
Searching for pop-up elements in page content...
2026-04-27 14:53:41,982 - WARNING - ⚠ No known pop-up selectors found. Checking all visible divs...
2026-04-27 14:53:42,044 - INFO - Total DIV elements on page: 29
2026-04-27 14:53:42,232 - INFO -   Visible DIV 1: class='header-right' id='no-id' text='English
French
Spanish
Quantum Toll Authority
supe'
2026-04-27 14:53:42,318 - INFO -   Visible DIV 2: class='nav-user' id='no-id' text='Quantum Toll Authority
superadmin_qm@yopmail.com'
2026-04-27 14:53:42,469 - INFO -   Visible DIV 3: class='nav-user-info' id='no-id' text='Quantum Toll Authority
superadmin_qm@yopmail.com'
2026-04-27 14:53:42,606 - INFO -   Visible DIV 4: class='uname' id='no-id' text='Quantum Toll Authority'
2026-04-27 14:53:42,715 - INFO -   Visible DIV 5: class='urole' id='no-id' text='superadmin_qm@yopmail.com'
2026-04-27 14:53:42,813 - INFO -   Visible DIV 6: class='main-container' id='no-id' text='dashboard_2
group
decimal_increase
admin_panel_set'
2026-04-27 14:53:42,928 - INFO -   Visible DIV 7: class='inner' id='no-id' text='dashboard_2'
2026-04-27 14:53:43,042 - INFO -   Visible DIV 8: class='inner' id='no-id' text='group'
2026-04-27 14:53:43,189 - INFO -   Visible DIV 9: class='inner' id='no-id' text='decimal_increase'
2026-04-27 14:53:43,288 - INFO -   Visible DIV 10: class='inner' id='no-id' text='admin_panel_settings'
2026-04-27 14:53:43,383 - INFO -   Visible DIV 11: class='inner' id='no-id' text='nest_doorbell_visitor'
2026-04-27 14:53:43,517 - INFO -   Visible DIV 12: class='inner' id='no-id' text='key_visualizer'
2026-04-27 14:53:43,554 - INFO - 
================================================================================

2026-04-27 14:53:43,555 - INFO - Checking for dashboard header 'Welcome to QM Toll portal!'...
2026-04-27 14:53:43,636 - INFO - ✅ Dashboard header found with selector: h4:has-text("Welcome to QM Toll portal!")
2026-04-27 14:53:43,638 - INFO -    Header text: 'Welcome to QM Toll portal!'
2026-04-27 14:53:43,638 - INFO - ✅ DASHBOARD VALIDATION PASSED: 'Welcome to QM Toll portal!' header found
2026-04-27 14:53:43,822 - INFO - Screenshot captured: reports\RUN_20260427_145314\screenshots\01_Login_Success_Dashboard_145343.png
2026-04-27 14:53:44,207 - INFO - Step 1: Navigating and Starting Onboarding...
2026-04-27 14:53:46,321 - INFO - Step 1: Account Details Start
2026-04-27 14:53:52,487 - INFO - Filled First Name: Zain
2026-04-27 14:53:53,731 - INFO - Filled Last Name: Mandal
2026-04-27 14:54:01,213 - INFO - Attempting transition to Vehicles page...
2026-04-27 14:54:13,118 - ERROR - TRANSITION FAILED. Attempting JS Force Click...
2026-04-27 14:54:13,506 - INFO - Step 2: Vehicles
2026-04-27 14:54:14,687 - INFO - Filled Plate: QA4793GP
2026-04-27 14:54:29,147 - INFO - Vehicle 1 added.
2026-04-27 14:58:34,411 - INFO - Navigating to Login Page: http://operator-qa.qmaastech.com/
2026-04-27 14:58:34,414 - INFO - Navigating to: http://operator-qa.qmaastech.com/
2026-04-27 14:58:38,151 - INFO - Attempting login for user: superadmin_qm@yopmail.com
2026-04-27 14:58:39,904 - INFO - Logging DOM elements BEFORE login click...
2026-04-27 14:58:39,904 - INFO - 
================================================================================
2026-04-27 14:58:39,904 - INFO - DOM SNAPSHOT AT STAGE: Before_Login
2026-04-27 14:58:39,904 - INFO - ================================================================================
2026-04-27 14:58:39,947 - INFO - 
Searching for pop-up elements in page content...
2026-04-27 14:58:40,214 - WARNING - ⚠ No known pop-up selectors found. Checking all visible divs...
2026-04-27 14:58:40,245 - INFO - Total DIV elements on page: 21
2026-04-27 14:58:40,946 - INFO -   Visible DIV 1: class='hero-pills' id='no-id' text='bolt
Real-time
smart_toy
AI-driven
hub
Multi-agenc'
2026-04-27 14:58:41,118 - INFO -   Visible DIV 2: class='auth-panel' id='no-id' text='Welcome Back

Sign in to your account to continue
'
2026-04-27 14:58:41,277 - INFO -   Visible DIV 3: class='auth-card' id='no-id' text='Welcome Back

Sign in to your account to continue
'
2026-04-27 14:58:41,395 - INFO -   Visible DIV 4: class='auth-step' id='no-id' text='Welcome Back

Sign in to your account to continue
'
2026-04-27 14:58:41,562 - INFO -   Visible DIV 5: class='field-wrap' id='no-id' text='Email ID / Username *
person'
2026-04-27 14:58:41,701 - INFO -   Visible DIV 6: class='input-shell' id='no-id' text='person'
2026-04-27 14:58:41,832 - INFO -   Visible DIV 7: class='field-wrap' id='no-id' text='Password *
lock
visibility_off'
2026-04-27 14:58:41,947 - INFO -   Visible DIV 8: class='input-shell' id='no-id' text='lock
visibility_off'
2026-04-27 14:58:42,086 - INFO -   Visible DIV 9: class='auth-bottom-links' id='no-id' text='New user?  Access Account

Forgot password?'
2026-04-27 14:58:42,150 - INFO - 
================================================================================

2026-04-27 14:58:42,748 - INFO - Login button clicked.
2026-04-27 14:58:42,748 - INFO - Taking rapid screenshots and validating pop-up...
2026-04-27 14:58:43,397 - INFO - Screenshot captured: reports\RUN_20260427_145831\screenshots\03_Popup_Immediate_1_145842.png
2026-04-27 14:58:43,397 - INFO - Screenshot 1 captured - Attempting validation...
2026-04-27 14:58:43,403 - INFO - 
================================================================================
2026-04-27 14:58:43,403 - INFO - STARTING COMPREHENSIVE POP-UP VALIDATION
2026-04-27 14:58:43,403 - INFO - ================================================================================
2026-04-27 14:58:43,429 - INFO - 
[VALIDATION 1] Checking Pop-up Visibility...
2026-04-27 14:58:43,450 - INFO -   Visibility Status: True
2026-04-27 14:58:43,450 - INFO -   PASSED: Pop-up is visible
2026-04-27 14:58:43,450 - INFO - 
[VALIDATION 2] Extracting and Validating Text Content...
2026-04-27 14:58:43,478 - INFO -   Extracted Text: 'Login Successful'
2026-04-27 14:58:43,478 - INFO -   PASSED: Text matches exactly: 'Login Successful'
2026-04-27 14:58:43,480 - INFO - 
[VALIDATION 3] Checking for Typos...
2026-04-27 14:58:43,480 - INFO -   PASSED: No known typos detected
2026-04-27 14:58:43,480 - INFO - 
[VALIDATION 4] Extracting CSS Classes and Attributes...
2026-04-27 14:58:43,499 - INFO -   CSS Classes: snackbar success-snackbar
2026-04-27 14:58:43,499 - INFO -   PASSED: 'success' class is present
2026-04-27 14:58:43,499 - INFO - 
[VALIDATION 5] Checking Element Properties...
2026-04-27 14:58:43,629 - INFO -   ID: Not set
2026-04-27 14:58:43,629 - INFO -   Data-TestID: Not set
2026-04-27 14:58:43,629 - INFO -   Role: Not set
2026-04-27 14:58:43,629 - INFO -   ARIA Label: Not set
2026-04-27 14:58:43,629 - INFO - 
[VALIDATION 6] Checking Position and Size...
2026-04-27 14:58:43,648 - INFO -   X: 1230, Y: 20
2026-04-27 14:58:43,648 - INFO -   Width: 250, Height: 43.5
2026-04-27 14:58:43,648 - INFO -   PASSED: Element has valid dimensions
2026-04-27 14:58:43,648 - INFO - 
[VALIDATION 7] Checking Computed Styles...
2026-04-27 14:58:43,805 - ERROR - Validation error: TypeError: Failed to execute 'getComputedStyle' on 'Window': parameter 1 is not of type 'Element'.
    at eval (eval at evaluate (:226:30), <anonymous>:1:8)
    at eval (<anonymous>)
    at UtilityScript.evaluate (<anonymous>:226:30)
    at UtilityScript.<anonymous> (<anonymous>:1:44)
2026-04-27 14:58:43,805 - WARNING -   WARNING: Could not check computed styles - element may have disappeared
2026-04-27 14:58:43,805 - INFO - 
================================================================================
2026-04-27 14:58:43,805 - INFO - POP-UP VALIDATION SUMMARY
2026-04-27 14:58:43,805 - INFO - ================================================================================
2026-04-27 14:58:43,805 - INFO -   Visibility: PASSED
2026-04-27 14:58:43,809 - INFO -   Text Match: PASSED
2026-04-27 14:58:43,809 - INFO -   Typo Check: PASSED
2026-04-27 14:58:43,809 - INFO -   CSS Classes: Present
2026-04-27 14:58:43,812 - INFO -   Position & Size: Valid
2026-04-27 14:58:43,812 - INFO -   Computed Styles: Valid
2026-04-27 14:58:43,812 - INFO - ================================================================================

2026-04-27 14:58:43,814 - INFO - ✓ ALL VALIDATIONS PASSED - Pop-up is working correctly!
2026-04-27 14:58:45,485 - INFO - Screenshot captured: reports\RUN_20260427_145831\screenshots\03_Popup_Immediate_2_145843.png
2026-04-27 14:58:45,485 - INFO - Screenshot 2 captured - Attempting validation...
2026-04-27 14:58:45,485 - INFO - 
================================================================================
2026-04-27 14:58:45,489 - INFO - STARTING COMPREHENSIVE POP-UP VALIDATION
2026-04-27 14:58:45,490 - INFO - ================================================================================
2026-04-27 14:58:45,516 - ERROR - VALIDATION FAILED: Pop-up element not found!
2026-04-27 14:58:45,939 - INFO - Screenshot captured: reports\RUN_20260427_145831\screenshots\03_Popup_Immediate_3_145845.png
2026-04-27 14:58:45,939 - INFO - Screenshot 3 captured - Attempting validation...
2026-04-27 14:58:45,939 - INFO - 
================================================================================
2026-04-27 14:58:45,939 - INFO - STARTING COMPREHENSIVE POP-UP VALIDATION
2026-04-27 14:58:45,945 - INFO - ================================================================================
2026-04-27 14:58:45,982 - ERROR - VALIDATION FAILED: Pop-up element not found!
2026-04-27 14:58:46,111 - INFO - Logging DOM elements AFTER login click (pop-up should appear here)...
2026-04-27 14:58:46,115 - INFO - 
================================================================================
2026-04-27 14:58:46,117 - INFO - DOM SNAPSHOT AT STAGE: After_Login_Click
2026-04-27 14:58:46,117 - INFO - ================================================================================
2026-04-27 14:58:46,159 - INFO - 
Searching for pop-up elements in page content...
2026-04-27 14:58:46,520 - WARNING - ⚠ No known pop-up selectors found. Checking all visible divs...
2026-04-27 14:58:46,577 - INFO - Total DIV elements on page: 29
2026-04-27 14:58:46,836 - INFO -   Visible DIV 1: class='header-right' id='no-id' text='English
French
Spanish
Quantum Toll Authority
supe'
2026-04-27 14:58:46,978 - INFO -   Visible DIV 2: class='nav-user' id='no-id' text='Quantum Toll Authority
superadmin_qm@yopmail.com'
2026-04-27 14:58:47,169 - INFO -   Visible DIV 3: class='nav-user-info' id='no-id' text='Quantum Toll Authority
superadmin_qm@yopmail.com'
2026-04-27 14:58:47,283 - INFO -   Visible DIV 4: class='uname' id='no-id' text='Quantum Toll Authority'
2026-04-27 14:58:47,420 - INFO -   Visible DIV 5: class='urole' id='no-id' text='superadmin_qm@yopmail.com'
2026-04-27 14:58:47,556 - INFO -   Visible DIV 6: class='main-container' id='no-id' text='dashboard_2
group
decimal_increase
admin_panel_set'
2026-04-27 14:58:47,669 - INFO -   Visible DIV 7: class='inner' id='no-id' text='dashboard_2'
2026-04-27 14:58:47,786 - INFO -   Visible DIV 8: class='inner' id='no-id' text='group'
2026-04-27 14:58:47,928 - INFO -   Visible DIV 9: class='inner' id='no-id' text='decimal_increase'
2026-04-27 14:58:48,069 - INFO -   Visible DIV 10: class='inner' id='no-id' text='admin_panel_settings'
2026-04-27 14:58:48,225 - INFO -   Visible DIV 11: class='inner' id='no-id' text='nest_doorbell_visitor'
2026-04-27 14:58:48,365 - INFO -   Visible DIV 12: class='inner' id='no-id' text='key_visualizer'
2026-04-27 14:58:48,381 - INFO - 
================================================================================

2026-04-27 14:58:48,542 - INFO - Screenshot captured: reports\RUN_20260427_145831\screenshots\02_Just_After_Login_Click_145848.png
2026-04-27 14:58:48,542 - INFO - Waiting for dashboard URL...
2026-04-27 14:58:48,542 - INFO - 
================================================================================
2026-04-27 14:58:48,542 - INFO - DOM SNAPSHOT AT STAGE: Before_Dashboard_Navigation
2026-04-27 14:58:48,542 - INFO - ================================================================================
2026-04-27 14:58:48,567 - INFO - 
Searching for pop-up elements in page content...
2026-04-27 14:58:48,758 - WARNING - ⚠ No known pop-up selectors found. Checking all visible divs...
2026-04-27 14:58:48,799 - INFO - Total DIV elements on page: 29
2026-04-27 14:58:48,934 - INFO -   Visible DIV 1: class='header-right' id='no-id' text='English
French
Spanish
Quantum Toll Authority
supe'
2026-04-27 14:58:49,008 - INFO -   Visible DIV 2: class='nav-user' id='no-id' text='Quantum Toll Authority
superadmin_qm@yopmail.com'
2026-04-27 14:58:49,107 - INFO -   Visible DIV 3: class='nav-user-info' id='no-id' text='Quantum Toll Authority
superadmin_qm@yopmail.com'
2026-04-27 14:58:49,173 - INFO -   Visible DIV 4: class='uname' id='no-id' text='Quantum Toll Authority'
2026-04-27 14:58:49,258 - INFO -   Visible DIV 5: class='urole' id='no-id' text='superadmin_qm@yopmail.com'
2026-04-27 14:58:49,429 - INFO -   Visible DIV 6: class='main-container' id='no-id' text='dashboard_2
group
decimal_increase
admin_panel_set'
2026-04-27 14:58:49,515 - INFO -   Visible DIV 7: class='inner' id='no-id' text='dashboard_2'
2026-04-27 14:58:49,615 - INFO -   Visible DIV 8: class='inner' id='no-id' text='group'
2026-04-27 14:58:49,856 - INFO -   Visible DIV 9: class='inner' id='no-id' text='decimal_increase'
2026-04-27 14:58:50,007 - INFO -   Visible DIV 10: class='inner' id='no-id' text='admin_panel_settings'
2026-04-27 14:58:50,209 - INFO -   Visible DIV 11: class='inner' id='no-id' text='nest_doorbell_visitor'
2026-04-27 14:58:50,388 - INFO -   Visible DIV 12: class='inner' id='no-id' text='key_visualizer'
2026-04-27 14:58:50,463 - INFO - 
================================================================================

2026-04-27 14:58:50,522 - INFO - Login SUCCESS: Dashboard URL reached.
2026-04-27 14:58:51,109 - INFO - 
================================================================================
2026-04-27 14:58:51,111 - INFO - DOM SNAPSHOT AT STAGE: After_Dashboard_Loaded
2026-04-27 14:58:51,113 - INFO - ================================================================================
2026-04-27 14:58:51,197 - INFO - 
Searching for pop-up elements in page content...
2026-04-27 14:58:51,580 - WARNING - ⚠ No known pop-up selectors found. Checking all visible divs...
2026-04-27 14:58:51,630 - INFO - Total DIV elements on page: 29
2026-04-27 14:58:51,914 - INFO -   Visible DIV 1: class='header-right' id='no-id' text='English
French
Spanish
Quantum Toll Authority
supe'
2026-04-27 14:58:52,048 - INFO -   Visible DIV 2: class='nav-user' id='no-id' text='Quantum Toll Authority
superadmin_qm@yopmail.com'
2026-04-27 14:58:52,180 - INFO -   Visible DIV 3: class='nav-user-info' id='no-id' text='Quantum Toll Authority
superadmin_qm@yopmail.com'
2026-04-27 14:58:52,247 - INFO -   Visible DIV 4: class='uname' id='no-id' text='Quantum Toll Authority'
2026-04-27 14:58:52,323 - INFO -   Visible DIV 5: class='urole' id='no-id' text='superadmin_qm@yopmail.com'
2026-04-27 14:58:52,388 - INFO -   Visible DIV 6: class='main-container' id='no-id' text='dashboard_2
group
decimal_increase
admin_panel_set'
2026-04-27 14:58:52,480 - INFO -   Visible DIV 7: class='inner' id='no-id' text='dashboard_2'
2026-04-27 14:58:52,580 - INFO -   Visible DIV 8: class='inner' id='no-id' text='group'
2026-04-27 14:58:52,680 - INFO -   Visible DIV 9: class='inner' id='no-id' text='decimal_increase'
2026-04-27 14:58:52,747 - INFO -   Visible DIV 10: class='inner' id='no-id' text='admin_panel_settings'
2026-04-27 14:58:52,823 - INFO -   Visible DIV 11: class='inner' id='no-id' text='nest_doorbell_visitor'
2026-04-27 14:58:52,880 - INFO -   Visible DIV 12: class='inner' id='no-id' text='key_visualizer'
2026-04-27 14:58:52,897 - INFO - 
================================================================================

2026-04-27 14:58:52,897 - INFO - Checking for dashboard header 'Welcome to QM Toll portal!'...
2026-04-27 14:58:52,947 - INFO - ✅ Dashboard header found with selector: h4:has-text("Welcome to QM Toll portal!")
2026-04-27 14:58:52,947 - INFO -    Header text: 'Welcome to QM Toll portal!'
2026-04-27 14:58:52,947 - INFO - ✅ DASHBOARD VALIDATION PASSED: 'Welcome to QM Toll portal!' header found
2026-04-27 14:58:53,193 - INFO - Screenshot captured: reports\RUN_20260427_145831\screenshots\01_Login_Success_Dashboard_145852.png
2026-04-27 14:58:53,642 - INFO - Step 1: Navigating and Starting Onboarding...
2026-04-27 14:58:53,645 - INFO - Navigating to Onboarding...
2026-04-27 14:58:55,571 - INFO - Step 1: Account Details
2026-04-27 14:58:59,398 - INFO - Filled First Name: Jivika
2026-04-27 14:59:00,658 - INFO - Filled Last Name: Halder
2026-04-27 14:59:18,842 - WARNING - Step 2 failed to load. Retrying Save & Next via JS...
2026-04-27 14:59:19,518 - INFO - Step 2: Adding 1 Vehicle(s)
2026-04-27 14:59:20,950 - INFO - Filled Plate: QA3884GP
2026-04-27 14:59:34,916 - INFO - Vehicle 1 added.
2026-04-27 15:00:51,408 - INFO - Navigating to Login Page: http://operator-qa.qmaastech.com/
2026-04-27 15:00:51,408 - INFO - Navigating to: http://operator-qa.qmaastech.com/
2026-04-27 15:00:54,308 - INFO - Attempting login for user: superadmin_qm@yopmail.com
2026-04-27 15:00:56,125 - INFO - Logging DOM elements BEFORE login click...
2026-04-27 15:00:56,125 - INFO - 
================================================================================
2026-04-27 15:00:56,125 - INFO - DOM SNAPSHOT AT STAGE: Before_Login
2026-04-27 15:00:56,129 - INFO - ================================================================================
2026-04-27 15:00:56,177 - INFO - 
Searching for pop-up elements in page content...
2026-04-27 15:00:56,508 - WARNING - ⚠ No known pop-up selectors found. Checking all visible divs...
2026-04-27 15:00:56,581 - INFO - Total DIV elements on page: 21
2026-04-27 15:00:57,122 - INFO -   Visible DIV 1: class='hero-pills' id='no-id' text='bolt
Real-time
smart_toy
AI-driven
hub
Multi-agenc'
2026-04-27 15:00:57,344 - INFO -   Visible DIV 2: class='auth-panel' id='no-id' text='Welcome Back

Sign in to your account to continue
'
2026-04-27 15:00:57,539 - INFO -   Visible DIV 3: class='auth-card' id='no-id' text='Welcome Back

Sign in to your account to continue
'
2026-04-27 15:00:57,660 - INFO -   Visible DIV 4: class='auth-step' id='no-id' text='Welcome Back

Sign in to your account to continue
'
2026-04-27 15:00:57,860 - INFO -   Visible DIV 5: class='field-wrap' id='no-id' text='Email ID / Username *
person'
2026-04-27 15:00:57,950 - INFO -   Visible DIV 6: class='input-shell' id='no-id' text='person'
2026-04-27 15:00:58,028 - INFO -   Visible DIV 7: class='field-wrap' id='no-id' text='Password *
lock
visibility_off'
2026-04-27 15:00:58,110 - INFO -   Visible DIV 8: class='input-shell' id='no-id' text='lock
visibility_off'
2026-04-27 15:00:58,215 - INFO -   Visible DIV 9: class='auth-bottom-links' id='no-id' text='New user?  Access Account

Forgot password?'
2026-04-27 15:00:58,250 - INFO - 
================================================================================

2026-04-27 15:00:58,828 - INFO - Login button clicked.
2026-04-27 15:00:58,831 - INFO - Taking rapid screenshots and validating pop-up...
2026-04-27 15:00:59,508 - INFO - Screenshot captured: reports\RUN_20260427_150049\screenshots\03_Popup_Immediate_1_150058.png
2026-04-27 15:00:59,508 - INFO - Screenshot 1 captured - Attempting validation...
2026-04-27 15:00:59,511 - INFO - 
================================================================================
2026-04-27 15:00:59,511 - INFO - STARTING COMPREHENSIVE POP-UP VALIDATION
2026-04-27 15:00:59,511 - INFO - ================================================================================
2026-04-27 15:00:59,534 - INFO - 
[VALIDATION 1] Checking Pop-up Visibility...
2026-04-27 15:00:59,550 - INFO -   Visibility Status: True
2026-04-27 15:00:59,550 - INFO -   PASSED: Pop-up is visible
2026-04-27 15:00:59,550 - INFO - 
[VALIDATION 2] Extracting and Validating Text Content...
2026-04-27 15:00:59,568 - INFO -   Extracted Text: 'Login Successful'
2026-04-27 15:00:59,568 - INFO -   PASSED: Text matches exactly: 'Login Successful'
2026-04-27 15:00:59,568 - INFO - 
[VALIDATION 3] Checking for Typos...
2026-04-27 15:00:59,568 - INFO -   PASSED: No known typos detected
2026-04-27 15:00:59,568 - INFO - 
[VALIDATION 4] Extracting CSS Classes and Attributes...
2026-04-27 15:00:59,601 - INFO -   CSS Classes: snackbar success-snackbar
2026-04-27 15:00:59,601 - INFO -   PASSED: 'success' class is present
2026-04-27 15:00:59,601 - INFO - 
[VALIDATION 5] Checking Element Properties...
2026-04-27 15:00:59,711 - INFO -   ID: Not set
2026-04-27 15:00:59,711 - INFO -   Data-TestID: Not set
2026-04-27 15:00:59,714 - INFO -   Role: Not set
2026-04-27 15:00:59,714 - INFO -   ARIA Label: Not set
2026-04-27 15:00:59,714 - INFO - 
[VALIDATION 6] Checking Position and Size...
2026-04-27 15:00:59,734 - INFO -   X: 1230, Y: 20
2026-04-27 15:00:59,734 - INFO -   Width: 250, Height: 43.5
2026-04-27 15:00:59,734 - INFO -   PASSED: Element has valid dimensions
2026-04-27 15:00:59,734 - INFO - 
[VALIDATION 7] Checking Computed Styles...
2026-04-27 15:00:59,786 - INFO -   Display: block
2026-04-27 15:00:59,786 - INFO -   Opacity: 1
2026-04-27 15:00:59,786 - INFO -   PASSED: Element is displayed with proper opacity
2026-04-27 15:00:59,797 - INFO - 
================================================================================
2026-04-27 15:00:59,797 - INFO - POP-UP VALIDATION SUMMARY
2026-04-27 15:00:59,798 - INFO - ================================================================================
2026-04-27 15:00:59,798 - INFO -   Visibility: PASSED
2026-04-27 15:00:59,798 - INFO -   Text Match: PASSED
2026-04-27 15:00:59,798 - INFO -   Typo Check: PASSED
2026-04-27 15:00:59,802 - INFO -   CSS Classes: Present
2026-04-27 15:00:59,802 - INFO -   Position & Size: Valid
2026-04-27 15:00:59,802 - INFO -   Computed Styles: Valid
2026-04-27 15:00:59,802 - INFO - ================================================================================

2026-04-27 15:00:59,804 - INFO - ✓ ALL VALIDATIONS PASSED - Pop-up is working correctly!
2026-04-27 15:01:00,241 - INFO - Screenshot captured: reports\RUN_20260427_150049\screenshots\03_Popup_Immediate_2_150059.png
2026-04-27 15:01:00,241 - INFO - Screenshot 2 captured - Attempting validation...
2026-04-27 15:01:00,241 - INFO - 
================================================================================
2026-04-27 15:01:00,241 - INFO - STARTING COMPREHENSIVE POP-UP VALIDATION
2026-04-27 15:01:00,245 - INFO - ================================================================================
2026-04-27 15:01:00,266 - ERROR - VALIDATION FAILED: Pop-up element not found!
2026-04-27 15:01:01,619 - INFO - Screenshot captured: reports\RUN_20260427_150049\screenshots\03_Popup_Immediate_3_150100.png
2026-04-27 15:01:01,621 - INFO - Screenshot 3 captured - Attempting validation...
2026-04-27 15:01:01,621 - INFO - 
================================================================================
2026-04-27 15:01:01,623 - INFO - STARTING COMPREHENSIVE POP-UP VALIDATION
2026-04-27 15:01:01,624 - INFO - ================================================================================
2026-04-27 15:01:01,654 - ERROR - VALIDATION FAILED: Pop-up element not found!
2026-04-27 15:01:01,778 - INFO - Logging DOM elements AFTER login click (pop-up should appear here)...
2026-04-27 15:01:01,787 - INFO - 
================================================================================
2026-04-27 15:01:01,787 - INFO - DOM SNAPSHOT AT STAGE: After_Login_Click
2026-04-27 15:01:01,787 - INFO - ================================================================================
2026-04-27 15:01:01,810 - INFO - 
Searching for pop-up elements in page content...
2026-04-27 15:01:02,147 - WARNING - ⚠ No known pop-up selectors found. Checking all visible divs...
2026-04-27 15:01:02,215 - INFO - Total DIV elements on page: 29
2026-04-27 15:01:02,478 - INFO -   Visible DIV 1: class='header-right' id='no-id' text='English
French
Spanish
Quantum Toll Authority
supe'
2026-04-27 15:01:02,622 - INFO -   Visible DIV 2: class='nav-user' id='no-id' text='Quantum Toll Authority
superadmin_qm@yopmail.com'
2026-04-27 15:01:02,806 - INFO -   Visible DIV 3: class='nav-user-info' id='no-id' text='Quantum Toll Authority
superadmin_qm@yopmail.com'
2026-04-27 15:01:02,928 - INFO -   Visible DIV 4: class='uname' id='no-id' text='Quantum Toll Authority'
2026-04-27 15:01:03,069 - INFO -   Visible DIV 5: class='urole' id='no-id' text='superadmin_qm@yopmail.com'
2026-04-27 15:01:03,193 - INFO -   Visible DIV 6: class='main-container' id='no-id' text='dashboard_2
group
decimal_increase
admin_panel_set'
2026-04-27 15:01:03,306 - INFO -   Visible DIV 7: class='inner' id='no-id' text='dashboard_2'
2026-04-27 15:01:03,431 - INFO -   Visible DIV 8: class='inner' id='no-id' text='group'
2026-04-27 15:01:03,593 - INFO -   Visible DIV 9: class='inner' id='no-id' text='decimal_increase'
2026-04-27 15:01:03,737 - INFO -   Visible DIV 10: class='inner' id='no-id' text='admin_panel_settings'
2026-04-27 15:01:03,891 - INFO -   Visible DIV 11: class='inner' id='no-id' text='nest_doorbell_visitor'
2026-04-27 15:01:04,022 - INFO -   Visible DIV 12: class='inner' id='no-id' text='key_visualizer'
2026-04-27 15:01:04,049 - INFO - 
================================================================================

2026-04-27 15:01:04,290 - INFO - Screenshot captured: reports\RUN_20260427_150049\screenshots\02_Just_After_Login_Click_150104.png
2026-04-27 15:01:04,290 - INFO - Waiting for dashboard URL...
2026-04-27 15:01:04,290 - INFO - 
================================================================================
2026-04-27 15:01:04,290 - INFO - DOM SNAPSHOT AT STAGE: Before_Dashboard_Navigation
2026-04-27 15:01:04,290 - INFO - ================================================================================
2026-04-27 15:01:04,324 - INFO - 
Searching for pop-up elements in page content...
2026-04-27 15:01:04,611 - WARNING - ⚠ No known pop-up selectors found. Checking all visible divs...
2026-04-27 15:01:04,640 - INFO - Total DIV elements on page: 29
2026-04-27 15:01:04,846 - INFO -   Visible DIV 1: class='header-right' id='no-id' text='English
French
Spanish
Quantum Toll Authority
supe'
2026-04-27 15:01:04,934 - INFO -   Visible DIV 2: class='nav-user' id='no-id' text='Quantum Toll Authority
superadmin_qm@yopmail.com'
2026-04-27 15:01:05,084 - INFO -   Visible DIV 3: class='nav-user-info' id='no-id' text='Quantum Toll Authority
superadmin_qm@yopmail.com'
2026-04-27 15:01:05,170 - INFO -   Visible DIV 4: class='uname' id='no-id' text='Quantum Toll Authority'
2026-04-27 15:01:05,284 - INFO -   Visible DIV 5: class='urole' id='no-id' text='superadmin_qm@yopmail.com'
2026-04-27 15:01:05,384 - INFO -   Visible DIV 6: class='main-container' id='no-id' text='dashboard_2
group
decimal_increase
admin_panel_set'
2026-04-27 15:01:05,459 - INFO -   Visible DIV 7: class='inner' id='no-id' text='dashboard_2'
2026-04-27 15:01:05,534 - INFO -   Visible DIV 8: class='inner' id='no-id' text='group'
2026-04-27 15:01:05,625 - INFO -   Visible DIV 9: class='inner' id='no-id' text='decimal_increase'
2026-04-27 15:01:05,717 - INFO -   Visible DIV 10: class='inner' id='no-id' text='admin_panel_settings'
2026-04-27 15:01:05,835 - INFO -   Visible DIV 11: class='inner' id='no-id' text='nest_doorbell_visitor'
2026-04-27 15:01:05,984 - INFO -   Visible DIV 12: class='inner' id='no-id' text='key_visualizer'
2026-04-27 15:01:06,010 - INFO - 
================================================================================

2026-04-27 15:01:06,041 - INFO - Login SUCCESS: Dashboard URL reached.
2026-04-27 15:01:06,562 - INFO - 
================================================================================
2026-04-27 15:01:06,562 - INFO - DOM SNAPSHOT AT STAGE: After_Dashboard_Loaded
2026-04-27 15:01:06,562 - INFO - ================================================================================
2026-04-27 15:01:06,597 - INFO - 
Searching for pop-up elements in page content...
2026-04-27 15:01:07,043 - WARNING - ⚠ No known pop-up selectors found. Checking all visible divs...
2026-04-27 15:01:07,132 - INFO - Total DIV elements on page: 29
2026-04-27 15:01:07,453 - INFO -   Visible DIV 1: class='header-right' id='no-id' text='English
French
Spanish
Quantum Toll Authority
supe'
2026-04-27 15:01:07,618 - INFO -   Visible DIV 2: class='nav-user' id='no-id' text='Quantum Toll Authority
superadmin_qm@yopmail.com'
2026-04-27 15:01:07,857 - INFO -   Visible DIV 3: class='nav-user-info' id='no-id' text='Quantum Toll Authority
superadmin_qm@yopmail.com'
2026-04-27 15:01:08,052 - INFO -   Visible DIV 4: class='uname' id='no-id' text='Quantum Toll Authority'
2026-04-27 15:01:08,167 - INFO -   Visible DIV 5: class='urole' id='no-id' text='superadmin_qm@yopmail.com'
2026-04-27 15:01:08,265 - INFO -   Visible DIV 6: class='main-container' id='no-id' text='dashboard_2
group
decimal_increase
admin_panel_set'
2026-04-27 15:01:08,393 - INFO -   Visible DIV 7: class='inner' id='no-id' text='dashboard_2'
2026-04-27 15:01:08,467 - INFO -   Visible DIV 8: class='inner' id='no-id' text='group'
2026-04-27 15:01:08,586 - INFO -   Visible DIV 9: class='inner' id='no-id' text='decimal_increase'
2026-04-27 15:01:08,722 - INFO -   Visible DIV 10: class='inner' id='no-id' text='admin_panel_settings'
2026-04-27 15:01:08,817 - INFO -   Visible DIV 11: class='inner' id='no-id' text='nest_doorbell_visitor'
2026-04-27 15:01:08,916 - INFO -   Visible DIV 12: class='inner' id='no-id' text='key_visualizer'
2026-04-27 15:01:08,934 - INFO - 
================================================================================

2026-04-27 15:01:08,934 - INFO - Checking for dashboard header 'Welcome to QM Toll portal!'...
2026-04-27 15:01:09,010 - INFO - ✅ Dashboard header found with selector: h4:has-text("Welcome to QM Toll portal!")
2026-04-27 15:01:09,010 - INFO -    Header text: 'Welcome to QM Toll portal!'
2026-04-27 15:01:09,010 - INFO - ✅ DASHBOARD VALIDATION PASSED: 'Welcome to QM Toll portal!' header found
2026-04-27 15:01:09,190 - INFO - Screenshot captured: reports\RUN_20260427_150049\screenshots\01_Login_Success_Dashboard_150109.png
2026-04-27 15:01:09,566 - INFO - Step 1: Navigating and Starting Onboarding...
2026-04-27 15:01:15,281 - INFO - Filled First Name: Devansh
2026-04-27 15:01:16,699 - INFO - Filled Last Name: Amble
2026-04-27 15:03:31,790 - INFO - Navigating to Login Page: http://operator-qa.qmaastech.com/
2026-04-27 15:03:31,793 - INFO - Navigating to: http://operator-qa.qmaastech.com/
2026-04-27 15:03:35,505 - INFO - Attempting login for user: superadmin_qm@yopmail.com
2026-04-27 15:03:37,231 - INFO - Logging DOM elements BEFORE login click...
2026-04-27 15:03:37,231 - INFO - 
================================================================================
2026-04-27 15:03:37,236 - INFO - DOM SNAPSHOT AT STAGE: Before_Login
2026-04-27 15:03:37,236 - INFO - ================================================================================
2026-04-27 15:03:37,263 - INFO - 
Searching for pop-up elements in page content...
2026-04-27 15:03:37,457 - WARNING - ⚠ No known pop-up selectors found. Checking all visible divs...
2026-04-27 15:03:37,486 - INFO - Total DIV elements on page: 21
2026-04-27 15:03:38,107 - INFO -   Visible DIV 1: class='hero-pills' id='no-id' text='bolt
Real-time
smart_toy
AI-driven
hub
Multi-agenc'
2026-04-27 15:03:38,350 - INFO -   Visible DIV 2: class='auth-panel' id='no-id' text='Welcome Back

Sign in to your account to continue
'
2026-04-27 15:03:38,486 - INFO -   Visible DIV 3: class='auth-card' id='no-id' text='Welcome Back

Sign in to your account to continue
'
2026-04-27 15:03:38,598 - INFO -   Visible DIV 4: class='auth-step' id='no-id' text='Welcome Back

Sign in to your account to continue
'
2026-04-27 15:03:38,760 - INFO -   Visible DIV 5: class='field-wrap' id='no-id' text='Email ID / Username *
person'
2026-04-27 15:03:38,923 - INFO -   Visible DIV 6: class='input-shell' id='no-id' text='person'
2026-04-27 15:03:39,023 - INFO -   Visible DIV 7: class='field-wrap' id='no-id' text='Password *
lock
visibility_off'
2026-04-27 15:03:39,133 - INFO -   Visible DIV 8: class='input-shell' id='no-id' text='lock
visibility_off'
2026-04-27 15:03:39,245 - INFO -   Visible DIV 9: class='auth-bottom-links' id='no-id' text='New user?  Access Account

Forgot password?'
2026-04-27 15:03:39,293 - INFO - 
================================================================================

2026-04-27 15:03:39,895 - INFO - Login button clicked.
2026-04-27 15:03:39,898 - INFO - Taking rapid screenshots and validating pop-up...
2026-04-27 15:03:40,660 - INFO - Screenshot captured: reports\RUN_20260427_150329\screenshots\03_Popup_Immediate_1_150339.png
2026-04-27 15:03:40,660 - INFO - Screenshot 1 captured - Attempting validation...
2026-04-27 15:03:40,660 - INFO - 
================================================================================
2026-04-27 15:03:40,660 - INFO - STARTING COMPREHENSIVE POP-UP VALIDATION
2026-04-27 15:03:40,660 - INFO - ================================================================================
2026-04-27 15:03:40,689 - INFO - 
[VALIDATION 1] Checking Pop-up Visibility...
2026-04-27 15:03:40,720 - INFO -   Visibility Status: True
2026-04-27 15:03:40,720 - INFO -   PASSED: Pop-up is visible
2026-04-27 15:03:40,720 - INFO - 
[VALIDATION 2] Extracting and Validating Text Content...
2026-04-27 15:03:40,753 - INFO -   Extracted Text: 'Login Successful'
2026-04-27 15:03:40,753 - INFO -   PASSED: Text matches exactly: 'Login Successful'
2026-04-27 15:03:40,753 - INFO - 
[VALIDATION 3] Checking for Typos...
2026-04-27 15:03:40,753 - INFO -   PASSED: No known typos detected
2026-04-27 15:03:40,764 - INFO - 
[VALIDATION 4] Extracting CSS Classes and Attributes...
2026-04-27 15:03:40,789 - INFO -   CSS Classes: snackbar success-snackbar
2026-04-27 15:03:40,789 - INFO -   PASSED: 'success' class is present
2026-04-27 15:03:40,789 - INFO - 
[VALIDATION 5] Checking Element Properties...
2026-04-27 15:03:40,889 - INFO -   ID: Not set
2026-04-27 15:03:40,889 - INFO -   Data-TestID: Not set
2026-04-27 15:03:40,900 - INFO -   Role: Not set
2026-04-27 15:03:40,900 - INFO -   ARIA Label: Not set
2026-04-27 15:03:40,900 - INFO - 
[VALIDATION 6] Checking Position and Size...
2026-04-27 15:03:40,920 - INFO -   X: 1230, Y: 20
2026-04-27 15:03:40,920 - INFO -   Width: 250, Height: 43.5
2026-04-27 15:03:40,920 - INFO -   PASSED: Element has valid dimensions
2026-04-27 15:03:40,920 - INFO - 
[VALIDATION 7] Checking Computed Styles...
2026-04-27 15:03:41,092 - ERROR - Validation error: TypeError: Failed to execute 'getComputedStyle' on 'Window': parameter 1 is not of type 'Element'.
    at eval (eval at evaluate (:226:30), <anonymous>:1:8)
    at eval (<anonymous>)
    at UtilityScript.evaluate (<anonymous>:226:30)
    at UtilityScript.<anonymous> (<anonymous>:1:44)
2026-04-27 15:03:41,095 - WARNING -   WARNING: Could not check computed styles - element may have disappeared
2026-04-27 15:03:41,095 - INFO - 
================================================================================
2026-04-27 15:03:41,095 - INFO - POP-UP VALIDATION SUMMARY
2026-04-27 15:03:41,095 - INFO - ================================================================================
2026-04-27 15:03:41,097 - INFO -   Visibility: PASSED
2026-04-27 15:03:41,097 - INFO -   Text Match: PASSED
2026-04-27 15:03:41,097 - INFO -   Typo Check: PASSED
2026-04-27 15:03:41,099 - INFO -   CSS Classes: Present
2026-04-27 15:03:41,099 - INFO -   Position & Size: Valid
2026-04-27 15:03:41,099 - INFO -   Computed Styles: Valid
2026-04-27 15:03:41,099 - INFO - ================================================================================

2026-04-27 15:03:41,099 - INFO - ✓ ALL VALIDATIONS PASSED - Pop-up is working correctly!
2026-04-27 15:03:48,208 - INFO - Screenshot captured: reports\RUN_20260427_150329\screenshots\03_Popup_Immediate_2_150341.png
2026-04-27 15:03:48,210 - INFO - Screenshot 2 captured - Attempting validation...
2026-04-27 15:03:48,210 - INFO - 
================================================================================
2026-04-27 15:03:48,210 - INFO - STARTING COMPREHENSIVE POP-UP VALIDATION
2026-04-27 15:03:48,210 - INFO - ================================================================================
2026-04-27 15:03:48,255 - ERROR - VALIDATION FAILED: Pop-up element not found!
2026-04-27 15:03:48,769 - INFO - Screenshot captured: reports\RUN_20260427_150329\screenshots\03_Popup_Immediate_3_150348.png
2026-04-27 15:03:48,769 - INFO - Screenshot 3 captured - Attempting validation...
2026-04-27 15:03:48,769 - INFO - 
================================================================================
2026-04-27 15:03:48,772 - INFO - STARTING COMPREHENSIVE POP-UP VALIDATION
2026-04-27 15:03:48,772 - INFO - ================================================================================
2026-04-27 15:03:48,808 - ERROR - VALIDATION FAILED: Pop-up element not found!
2026-04-27 15:03:48,950 - INFO - Logging DOM elements AFTER login click (pop-up should appear here)...
2026-04-27 15:03:48,950 - INFO - 
================================================================================
2026-04-27 15:03:48,950 - INFO - DOM SNAPSHOT AT STAGE: After_Login_Click
2026-04-27 15:03:48,953 - INFO - ================================================================================
2026-04-27 15:03:48,985 - INFO - 
Searching for pop-up elements in page content...
2026-04-27 15:03:49,419 - WARNING - ⚠ No known pop-up selectors found. Checking all visible divs...
2026-04-27 15:03:49,474 - INFO - Total DIV elements on page: 29
2026-04-27 15:03:49,741 - INFO -   Visible DIV 1: class='header-right' id='no-id' text='English
French
Spanish
Quantum Toll Authority
supe'
2026-04-27 15:03:49,862 - INFO -   Visible DIV 2: class='nav-user' id='no-id' text='Quantum Toll Authority
superadmin_qm@yopmail.com'
2026-04-27 15:03:50,039 - INFO -   Visible DIV 3: class='nav-user-info' id='no-id' text='Quantum Toll Authority
superadmin_qm@yopmail.com'
2026-04-27 15:03:50,161 - INFO -   Visible DIV 4: class='uname' id='no-id' text='Quantum Toll Authority'
2026-04-27 15:03:50,276 - INFO -   Visible DIV 5: class='urole' id='no-id' text='superadmin_qm@yopmail.com'
2026-04-27 15:03:50,392 - INFO -   Visible DIV 6: class='main-container' id='no-id' text='dashboard_2
group
decimal_increase
admin_panel_set'
2026-04-27 15:03:50,509 - INFO -   Visible DIV 7: class='inner' id='no-id' text='dashboard_2'
2026-04-27 15:03:50,621 - INFO -   Visible DIV 8: class='inner' id='no-id' text='group'
2026-04-27 15:03:50,765 - INFO -   Visible DIV 9: class='inner' id='no-id' text='decimal_increase'
2026-04-27 15:03:50,922 - INFO -   Visible DIV 10: class='inner' id='no-id' text='admin_panel_settings'
2026-04-27 15:03:51,019 - INFO -   Visible DIV 11: class='inner' id='no-id' text='nest_doorbell_visitor'
2026-04-27 15:03:51,088 - INFO -   Visible DIV 12: class='inner' id='no-id' text='key_visualizer'
2026-04-27 15:03:51,120 - INFO - 
================================================================================

2026-04-27 15:03:51,311 - INFO - Screenshot captured: reports\RUN_20260427_150329\screenshots\02_Just_After_Login_Click_150351.png
2026-04-27 15:03:51,311 - INFO - Waiting for dashboard URL...
2026-04-27 15:03:51,311 - INFO - 
================================================================================
2026-04-27 15:03:51,311 - INFO - DOM SNAPSHOT AT STAGE: Before_Dashboard_Navigation
2026-04-27 15:03:51,311 - INFO - ================================================================================
2026-04-27 15:03:51,341 - INFO - 
Searching for pop-up elements in page content...
2026-04-27 15:03:51,519 - WARNING - ⚠ No known pop-up selectors found. Checking all visible divs...
2026-04-27 15:03:51,555 - INFO - Total DIV elements on page: 29
2026-04-27 15:03:51,702 - INFO -   Visible DIV 1: class='header-right' id='no-id' text='English
French
Spanish
Quantum Toll Authority
supe'
2026-04-27 15:03:51,771 - INFO -   Visible DIV 2: class='nav-user' id='no-id' text='Quantum Toll Authority
superadmin_qm@yopmail.com'
2026-04-27 15:03:51,872 - INFO -   Visible DIV 3: class='nav-user-info' id='no-id' text='Quantum Toll Authority
superadmin_qm@yopmail.com'
2026-04-27 15:03:51,938 - INFO -   Visible DIV 4: class='uname' id='no-id' text='Quantum Toll Authority'
2026-04-27 15:03:52,017 - INFO -   Visible DIV 5: class='urole' id='no-id' text='superadmin_qm@yopmail.com'
2026-04-27 15:03:52,085 - INFO -   Visible DIV 6: class='main-container' id='no-id' text='dashboard_2
group
decimal_increase
admin_panel_set'
2026-04-27 15:03:52,152 - INFO -   Visible DIV 7: class='inner' id='no-id' text='dashboard_2'
2026-04-27 15:03:52,221 - INFO -   Visible DIV 8: class='inner' id='no-id' text='group'
2026-04-27 15:03:52,299 - INFO -   Visible DIV 9: class='inner' id='no-id' text='decimal_increase'
2026-04-27 15:03:52,371 - INFO -   Visible DIV 10: class='inner' id='no-id' text='admin_panel_settings'
2026-04-27 15:03:52,465 - INFO -   Visible DIV 11: class='inner' id='no-id' text='nest_doorbell_visitor'
2026-04-27 15:03:52,539 - INFO -   Visible DIV 12: class='inner' id='no-id' text='key_visualizer'
2026-04-27 15:03:52,554 - INFO - 
================================================================================

2026-04-27 15:03:52,555 - INFO - Login SUCCESS: Dashboard URL reached.
2026-04-27 15:03:53,083 - INFO - 
================================================================================
2026-04-27 15:03:53,086 - INFO - DOM SNAPSHOT AT STAGE: After_Dashboard_Loaded
2026-04-27 15:03:53,086 - INFO - ================================================================================
2026-04-27 15:03:53,127 - INFO - 
Searching for pop-up elements in page content...
2026-04-27 15:03:53,438 - WARNING - ⚠ No known pop-up selectors found. Checking all visible divs...
2026-04-27 15:03:53,485 - INFO - Total DIV elements on page: 29
2026-04-27 15:03:53,688 - INFO -   Visible DIV 1: class='header-right' id='no-id' text='English
French
Spanish
Quantum Toll Authority
supe'
2026-04-27 15:03:53,788 - INFO -   Visible DIV 2: class='nav-user' id='no-id' text='Quantum Toll Authority
superadmin_qm@yopmail.com'
2026-04-27 15:03:53,929 - INFO -   Visible DIV 3: class='nav-user-info' id='no-id' text='Quantum Toll Authority
superadmin_qm@yopmail.com'
2026-04-27 15:03:54,021 - INFO -   Visible DIV 4: class='uname' id='no-id' text='Quantum Toll Authority'
2026-04-27 15:03:54,105 - INFO -   Visible DIV 5: class='urole' id='no-id' text='superadmin_qm@yopmail.com'
2026-04-27 15:03:54,205 - INFO -   Visible DIV 6: class='main-container' id='no-id' text='dashboard_2
group
decimal_increase
admin_panel_set'
2026-04-27 15:03:54,321 - INFO -   Visible DIV 7: class='inner' id='no-id' text='dashboard_2'
2026-04-27 15:03:54,417 - INFO -   Visible DIV 8: class='inner' id='no-id' text='group'
2026-04-27 15:03:54,503 - INFO -   Visible DIV 9: class='inner' id='no-id' text='decimal_increase'
2026-04-27 15:03:54,581 - INFO -   Visible DIV 10: class='inner' id='no-id' text='admin_panel_settings'
2026-04-27 15:03:54,671 - INFO -   Visible DIV 11: class='inner' id='no-id' text='nest_doorbell_visitor'
2026-04-27 15:03:54,771 - INFO -   Visible DIV 12: class='inner' id='no-id' text='key_visualizer'
2026-04-27 15:03:54,788 - INFO - 
================================================================================

2026-04-27 15:03:54,788 - INFO - Checking for dashboard header 'Welcome to QM Toll portal!'...
2026-04-27 15:03:54,838 - INFO - ✅ Dashboard header found with selector: h4:has-text("Welcome to QM Toll portal!")
2026-04-27 15:03:54,838 - INFO -    Header text: 'Welcome to QM Toll portal!'
2026-04-27 15:03:54,838 - INFO - ✅ DASHBOARD VALIDATION PASSED: 'Welcome to QM Toll portal!' header found
2026-04-27 15:03:55,022 - INFO - Screenshot captured: reports\RUN_20260427_150329\screenshots\01_Login_Success_Dashboard_150354.png
2026-04-27 15:03:55,538 - INFO - Step 1: Navigating and Starting Onboarding...
2026-04-27 15:03:57,426 - INFO - Filling Step 1: Account Details...
2026-04-27 15:04:01,925 - INFO - Filled First Name: Ayesha
2026-04-27 15:04:03,168 - INFO - Filled Last Name: Malhotra
2026-04-27 15:04:10,158 - INFO - Clicking Save & Next via JS to bypass obstructions...
2026-04-27 15:04:11,205 - INFO - Successfully moved to Vehicles Page.
2026-04-27 15:04:12,379 - INFO - Filled Plate: QA705TB
2026-04-27 15:06:07,939 - INFO - Navigating to Login Page: http://operator-qa.qmaastech.com/
2026-04-27 15:06:07,942 - INFO - Navigating to: http://operator-qa.qmaastech.com/
2026-04-27 15:06:10,839 - INFO - Attempting login for user: superadmin_qm@yopmail.com
2026-04-27 15:06:12,604 - INFO - Logging DOM elements BEFORE login click...
2026-04-27 15:06:12,606 - INFO - 
================================================================================
2026-04-27 15:06:12,606 - INFO - DOM SNAPSHOT AT STAGE: Before_Login
2026-04-27 15:06:12,606 - INFO - ================================================================================
2026-04-27 15:06:12,668 - INFO - 
Searching for pop-up elements in page content...
2026-04-27 15:06:13,057 - WARNING - ⚠ No known pop-up selectors found. Checking all visible divs...
2026-04-27 15:06:13,148 - INFO - Total DIV elements on page: 21
2026-04-27 15:06:13,776 - INFO -   Visible DIV 1: class='hero-pills' id='no-id' text='bolt
Real-time
smart_toy
AI-driven
hub
Multi-agenc'
2026-04-27 15:06:13,949 - INFO -   Visible DIV 2: class='auth-panel' id='no-id' text='Welcome Back

Sign in to your account to continue
'
2026-04-27 15:06:14,040 - INFO -   Visible DIV 3: class='auth-card' id='no-id' text='Welcome Back

Sign in to your account to continue
'
2026-04-27 15:06:14,200 - INFO -   Visible DIV 4: class='auth-step' id='no-id' text='Welcome Back

Sign in to your account to continue
'
2026-04-27 15:06:14,397 - INFO -   Visible DIV 5: class='field-wrap' id='no-id' text='Email ID / Username *
person'
2026-04-27 15:06:14,523 - INFO -   Visible DIV 6: class='input-shell' id='no-id' text='person'
2026-04-27 15:06:14,695 - INFO -   Visible DIV 7: class='field-wrap' id='no-id' text='Password *
lock
visibility_off'
2026-04-27 15:06:14,808 - INFO -   Visible DIV 8: class='input-shell' id='no-id' text='lock
visibility_off'
2026-04-27 15:06:14,965 - INFO -   Visible DIV 9: class='auth-bottom-links' id='no-id' text='New user?  Access Account

Forgot password?'
2026-04-27 15:06:15,046 - INFO - 
================================================================================

2026-04-27 15:06:15,700 - INFO - Login button clicked.
2026-04-27 15:06:15,702 - INFO - Taking rapid screenshots and validating pop-up...
2026-04-27 15:06:16,358 - INFO - Screenshot captured: reports\RUN_20260427_150605\screenshots\03_Popup_Immediate_1_150615.png
2026-04-27 15:06:16,360 - INFO - Screenshot 1 captured - Attempting validation...
2026-04-27 15:06:16,362 - INFO - 
================================================================================
2026-04-27 15:06:16,362 - INFO - STARTING COMPREHENSIVE POP-UP VALIDATION
2026-04-27 15:06:16,362 - INFO - ================================================================================
2026-04-27 15:06:16,390 - INFO - 
[VALIDATION 1] Checking Pop-up Visibility...
2026-04-27 15:06:16,422 - INFO -   Visibility Status: True
2026-04-27 15:06:16,424 - INFO -   PASSED: Pop-up is visible
2026-04-27 15:06:16,424 - INFO - 
[VALIDATION 2] Extracting and Validating Text Content...
2026-04-27 15:06:16,450 - INFO -   Extracted Text: 'Login Successful'
2026-04-27 15:06:16,455 - INFO -   PASSED: Text matches exactly: 'Login Successful'
2026-04-27 15:06:16,455 - INFO - 
[VALIDATION 3] Checking for Typos...
2026-04-27 15:06:16,457 - INFO -   PASSED: No known typos detected
2026-04-27 15:06:16,457 - INFO - 
[VALIDATION 4] Extracting CSS Classes and Attributes...
2026-04-27 15:06:16,490 - INFO -   CSS Classes: snackbar success-snackbar
2026-04-27 15:06:16,490 - INFO -   PASSED: 'success' class is present
2026-04-27 15:06:16,490 - INFO - 
[VALIDATION 5] Checking Element Properties...
2026-04-27 15:06:16,810 - INFO -   ID: Not set
2026-04-27 15:06:16,810 - INFO -   Data-TestID: Not set
2026-04-27 15:06:16,816 - INFO -   Role: Not set
2026-04-27 15:06:16,816 - INFO -   ARIA Label: Not set
2026-04-27 15:06:16,816 - INFO - 
[VALIDATION 6] Checking Position and Size...
2026-04-27 15:06:16,844 - WARNING -   WARNING: Could not get bounding box
2026-04-27 15:06:16,844 - INFO - 
[VALIDATION 7] Checking Computed Styles...
2026-04-27 15:06:16,869 - ERROR - Validation error: TypeError: Failed to execute 'getComputedStyle' on 'Window': parameter 1 is not of type 'Element'.
    at eval (eval at evaluate (:226:30), <anonymous>:1:8)
    at eval (<anonymous>)
    at UtilityScript.evaluate (<anonymous>:226:30)
    at UtilityScript.<anonymous> (<anonymous>:1:44)
2026-04-27 15:06:16,869 - WARNING -   WARNING: Could not check computed styles - element may have disappeared
2026-04-27 15:06:16,869 - INFO - 
================================================================================
2026-04-27 15:06:16,877 - INFO - POP-UP VALIDATION SUMMARY
2026-04-27 15:06:16,877 - INFO - ================================================================================
2026-04-27 15:06:16,878 - INFO -   Visibility: PASSED
2026-04-27 15:06:16,878 - INFO -   Text Match: PASSED
2026-04-27 15:06:16,878 - INFO -   Typo Check: PASSED
2026-04-27 15:06:16,878 - INFO -   CSS Classes: Present
2026-04-27 15:06:16,878 - INFO -   Position & Size: Valid
2026-04-27 15:06:16,878 - INFO -   Computed Styles: Valid
2026-04-27 15:06:16,878 - INFO - ================================================================================

2026-04-27 15:06:16,878 - INFO - ✓ ALL VALIDATIONS PASSED - Pop-up is working correctly!
2026-04-27 15:06:18,769 - INFO - Screenshot captured: reports\RUN_20260427_150605\screenshots\03_Popup_Immediate_2_150616.png
2026-04-27 15:06:18,769 - INFO - Screenshot 2 captured - Attempting validation...
2026-04-27 15:06:18,772 - INFO - 
================================================================================
2026-04-27 15:06:18,772 - INFO - STARTING COMPREHENSIVE POP-UP VALIDATION
2026-04-27 15:06:18,772 - INFO - ================================================================================
2026-04-27 15:06:18,808 - ERROR - VALIDATION FAILED: Pop-up element not found!
2026-04-27 15:06:19,226 - INFO - Screenshot captured: reports\RUN_20260427_150605\screenshots\03_Popup_Immediate_3_150618.png
2026-04-27 15:06:19,226 - INFO - Screenshot 3 captured - Attempting validation...
2026-04-27 15:06:19,228 - INFO - 
================================================================================
2026-04-27 15:06:19,228 - INFO - STARTING COMPREHENSIVE POP-UP VALIDATION
2026-04-27 15:06:19,228 - INFO - ================================================================================
2026-04-27 15:06:19,280 - ERROR - VALIDATION FAILED: Pop-up element not found!
2026-04-27 15:06:19,429 - INFO - Logging DOM elements AFTER login click (pop-up should appear here)...
2026-04-27 15:06:19,429 - INFO - 
================================================================================
2026-04-27 15:06:19,429 - INFO - DOM SNAPSHOT AT STAGE: After_Login_Click
2026-04-27 15:06:19,429 - INFO - ================================================================================
2026-04-27 15:06:19,483 - INFO - 
Searching for pop-up elements in page content...
2026-04-27 15:06:19,862 - WARNING - ⚠ No known pop-up selectors found. Checking all visible divs...
2026-04-27 15:06:19,922 - INFO - Total DIV elements on page: 29
2026-04-27 15:06:20,190 - INFO -   Visible DIV 1: class='header-right' id='no-id' text='English
French
Spanish
Quantum Toll Authority
supe'
2026-04-27 15:06:20,330 - INFO -   Visible DIV 2: class='nav-user' id='no-id' text='Quantum Toll Authority
superadmin_qm@yopmail.com'
2026-04-27 15:06:20,510 - INFO -   Visible DIV 3: class='nav-user-info' id='no-id' text='Quantum Toll Authority
superadmin_qm@yopmail.com'
2026-04-27 15:06:20,618 - INFO -   Visible DIV 4: class='uname' id='no-id' text='Quantum Toll Authority'
2026-04-27 15:06:20,765 - INFO -   Visible DIV 5: class='urole' id='no-id' text='superadmin_qm@yopmail.com'
2026-04-27 15:06:20,879 - INFO -   Visible DIV 6: class='main-container' id='no-id' text='dashboard_2
group
decimal_increase
admin_panel_set'
2026-04-27 15:06:20,986 - INFO -   Visible DIV 7: class='inner' id='no-id' text='dashboard_2'
2026-04-27 15:06:21,089 - INFO -   Visible DIV 8: class='inner' id='no-id' text='group'
2026-04-27 15:06:21,227 - INFO -   Visible DIV 9: class='inner' id='no-id' text='decimal_increase'
2026-04-27 15:06:21,374 - INFO -   Visible DIV 10: class='inner' id='no-id' text='admin_panel_settings'
2026-04-27 15:06:21,518 - INFO -   Visible DIV 11: class='inner' id='no-id' text='nest_doorbell_visitor'
2026-04-27 15:06:21,624 - INFO -   Visible DIV 12: class='inner' id='no-id' text='key_visualizer'
2026-04-27 15:06:21,641 - INFO - 
================================================================================

2026-04-27 15:06:21,834 - INFO - Screenshot captured: reports\RUN_20260427_150605\screenshots\02_Just_After_Login_Click_150621.png
2026-04-27 15:06:21,834 - INFO - Waiting for dashboard URL...
2026-04-27 15:06:21,834 - INFO - 
================================================================================
2026-04-27 15:06:21,836 - INFO - DOM SNAPSHOT AT STAGE: Before_Dashboard_Navigation
2026-04-27 15:06:21,836 - INFO - ================================================================================
2026-04-27 15:06:21,862 - INFO - 
Searching for pop-up elements in page content...
2026-04-27 15:06:22,162 - WARNING - ⚠ No known pop-up selectors found. Checking all visible divs...
2026-04-27 15:06:22,209 - INFO - Total DIV elements on page: 29
2026-04-27 15:06:22,405 - INFO -   Visible DIV 1: class='header-right' id='no-id' text='English
French
Spanish
Quantum Toll Authority
supe'
2026-04-27 15:06:22,508 - INFO -   Visible DIV 2: class='nav-user' id='no-id' text='Quantum Toll Authority
superadmin_qm@yopmail.com'
2026-04-27 15:06:22,666 - INFO -   Visible DIV 3: class='nav-user-info' id='no-id' text='Quantum Toll Authority
superadmin_qm@yopmail.com'
2026-04-27 15:06:22,753 - INFO -   Visible DIV 4: class='uname' id='no-id' text='Quantum Toll Authority'
2026-04-27 15:06:22,876 - INFO -   Visible DIV 5: class='urole' id='no-id' text='superadmin_qm@yopmail.com'
2026-04-27 15:06:23,005 - INFO -   Visible DIV 6: class='main-container' id='no-id' text='dashboard_2
group
decimal_increase
admin_panel_set'
2026-04-27 15:06:23,137 - INFO -   Visible DIV 7: class='inner' id='no-id' text='dashboard_2'
2026-04-27 15:06:23,265 - INFO -   Visible DIV 8: class='inner' id='no-id' text='group'
2026-04-27 15:06:23,429 - INFO -   Visible DIV 9: class='inner' id='no-id' text='decimal_increase'
2026-04-27 15:06:23,632 - INFO -   Visible DIV 10: class='inner' id='no-id' text='admin_panel_settings'
2026-04-27 15:06:23,854 - INFO -   Visible DIV 11: class='inner' id='no-id' text='nest_doorbell_visitor'
2026-04-27 15:06:24,037 - INFO -   Visible DIV 12: class='inner' id='no-id' text='key_visualizer'
2026-04-27 15:06:24,067 - INFO - 
================================================================================

2026-04-27 15:06:24,110 - INFO - Login SUCCESS: Dashboard URL reached.
2026-04-27 15:06:24,667 - INFO - 
================================================================================
2026-04-27 15:06:24,667 - INFO - DOM SNAPSHOT AT STAGE: After_Dashboard_Loaded
2026-04-27 15:06:24,667 - INFO - ================================================================================
2026-04-27 15:06:24,699 - INFO - 
Searching for pop-up elements in page content...
2026-04-27 15:06:25,022 - WARNING - ⚠ No known pop-up selectors found. Checking all visible divs...
2026-04-27 15:06:25,101 - INFO - Total DIV elements on page: 29
2026-04-27 15:06:25,318 - INFO -   Visible DIV 1: class='header-right' id='no-id' text='English
French
Spanish
Quantum Toll Authority
supe'
2026-04-27 15:06:25,398 - INFO -   Visible DIV 2: class='nav-user' id='no-id' text='Quantum Toll Authority
superadmin_qm@yopmail.com'
2026-04-27 15:06:25,484 - INFO -   Visible DIV 3: class='nav-user-info' id='no-id' text='Quantum Toll Authority
superadmin_qm@yopmail.com'
2026-04-27 15:06:25,547 - INFO -   Visible DIV 4: class='uname' id='no-id' text='Quantum Toll Authority'
2026-04-27 15:06:25,596 - INFO -   Visible DIV 5: class='urole' id='no-id' text='superadmin_qm@yopmail.com'
2026-04-27 15:06:25,670 - INFO -   Visible DIV 6: class='main-container' id='no-id' text='dashboard_2
group
decimal_increase
admin_panel_set'
2026-04-27 15:06:25,753 - INFO -   Visible DIV 7: class='inner' id='no-id' text='dashboard_2'
2026-04-27 15:06:25,818 - INFO -   Visible DIV 8: class='inner' id='no-id' text='group'
2026-04-27 15:06:25,897 - INFO -   Visible DIV 9: class='inner' id='no-id' text='decimal_increase'
2026-04-27 15:06:25,985 - INFO -   Visible DIV 10: class='inner' id='no-id' text='admin_panel_settings'
2026-04-27 15:06:26,069 - INFO -   Visible DIV 11: class='inner' id='no-id' text='nest_doorbell_visitor'
2026-04-27 15:06:26,194 - INFO -   Visible DIV 12: class='inner' id='no-id' text='key_visualizer'
2026-04-27 15:06:26,223 - INFO - 
================================================================================

2026-04-27 15:06:26,223 - INFO - Checking for dashboard header 'Welcome to QM Toll portal!'...
2026-04-27 15:06:26,333 - INFO - ✅ Dashboard header found with selector: h4:has-text("Welcome to QM Toll portal!")
2026-04-27 15:06:26,333 - INFO -    Header text: 'Welcome to QM Toll portal!'
2026-04-27 15:06:26,333 - INFO - ✅ DASHBOARD VALIDATION PASSED: 'Welcome to QM Toll portal!' header found
2026-04-27 15:06:26,587 - INFO - Screenshot captured: reports\RUN_20260427_150605\screenshots\01_Login_Success_Dashboard_150626.png
2026-04-27 15:06:26,958 - INFO - Step 1: Navigating and Starting Onboarding...
2026-04-27 15:06:26,968 - INFO - Executing Sidebar Navigation Sequence...
2026-04-27 15:06:29,894 - INFO - Filling Step 1: Account Details...
2026-04-27 15:06:33,770 - INFO - Filled First Name: Amira
2026-04-27 15:06:35,037 - INFO - Filled Last Name: Anand
2026-04-27 15:06:36,295 - INFO - Checked: Use Same for Billing
2026-04-27 15:06:37,606 - INFO - Checked: Use Same for Shipping
2026-04-27 15:06:38,807 - INFO - Checked: Primary Address
2026-04-27 15:06:42,858 - INFO - Filled Address: 123 Automation Blvd
2026-04-27 15:06:44,104 - INFO - Filled Zip Code: 12345
2026-04-27 15:06:45,888 - INFO - Filled Phone: 9820818734
2026-04-27 15:06:47,169 - INFO - Filled Email: amira.anand48@testmail.com
2026-04-27 15:06:48,384 - INFO - Filled Confirm Email: amira.anand48@testmail.com
2026-04-27 15:06:48,386 - INFO - Clicking Save & Next...
2026-04-27 15:06:50,280 - INFO - Step 1 Submitted.
2026-04-27 15:06:50,283 - INFO - Adding 1 Vehicle(s)...
2026-04-27 15:06:50,781 - INFO - Step 2 loaded successfully.
2026-04-27 15:06:52,048 - INFO - Filled Plate 1: QA7268GP
2026-04-27 15:06:56,903 - INFO - Filled Plate Start Date: 2026-04-27
2026-04-27 15:07:10,928 - INFO - Vehicle 1 added.
2026-04-27 15:31:54,970 - INFO - Navigating to Login Page: http://operator-qa.qmaastech.com/
2026-04-27 15:31:54,970 - INFO - Navigating to: http://operator-qa.qmaastech.com/
2026-04-27 15:31:59,329 - INFO - Attempting login for user: superadmin_qm@yopmail.com
2026-04-27 15:32:01,412 - INFO - Logging DOM elements BEFORE login click...
2026-04-27 15:32:01,414 - INFO - 
================================================================================
2026-04-27 15:32:01,417 - INFO - DOM SNAPSHOT AT STAGE: Before_Login
2026-04-27 15:32:01,417 - INFO - ================================================================================
2026-04-27 15:32:01,552 - INFO - 
Searching for pop-up elements in page content...
2026-04-27 15:32:02,647 - WARNING - ⚠ No known pop-up selectors found. Checking all visible divs...
2026-04-27 15:32:02,837 - INFO - Total DIV elements on page: 21
2026-04-27 15:32:04,660 - INFO -   Visible DIV 1: class='hero-pills' id='no-id' text='bolt
Real-time
smart_toy
AI-driven
hub
Multi-agenc'
2026-04-27 15:32:05,251 - INFO -   Visible DIV 2: class='auth-panel' id='no-id' text='Welcome Back

Sign in to your account to continue
'
2026-04-27 15:32:05,587 - INFO -   Visible DIV 3: class='auth-card' id='no-id' text='Welcome Back

Sign in to your account to continue
'
2026-04-27 15:32:05,957 - INFO -   Visible DIV 4: class='auth-step' id='no-id' text='Welcome Back

Sign in to your account to continue
'
2026-04-27 15:32:06,485 - INFO -   Visible DIV 5: class='field-wrap' id='no-id' text='Email ID / Username *
person'
2026-04-27 15:32:06,821 - INFO -   Visible DIV 6: class='input-shell' id='no-id' text='person'
2026-04-27 15:32:07,174 - INFO -   Visible DIV 7: class='field-wrap' id='no-id' text='Password *
lock
visibility_off'
2026-04-27 15:32:07,523 - INFO -   Visible DIV 8: class='input-shell' id='no-id' text='lock
visibility_off'
2026-04-27 15:32:07,861 - INFO -   Visible DIV 9: class='auth-bottom-links' id='no-id' text='New user?  Access Account

Forgot password?'
2026-04-27 15:32:08,053 - INFO - 
================================================================================

2026-04-27 15:32:08,745 - INFO - Login button clicked.
2026-04-27 15:32:08,745 - INFO - Taking rapid screenshots and validating pop-up...
2026-04-27 15:32:09,977 - INFO - Screenshot captured: reports\RUN_20260427_153151\screenshots\03_Popup_Immediate_1_153208.png
2026-04-27 15:32:09,983 - INFO - Screenshot 1 captured - Attempting validation...
2026-04-27 15:32:09,985 - INFO - 
================================================================================
2026-04-27 15:32:09,986 - INFO - STARTING COMPREHENSIVE POP-UP VALIDATION
2026-04-27 15:32:09,986 - INFO - ================================================================================
2026-04-27 15:32:10,348 - ERROR - VALIDATION FAILED: Pop-up element not found!
2026-04-27 15:32:14,499 - INFO - Screenshot captured: reports\RUN_20260427_153151\screenshots\03_Popup_Immediate_2_153210.png
2026-04-27 15:32:14,499 - INFO - Screenshot 2 captured - Attempting validation...
2026-04-27 15:32:14,501 - INFO - 
================================================================================
2026-04-27 15:32:14,505 - INFO - STARTING COMPREHENSIVE POP-UP VALIDATION
2026-04-27 15:32:14,510 - INFO - ================================================================================
2026-04-27 15:32:14,570 - ERROR - VALIDATION FAILED: Pop-up element not found!
2026-04-27 15:32:16,274 - INFO - Screenshot captured: reports\RUN_20260427_153151\screenshots\03_Popup_Immediate_3_153214.png
2026-04-27 15:32:16,274 - INFO - Screenshot 3 captured - Attempting validation...
2026-04-27 15:32:16,274 - INFO - 
================================================================================
2026-04-27 15:32:16,274 - INFO - STARTING COMPREHENSIVE POP-UP VALIDATION
2026-04-27 15:32:16,274 - INFO - ================================================================================
2026-04-27 15:32:16,337 - ERROR - VALIDATION FAILED: Pop-up element not found!
2026-04-27 15:32:16,486 - INFO - Logging DOM elements AFTER login click (pop-up should appear here)...
2026-04-27 15:32:16,488 - INFO - 
================================================================================
2026-04-27 15:32:16,488 - INFO - DOM SNAPSHOT AT STAGE: After_Login_Click
2026-04-27 15:32:16,492 - INFO - ================================================================================
2026-04-27 15:32:16,606 - INFO - 
Searching for pop-up elements in page content...
2026-04-27 15:32:17,564 - WARNING - ⚠ No known pop-up selectors found. Checking all visible divs...
2026-04-27 15:32:17,744 - INFO - Total DIV elements on page: 29
2026-04-27 15:32:18,525 - INFO -   Visible DIV 1: class='header-right' id='no-id' text='English
French
Spanish
Quantum Toll Authority
supe'
2026-04-27 15:32:18,898 - INFO -   Visible DIV 2: class='nav-user' id='no-id' text='Quantum Toll Authority
superadmin_qm@yopmail.com'
2026-04-27 15:32:19,456 - INFO -   Visible DIV 3: class='nav-user-info' id='no-id' text='Quantum Toll Authority
superadmin_qm@yopmail.com'
2026-04-27 15:32:19,832 - INFO -   Visible DIV 4: class='uname' id='no-id' text='Quantum Toll Authority'
2026-04-27 15:32:20,240 - INFO -   Visible DIV 5: class='urole' id='no-id' text='superadmin_qm@yopmail.com'
2026-04-27 15:32:20,601 - INFO -   Visible DIV 6: class='main-container' id='no-id' text='dashboard_2
group
decimal_increase
admin_panel_set'
2026-04-27 15:32:20,981 - INFO -   Visible DIV 7: class='inner' id='no-id' text='dashboard_2'
2026-04-27 15:32:21,307 - INFO -   Visible DIV 8: class='inner' id='no-id' text='group'
2026-04-27 15:32:21,726 - INFO -   Visible DIV 9: class='inner' id='no-id' text='decimal_increase'
2026-04-27 15:32:22,108 - INFO -   Visible DIV 10: class='inner' id='no-id' text='admin_panel_settings'
2026-04-27 15:32:22,572 - INFO -   Visible DIV 11: class='inner' id='no-id' text='nest_doorbell_visitor'
2026-04-27 15:32:23,011 - INFO -   Visible DIV 12: class='inner' id='no-id' text='key_visualizer'
2026-04-27 15:32:23,106 - INFO - 
================================================================================

2026-04-27 15:32:23,508 - INFO - Screenshot captured: reports\RUN_20260427_153151\screenshots\02_Just_After_Login_Click_153223.png
2026-04-27 15:32:23,510 - INFO - Waiting for dashboard URL...
2026-04-27 15:32:23,512 - INFO - 
================================================================================
2026-04-27 15:32:23,513 - INFO - DOM SNAPSHOT AT STAGE: Before_Dashboard_Navigation
2026-04-27 15:32:23,516 - INFO - ================================================================================
2026-04-27 15:32:23,622 - INFO - 
Searching for pop-up elements in page content...
2026-04-27 15:32:24,693 - WARNING - ⚠ No known pop-up selectors found. Checking all visible divs...
2026-04-27 15:32:24,913 - INFO - Total DIV elements on page: 29
2026-04-27 15:32:25,659 - INFO -   Visible DIV 1: class='header-right' id='no-id' text='English
French
Spanish
Quantum Toll Authority
supe'
2026-04-27 15:32:25,889 - INFO -   Visible DIV 2: class='nav-user' id='no-id' text='Quantum Toll Authority
superadmin_qm@yopmail.com'
2026-04-27 15:32:26,326 - INFO -   Visible DIV 3: class='nav-user-info' id='no-id' text='Quantum Toll Authority
superadmin_qm@yopmail.com'
2026-04-27 15:32:26,602 - INFO -   Visible DIV 4: class='uname' id='no-id' text='Quantum Toll Authority'
2026-04-27 15:32:26,907 - INFO -   Visible DIV 5: class='urole' id='no-id' text='superadmin_qm@yopmail.com'
2026-04-27 15:32:27,331 - INFO -   Visible DIV 6: class='main-container' id='no-id' text='dashboard_2
group
decimal_increase
admin_panel_set'
2026-04-27 15:32:27,726 - INFO -   Visible DIV 7: class='inner' id='no-id' text='dashboard_2'
2026-04-27 15:32:28,028 - INFO -   Visible DIV 8: class='inner' id='no-id' text='group'
2026-04-27 15:32:28,263 - INFO -   Visible DIV 9: class='inner' id='no-id' text='decimal_increase'
2026-04-27 15:32:28,454 - INFO -   Visible DIV 10: class='inner' id='no-id' text='admin_panel_settings'
2026-04-27 15:32:28,757 - INFO -   Visible DIV 11: class='inner' id='no-id' text='nest_doorbell_visitor'
2026-04-27 15:32:29,104 - INFO -   Visible DIV 12: class='inner' id='no-id' text='key_visualizer'
2026-04-27 15:32:29,177 - INFO - 
================================================================================

2026-04-27 15:32:29,241 - INFO - Login SUCCESS: Dashboard URL reached.
2026-04-27 15:32:29,801 - INFO - 
================================================================================
2026-04-27 15:32:29,804 - INFO - DOM SNAPSHOT AT STAGE: After_Dashboard_Loaded
2026-04-27 15:32:29,806 - INFO - ================================================================================
2026-04-27 15:32:29,905 - INFO - 
Searching for pop-up elements in page content...
2026-04-27 15:32:30,691 - WARNING - ⚠ No known pop-up selectors found. Checking all visible divs...
2026-04-27 15:32:30,831 - INFO - Total DIV elements on page: 29
2026-04-27 15:32:31,583 - INFO -   Visible DIV 1: class='header-right' id='no-id' text='English
French
Spanish
Quantum Toll Authority
supe'
2026-04-27 15:32:31,788 - INFO -   Visible DIV 2: class='nav-user' id='no-id' text='Quantum Toll Authority
superadmin_qm@yopmail.com'
2026-04-27 15:32:32,419 - INFO -   Visible DIV 3: class='nav-user-info' id='no-id' text='Quantum Toll Authority
superadmin_qm@yopmail.com'
2026-04-27 15:32:32,824 - INFO -   Visible DIV 4: class='uname' id='no-id' text='Quantum Toll Authority'
2026-04-27 15:32:33,144 - INFO -   Visible DIV 5: class='urole' id='no-id' text='superadmin_qm@yopmail.com'
2026-04-27 15:32:33,453 - INFO -   Visible DIV 6: class='main-container' id='no-id' text='dashboard_2
group
decimal_increase
admin_panel_set'
2026-04-27 15:32:33,739 - INFO -   Visible DIV 7: class='inner' id='no-id' text='dashboard_2'
2026-04-27 15:32:34,031 - INFO -   Visible DIV 8: class='inner' id='no-id' text='group'
2026-04-27 15:32:34,536 - INFO -   Visible DIV 9: class='inner' id='no-id' text='decimal_increase'
2026-04-27 15:32:35,022 - INFO -   Visible DIV 10: class='inner' id='no-id' text='admin_panel_settings'
2026-04-27 15:32:35,456 - INFO -   Visible DIV 11: class='inner' id='no-id' text='nest_doorbell_visitor'
2026-04-27 15:32:35,858 - INFO -   Visible DIV 12: class='inner' id='no-id' text='key_visualizer'
2026-04-27 15:32:35,959 - INFO - 
================================================================================

2026-04-27 15:32:35,964 - INFO - Checking for dashboard header 'Welcome to QM Toll portal!'...
2026-04-27 15:32:36,243 - INFO - ✅ Dashboard header found with selector: h4:has-text("Welcome to QM Toll portal!")
2026-04-27 15:32:36,246 - INFO -    Header text: 'Welcome to QM Toll portal!'
2026-04-27 15:32:36,248 - INFO - ✅ DASHBOARD VALIDATION PASSED: 'Welcome to QM Toll portal!' header found
2026-04-27 15:32:36,631 - INFO - Screenshot captured: reports\RUN_20260427_153151\screenshots\01_Login_Success_Dashboard_153236.png
2026-04-27 15:32:37,751 - INFO - Step 1: Navigating and Starting Onboarding...
2026-04-27 15:32:37,755 - INFO - Executing Sidebar Navigation Sequence...
2026-04-27 15:32:41,994 - INFO - Filling Step 1: Account Details...
2026-04-27 15:32:47,296 - INFO - Filled First Name: Mamooty
2026-04-27 15:32:48,762 - INFO - Filled Last Name: Bobal
2026-04-27 15:32:50,182 - INFO - Checked: Use Same for Billing
2026-04-27 15:32:51,557 - INFO - Checked: Use Same for Shipping
2026-04-27 15:32:52,899 - INFO - Checked: Primary Address
2026-04-27 15:32:57,351 - INFO - Filled Address: 123 Automation Blvd
2026-04-27 15:32:58,785 - INFO - Filled Zip Code: 12345
2026-04-27 15:33:00,863 - INFO - Filled Phone: 7289010740
2026-04-27 15:33:02,255 - INFO - Filled Email: mamooty.bobal29@testmail.com
2026-04-27 15:33:03,737 - INFO - Filled Confirm Email: mamooty.bobal29@testmail.com
2026-04-27 15:33:03,737 - INFO - Clicking Save & Next...
2026-04-27 15:33:06,040 - INFO - Step 1 Submitted.
2026-04-27 15:33:06,040 - INFO - Adding 1 Vehicle(s)...
2026-04-27 15:38:18,805 - INFO - Navigating to Login Page: http://operator-qa.qmaastech.com/
2026-04-27 15:38:18,814 - INFO - Navigating to: http://operator-qa.qmaastech.com/
2026-04-27 15:38:23,224 - INFO - Attempting login for user: superadmin_qm@yopmail.com
2026-04-27 15:38:25,207 - INFO - Logging DOM elements BEFORE login click...
2026-04-27 15:38:25,217 - INFO - 
================================================================================
2026-04-27 15:38:25,222 - INFO - DOM SNAPSHOT AT STAGE: Before_Login
2026-04-27 15:38:25,225 - INFO - ================================================================================
2026-04-27 15:38:25,302 - INFO - 
Searching for pop-up elements in page content...
2026-04-27 15:38:26,124 - WARNING - ⚠ No known pop-up selectors found. Checking all visible divs...
2026-04-27 15:38:26,313 - INFO - Total DIV elements on page: 21
2026-04-27 15:38:28,030 - INFO -   Visible DIV 1: class='hero-pills' id='no-id' text='bolt
Real-time
smart_toy
AI-driven
hub
Multi-agenc'
2026-04-27 15:38:28,447 - INFO -   Visible DIV 2: class='auth-panel' id='no-id' text='Welcome Back

Sign in to your account to continue
'
2026-04-27 15:38:28,708 - INFO -   Visible DIV 3: class='auth-card' id='no-id' text='Welcome Back

Sign in to your account to continue
'
2026-04-27 15:38:28,960 - INFO -   Visible DIV 4: class='auth-step' id='no-id' text='Welcome Back

Sign in to your account to continue
'
2026-04-27 15:38:29,407 - INFO -   Visible DIV 5: class='field-wrap' id='no-id' text='Email ID / Username *
person'
2026-04-27 15:38:29,645 - INFO -   Visible DIV 6: class='input-shell' id='no-id' text='person'
2026-04-27 15:38:29,914 - INFO -   Visible DIV 7: class='field-wrap' id='no-id' text='Password *
lock
visibility_off'
2026-04-27 15:38:30,157 - INFO -   Visible DIV 8: class='input-shell' id='no-id' text='lock
visibility_off'
2026-04-27 15:38:30,417 - INFO -   Visible DIV 9: class='auth-bottom-links' id='no-id' text='New user?  Access Account

Forgot password?'
2026-04-27 15:38:30,530 - INFO - 
================================================================================

2026-04-27 15:38:31,169 - INFO - Login button clicked.
2026-04-27 15:38:31,169 - INFO - Taking rapid screenshots and validating pop-up...
2026-04-27 15:38:32,039 - INFO - Screenshot captured: reports\RUN_20260427_153814\screenshots\03_Popup_Immediate_1_153831.png
2026-04-27 15:38:32,046 - INFO - Screenshot 1 captured - Attempting validation...
2026-04-27 15:38:32,046 - INFO - 
================================================================================
2026-04-27 15:38:32,046 - INFO - STARTING COMPREHENSIVE POP-UP VALIDATION
2026-04-27 15:38:32,050 - INFO - ================================================================================
2026-04-27 15:38:32,195 - INFO - 
[VALIDATION 1] Checking Pop-up Visibility...
2026-04-27 15:38:32,557 - INFO -   Visibility Status: False
2026-04-27 15:38:32,557 - ERROR -   FAILED: Pop-up is not visible!
2026-04-27 15:38:36,230 - INFO - Screenshot captured: reports\RUN_20260427_153814\screenshots\03_Popup_Immediate_2_153832.png
2026-04-27 15:38:36,232 - INFO - Screenshot 2 captured - Attempting validation...
2026-04-27 15:38:36,233 - INFO - 
================================================================================
2026-04-27 15:38:36,233 - INFO - STARTING COMPREHENSIVE POP-UP VALIDATION
2026-04-27 15:38:36,235 - INFO - ================================================================================
2026-04-27 15:38:36,334 - ERROR - VALIDATION FAILED: Pop-up element not found!
2026-04-27 15:38:37,845 - INFO - Screenshot captured: reports\RUN_20260427_153814\screenshots\03_Popup_Immediate_3_153836.png
2026-04-27 15:38:37,845 - INFO - Screenshot 3 captured - Attempting validation...
2026-04-27 15:38:37,851 - INFO - 
================================================================================
2026-04-27 15:38:37,851 - INFO - STARTING COMPREHENSIVE POP-UP VALIDATION
2026-04-27 15:38:37,851 - INFO - ================================================================================
2026-04-27 15:38:37,912 - ERROR - VALIDATION FAILED: Pop-up element not found!
2026-04-27 15:38:38,083 - INFO - Logging DOM elements AFTER login click (pop-up should appear here)...
2026-04-27 15:38:38,084 - INFO - 
================================================================================
2026-04-27 15:38:38,086 - INFO - DOM SNAPSHOT AT STAGE: After_Login_Click
2026-04-27 15:38:38,086 - INFO - ================================================================================
2026-04-27 15:38:38,163 - INFO - 
Searching for pop-up elements in page content...
2026-04-27 15:38:38,910 - WARNING - ⚠ No known pop-up selectors found. Checking all visible divs...
2026-04-27 15:38:39,064 - INFO - Total DIV elements on page: 29
2026-04-27 15:38:39,555 - INFO -   Visible DIV 1: class='header-right' id='no-id' text='English
French
Spanish
Quantum Toll Authority
supe'
2026-04-27 15:38:39,778 - INFO -   Visible DIV 2: class='nav-user' id='no-id' text='Quantum Toll Authority
superadmin_qm@yopmail.com'
2026-04-27 15:38:40,128 - INFO -   Visible DIV 3: class='nav-user-info' id='no-id' text='Quantum Toll Authority
superadmin_qm@yopmail.com'
2026-04-27 15:38:40,364 - INFO -   Visible DIV 4: class='uname' id='no-id' text='Quantum Toll Authority'
2026-04-27 15:38:40,604 - INFO -   Visible DIV 5: class='urole' id='no-id' text='superadmin_qm@yopmail.com'
2026-04-27 15:38:40,869 - INFO -   Visible DIV 6: class='main-container' id='no-id' text='dashboard_2
group
decimal_increase
admin_panel_set'
2026-04-27 15:38:41,138 - INFO -   Visible DIV 7: class='inner' id='no-id' text='dashboard_2'
2026-04-27 15:38:41,386 - INFO -   Visible DIV 8: class='inner' id='no-id' text='group'
2026-04-27 15:38:41,706 - INFO -   Visible DIV 9: class='inner' id='no-id' text='decimal_increase'
2026-04-27 15:38:42,008 - INFO -   Visible DIV 10: class='inner' id='no-id' text='admin_panel_settings'
2026-04-27 15:38:42,289 - INFO -   Visible DIV 11: class='inner' id='no-id' text='nest_doorbell_visitor'
2026-04-27 15:38:42,563 - INFO -   Visible DIV 12: class='inner' id='no-id' text='key_visualizer'
2026-04-27 15:38:42,597 - INFO - 
================================================================================

2026-04-27 15:38:42,879 - INFO - Screenshot captured: reports\RUN_20260427_153814\screenshots\02_Just_After_Login_Click_153842.png
2026-04-27 15:38:42,879 - INFO - Waiting for dashboard URL...
2026-04-27 15:38:42,881 - INFO - 
================================================================================
2026-04-27 15:38:42,881 - INFO - DOM SNAPSHOT AT STAGE: Before_Dashboard_Navigation
2026-04-27 15:38:42,883 - INFO - ================================================================================
2026-04-27 15:38:42,948 - INFO - 
Searching for pop-up elements in page content...
2026-04-27 15:38:43,651 - WARNING - ⚠ No known pop-up selectors found. Checking all visible divs...
2026-04-27 15:38:43,776 - INFO - Total DIV elements on page: 29
2026-04-27 15:38:44,217 - INFO -   Visible DIV 1: class='header-right' id='no-id' text='English
French
Spanish
Quantum Toll Authority
supe'
2026-04-27 15:38:44,451 - INFO -   Visible DIV 2: class='nav-user' id='no-id' text='Quantum Toll Authority
superadmin_qm@yopmail.com'
2026-04-27 15:38:44,748 - INFO -   Visible DIV 3: class='nav-user-info' id='no-id' text='Quantum Toll Authority
superadmin_qm@yopmail.com'
2026-04-27 15:38:44,949 - INFO -   Visible DIV 4: class='uname' id='no-id' text='Quantum Toll Authority'
2026-04-27 15:38:45,115 - INFO -   Visible DIV 5: class='urole' id='no-id' text='superadmin_qm@yopmail.com'
2026-04-27 15:38:45,345 - INFO -   Visible DIV 6: class='main-container' id='no-id' text='dashboard_2
group
decimal_increase
admin_panel_set'
2026-04-27 15:38:45,578 - INFO -   Visible DIV 7: class='inner' id='no-id' text='dashboard_2'
2026-04-27 15:38:45,814 - INFO -   Visible DIV 8: class='inner' id='no-id' text='group'
2026-04-27 15:38:46,100 - INFO -   Visible DIV 9: class='inner' id='no-id' text='decimal_increase'
2026-04-27 15:38:46,402 - INFO -   Visible DIV 10: class='inner' id='no-id' text='admin_panel_settings'
2026-04-27 15:38:46,735 - INFO -   Visible DIV 11: class='inner' id='no-id' text='nest_doorbell_visitor'
2026-04-27 15:38:47,002 - INFO -   Visible DIV 12: class='inner' id='no-id' text='key_visualizer'
2026-04-27 15:38:47,051 - INFO - 
================================================================================

2026-04-27 15:38:47,129 - INFO - Login SUCCESS: Dashboard URL reached.
2026-04-27 15:38:47,681 - INFO - 
================================================================================
2026-04-27 15:38:47,685 - INFO - DOM SNAPSHOT AT STAGE: After_Dashboard_Loaded
2026-04-27 15:38:47,687 - INFO - ================================================================================
2026-04-27 15:38:47,779 - INFO - 
Searching for pop-up elements in page content...
2026-04-27 15:38:48,467 - WARNING - ⚠ No known pop-up selectors found. Checking all visible divs...
2026-04-27 15:38:48,614 - INFO - Total DIV elements on page: 29
2026-04-27 15:38:49,452 - INFO -   Visible DIV 1: class='header-right' id='no-id' text='English
French
Spanish
Quantum Toll Authority
supe'
2026-04-27 15:38:49,713 - INFO -   Visible DIV 2: class='nav-user' id='no-id' text='Quantum Toll Authority
superadmin_qm@yopmail.com'
2026-04-27 15:38:49,958 - INFO -   Visible DIV 3: class='nav-user-info' id='no-id' text='Quantum Toll Authority
superadmin_qm@yopmail.com'
2026-04-27 15:38:50,196 - INFO -   Visible DIV 4: class='uname' id='no-id' text='Quantum Toll Authority'
2026-04-27 15:38:50,567 - INFO -   Visible DIV 5: class='urole' id='no-id' text='superadmin_qm@yopmail.com'
2026-04-27 15:38:50,947 - INFO -   Visible DIV 6: class='main-container' id='no-id' text='dashboard_2
group
decimal_increase
admin_panel_set'
2026-04-27 15:38:51,382 - INFO -   Visible DIV 7: class='inner' id='no-id' text='dashboard_2'
2026-04-27 15:38:51,796 - INFO -   Visible DIV 8: class='inner' id='no-id' text='group'
2026-04-27 15:38:52,186 - INFO -   Visible DIV 9: class='inner' id='no-id' text='decimal_increase'
2026-04-27 15:38:52,402 - INFO -   Visible DIV 10: class='inner' id='no-id' text='admin_panel_settings'
2026-04-27 15:38:52,763 - INFO -   Visible DIV 11: class='inner' id='no-id' text='nest_doorbell_visitor'
2026-04-27 15:38:53,072 - INFO -   Visible DIV 12: class='inner' id='no-id' text='key_visualizer'
2026-04-27 15:38:53,138 - INFO - 
================================================================================

2026-04-27 15:38:53,138 - INFO - Checking for dashboard header 'Welcome to QM Toll portal!'...
2026-04-27 15:38:53,340 - INFO - ✅ Dashboard header found with selector: h4:has-text("Welcome to QM Toll portal!")
2026-04-27 15:38:53,340 - INFO -    Header text: 'Welcome to QM Toll portal!'
2026-04-27 15:38:53,340 - INFO - ✅ DASHBOARD VALIDATION PASSED: 'Welcome to QM Toll portal!' header found
2026-04-27 15:38:53,698 - INFO - Screenshot captured: reports\RUN_20260427_153814\screenshots\01_Login_Success_Dashboard_153853.png
2026-04-27 15:38:54,440 - INFO - Step 1: Navigating and Starting Onboarding...
2026-04-27 15:38:54,440 - INFO - Executing Sidebar Navigation Sequence...
2026-04-27 15:38:57,905 - INFO - Filling Step 1: Account Details...
2026-04-27 15:39:02,146 - INFO - Filled First Name: Shray
2026-04-27 15:39:03,621 - INFO - Filled Last Name: Sant
2026-04-27 15:39:05,065 - INFO - Checked: Use Same for Billing
2026-04-27 15:39:06,548 - INFO - Checked: Use Same for Shipping
2026-04-27 15:39:07,884 - INFO - Checked: Primary Address
2026-04-27 15:39:12,088 - INFO - Filled Address: 123 Automation Blvd
2026-04-27 15:39:13,540 - INFO - Filled Zip Code: 12345
2026-04-27 15:39:15,513 - INFO - Filled Phone: 8473387335
2026-04-27 15:39:16,982 - INFO - Filled Email: shray.sant39@testmail.com
2026-04-27 15:39:18,462 - INFO - Filled Confirm Email: shray.sant39@testmail.com
2026-04-27 15:39:18,462 - INFO - Clicking Save & Next...
2026-04-27 15:39:20,866 - INFO - Step 1 Submitted.
2026-04-27 15:39:20,867 - INFO - Adding 1 Vehicle(s)...
2026-04-27 15:39:21,619 - INFO - Chatbot elements hidden.
2026-04-27 15:39:23,993 - INFO - Filled Plate 1: QA4652GP
2026-04-27 15:42:06,550 - INFO - Navigating to Login Page: http://operator-qa.qmaastech.com/
2026-04-27 15:42:06,558 - INFO - Navigating to: http://operator-qa.qmaastech.com/
2026-04-27 15:42:10,388 - INFO - Attempting login for user: superadmin_qm@yopmail.com
2026-04-27 15:42:12,400 - INFO - Logging DOM elements BEFORE login click...
2026-04-27 15:42:12,400 - INFO - 
================================================================================
2026-04-27 15:42:12,400 - INFO - DOM SNAPSHOT AT STAGE: Before_Login
2026-04-27 15:42:12,400 - INFO - ================================================================================
2026-04-27 15:42:12,497 - INFO - 
Searching for pop-up elements in page content...
2026-04-27 15:42:13,291 - WARNING - ⚠ No known pop-up selectors found. Checking all visible divs...
2026-04-27 15:42:13,424 - INFO - Total DIV elements on page: 21
2026-04-27 15:42:14,902 - INFO -   Visible DIV 1: class='hero-pills' id='no-id' text='bolt
Real-time
smart_toy
AI-driven
hub
Multi-agenc'
2026-04-27 15:42:15,278 - INFO -   Visible DIV 2: class='auth-panel' id='no-id' text='Welcome Back

Sign in to your account to continue
'
2026-04-27 15:42:15,572 - INFO -   Visible DIV 3: class='auth-card' id='no-id' text='Welcome Back

Sign in to your account to continue
'
2026-04-27 15:42:15,841 - INFO -   Visible DIV 4: class='auth-step' id='no-id' text='Welcome Back

Sign in to your account to continue
'
2026-04-27 15:42:16,241 - INFO -   Visible DIV 5: class='field-wrap' id='no-id' text='Email ID / Username *
person'
2026-04-27 15:42:16,543 - INFO -   Visible DIV 6: class='input-shell' id='no-id' text='person'
2026-04-27 15:42:16,896 - INFO -   Visible DIV 7: class='field-wrap' id='no-id' text='Password *
lock
visibility_off'
2026-04-27 15:42:17,268 - INFO -   Visible DIV 8: class='input-shell' id='no-id' text='lock
visibility_off'
2026-04-27 15:42:17,569 - INFO -   Visible DIV 9: class='auth-bottom-links' id='no-id' text='New user?  Access Account

Forgot password?'
2026-04-27 15:42:17,717 - INFO - 
================================================================================

2026-04-27 15:42:18,426 - INFO - Login button clicked.
2026-04-27 15:42:18,426 - INFO - Taking rapid screenshots and validating pop-up...
2026-04-27 15:42:19,407 - INFO - Screenshot captured: reports\RUN_20260427_154203\screenshots\03_Popup_Immediate_1_154218.png
2026-04-27 15:42:19,407 - INFO - Screenshot 1 captured - Attempting validation...
2026-04-27 15:42:19,410 - INFO - 
================================================================================
2026-04-27 15:42:19,412 - INFO - STARTING COMPREHENSIVE POP-UP VALIDATION
2026-04-27 15:42:19,412 - INFO - ================================================================================
2026-04-27 15:42:19,502 - INFO - 
[VALIDATION 1] Checking Pop-up Visibility...
2026-04-27 15:42:19,893 - INFO -   Visibility Status: False
2026-04-27 15:42:19,893 - ERROR -   FAILED: Pop-up is not visible!
2026-04-27 15:42:23,551 - INFO - Screenshot captured: reports\RUN_20260427_154203\screenshots\03_Popup_Immediate_2_154220.png
2026-04-27 15:42:23,553 - INFO - Screenshot 2 captured - Attempting validation...
2026-04-27 15:42:23,554 - INFO - 
================================================================================
2026-04-27 15:42:23,555 - INFO - STARTING COMPREHENSIVE POP-UP VALIDATION
2026-04-27 15:42:23,555 - INFO - ================================================================================
2026-04-27 15:42:23,621 - ERROR - VALIDATION FAILED: Pop-up element not found!
2026-04-27 15:42:25,129 - INFO - Screenshot captured: reports\RUN_20260427_154203\screenshots\03_Popup_Immediate_3_154223.png
2026-04-27 15:42:25,129 - INFO - Screenshot 3 captured - Attempting validation...
2026-04-27 15:42:25,129 - INFO - 
================================================================================
2026-04-27 15:42:25,135 - INFO - STARTING COMPREHENSIVE POP-UP VALIDATION
2026-04-27 15:42:25,135 - INFO - ================================================================================
2026-04-27 15:42:25,211 - ERROR - VALIDATION FAILED: Pop-up element not found!
2026-04-27 15:42:25,394 - INFO - Logging DOM elements AFTER login click (pop-up should appear here)...
2026-04-27 15:42:25,396 - INFO - 
================================================================================
2026-04-27 15:42:25,396 - INFO - DOM SNAPSHOT AT STAGE: After_Login_Click
2026-04-27 15:42:25,398 - INFO - ================================================================================
2026-04-27 15:42:25,482 - INFO - 
Searching for pop-up elements in page content...
2026-04-27 15:42:26,292 - WARNING - ⚠ No known pop-up selectors found. Checking all visible divs...
2026-04-27 15:42:26,423 - INFO - Total DIV elements on page: 29
2026-04-27 15:42:26,867 - INFO -   Visible DIV 1: class='header-right' id='no-id' text='English
French
Spanish
Quantum Toll Authority
supe'
2026-04-27 15:42:27,111 - INFO -   Visible DIV 2: class='nav-user' id='no-id' text='Quantum Toll Authority
superadmin_qm@yopmail.com'
2026-04-27 15:42:27,480 - INFO -   Visible DIV 3: class='nav-user-info' id='no-id' text='Quantum Toll Authority
superadmin_qm@yopmail.com'
2026-04-27 15:42:27,682 - INFO -   Visible DIV 4: class='uname' id='no-id' text='Quantum Toll Authority'
2026-04-27 15:42:27,949 - INFO -   Visible DIV 5: class='urole' id='no-id' text='superadmin_qm@yopmail.com'
2026-04-27 15:42:28,225 - INFO -   Visible DIV 6: class='main-container' id='no-id' text='dashboard_2
group
decimal_increase
admin_panel_set'
2026-04-27 15:42:28,506 - INFO -   Visible DIV 7: class='inner' id='no-id' text='dashboard_2'
2026-04-27 15:42:28,750 - INFO -   Visible DIV 8: class='inner' id='no-id' text='group'
2026-04-27 15:42:29,165 - INFO -   Visible DIV 9: class='inner' id='no-id' text='decimal_increase'
2026-04-27 15:42:29,594 - INFO -   Visible DIV 10: class='inner' id='no-id' text='admin_panel_settings'
2026-04-27 15:42:29,835 - INFO -   Visible DIV 11: class='inner' id='no-id' text='nest_doorbell_visitor'
2026-04-27 15:42:30,080 - INFO -   Visible DIV 12: class='inner' id='no-id' text='key_visualizer'
2026-04-27 15:42:30,180 - INFO - 
================================================================================

2026-04-27 15:42:30,518 - INFO - Screenshot captured: reports\RUN_20260427_154203\screenshots\02_Just_After_Login_Click_154230.png
2026-04-27 15:42:30,521 - INFO - Waiting for dashboard URL...
2026-04-27 15:42:30,521 - INFO - 
================================================================================
2026-04-27 15:42:30,521 - INFO - DOM SNAPSHOT AT STAGE: Before_Dashboard_Navigation
2026-04-27 15:42:30,524 - INFO - ================================================================================
2026-04-27 15:42:30,575 - INFO - 
Searching for pop-up elements in page content...
2026-04-27 15:42:31,256 - WARNING - ⚠ No known pop-up selectors found. Checking all visible divs...
2026-04-27 15:42:31,390 - INFO - Total DIV elements on page: 29
2026-04-27 15:42:31,872 - INFO -   Visible DIV 1: class='header-right' id='no-id' text='English
French
Spanish
Quantum Toll Authority
supe'
2026-04-27 15:42:32,121 - INFO -   Visible DIV 2: class='nav-user' id='no-id' text='Quantum Toll Authority
superadmin_qm@yopmail.com'
2026-04-27 15:42:32,484 - INFO -   Visible DIV 3: class='nav-user-info' id='no-id' text='Quantum Toll Authority
superadmin_qm@yopmail.com'
2026-04-27 15:42:32,717 - INFO -   Visible DIV 4: class='uname' id='no-id' text='Quantum Toll Authority'
2026-04-27 15:42:32,984 - INFO -   Visible DIV 5: class='urole' id='no-id' text='superadmin_qm@yopmail.com'
2026-04-27 15:42:33,239 - INFO -   Visible DIV 6: class='main-container' id='no-id' text='dashboard_2
group
decimal_increase
admin_panel_set'
2026-04-27 15:42:33,485 - INFO -   Visible DIV 7: class='inner' id='no-id' text='dashboard_2'
2026-04-27 15:42:33,701 - INFO -   Visible DIV 8: class='inner' id='no-id' text='group'
2026-04-27 15:42:34,028 - INFO -   Visible DIV 9: class='inner' id='no-id' text='decimal_increase'
2026-04-27 15:42:34,336 - INFO -   Visible DIV 10: class='inner' id='no-id' text='admin_panel_settings'
2026-04-27 15:42:34,570 - INFO -   Visible DIV 11: class='inner' id='no-id' text='nest_doorbell_visitor'
2026-04-27 15:42:34,753 - INFO -   Visible DIV 12: class='inner' id='no-id' text='key_visualizer'
2026-04-27 15:42:34,797 - INFO - 
================================================================================

2026-04-27 15:42:34,872 - INFO - Login SUCCESS: Dashboard URL reached.
2026-04-27 15:42:35,426 - INFO - 
================================================================================
2026-04-27 15:42:35,426 - INFO - DOM SNAPSHOT AT STAGE: After_Dashboard_Loaded
2026-04-27 15:42:35,426 - INFO - ================================================================================
2026-04-27 15:42:35,535 - INFO - 
Searching for pop-up elements in page content...
2026-04-27 15:42:36,458 - WARNING - ⚠ No known pop-up selectors found. Checking all visible divs...
2026-04-27 15:42:36,628 - INFO - Total DIV elements on page: 29
2026-04-27 15:42:37,128 - INFO -   Visible DIV 1: class='header-right' id='no-id' text='English
French
Spanish
Quantum Toll Authority
supe'
2026-04-27 15:42:37,363 - INFO -   Visible DIV 2: class='nav-user' id='no-id' text='Quantum Toll Authority
superadmin_qm@yopmail.com'
2026-04-27 15:42:37,720 - INFO -   Visible DIV 3: class='nav-user-info' id='no-id' text='Quantum Toll Authority
superadmin_qm@yopmail.com'
2026-04-27 15:42:37,958 - INFO -   Visible DIV 4: class='uname' id='no-id' text='Quantum Toll Authority'
2026-04-27 15:42:38,182 - INFO -   Visible DIV 5: class='urole' id='no-id' text='superadmin_qm@yopmail.com'
2026-04-27 15:42:38,465 - INFO -   Visible DIV 6: class='main-container' id='no-id' text='dashboard_2
group
decimal_increase
admin_panel_set'
2026-04-27 15:42:38,693 - INFO -   Visible DIV 7: class='inner' id='no-id' text='dashboard_2'
2026-04-27 15:42:39,093 - INFO -   Visible DIV 8: class='inner' id='no-id' text='group'
2026-04-27 15:42:39,457 - INFO -   Visible DIV 9: class='inner' id='no-id' text='decimal_increase'
2026-04-27 15:42:39,756 - INFO -   Visible DIV 10: class='inner' id='no-id' text='admin_panel_settings'
2026-04-27 15:42:40,082 - INFO -   Visible DIV 11: class='inner' id='no-id' text='nest_doorbell_visitor'
2026-04-27 15:42:40,386 - INFO -   Visible DIV 12: class='inner' id='no-id' text='key_visualizer'
2026-04-27 15:42:40,447 - INFO - 
================================================================================

2026-04-27 15:42:40,447 - INFO - Checking for dashboard header 'Welcome to QM Toll portal!'...
2026-04-27 15:42:40,638 - INFO - ✅ Dashboard header found with selector: h4:has-text("Welcome to QM Toll portal!")
2026-04-27 15:42:40,638 - INFO -    Header text: 'Welcome to QM Toll portal!'
2026-04-27 15:42:40,638 - INFO - ✅ DASHBOARD VALIDATION PASSED: 'Welcome to QM Toll portal!' header found
2026-04-27 15:42:40,973 - INFO - Screenshot captured: reports\RUN_20260427_154203\screenshots\01_Login_Success_Dashboard_154240.png
2026-04-27 15:42:41,711 - INFO - Step 1: Navigating and Starting Onboarding...
2026-04-27 15:42:41,715 - INFO - Executing Sidebar Navigation Sequence...
2026-04-27 15:42:45,150 - INFO - Filling Step 1: Account Details...
2026-04-27 15:42:50,318 - INFO - Filled First Name: Myra
2026-04-27 15:42:51,780 - INFO - Filled Last Name: Wali
2026-04-27 15:42:53,173 - INFO - Checked: Use Same for Billing
2026-04-27 15:42:54,749 - INFO - Checked: Use Same for Shipping
2026-04-27 15:42:56,119 - INFO - Checked: Primary Address
2026-04-27 15:43:00,414 - INFO - Filled Address: 123 Automation Blvd
2026-04-27 15:43:01,852 - INFO - Filled Zip Code: 12345
2026-04-27 15:43:03,883 - INFO - Filled Phone: 7694013760
2026-04-27 15:43:05,269 - INFO - Filled Email: myra.wali65@testmail.com
2026-04-27 15:43:06,687 - INFO - Filled Confirm Email: myra.wali65@testmail.com
2026-04-27 15:43:06,691 - INFO - Clicking Save & Next...
2026-04-27 15:43:09,105 - INFO - Step 1 Submitted.
2026-04-27 15:43:09,106 - INFO - Adding 1 Vehicle(s)...
2026-04-27 15:43:09,667 - INFO - Step 2 loaded successfully.
2026-04-27 15:43:09,775 - INFO - Chatbot elements hidden.
2026-04-27 15:43:12,057 - INFO - Filled Plate 1: QA1616GP
2026-04-27 16:41:16,266 - INFO - Navigating to Login Page: http://operator-qa.qmaastech.com/
2026-04-27 16:41:16,266 - INFO - Navigating to: http://operator-qa.qmaastech.com/
2026-04-27 16:41:19,119 - INFO - Attempting login for user: superadmin_qm@yopmail.com
2026-04-27 16:41:20,830 - INFO - Logging DOM elements BEFORE login click...
2026-04-27 16:41:20,830 - INFO - 
================================================================================
2026-04-27 16:41:20,830 - INFO - DOM SNAPSHOT AT STAGE: Before_Login
2026-04-27 16:41:20,830 - INFO - ================================================================================
2026-04-27 16:41:20,871 - INFO - 
Searching for pop-up elements in page content...
2026-04-27 16:41:21,236 - WARNING - ⚠ No known pop-up selectors found. Checking all visible divs...
2026-04-27 16:41:21,305 - INFO - Total DIV elements on page: 21
2026-04-27 16:41:21,964 - INFO -   Visible DIV 1: class='hero-pills' id='no-id' text='bolt
Real-time
smart_toy
AI-driven
hub
Multi-agenc'
2026-04-27 16:41:22,148 - INFO -   Visible DIV 2: class='auth-panel' id='no-id' text='Welcome Back

Sign in to your account to continue
'
2026-04-27 16:41:22,248 - INFO -   Visible DIV 3: class='auth-card' id='no-id' text='Welcome Back

Sign in to your account to continue
'
2026-04-27 16:41:22,390 - INFO -   Visible DIV 4: class='auth-step' id='no-id' text='Welcome Back

Sign in to your account to continue
'
2026-04-27 16:41:22,564 - INFO -   Visible DIV 5: class='field-wrap' id='no-id' text='Email ID / Username *
person'
2026-04-27 16:41:22,706 - INFO -   Visible DIV 6: class='input-shell' id='no-id' text='person'
2026-04-27 16:41:22,816 - INFO -   Visible DIV 7: class='field-wrap' id='no-id' text='Password *
lock
visibility_off'
2026-04-27 16:41:22,933 - INFO -   Visible DIV 8: class='input-shell' id='no-id' text='lock
visibility_off'
2026-04-27 16:41:23,032 - INFO -   Visible DIV 9: class='auth-bottom-links' id='no-id' text='New user?  Access Account

Forgot password?'
2026-04-27 16:41:23,083 - INFO - 
================================================================================

2026-04-27 16:41:23,715 - INFO - Login button clicked.
2026-04-27 16:41:23,715 - INFO - Taking rapid screenshots and validating pop-up...
2026-04-27 16:41:24,398 - INFO - Screenshot captured: reports\RUN_20260427_164109\screenshots\03_Popup_Immediate_1_164123.png
2026-04-27 16:41:24,398 - INFO - Screenshot 1 captured - Attempting validation...
2026-04-27 16:41:24,398 - INFO - 
================================================================================
2026-04-27 16:41:24,408 - INFO - STARTING COMPREHENSIVE POP-UP VALIDATION
2026-04-27 16:41:24,408 - INFO - ================================================================================
2026-04-27 16:41:24,445 - INFO - 
[VALIDATION 1] Checking Pop-up Visibility...
2026-04-27 16:41:24,463 - INFO -   Visibility Status: True
2026-04-27 16:41:24,463 - INFO -   PASSED: Pop-up is visible
2026-04-27 16:41:24,463 - INFO - 
[VALIDATION 2] Extracting and Validating Text Content...
2026-04-27 16:41:24,498 - INFO -   Extracted Text: 'Login Successful'
2026-04-27 16:41:24,498 - INFO -   PASSED: Text matches exactly: 'Login Successful'
2026-04-27 16:41:24,498 - INFO - 
[VALIDATION 3] Checking for Typos...
2026-04-27 16:41:24,498 - INFO -   PASSED: No known typos detected
2026-04-27 16:41:24,498 - INFO - 
[VALIDATION 4] Extracting CSS Classes and Attributes...
2026-04-27 16:41:24,544 - INFO -   CSS Classes: snackbar success-snackbar
2026-04-27 16:41:24,547 - INFO -   PASSED: 'success' class is present
2026-04-27 16:41:24,550 - INFO - 
[VALIDATION 5] Checking Element Properties...
2026-04-27 16:41:24,680 - INFO -   ID: Not set
2026-04-27 16:41:24,680 - INFO -   Data-TestID: Not set
2026-04-27 16:41:24,680 - INFO -   Role: Not set
2026-04-27 16:41:24,680 - INFO -   ARIA Label: Not set
2026-04-27 16:41:24,680 - INFO - 
[VALIDATION 6] Checking Position and Size...
2026-04-27 16:41:24,714 - INFO -   X: 1230, Y: 20
2026-04-27 16:41:24,714 - INFO -   Width: 250, Height: 43.5
2026-04-27 16:41:24,714 - INFO -   PASSED: Element has valid dimensions
2026-04-27 16:41:24,714 - INFO - 
[VALIDATION 7] Checking Computed Styles...
2026-04-27 16:41:24,900 - ERROR - Validation error: TypeError: Failed to execute 'getComputedStyle' on 'Window': parameter 1 is not of type 'Element'.
    at eval (eval at evaluate (:226:30), <anonymous>:1:8)
    at eval (<anonymous>)
    at UtilityScript.evaluate (<anonymous>:226:30)
    at UtilityScript.<anonymous> (<anonymous>:1:44)
2026-04-27 16:41:24,900 - WARNING -   WARNING: Could not check computed styles - element may have disappeared
2026-04-27 16:41:24,900 - INFO - 
================================================================================
2026-04-27 16:41:24,900 - INFO - POP-UP VALIDATION SUMMARY
2026-04-27 16:41:24,910 - INFO - ================================================================================
2026-04-27 16:41:24,910 - INFO -   Visibility: PASSED
2026-04-27 16:41:24,910 - INFO -   Text Match: PASSED
2026-04-27 16:41:24,914 - INFO -   Typo Check: PASSED
2026-04-27 16:41:24,914 - INFO -   CSS Classes: Present
2026-04-27 16:41:24,915 - INFO -   Position & Size: Valid
2026-04-27 16:41:24,915 - INFO -   Computed Styles: Valid
2026-04-27 16:41:24,916 - INFO - ================================================================================

2026-04-27 16:41:24,916 - INFO - ✓ ALL VALIDATIONS PASSED - Pop-up is working correctly!
2026-04-27 16:41:26,716 - INFO - Screenshot captured: reports\RUN_20260427_164109\screenshots\03_Popup_Immediate_2_164124.png
2026-04-27 16:41:26,717 - INFO - Screenshot 2 captured - Attempting validation...
2026-04-27 16:41:26,718 - INFO - 
================================================================================
2026-04-27 16:41:26,719 - INFO - STARTING COMPREHENSIVE POP-UP VALIDATION
2026-04-27 16:41:26,719 - INFO - ================================================================================
2026-04-27 16:41:26,753 - ERROR - VALIDATION FAILED: Pop-up element not found!
2026-04-27 16:41:27,286 - INFO - Screenshot captured: reports\RUN_20260427_164109\screenshots\03_Popup_Immediate_3_164126.png
2026-04-27 16:41:27,288 - INFO - Screenshot 3 captured - Attempting validation...
2026-04-27 16:41:27,289 - INFO - 
================================================================================
2026-04-27 16:41:27,292 - INFO - STARTING COMPREHENSIVE POP-UP VALIDATION
2026-04-27 16:41:27,293 - INFO - ================================================================================
2026-04-27 16:41:27,324 - ERROR - VALIDATION FAILED: Pop-up element not found!
2026-04-27 16:41:27,467 - INFO - Logging DOM elements AFTER login click (pop-up should appear here)...
2026-04-27 16:41:27,469 - INFO - 
================================================================================
2026-04-27 16:41:27,470 - INFO - DOM SNAPSHOT AT STAGE: After_Login_Click
2026-04-27 16:41:27,470 - INFO - ================================================================================
2026-04-27 16:41:27,521 - INFO - 
Searching for pop-up elements in page content...
2026-04-27 16:41:27,924 - WARNING - ⚠ No known pop-up selectors found. Checking all visible divs...
2026-04-27 16:41:28,004 - INFO - Total DIV elements on page: 29
2026-04-27 16:41:28,326 - INFO -   Visible DIV 1: class='header-right' id='no-id' text='English
French
Spanish
Quantum Toll Authority
supe'
2026-04-27 16:41:28,483 - INFO -   Visible DIV 2: class='nav-user' id='no-id' text='Quantum Toll Authority
superadmin_qm@yopmail.com'
2026-04-27 16:41:28,688 - INFO -   Visible DIV 3: class='nav-user-info' id='no-id' text='Quantum Toll Authority
superadmin_qm@yopmail.com'
2026-04-27 16:41:28,814 - INFO -   Visible DIV 4: class='uname' id='no-id' text='Quantum Toll Authority'
2026-04-27 16:41:28,942 - INFO -   Visible DIV 5: class='urole' id='no-id' text='superadmin_qm@yopmail.com'
2026-04-27 16:41:29,095 - INFO -   Visible DIV 6: class='main-container' id='no-id' text='dashboard_2
group
decimal_increase
admin_panel_set'
2026-04-27 16:41:29,265 - INFO -   Visible DIV 7: class='inner' id='no-id' text='dashboard_2'
2026-04-27 16:41:29,431 - INFO -   Visible DIV 8: class='inner' id='no-id' text='group'
2026-04-27 16:41:29,632 - INFO -   Visible DIV 9: class='inner' id='no-id' text='decimal_increase'
2026-04-27 16:41:29,771 - INFO -   Visible DIV 10: class='inner' id='no-id' text='admin_panel_settings'
2026-04-27 16:41:29,950 - INFO -   Visible DIV 11: class='inner' id='no-id' text='nest_doorbell_visitor'
2026-04-27 16:41:30,105 - INFO -   Visible DIV 12: class='inner' id='no-id' text='key_visualizer'
2026-04-27 16:41:30,130 - INFO - 
================================================================================

2026-04-27 16:41:30,554 - INFO - Screenshot captured: reports\RUN_20260427_164109\screenshots\02_Just_After_Login_Click_164130.png
2026-04-27 16:41:30,555 - INFO - Waiting for dashboard URL...
2026-04-27 16:41:30,556 - INFO - 
================================================================================
2026-04-27 16:41:30,557 - INFO - DOM SNAPSHOT AT STAGE: Before_Dashboard_Navigation
2026-04-27 16:41:30,557 - INFO - ================================================================================
2026-04-27 16:41:30,601 - INFO - 
Searching for pop-up elements in page content...
2026-04-27 16:41:30,918 - WARNING - ⚠ No known pop-up selectors found. Checking all visible divs...
2026-04-27 16:41:30,970 - INFO - Total DIV elements on page: 29
2026-04-27 16:41:31,173 - INFO -   Visible DIV 1: class='header-right' id='no-id' text='English
French
Spanish
Quantum Toll Authority
supe'
2026-04-27 16:41:31,266 - INFO -   Visible DIV 2: class='nav-user' id='no-id' text='Quantum Toll Authority
superadmin_qm@yopmail.com'
2026-04-27 16:41:31,399 - INFO -   Visible DIV 3: class='nav-user-info' id='no-id' text='Quantum Toll Authority
superadmin_qm@yopmail.com'
2026-04-27 16:41:31,502 - INFO -   Visible DIV 4: class='uname' id='no-id' text='Quantum Toll Authority'
2026-04-27 16:41:31,638 - INFO -   Visible DIV 5: class='urole' id='no-id' text='superadmin_qm@yopmail.com'
2026-04-27 16:41:31,828 - INFO -   Visible DIV 6: class='main-container' id='no-id' text='dashboard_2
group
decimal_increase
admin_panel_set'
2026-04-27 16:41:32,029 - INFO -   Visible DIV 7: class='inner' id='no-id' text='dashboard_2'
2026-04-27 16:41:32,222 - INFO -   Visible DIV 8: class='inner' id='no-id' text='group'
2026-04-27 16:41:32,424 - INFO -   Visible DIV 9: class='inner' id='no-id' text='decimal_increase'
2026-04-27 16:41:32,597 - INFO -   Visible DIV 10: class='inner' id='no-id' text='admin_panel_settings'
2026-04-27 16:41:32,776 - INFO -   Visible DIV 11: class='inner' id='no-id' text='nest_doorbell_visitor'
2026-04-27 16:41:32,962 - INFO -   Visible DIV 12: class='inner' id='no-id' text='key_visualizer'
2026-04-27 16:41:32,998 - INFO - 
================================================================================

2026-04-27 16:41:33,035 - INFO - Login SUCCESS: Dashboard URL reached.
2026-04-27 16:41:33,581 - INFO - 
================================================================================
2026-04-27 16:41:33,583 - INFO - DOM SNAPSHOT AT STAGE: After_Dashboard_Loaded
2026-04-27 16:41:33,585 - INFO - ================================================================================
2026-04-27 16:41:33,615 - INFO - 
Searching for pop-up elements in page content...
2026-04-27 16:41:33,874 - WARNING - ⚠ No known pop-up selectors found. Checking all visible divs...
2026-04-27 16:41:33,947 - INFO - Total DIV elements on page: 29
2026-04-27 16:41:34,185 - INFO -   Visible DIV 1: class='header-right' id='no-id' text='English
French
Spanish
Quantum Toll Authority
supe'
2026-04-27 16:41:34,328 - INFO -   Visible DIV 2: class='nav-user' id='no-id' text='Quantum Toll Authority
superadmin_qm@yopmail.com'
2026-04-27 16:41:34,485 - INFO -   Visible DIV 3: class='nav-user-info' id='no-id' text='Quantum Toll Authority
superadmin_qm@yopmail.com'
2026-04-27 16:41:34,611 - INFO -   Visible DIV 4: class='uname' id='no-id' text='Quantum Toll Authority'
2026-04-27 16:41:34,718 - INFO -   Visible DIV 5: class='urole' id='no-id' text='superadmin_qm@yopmail.com'
2026-04-27 16:41:34,838 - INFO -   Visible DIV 6: class='main-container' id='no-id' text='dashboard_2
group
decimal_increase
admin_panel_set'
2026-04-27 16:41:34,942 - INFO -   Visible DIV 7: class='inner' id='no-id' text='dashboard_2'
2026-04-27 16:41:35,062 - INFO -   Visible DIV 8: class='inner' id='no-id' text='group'
2026-04-27 16:41:35,210 - INFO -   Visible DIV 9: class='inner' id='no-id' text='decimal_increase'
2026-04-27 16:41:35,340 - INFO -   Visible DIV 10: class='inner' id='no-id' text='admin_panel_settings'
2026-04-27 16:41:35,488 - INFO -   Visible DIV 11: class='inner' id='no-id' text='nest_doorbell_visitor'
2026-04-27 16:41:35,685 - INFO -   Visible DIV 12: class='inner' id='no-id' text='key_visualizer'
2026-04-27 16:41:35,716 - INFO - 
================================================================================

2026-04-27 16:41:35,716 - INFO - Checking for dashboard header 'Welcome to QM Toll portal!'...
2026-04-27 16:41:35,796 - INFO - ✅ Dashboard header found with selector: h4:has-text("Welcome to QM Toll portal!")
2026-04-27 16:41:35,796 - INFO -    Header text: 'Welcome to QM Toll portal!'
2026-04-27 16:41:35,796 - INFO - ✅ DASHBOARD VALIDATION PASSED: 'Welcome to QM Toll portal!' header found
2026-04-27 16:41:36,019 - INFO - Screenshot captured: reports\RUN_20260427_164109\screenshots\01_Login_Success_Dashboard_164135.png
2026-04-27 16:41:36,517 - INFO - Step 1: Navigating and Starting Onboarding...
2026-04-27 16:42:06,630 - INFO - Navigating to Login Page: http://operator-qa.qmaastech.com/
2026-04-27 16:42:06,632 - INFO - Navigating to: http://operator-qa.qmaastech.com/
2026-04-27 16:42:09,508 - INFO - Attempting login for user: superadmin_qm@yopmail.com
2026-04-27 16:42:11,373 - INFO - Logging DOM elements BEFORE login click...
2026-04-27 16:42:11,374 - INFO - 
================================================================================
2026-04-27 16:42:11,374 - INFO - DOM SNAPSHOT AT STAGE: Before_Login
2026-04-27 16:42:11,376 - INFO - ================================================================================
2026-04-27 16:42:11,406 - INFO - 
Searching for pop-up elements in page content...
2026-04-27 16:42:11,822 - WARNING - ⚠ No known pop-up selectors found. Checking all visible divs...
2026-04-27 16:42:11,889 - INFO - Total DIV elements on page: 21
2026-04-27 16:42:12,571 - INFO -   Visible DIV 1: class='hero-pills' id='no-id' text='bolt
Real-time
smart_toy
AI-driven
hub
Multi-agenc'
2026-04-27 16:42:12,769 - INFO -   Visible DIV 2: class='auth-panel' id='no-id' text='Welcome Back

Sign in to your account to continue
'
2026-04-27 16:42:12,890 - INFO -   Visible DIV 3: class='auth-card' id='no-id' text='Welcome Back

Sign in to your account to continue
'
2026-04-27 16:42:13,015 - INFO -   Visible DIV 4: class='auth-step' id='no-id' text='Welcome Back

Sign in to your account to continue
'
2026-04-27 16:42:13,192 - INFO -   Visible DIV 5: class='field-wrap' id='no-id' text='Email ID / Username *
person'
2026-04-27 16:42:13,298 - INFO -   Visible DIV 6: class='input-shell' id='no-id' text='person'
2026-04-27 16:42:13,405 - INFO -   Visible DIV 7: class='field-wrap' id='no-id' text='Password *
lock
visibility_off'
2026-04-27 16:42:13,515 - INFO -   Visible DIV 8: class='input-shell' id='no-id' text='lock
visibility_off'
2026-04-27 16:42:13,634 - INFO -   Visible DIV 9: class='auth-bottom-links' id='no-id' text='New user?  Access Account

Forgot password?'
2026-04-27 16:42:13,679 - INFO - 
================================================================================

2026-04-27 16:42:14,297 - INFO - Login button clicked.
2026-04-27 16:42:14,298 - INFO - Taking rapid screenshots and validating pop-up...
2026-04-27 16:42:15,041 - INFO - Screenshot captured: reports\RUN_20260427_164203\screenshots\03_Popup_Immediate_1_164214.png
2026-04-27 16:42:15,041 - INFO - Screenshot 1 captured - Attempting validation...
2026-04-27 16:42:15,041 - INFO - 
================================================================================
2026-04-27 16:42:15,041 - INFO - STARTING COMPREHENSIVE POP-UP VALIDATION
2026-04-27 16:42:15,047 - INFO - ================================================================================
2026-04-27 16:42:15,078 - INFO - 
[VALIDATION 1] Checking Pop-up Visibility...
2026-04-27 16:42:15,121 - INFO -   Visibility Status: True
2026-04-27 16:42:15,123 - INFO -   PASSED: Pop-up is visible
2026-04-27 16:42:15,123 - INFO - 
[VALIDATION 2] Extracting and Validating Text Content...
2026-04-27 16:42:15,161 - INFO -   Extracted Text: 'Login Successful'
2026-04-27 16:42:15,161 - INFO -   PASSED: Text matches exactly: 'Login Successful'
2026-04-27 16:42:15,162 - INFO - 
[VALIDATION 3] Checking for Typos...
2026-04-27 16:42:15,162 - INFO -   PASSED: No known typos detected
2026-04-27 16:42:15,167 - INFO - 
[VALIDATION 4] Extracting CSS Classes and Attributes...
2026-04-27 16:42:15,198 - INFO -   CSS Classes: snackbar success-snackbar
2026-04-27 16:42:15,199 - INFO -   PASSED: 'success' class is present
2026-04-27 16:42:15,200 - INFO - 
[VALIDATION 5] Checking Element Properties...
2026-04-27 16:42:15,324 - INFO -   ID: Not set
2026-04-27 16:42:15,325 - INFO -   Data-TestID: Not set
2026-04-27 16:42:15,325 - INFO -   Role: Not set
2026-04-27 16:42:15,326 - INFO -   ARIA Label: Not set
2026-04-27 16:42:15,326 - INFO - 
[VALIDATION 6] Checking Position and Size...
2026-04-27 16:42:15,355 - INFO -   X: 1230, Y: 20
2026-04-27 16:42:15,355 - INFO -   Width: 250, Height: 43.5
2026-04-27 16:42:15,355 - INFO -   PASSED: Element has valid dimensions
2026-04-27 16:42:15,355 - INFO - 
[VALIDATION 7] Checking Computed Styles...
2026-04-27 16:42:15,553 - ERROR - Validation error: TypeError: Failed to execute 'getComputedStyle' on 'Window': parameter 1 is not of type 'Element'.
    at eval (eval at evaluate (:226:30), <anonymous>:1:8)
    at eval (<anonymous>)
    at UtilityScript.evaluate (<anonymous>:226:30)
    at UtilityScript.<anonymous> (<anonymous>:1:44)
2026-04-27 16:42:15,557 - WARNING -   WARNING: Could not check computed styles - element may have disappeared
2026-04-27 16:42:15,559 - INFO - 
================================================================================
2026-04-27 16:42:15,561 - INFO - POP-UP VALIDATION SUMMARY
2026-04-27 16:42:15,564 - INFO - ================================================================================
2026-04-27 16:42:15,567 - INFO -   Visibility: PASSED
2026-04-27 16:42:15,567 - INFO -   Text Match: PASSED
2026-04-27 16:42:15,568 - INFO -   Typo Check: PASSED
2026-04-27 16:42:15,568 - INFO -   CSS Classes: Present
2026-04-27 16:42:15,570 - INFO -   Position & Size: Valid
2026-04-27 16:42:15,571 - INFO -   Computed Styles: Valid
2026-04-27 16:42:15,572 - INFO - ================================================================================

2026-04-27 16:42:15,572 - INFO - ✓ ALL VALIDATIONS PASSED - Pop-up is working correctly!
2026-04-27 16:42:17,479 - INFO - Screenshot captured: reports\RUN_20260427_164203\screenshots\03_Popup_Immediate_2_164215.png
2026-04-27 16:42:17,481 - INFO - Screenshot 2 captured - Attempting validation...
2026-04-27 16:42:17,483 - INFO - 
================================================================================
2026-04-27 16:42:17,484 - INFO - STARTING COMPREHENSIVE POP-UP VALIDATION
2026-04-27 16:42:17,485 - INFO - ================================================================================
2026-04-27 16:42:17,518 - ERROR - VALIDATION FAILED: Pop-up element not found!
2026-04-27 16:42:18,035 - INFO - Screenshot captured: reports\RUN_20260427_164203\screenshots\03_Popup_Immediate_3_164217.png
2026-04-27 16:42:18,038 - INFO - Screenshot 3 captured - Attempting validation...
2026-04-27 16:42:18,039 - INFO - 
================================================================================
2026-04-27 16:42:18,041 - INFO - STARTING COMPREHENSIVE POP-UP VALIDATION
2026-04-27 16:42:18,041 - INFO - ================================================================================
2026-04-27 16:42:18,074 - ERROR - VALIDATION FAILED: Pop-up element not found!
2026-04-27 16:42:18,211 - INFO - Logging DOM elements AFTER login click (pop-up should appear here)...
2026-04-27 16:42:18,214 - INFO - 
================================================================================
2026-04-27 16:42:18,214 - INFO - DOM SNAPSHOT AT STAGE: After_Login_Click
2026-04-27 16:42:18,217 - INFO - ================================================================================
2026-04-27 16:42:18,269 - INFO - 
Searching for pop-up elements in page content...
2026-04-27 16:42:18,660 - WARNING - ⚠ No known pop-up selectors found. Checking all visible divs...
2026-04-27 16:42:18,717 - INFO - Total DIV elements on page: 29
2026-04-27 16:42:18,962 - INFO -   Visible DIV 1: class='header-right' id='no-id' text='English
French
Spanish
Quantum Toll Authority
supe'
2026-04-27 16:42:19,103 - INFO -   Visible DIV 2: class='nav-user' id='no-id' text='Quantum Toll Authority
superadmin_qm@yopmail.com'
2026-04-27 16:42:19,294 - INFO -   Visible DIV 3: class='nav-user-info' id='no-id' text='Quantum Toll Authority
superadmin_qm@yopmail.com'
2026-04-27 16:42:19,412 - INFO -   Visible DIV 4: class='uname' id='no-id' text='Quantum Toll Authority'
2026-04-27 16:42:19,538 - INFO -   Visible DIV 5: class='urole' id='no-id' text='superadmin_qm@yopmail.com'
2026-04-27 16:42:19,664 - INFO -   Visible DIV 6: class='main-container' id='no-id' text='dashboard_2
group
decimal_increase
admin_panel_set'
2026-04-27 16:42:19,794 - INFO -   Visible DIV 7: class='inner' id='no-id' text='dashboard_2'
2026-04-27 16:42:19,924 - INFO -   Visible DIV 8: class='inner' id='no-id' text='group'
2026-04-27 16:42:20,085 - INFO -   Visible DIV 9: class='inner' id='no-id' text='decimal_increase'
2026-04-27 16:42:20,237 - INFO -   Visible DIV 10: class='inner' id='no-id' text='admin_panel_settings'
2026-04-27 16:42:20,389 - INFO -   Visible DIV 11: class='inner' id='no-id' text='nest_doorbell_visitor'
2026-04-27 16:42:20,543 - INFO -   Visible DIV 12: class='inner' id='no-id' text='key_visualizer'
2026-04-27 16:42:20,571 - INFO - 
================================================================================

2026-04-27 16:42:20,908 - INFO - Screenshot captured: reports\RUN_20260427_164203\screenshots\02_Just_After_Login_Click_164220.png
2026-04-27 16:42:20,909 - INFO - Waiting for dashboard URL...
2026-04-27 16:42:20,910 - INFO - 
================================================================================
2026-04-27 16:42:20,910 - INFO - DOM SNAPSHOT AT STAGE: Before_Dashboard_Navigation
2026-04-27 16:42:20,911 - INFO - ================================================================================
2026-04-27 16:42:20,956 - INFO - 
Searching for pop-up elements in page content...
2026-04-27 16:42:21,314 - WARNING - ⚠ No known pop-up selectors found. Checking all visible divs...
2026-04-27 16:42:21,370 - INFO - Total DIV elements on page: 29
2026-04-27 16:42:21,581 - INFO -   Visible DIV 1: class='header-right' id='no-id' text='English
French
Spanish
Quantum Toll Authority
supe'
2026-04-27 16:42:21,681 - INFO -   Visible DIV 2: class='nav-user' id='no-id' text='Quantum Toll Authority
superadmin_qm@yopmail.com'
2026-04-27 16:42:21,831 - INFO -   Visible DIV 3: class='nav-user-info' id='no-id' text='Quantum Toll Authority
superadmin_qm@yopmail.com'
2026-04-27 16:42:21,934 - INFO -   Visible DIV 4: class='uname' id='no-id' text='Quantum Toll Authority'
2026-04-27 16:42:22,048 - INFO -   Visible DIV 5: class='urole' id='no-id' text='superadmin_qm@yopmail.com'
2026-04-27 16:42:22,175 - INFO -   Visible DIV 6: class='main-container' id='no-id' text='dashboard_2
group
decimal_increase
admin_panel_set'
2026-04-27 16:42:22,298 - INFO -   Visible DIV 7: class='inner' id='no-id' text='dashboard_2'
2026-04-27 16:42:22,434 - INFO -   Visible DIV 8: class='inner' id='no-id' text='group'
2026-04-27 16:42:22,614 - INFO -   Visible DIV 9: class='inner' id='no-id' text='decimal_increase'
2026-04-27 16:42:22,772 - INFO -   Visible DIV 10: class='inner' id='no-id' text='admin_panel_settings'
2026-04-27 16:42:22,948 - INFO -   Visible DIV 11: class='inner' id='no-id' text='nest_doorbell_visitor'
2026-04-27 16:42:23,100 - INFO -   Visible DIV 12: class='inner' id='no-id' text='key_visualizer'
2026-04-27 16:42:23,130 - INFO - 
================================================================================

2026-04-27 16:42:23,164 - INFO - Login SUCCESS: Dashboard URL reached.
2026-04-27 16:42:23,700 - INFO - 
================================================================================
2026-04-27 16:42:23,700 - INFO - DOM SNAPSHOT AT STAGE: After_Dashboard_Loaded
2026-04-27 16:42:23,700 - INFO - ================================================================================
2026-04-27 16:42:23,736 - INFO - 
Searching for pop-up elements in page content...
2026-04-27 16:42:24,015 - WARNING - ⚠ No known pop-up selectors found. Checking all visible divs...
2026-04-27 16:42:24,067 - INFO - Total DIV elements on page: 29
2026-04-27 16:42:24,264 - INFO -   Visible DIV 1: class='header-right' id='no-id' text='English
French
Spanish
Quantum Toll Authority
supe'
2026-04-27 16:42:24,386 - INFO -   Visible DIV 2: class='nav-user' id='no-id' text='Quantum Toll Authority
superadmin_qm@yopmail.com'
2026-04-27 16:42:24,590 - INFO -   Visible DIV 3: class='nav-user-info' id='no-id' text='Quantum Toll Authority
superadmin_qm@yopmail.com'
2026-04-27 16:42:24,714 - INFO -   Visible DIV 4: class='uname' id='no-id' text='Quantum Toll Authority'
2026-04-27 16:42:24,835 - INFO -   Visible DIV 5: class='urole' id='no-id' text='superadmin_qm@yopmail.com'
2026-04-27 16:42:24,964 - INFO -   Visible DIV 6: class='main-container' id='no-id' text='dashboard_2
group
decimal_increase
admin_panel_set'
2026-04-27 16:42:25,089 - INFO -   Visible DIV 7: class='inner' id='no-id' text='dashboard_2'
2026-04-27 16:42:25,198 - INFO -   Visible DIV 8: class='inner' id='no-id' text='group'
2026-04-27 16:42:25,367 - INFO -   Visible DIV 9: class='inner' id='no-id' text='decimal_increase'
2026-04-27 16:42:25,557 - INFO -   Visible DIV 10: class='inner' id='no-id' text='admin_panel_settings'
2026-04-27 16:42:25,714 - INFO -   Visible DIV 11: class='inner' id='no-id' text='nest_doorbell_visitor'
2026-04-27 16:42:25,848 - INFO -   Visible DIV 12: class='inner' id='no-id' text='key_visualizer'
2026-04-27 16:42:25,882 - INFO - 
================================================================================

2026-04-27 16:42:25,882 - INFO - Checking for dashboard header 'Welcome to QM Toll portal!'...
2026-04-27 16:42:25,966 - INFO - ✅ Dashboard header found with selector: h4:has-text("Welcome to QM Toll portal!")
2026-04-27 16:42:25,966 - INFO -    Header text: 'Welcome to QM Toll portal!'
2026-04-27 16:42:25,966 - INFO - ✅ DASHBOARD VALIDATION PASSED: 'Welcome to QM Toll portal!' header found
2026-04-27 16:42:26,189 - INFO - Screenshot captured: reports\RUN_20260427_164203\screenshots\01_Login_Success_Dashboard_164225.png
2026-04-27 16:42:26,585 - INFO - Step 1: Navigating and Starting Onboarding...
2026-04-27 16:42:56,135 - INFO - Navigating to Login Page: http://operator-qa.qmaastech.com/
2026-04-27 16:42:56,140 - INFO - Navigating to: http://operator-qa.qmaastech.com/
2026-04-27 16:42:59,730 - INFO - Attempting login for user: superadmin_qm@yopmail.com
2026-04-27 16:43:01,560 - INFO - Logging DOM elements BEFORE login click...
2026-04-27 16:43:01,560 - INFO - 
================================================================================
2026-04-27 16:43:01,560 - INFO - DOM SNAPSHOT AT STAGE: Before_Login
2026-04-27 16:43:01,560 - INFO - ================================================================================
2026-04-27 16:43:01,601 - INFO - 
Searching for pop-up elements in page content...
2026-04-27 16:43:01,985 - WARNING - ⚠ No known pop-up selectors found. Checking all visible divs...
2026-04-27 16:43:02,021 - INFO - Total DIV elements on page: 21
2026-04-27 16:43:02,778 - INFO -   Visible DIV 1: class='hero-pills' id='no-id' text='bolt
Real-time
smart_toy
AI-driven
hub
Multi-agenc'
2026-04-27 16:43:02,976 - INFO -   Visible DIV 2: class='auth-panel' id='no-id' text='Welcome Back

Sign in to your account to continue
'
2026-04-27 16:43:03,168 - INFO -   Visible DIV 3: class='auth-card' id='no-id' text='Welcome Back

Sign in to your account to continue
'
2026-04-27 16:43:03,321 - INFO -   Visible DIV 4: class='auth-step' id='no-id' text='Welcome Back

Sign in to your account to continue
'
2026-04-27 16:43:03,573 - INFO -   Visible DIV 5: class='field-wrap' id='no-id' text='Email ID / Username *
person'
2026-04-27 16:43:03,758 - INFO -   Visible DIV 6: class='input-shell' id='no-id' text='person'
2026-04-27 16:43:03,946 - INFO -   Visible DIV 7: class='field-wrap' id='no-id' text='Password *
lock
visibility_off'
2026-04-27 16:43:04,121 - INFO -   Visible DIV 8: class='input-shell' id='no-id' text='lock
visibility_off'
2026-04-27 16:43:04,289 - INFO -   Visible DIV 9: class='auth-bottom-links' id='no-id' text='New user?  Access Account

Forgot password?'
2026-04-27 16:43:04,369 - INFO - 
================================================================================

2026-04-27 16:43:04,985 - INFO - Login button clicked.
2026-04-27 16:43:04,988 - INFO - Taking rapid screenshots and validating pop-up...
2026-04-27 16:43:06,054 - INFO - Screenshot captured: reports\RUN_20260427_164253\screenshots\03_Popup_Immediate_1_164304.png
2026-04-27 16:43:06,054 - INFO - Screenshot 1 captured - Attempting validation...
2026-04-27 16:43:06,056 - INFO - 
================================================================================
2026-04-27 16:43:06,056 - INFO - STARTING COMPREHENSIVE POP-UP VALIDATION
2026-04-27 16:43:06,056 - INFO - ================================================================================
2026-04-27 16:43:06,298 - ERROR - VALIDATION FAILED: Pop-up element not found!
2026-04-27 16:43:08,839 - INFO - Screenshot captured: reports\RUN_20260427_164253\screenshots\03_Popup_Immediate_2_164306.png
2026-04-27 16:43:08,841 - INFO - Screenshot 2 captured - Attempting validation...
2026-04-27 16:43:08,841 - INFO - 
================================================================================
2026-04-27 16:43:08,841 - INFO - STARTING COMPREHENSIVE POP-UP VALIDATION
2026-04-27 16:43:08,841 - INFO - ================================================================================
2026-04-27 16:43:08,885 - ERROR - VALIDATION FAILED: Pop-up element not found!
2026-04-27 16:43:10,679 - INFO - Screenshot captured: reports\RUN_20260427_164253\screenshots\03_Popup_Immediate_3_164308.png
2026-04-27 16:43:10,684 - INFO - Screenshot 3 captured - Attempting validation...
2026-04-27 16:43:10,685 - INFO - 
================================================================================
2026-04-27 16:43:10,687 - INFO - STARTING COMPREHENSIVE POP-UP VALIDATION
2026-04-27 16:43:10,688 - INFO - ================================================================================
2026-04-27 16:43:10,757 - ERROR - VALIDATION FAILED: Pop-up element not found!
2026-04-27 16:43:10,917 - INFO - Logging DOM elements AFTER login click (pop-up should appear here)...
2026-04-27 16:43:10,919 - INFO - 
================================================================================
2026-04-27 16:43:10,920 - INFO - DOM SNAPSHOT AT STAGE: After_Login_Click
2026-04-27 16:43:10,922 - INFO - ================================================================================
2026-04-27 16:43:11,000 - INFO - 
Searching for pop-up elements in page content...
2026-04-27 16:43:11,826 - WARNING - ⚠ No known pop-up selectors found. Checking all visible divs...
2026-04-27 16:43:12,027 - INFO - Total DIV elements on page: 29
2026-04-27 16:43:12,677 - INFO -   Visible DIV 1: class='header-right' id='no-id' text='English
French
Spanish
Quantum Toll Authority
supe'
2026-04-27 16:43:12,995 - INFO -   Visible DIV 2: class='nav-user' id='no-id' text='Quantum Toll Authority
superadmin_qm@yopmail.com'
2026-04-27 16:43:13,369 - INFO -   Visible DIV 3: class='nav-user-info' id='no-id' text='Quantum Toll Authority
superadmin_qm@yopmail.com'
2026-04-27 16:43:13,641 - INFO -   Visible DIV 4: class='uname' id='no-id' text='Quantum Toll Authority'
2026-04-27 16:43:13,869 - INFO -   Visible DIV 5: class='urole' id='no-id' text='superadmin_qm@yopmail.com'
2026-04-27 16:43:14,069 - INFO -   Visible DIV 6: class='main-container' id='no-id' text='dashboard_2
group
decimal_increase
admin_panel_set'
2026-04-27 16:43:14,277 - INFO -   Visible DIV 7: class='inner' id='no-id' text='dashboard_2'
2026-04-27 16:43:14,492 - INFO -   Visible DIV 8: class='inner' id='no-id' text='group'
2026-04-27 16:43:14,763 - INFO -   Visible DIV 9: class='inner' id='no-id' text='decimal_increase'
2026-04-27 16:43:15,022 - INFO -   Visible DIV 10: class='inner' id='no-id' text='admin_panel_settings'
2026-04-27 16:43:15,293 - INFO -   Visible DIV 11: class='inner' id='no-id' text='nest_doorbell_visitor'
2026-04-27 16:43:15,545 - INFO -   Visible DIV 12: class='inner' id='no-id' text='key_visualizer'
2026-04-27 16:43:15,601 - INFO - 
================================================================================

2026-04-27 16:43:15,936 - INFO - Screenshot captured: reports\RUN_20260427_164253\screenshots\02_Just_After_Login_Click_164315.png
2026-04-27 16:43:15,936 - INFO - Waiting for dashboard URL...
2026-04-27 16:43:15,942 - INFO - 
================================================================================
2026-04-27 16:43:15,942 - INFO - DOM SNAPSHOT AT STAGE: Before_Dashboard_Navigation
2026-04-27 16:43:15,944 - INFO - ================================================================================
2026-04-27 16:43:15,984 - INFO - 
Searching for pop-up elements in page content...
2026-04-27 16:43:16,448 - WARNING - ⚠ No known pop-up selectors found. Checking all visible divs...
2026-04-27 16:43:16,535 - INFO - Total DIV elements on page: 29
2026-04-27 16:43:16,992 - INFO -   Visible DIV 1: class='header-right' id='no-id' text='English
French
Spanish
Quantum Toll Authority
supe'
2026-04-27 16:43:17,194 - INFO -   Visible DIV 2: class='nav-user' id='no-id' text='Quantum Toll Authority
superadmin_qm@yopmail.com'
2026-04-27 16:43:17,511 - INFO -   Visible DIV 3: class='nav-user-info' id='no-id' text='Quantum Toll Authority
superadmin_qm@yopmail.com'
2026-04-27 16:43:17,742 - INFO -   Visible DIV 4: class='uname' id='no-id' text='Quantum Toll Authority'
2026-04-27 16:43:17,945 - INFO -   Visible DIV 5: class='urole' id='no-id' text='superadmin_qm@yopmail.com'
2026-04-27 16:43:18,125 - INFO -   Visible DIV 6: class='main-container' id='no-id' text='dashboard_2
group
decimal_increase
admin_panel_set'
2026-04-27 16:43:18,303 - INFO -   Visible DIV 7: class='inner' id='no-id' text='dashboard_2'
2026-04-27 16:43:18,470 - INFO -   Visible DIV 8: class='inner' id='no-id' text='group'
2026-04-27 16:43:18,676 - INFO -   Visible DIV 9: class='inner' id='no-id' text='decimal_increase'
2026-04-27 16:43:18,864 - INFO -   Visible DIV 10: class='inner' id='no-id' text='admin_panel_settings'
2026-04-27 16:43:19,055 - INFO -   Visible DIV 11: class='inner' id='no-id' text='nest_doorbell_visitor'
2026-04-27 16:43:19,255 - INFO -   Visible DIV 12: class='inner' id='no-id' text='key_visualizer'
2026-04-27 16:43:19,290 - INFO - 
================================================================================

2026-04-27 16:43:19,335 - INFO - Login SUCCESS: Dashboard URL reached.
2026-04-27 16:43:19,878 - INFO - 
================================================================================
2026-04-27 16:43:19,880 - INFO - DOM SNAPSHOT AT STAGE: After_Dashboard_Loaded
2026-04-27 16:43:19,880 - INFO - ================================================================================
2026-04-27 16:43:19,911 - INFO - 
Searching for pop-up elements in page content...
2026-04-27 16:43:20,286 - WARNING - ⚠ No known pop-up selectors found. Checking all visible divs...
2026-04-27 16:43:20,360 - INFO - Total DIV elements on page: 29
2026-04-27 16:43:20,646 - INFO -   Visible DIV 1: class='header-right' id='no-id' text='English
French
Spanish
Quantum Toll Authority
supe'
2026-04-27 16:43:20,774 - INFO -   Visible DIV 2: class='nav-user' id='no-id' text='Quantum Toll Authority
superadmin_qm@yopmail.com'
2026-04-27 16:43:20,970 - INFO -   Visible DIV 3: class='nav-user-info' id='no-id' text='Quantum Toll Authority
superadmin_qm@yopmail.com'
2026-04-27 16:43:21,109 - INFO -   Visible DIV 4: class='uname' id='no-id' text='Quantum Toll Authority'
2026-04-27 16:43:21,238 - INFO -   Visible DIV 5: class='urole' id='no-id' text='superadmin_qm@yopmail.com'
2026-04-27 16:43:21,376 - INFO -   Visible DIV 6: class='main-container' id='no-id' text='dashboard_2
group
decimal_increase
admin_panel_set'
2026-04-27 16:43:21,500 - INFO -   Visible DIV 7: class='inner' id='no-id' text='dashboard_2'
2026-04-27 16:43:21,611 - INFO -   Visible DIV 8: class='inner' id='no-id' text='group'
2026-04-27 16:43:21,768 - INFO -   Visible DIV 9: class='inner' id='no-id' text='decimal_increase'
2026-04-27 16:43:21,940 - INFO -   Visible DIV 10: class='inner' id='no-id' text='admin_panel_settings'
2026-04-27 16:43:22,092 - INFO -   Visible DIV 11: class='inner' id='no-id' text='nest_doorbell_visitor'
2026-04-27 16:43:22,255 - INFO -   Visible DIV 12: class='inner' id='no-id' text='key_visualizer'
2026-04-27 16:43:22,287 - INFO - 
================================================================================

2026-04-27 16:43:22,287 - INFO - Checking for dashboard header 'Welcome to QM Toll portal!'...
2026-04-27 16:43:22,406 - INFO - ✅ Dashboard header found with selector: h4:has-text("Welcome to QM Toll portal!")
2026-04-27 16:43:22,411 - INFO -    Header text: 'Welcome to QM Toll portal!'
2026-04-27 16:43:22,411 - INFO - ✅ DASHBOARD VALIDATION PASSED: 'Welcome to QM Toll portal!' header found
2026-04-27 16:43:22,679 - INFO - Screenshot captured: reports\RUN_20260427_164253\screenshots\01_Login_Success_Dashboard_164322.png
2026-04-27 16:43:23,237 - INFO - Step 1: Navigating and Starting Onboarding...
2026-04-27 16:43:23,237 - INFO - Executing Sidebar Navigation Sequence...
2026-04-27 16:43:26,421 - INFO - Filling Step 1: Account Details...
2026-04-27 16:43:31,148 - INFO - Filled First Name: Stuvan
2026-04-27 16:43:32,382 - INFO - Filled Last Name: Swamy
2026-04-27 16:43:33,583 - INFO - Checked: Use Same for Billing
2026-04-27 16:43:34,767 - INFO - Checked: Use Same for Shipping
2026-04-27 16:43:35,957 - INFO - Checked: Primary Address
2026-04-27 16:43:39,863 - INFO - Filled Address: 123 Automation Blvd
2026-04-27 16:43:41,096 - INFO - Filled Zip Code: 12345
2026-04-27 16:43:42,902 - INFO - Filled Phone: 8829909497
2026-04-27 16:43:44,116 - INFO - Filled Email: stuvan.swamy32@testmail.com
2026-04-27 16:43:45,330 - INFO - Filled Confirm Email: stuvan.swamy32@testmail.com
2026-04-27 16:43:45,330 - INFO - Clicking Save & Next...
2026-04-27 16:43:47,270 - INFO - Step 1 Submitted.
2026-04-27 16:43:47,270 - INFO - Adding 1 Vehicle(s)...
2026-04-27 16:43:47,956 - INFO - Step 2 loaded successfully.
2026-04-27 16:43:49,393 - INFO - Filled Plate 1: QA8583GP
2026-04-27 16:43:54,080 - INFO - Filled Plate Start Date: 2026-04-27
2026-04-27 16:44:08,342 - INFO - Vehicle 1 added.
2026-04-27 16:52:38,323 - INFO - Navigating to Login Page: http://operator-qa.qmaastech.com/
2026-04-27 16:52:38,323 - INFO - Navigating to: http://operator-qa.qmaastech.com/
2026-04-27 16:52:41,014 - INFO - Attempting login for user: superadmin_qm@yopmail.com
2026-04-27 16:52:42,729 - INFO - Logging DOM elements BEFORE login click...
2026-04-27 16:52:42,729 - INFO - 
================================================================================
2026-04-27 16:52:42,729 - INFO - DOM SNAPSHOT AT STAGE: Before_Login
2026-04-27 16:52:42,729 - INFO - ================================================================================
2026-04-27 16:52:42,766 - INFO - 
Searching for pop-up elements in page content...
2026-04-27 16:52:43,078 - WARNING - ⚠ No known pop-up selectors found. Checking all visible divs...
2026-04-27 16:52:43,130 - INFO - Total DIV elements on page: 21
2026-04-27 16:52:43,767 - INFO -   Visible DIV 1: class='hero-pills' id='no-id' text='bolt
Real-time
smart_toy
AI-driven
hub
Multi-agenc'
2026-04-27 16:52:43,951 - INFO -   Visible DIV 2: class='auth-panel' id='no-id' text='Welcome Back

Sign in to your account to continue
'
2026-04-27 16:52:44,081 - INFO -   Visible DIV 3: class='auth-card' id='no-id' text='Welcome Back

Sign in to your account to continue
'
2026-04-27 16:52:44,214 - INFO -   Visible DIV 4: class='auth-step' id='no-id' text='Welcome Back

Sign in to your account to continue
'
2026-04-27 16:52:44,420 - INFO -   Visible DIV 5: class='field-wrap' id='no-id' text='Email ID / Username *
person'
2026-04-27 16:52:44,530 - INFO -   Visible DIV 6: class='input-shell' id='no-id' text='person'
2026-04-27 16:52:44,628 - INFO -   Visible DIV 7: class='field-wrap' id='no-id' text='Password *
lock
visibility_off'
2026-04-27 16:52:44,756 - INFO -   Visible DIV 8: class='input-shell' id='no-id' text='lock
visibility_off'
2026-04-27 16:52:44,861 - INFO -   Visible DIV 9: class='auth-bottom-links' id='no-id' text='New user?  Access Account

Forgot password?'
2026-04-27 16:52:44,914 - INFO - 
================================================================================

2026-04-27 16:52:45,524 - INFO - Login button clicked.
2026-04-27 16:52:45,528 - INFO - Taking rapid screenshots and validating pop-up...
2026-04-27 16:52:46,232 - INFO - Screenshot captured: reports\RUN_20260427_165235\screenshots\03_Popup_Immediate_1_165245.png
2026-04-27 16:52:46,232 - INFO - Screenshot 1 captured - Attempting validation...
2026-04-27 16:52:46,232 - INFO - 
================================================================================
2026-04-27 16:52:46,232 - INFO - STARTING COMPREHENSIVE POP-UP VALIDATION
2026-04-27 16:52:46,232 - INFO - ================================================================================
2026-04-27 16:52:46,270 - INFO - 
[VALIDATION 1] Checking Pop-up Visibility...
2026-04-27 16:52:46,298 - INFO -   Visibility Status: True
2026-04-27 16:52:46,302 - INFO -   PASSED: Pop-up is visible
2026-04-27 16:52:46,305 - INFO - 
[VALIDATION 2] Extracting and Validating Text Content...
2026-04-27 16:52:46,336 - INFO -   Extracted Text: 'Login Successful'
2026-04-27 16:52:46,342 - INFO -   PASSED: Text matches exactly: 'Login Successful'
2026-04-27 16:52:46,346 - INFO - 
[VALIDATION 3] Checking for Typos...
2026-04-27 16:52:46,352 - INFO -   PASSED: No known typos detected
2026-04-27 16:52:46,356 - INFO - 
[VALIDATION 4] Extracting CSS Classes and Attributes...
2026-04-27 16:52:46,385 - INFO -   CSS Classes: snackbar success-snackbar
2026-04-27 16:52:46,385 - INFO -   PASSED: 'success' class is present
2026-04-27 16:52:46,394 - INFO - 
[VALIDATION 5] Checking Element Properties...
2026-04-27 16:52:46,577 - INFO -   ID: Not set
2026-04-27 16:52:46,581 - INFO -   Data-TestID: Not set
2026-04-27 16:52:46,596 - INFO -   Role: Not set
2026-04-27 16:52:46,606 - INFO -   ARIA Label: Not set
2026-04-27 16:52:46,607 - INFO - 
[VALIDATION 6] Checking Position and Size...
2026-04-27 16:52:46,881 - WARNING -   WARNING: Could not get bounding box
2026-04-27 16:52:46,884 - INFO - 
[VALIDATION 7] Checking Computed Styles...
2026-04-27 16:52:46,908 - ERROR - Validation error: TypeError: Failed to execute 'getComputedStyle' on 'Window': parameter 1 is not of type 'Element'.
    at eval (eval at evaluate (:226:30), <anonymous>:1:8)
    at eval (<anonymous>)
    at UtilityScript.evaluate (<anonymous>:226:30)
    at UtilityScript.<anonymous> (<anonymous>:1:44)
2026-04-27 16:52:46,911 - WARNING -   WARNING: Could not check computed styles - element may have disappeared
2026-04-27 16:52:46,913 - INFO - 
================================================================================
2026-04-27 16:52:46,914 - INFO - POP-UP VALIDATION SUMMARY
2026-04-27 16:52:46,914 - INFO - ================================================================================
2026-04-27 16:52:46,914 - INFO -   Visibility: PASSED
2026-04-27 16:52:46,914 - INFO -   Text Match: PASSED
2026-04-27 16:52:46,914 - INFO -   Typo Check: PASSED
2026-04-27 16:52:46,915 - INFO -   CSS Classes: Present
2026-04-27 16:52:46,915 - INFO -   Position & Size: Valid
2026-04-27 16:52:46,915 - INFO -   Computed Styles: Valid
2026-04-27 16:52:46,915 - INFO - ================================================================================

2026-04-27 16:52:46,915 - INFO - ✓ ALL VALIDATIONS PASSED - Pop-up is working correctly!
2026-04-27 16:52:48,809 - INFO - Screenshot captured: reports\RUN_20260427_165235\screenshots\03_Popup_Immediate_2_165247.png
2026-04-27 16:52:48,810 - INFO - Screenshot 2 captured - Attempting validation...
2026-04-27 16:52:48,811 - INFO - 
================================================================================
2026-04-27 16:52:48,811 - INFO - STARTING COMPREHENSIVE POP-UP VALIDATION
2026-04-27 16:52:48,811 - INFO - ================================================================================
2026-04-27 16:52:48,846 - ERROR - VALIDATION FAILED: Pop-up element not found!
2026-04-27 16:52:49,351 - INFO - Screenshot captured: reports\RUN_20260427_165235\screenshots\03_Popup_Immediate_3_165248.png
2026-04-27 16:52:49,353 - INFO - Screenshot 3 captured - Attempting validation...
2026-04-27 16:52:49,353 - INFO - 
================================================================================
2026-04-27 16:52:49,354 - INFO - STARTING COMPREHENSIVE POP-UP VALIDATION
2026-04-27 16:52:49,354 - INFO - ================================================================================
2026-04-27 16:52:49,400 - ERROR - VALIDATION FAILED: Pop-up element not found!
2026-04-27 16:52:49,549 - INFO - Logging DOM elements AFTER login click (pop-up should appear here)...
2026-04-27 16:52:49,551 - INFO - 
================================================================================
2026-04-27 16:52:49,551 - INFO - DOM SNAPSHOT AT STAGE: After_Login_Click
2026-04-27 16:52:49,552 - INFO - ================================================================================
2026-04-27 16:52:49,592 - INFO - 
Searching for pop-up elements in page content...
2026-04-27 16:52:50,020 - WARNING - ⚠ No known pop-up selectors found. Checking all visible divs...
2026-04-27 16:52:50,082 - INFO - Total DIV elements on page: 29
2026-04-27 16:52:50,357 - INFO -   Visible DIV 1: class='header-right' id='no-id' text='English
French
Spanish
Quantum Toll Authority
supe'
2026-04-27 16:52:50,493 - INFO -   Visible DIV 2: class='nav-user' id='no-id' text='Quantum Toll Authority
superadmin_qm@yopmail.com'
2026-04-27 16:52:50,683 - INFO -   Visible DIV 3: class='nav-user-info' id='no-id' text='Quantum Toll Authority
superadmin_qm@yopmail.com'
2026-04-27 16:52:50,808 - INFO -   Visible DIV 4: class='uname' id='no-id' text='Quantum Toll Authority'
2026-04-27 16:52:50,956 - INFO -   Visible DIV 5: class='urole' id='no-id' text='superadmin_qm@yopmail.com'
2026-04-27 16:52:51,100 - INFO -   Visible DIV 6: class='main-container' id='no-id' text='dashboard_2
group
decimal_increase
admin_panel_set'
2026-04-27 16:52:51,234 - INFO -   Visible DIV 7: class='inner' id='no-id' text='dashboard_2'
2026-04-27 16:52:51,364 - INFO -   Visible DIV 8: class='inner' id='no-id' text='group'
2026-04-27 16:52:51,538 - INFO -   Visible DIV 9: class='inner' id='no-id' text='decimal_increase'
2026-04-27 16:52:51,707 - INFO -   Visible DIV 10: class='inner' id='no-id' text='admin_panel_settings'
2026-04-27 16:52:51,873 - INFO -   Visible DIV 11: class='inner' id='no-id' text='nest_doorbell_visitor'
2026-04-27 16:52:52,039 - INFO -   Visible DIV 12: class='inner' id='no-id' text='key_visualizer'
2026-04-27 16:52:52,073 - INFO - 
================================================================================

2026-04-27 16:52:52,314 - INFO - Screenshot captured: reports\RUN_20260427_165235\screenshots\02_Just_After_Login_Click_165252.png
2026-04-27 16:52:52,316 - INFO - Waiting for dashboard URL...
2026-04-27 16:52:52,317 - INFO - 
================================================================================
2026-04-27 16:52:52,317 - INFO - DOM SNAPSHOT AT STAGE: Before_Dashboard_Navigation
2026-04-27 16:52:52,318 - INFO - ================================================================================
2026-04-27 16:52:52,355 - INFO - 
Searching for pop-up elements in page content...
2026-04-27 16:52:52,730 - WARNING - ⚠ No known pop-up selectors found. Checking all visible divs...
2026-04-27 16:52:52,786 - INFO - Total DIV elements on page: 29
2026-04-27 16:52:53,067 - INFO -   Visible DIV 1: class='header-right' id='no-id' text='English
French
Spanish
Quantum Toll Authority
supe'
2026-04-27 16:52:53,225 - INFO -   Visible DIV 2: class='nav-user' id='no-id' text='Quantum Toll Authority
superadmin_qm@yopmail.com'
2026-04-27 16:52:53,399 - INFO -   Visible DIV 3: class='nav-user-info' id='no-id' text='Quantum Toll Authority
superadmin_qm@yopmail.com'
2026-04-27 16:52:53,510 - INFO -   Visible DIV 4: class='uname' id='no-id' text='Quantum Toll Authority'
2026-04-27 16:52:53,623 - INFO -   Visible DIV 5: class='urole' id='no-id' text='superadmin_qm@yopmail.com'
2026-04-27 16:52:53,749 - INFO -   Visible DIV 6: class='main-container' id='no-id' text='dashboard_2
group
decimal_increase
admin_panel_set'
2026-04-27 16:52:53,898 - INFO -   Visible DIV 7: class='inner' id='no-id' text='dashboard_2'
2026-04-27 16:52:54,049 - INFO -   Visible DIV 8: class='inner' id='no-id' text='group'
2026-04-27 16:52:54,224 - INFO -   Visible DIV 9: class='inner' id='no-id' text='decimal_increase'
2026-04-27 16:52:54,405 - INFO -   Visible DIV 10: class='inner' id='no-id' text='admin_panel_settings'
2026-04-27 16:52:54,583 - INFO -   Visible DIV 11: class='inner' id='no-id' text='nest_doorbell_visitor'
2026-04-27 16:52:54,758 - INFO -   Visible DIV 12: class='inner' id='no-id' text='key_visualizer'
2026-04-27 16:52:54,783 - INFO - 
================================================================================

2026-04-27 16:52:54,825 - INFO - Login SUCCESS: Dashboard URL reached.
2026-04-27 16:52:55,365 - INFO - 
================================================================================
2026-04-27 16:52:55,365 - INFO - DOM SNAPSHOT AT STAGE: After_Dashboard_Loaded
2026-04-27 16:52:55,365 - INFO - ================================================================================
2026-04-27 16:52:55,399 - INFO - 
Searching for pop-up elements in page content...
2026-04-27 16:52:55,698 - WARNING - ⚠ No known pop-up selectors found. Checking all visible divs...
2026-04-27 16:52:55,750 - INFO - Total DIV elements on page: 29
2026-04-27 16:52:56,032 - INFO -   Visible DIV 1: class='header-right' id='no-id' text='English
French
Spanish
Quantum Toll Authority
supe'
2026-04-27 16:52:56,156 - INFO -   Visible DIV 2: class='nav-user' id='no-id' text='Quantum Toll Authority
superadmin_qm@yopmail.com'
2026-04-27 16:52:56,333 - INFO -   Visible DIV 3: class='nav-user-info' id='no-id' text='Quantum Toll Authority
superadmin_qm@yopmail.com'
2026-04-27 16:52:56,446 - INFO -   Visible DIV 4: class='uname' id='no-id' text='Quantum Toll Authority'
2026-04-27 16:52:56,559 - INFO -   Visible DIV 5: class='urole' id='no-id' text='superadmin_qm@yopmail.com'
2026-04-27 16:52:56,676 - INFO -   Visible DIV 6: class='main-container' id='no-id' text='dashboard_2
group
decimal_increase
admin_panel_set'
2026-04-27 16:52:56,834 - INFO -   Visible DIV 7: class='inner' id='no-id' text='dashboard_2'
2026-04-27 16:52:56,965 - INFO -   Visible DIV 8: class='inner' id='no-id' text='group'
2026-04-27 16:52:57,134 - INFO -   Visible DIV 9: class='inner' id='no-id' text='decimal_increase'
2026-04-27 16:52:57,262 - INFO -   Visible DIV 10: class='inner' id='no-id' text='admin_panel_settings'
2026-04-27 16:52:57,397 - INFO -   Visible DIV 11: class='inner' id='no-id' text='nest_doorbell_visitor'
2026-04-27 16:52:57,528 - INFO -   Visible DIV 12: class='inner' id='no-id' text='key_visualizer'
2026-04-27 16:52:57,550 - INFO - 
================================================================================

2026-04-27 16:52:57,550 - INFO - Checking for dashboard header 'Welcome to QM Toll portal!'...
2026-04-27 16:52:57,659 - INFO - ✅ Dashboard header found with selector: h4:has-text("Welcome to QM Toll portal!")
2026-04-27 16:52:57,662 - INFO -    Header text: 'Welcome to QM Toll portal!'
2026-04-27 16:52:57,664 - INFO - ✅ DASHBOARD VALIDATION PASSED: 'Welcome to QM Toll portal!' header found
2026-04-27 16:52:57,845 - INFO - Screenshot captured: reports\RUN_20260427_165235\screenshots\01_Login_Success_Dashboard_165257.png
2026-04-27 16:52:58,217 - INFO - Step 1: Navigating and Starting Onboarding...
2026-04-27 16:52:58,217 - INFO - Executing Sidebar Navigation Sequence...
2026-04-27 16:53:01,283 - INFO - Filling Step 1: Account Details...
2026-04-27 16:53:05,632 - INFO - Filled First Name: Fateh
2026-04-27 16:53:06,856 - INFO - Filled Middle Name: QA Team
2026-04-27 16:53:08,051 - INFO - Filled Last Name: Goel
2026-04-27 16:53:09,242 - INFO - Checked: Use Same for Billing
2026-04-27 16:53:10,434 - INFO - Checked: Use Same for Shipping
2026-04-27 16:53:11,600 - INFO - Checked: Primary Address
2026-04-27 16:53:15,469 - INFO - Filled Address: 123 Automation Blvd
2026-04-27 16:53:16,661 - INFO - Filled Zip Code: 12345
2026-04-27 16:53:18,415 - INFO - Filled Phone: 7349572362
2026-04-27 16:53:19,615 - INFO - Filled Email: fateh.goel93@testmail.com
2026-04-27 16:53:20,833 - INFO - Filled Confirm Email: fateh.goel93@testmail.com
2026-04-27 16:53:20,833 - INFO - Clicking Save & Next...
2026-04-27 16:53:22,844 - INFO - Step 1 Submitted.
2026-04-27 16:53:22,848 - INFO - Adding 1 Vehicle(s)...
2026-04-27 16:53:23,461 - INFO - Step 2 loaded successfully.
2026-04-27 16:53:24,933 - INFO - Filled Plate 1: QA7438GP
2026-04-27 16:53:29,572 - INFO - Filled Plate Start Date: 2026-04-27
2026-04-27 16:53:40,931 - INFO - Clicking 'Add' button for Vehicle 1...
2026-04-27 16:53:43,289 - INFO - Vehicle 1 addition triggered.
2026-04-27 16:59:19,224 - INFO - Navigating to Login Page: http://operator-qa.qmaastech.com/
2026-04-27 16:59:19,235 - INFO - Navigating to: http://operator-qa.qmaastech.com/
2026-04-27 16:59:23,168 - INFO - Attempting login for user: superadmin_qm@yopmail.com
2026-04-27 16:59:25,346 - INFO - Logging DOM elements BEFORE login click...
2026-04-27 16:59:25,350 - INFO - 
================================================================================
2026-04-27 16:59:25,352 - INFO - DOM SNAPSHOT AT STAGE: Before_Login
2026-04-27 16:59:25,352 - INFO - ================================================================================
2026-04-27 16:59:25,463 - INFO - 
Searching for pop-up elements in page content...
2026-04-27 16:59:26,454 - WARNING - ⚠ No known pop-up selectors found. Checking all visible divs...
2026-04-27 16:59:26,606 - INFO - Total DIV elements on page: 21
2026-04-27 16:59:28,539 - INFO -   Visible DIV 1: class='hero-pills' id='no-id' text='bolt
Real-time
smart_toy
AI-driven
hub
Multi-agenc'
2026-04-27 16:59:29,119 - INFO -   Visible DIV 2: class='auth-panel' id='no-id' text='Welcome Back

Sign in to your account to continue
'
2026-04-27 16:59:29,506 - INFO -   Visible DIV 3: class='auth-card' id='no-id' text='Welcome Back

Sign in to your account to continue
'
2026-04-27 16:59:29,795 - INFO -   Visible DIV 4: class='auth-step' id='no-id' text='Welcome Back

Sign in to your account to continue
'
2026-04-27 16:59:30,312 - INFO -   Visible DIV 5: class='field-wrap' id='no-id' text='Email ID / Username *
person'
2026-04-27 16:59:30,617 - INFO -   Visible DIV 6: class='input-shell' id='no-id' text='person'
2026-04-27 16:59:30,956 - INFO -   Visible DIV 7: class='field-wrap' id='no-id' text='Password *
lock
visibility_off'
2026-04-27 16:59:31,323 - INFO -   Visible DIV 8: class='input-shell' id='no-id' text='lock
visibility_off'
2026-04-27 16:59:31,686 - INFO -   Visible DIV 9: class='auth-bottom-links' id='no-id' text='New user?  Access Account

Forgot password?'
2026-04-27 16:59:31,855 - INFO - 
================================================================================

2026-04-27 16:59:32,573 - INFO - Login button clicked.
2026-04-27 16:59:32,573 - INFO - Taking rapid screenshots and validating pop-up...
2026-04-27 16:59:33,561 - INFO - Screenshot captured: reports\RUN_20260427_165916\screenshots\03_Popup_Immediate_1_165932.png
2026-04-27 16:59:33,561 - INFO - Screenshot 1 captured - Attempting validation...
2026-04-27 16:59:33,561 - INFO - 
================================================================================
2026-04-27 16:59:33,563 - INFO - STARTING COMPREHENSIVE POP-UP VALIDATION
2026-04-27 16:59:33,563 - INFO - ================================================================================
2026-04-27 16:59:33,658 - INFO - 
[VALIDATION 1] Checking Pop-up Visibility...
2026-04-27 16:59:34,187 - INFO -   Visibility Status: False
2026-04-27 16:59:34,189 - ERROR -   FAILED: Pop-up is not visible!
2026-04-27 16:59:37,638 - INFO - Screenshot captured: reports\RUN_20260427_165916\screenshots\03_Popup_Immediate_2_165934.png
2026-04-27 16:59:37,639 - INFO - Screenshot 2 captured - Attempting validation...
2026-04-27 16:59:37,639 - INFO - 
================================================================================
2026-04-27 16:59:37,640 - INFO - STARTING COMPREHENSIVE POP-UP VALIDATION
2026-04-27 16:59:37,640 - INFO - ================================================================================
2026-04-27 16:59:37,711 - ERROR - VALIDATION FAILED: Pop-up element not found!
2026-04-27 16:59:39,112 - INFO - Screenshot captured: reports\RUN_20260427_165916\screenshots\03_Popup_Immediate_3_165937.png
2026-04-27 16:59:39,114 - INFO - Screenshot 3 captured - Attempting validation...
2026-04-27 16:59:39,116 - INFO - 
================================================================================
2026-04-27 16:59:39,116 - INFO - STARTING COMPREHENSIVE POP-UP VALIDATION
2026-04-27 16:59:39,118 - INFO - ================================================================================
2026-04-27 16:59:39,191 - ERROR - VALIDATION FAILED: Pop-up element not found!
2026-04-27 16:59:39,377 - INFO - Logging DOM elements AFTER login click (pop-up should appear here)...
2026-04-27 16:59:39,381 - INFO - 
================================================================================
2026-04-27 16:59:39,381 - INFO - DOM SNAPSHOT AT STAGE: After_Login_Click
2026-04-27 16:59:39,384 - INFO - ================================================================================
2026-04-27 16:59:39,476 - INFO - 
Searching for pop-up elements in page content...
2026-04-27 16:59:40,673 - WARNING - ⚠ No known pop-up selectors found. Checking all visible divs...
2026-04-27 16:59:40,858 - INFO - Total DIV elements on page: 29
2026-04-27 16:59:41,596 - INFO -   Visible DIV 1: class='header-right' id='no-id' text='English
French
Spanish
Quantum Toll Authority
supe'
2026-04-27 16:59:42,047 - INFO -   Visible DIV 2: class='nav-user' id='no-id' text='Quantum Toll Authority
superadmin_qm@yopmail.com'
2026-04-27 16:59:42,579 - INFO -   Visible DIV 3: class='nav-user-info' id='no-id' text='Quantum Toll Authority
superadmin_qm@yopmail.com'
2026-04-27 16:59:42,877 - INFO -   Visible DIV 4: class='uname' id='no-id' text='Quantum Toll Authority'
2026-04-27 16:59:43,125 - INFO -   Visible DIV 5: class='urole' id='no-id' text='superadmin_qm@yopmail.com'
2026-04-27 16:59:43,486 - INFO -   Visible DIV 6: class='main-container' id='no-id' text='dashboard_2
group
decimal_increase
admin_panel_set'
2026-04-27 16:59:43,845 - INFO -   Visible DIV 7: class='inner' id='no-id' text='dashboard_2'
2026-04-27 16:59:44,158 - INFO -   Visible DIV 8: class='inner' id='no-id' text='group'
2026-04-27 16:59:44,526 - INFO -   Visible DIV 9: class='inner' id='no-id' text='decimal_increase'
2026-04-27 16:59:44,907 - INFO -   Visible DIV 10: class='inner' id='no-id' text='admin_panel_settings'
2026-04-27 16:59:45,324 - INFO -   Visible DIV 11: class='inner' id='no-id' text='nest_doorbell_visitor'
2026-04-27 16:59:45,691 - INFO -   Visible DIV 12: class='inner' id='no-id' text='key_visualizer'
2026-04-27 16:59:45,762 - INFO - 
================================================================================

2026-04-27 16:59:46,141 - INFO - Screenshot captured: reports\RUN_20260427_165916\screenshots\02_Just_After_Login_Click_165945.png
2026-04-27 16:59:46,141 - INFO - Waiting for dashboard URL...
2026-04-27 16:59:46,143 - INFO - 
================================================================================
2026-04-27 16:59:46,145 - INFO - DOM SNAPSHOT AT STAGE: Before_Dashboard_Navigation
2026-04-27 16:59:46,147 - INFO - ================================================================================
2026-04-27 16:59:46,247 - INFO - 
Searching for pop-up elements in page content...
2026-04-27 16:59:47,146 - WARNING - ⚠ No known pop-up selectors found. Checking all visible divs...
2026-04-27 16:59:47,305 - INFO - Total DIV elements on page: 29
2026-04-27 16:59:47,965 - INFO -   Visible DIV 1: class='header-right' id='no-id' text='English
French
Spanish
Quantum Toll Authority
supe'
2026-04-27 16:59:48,427 - INFO -   Visible DIV 2: class='nav-user' id='no-id' text='Quantum Toll Authority
superadmin_qm@yopmail.com'
2026-04-27 16:59:48,976 - INFO -   Visible DIV 3: class='nav-user-info' id='no-id' text='Quantum Toll Authority
superadmin_qm@yopmail.com'
2026-04-27 16:59:49,357 - INFO -   Visible DIV 4: class='uname' id='no-id' text='Quantum Toll Authority'
2026-04-27 16:59:49,762 - INFO -   Visible DIV 5: class='urole' id='no-id' text='superadmin_qm@yopmail.com'
2026-04-27 16:59:50,212 - INFO -   Visible DIV 6: class='main-container' id='no-id' text='dashboard_2
group
decimal_increase
admin_panel_set'
2026-04-27 16:59:50,651 - INFO -   Visible DIV 7: class='inner' id='no-id' text='dashboard_2'
2026-04-27 16:59:51,113 - INFO -   Visible DIV 8: class='inner' id='no-id' text='group'
2026-04-27 16:59:51,674 - INFO -   Visible DIV 9: class='inner' id='no-id' text='decimal_increase'
2026-04-27 16:59:52,148 - INFO -   Visible DIV 10: class='inner' id='no-id' text='admin_panel_settings'
2026-04-27 16:59:52,639 - INFO -   Visible DIV 11: class='inner' id='no-id' text='nest_doorbell_visitor'
2026-04-27 16:59:53,174 - INFO -   Visible DIV 12: class='inner' id='no-id' text='key_visualizer'
2026-04-27 16:59:53,274 - INFO - 
================================================================================

2026-04-27 16:59:53,415 - INFO - Login SUCCESS: Dashboard URL reached.
2026-04-27 16:59:54,019 - INFO - 
================================================================================
2026-04-27 16:59:54,023 - INFO - DOM SNAPSHOT AT STAGE: After_Dashboard_Loaded
2026-04-27 16:59:54,023 - INFO - ================================================================================
2026-04-27 16:59:54,132 - INFO - 
Searching for pop-up elements in page content...
2026-04-27 16:59:55,213 - WARNING - ⚠ No known pop-up selectors found. Checking all visible divs...
2026-04-27 16:59:55,419 - INFO - Total DIV elements on page: 29
2026-04-27 16:59:56,295 - INFO -   Visible DIV 1: class='header-right' id='no-id' text='English
French
Spanish
Quantum Toll Authority
supe'
2026-04-27 16:59:56,664 - INFO -   Visible DIV 2: class='nav-user' id='no-id' text='Quantum Toll Authority
superadmin_qm@yopmail.com'
2026-04-27 16:59:57,121 - INFO -   Visible DIV 3: class='nav-user-info' id='no-id' text='Quantum Toll Authority
superadmin_qm@yopmail.com'
2026-04-27 16:59:57,480 - INFO -   Visible DIV 4: class='uname' id='no-id' text='Quantum Toll Authority'
2026-04-27 16:59:57,839 - INFO -   Visible DIV 5: class='urole' id='no-id' text='superadmin_qm@yopmail.com'
2026-04-27 16:59:58,180 - INFO -   Visible DIV 6: class='main-container' id='no-id' text='dashboard_2
group
decimal_increase
admin_panel_set'
2026-04-27 16:59:58,559 - INFO -   Visible DIV 7: class='inner' id='no-id' text='dashboard_2'
2026-04-27 16:59:58,895 - INFO -   Visible DIV 8: class='inner' id='no-id' text='group'
2026-04-27 16:59:59,291 - INFO -   Visible DIV 9: class='inner' id='no-id' text='decimal_increase'
2026-04-27 16:59:59,623 - INFO -   Visible DIV 10: class='inner' id='no-id' text='admin_panel_settings'
2026-04-27 17:00:00,058 - INFO -   Visible DIV 11: class='inner' id='no-id' text='nest_doorbell_visitor'
2026-04-27 17:00:00,497 - INFO -   Visible DIV 12: class='inner' id='no-id' text='key_visualizer'
2026-04-27 17:00:00,592 - INFO - 
================================================================================

2026-04-27 17:00:00,592 - INFO - Checking for dashboard header 'Welcome to QM Toll portal!'...
2026-04-27 17:00:00,857 - INFO - ✅ Dashboard header found with selector: h4:has-text("Welcome to QM Toll portal!")
2026-04-27 17:00:00,865 - INFO -    Header text: 'Welcome to QM Toll portal!'
2026-04-27 17:00:00,868 - INFO - ✅ DASHBOARD VALIDATION PASSED: 'Welcome to QM Toll portal!' header found
2026-04-27 17:00:01,257 - INFO - Screenshot captured: reports\RUN_20260427_165916\screenshots\01_Login_Success_Dashboard_170000.png
2026-04-27 17:00:02,558 - INFO - Step 1: Navigating and Starting Onboarding...
2026-04-27 17:00:02,573 - INFO - Executing Sidebar Navigation Sequence...
2026-04-27 17:00:06,223 - INFO - Filling Step 1: Account Details...
2026-04-27 17:00:11,654 - INFO - Filled First Name: Aniruddh
2026-04-27 17:00:13,228 - INFO - Filled Middle Name: QA Team
2026-04-27 17:00:14,852 - INFO - Filled Last Name: Roy
2026-04-27 17:00:16,432 - INFO - Checked: Use Same for Billing
2026-04-27 17:00:17,948 - INFO - Checked: Use Same for Shipping
2026-04-27 17:00:19,499 - INFO - Checked: Primary Address
2026-04-27 17:00:24,183 - INFO - Filled Address: 123 Automation Blvd
2026-04-27 17:00:25,787 - INFO - Filled Zip Code: 12345
2026-04-27 17:00:27,964 - INFO - Filled Phone: 9436605919
2026-04-27 17:00:29,469 - INFO - Filled Email: aniruddh.roy19@testmail.com
2026-04-27 17:00:30,991 - INFO - Filled Confirm Email: aniruddh.roy19@testmail.com
2026-04-27 17:00:30,994 - INFO - Clicking Save & Next...
2026-04-27 17:00:31,065 - INFO - Chatbot elements hidden via CSS injection.
2026-04-27 17:00:33,529 - INFO - Step 1 Submitted.
2026-04-27 17:00:33,529 - INFO - Adding 1 Vehicle(s)...
2026-04-27 17:00:34,730 - INFO - Step 2 loaded successfully.
2026-04-27 17:00:34,811 - INFO - Chatbot elements hidden via CSS injection.
2026-04-27 17:00:36,558 - INFO - Filled Plate 1: QA8412GP
2026-04-27 17:00:42,253 - INFO - Filled Plate Start Date: 2026-04-27
2026-04-27 17:00:55,019 - INFO - Clicking 'Add' button for Vehicle 1...
2026-04-27 17:00:55,115 - INFO - Chatbot elements hidden via CSS injection.
2026-04-27 17:00:58,349 - INFO - Vehicle 1 addition triggered.
2026-04-27 17:00:59,513 - INFO - Chatbot elements hidden via CSS injection.
2026-04-27 17:01:01,259 - INFO - Captured Permanent Account Number: 2000006006
2026-04-27 17:01:01,259 - INFO - Starting Step 3: Payment Information...
2026-04-27 17:01:06,516 - INFO - Filled Cardholder Name: yRRYSymlNiVbwewDWrkvCASApnyhGVbRWqqUVw
2026-04-27 17:01:08,457 - INFO - Filled Card Number: 4853500348796862
2026-04-27 17:01:10,391 - INFO - Filled Expiry Date: 04/28
2026-04-27 17:01:12,536 - INFO - Filled CVV: 191
2026-04-27 17:01:45,490 - ERROR - Payment Step Error: Timeout 30000ms exceeded.
2026-04-27 17:01:45,494 - INFO - Starting Final Confirmation Modal...
2026-04-27 17:02:00,552 - ERROR - Final Confirmation Modal Failed: Timeout 15000ms exceeded.
2026-04-27 17:02:00,556 - INFO - Finalizing process: Clicking 'Account Summary' button...
2026-04-27 17:02:15,605 - ERROR - Failed to click Account Summary: Timeout 15000ms exceeded.
2026-04-27 17:02:15,608 - INFO - Step 2: Creating case for account: None
2026-04-27 17:02:15,610 - INFO - Navigating to Case Management...
2026-04-27 17:06:58,292 - INFO - Navigating to Login Page: http://operator-qa.qmaastech.com/
2026-04-27 17:06:58,297 - INFO - Navigating to: http://operator-qa.qmaastech.com/
2026-04-27 17:07:02,440 - INFO - Attempting login for user: superadmin_qm@yopmail.com
2026-04-27 17:07:04,509 - INFO - Logging DOM elements BEFORE login click...
2026-04-27 17:07:04,513 - INFO - 
================================================================================
2026-04-27 17:07:04,515 - INFO - DOM SNAPSHOT AT STAGE: Before_Login
2026-04-27 17:07:04,517 - INFO - ================================================================================
2026-04-27 17:07:04,653 - INFO - 
Searching for pop-up elements in page content...
2026-04-27 17:07:05,728 - WARNING - ⚠ No known pop-up selectors found. Checking all visible divs...
2026-04-27 17:07:05,885 - INFO - Total DIV elements on page: 21
2026-04-27 17:07:07,629 - INFO -   Visible DIV 1: class='hero-pills' id='no-id' text='bolt
Real-time
smart_toy
AI-driven
hub
Multi-agenc'
2026-04-27 17:07:08,132 - INFO -   Visible DIV 2: class='auth-panel' id='no-id' text='Welcome Back

Sign in to your account to continue
'
2026-04-27 17:07:08,471 - INFO -   Visible DIV 3: class='auth-card' id='no-id' text='Welcome Back

Sign in to your account to continue
'
2026-04-27 17:07:08,764 - INFO -   Visible DIV 4: class='auth-step' id='no-id' text='Welcome Back

Sign in to your account to continue
'
2026-04-27 17:07:09,307 - INFO -   Visible DIV 5: class='field-wrap' id='no-id' text='Email ID / Username *
person'
2026-04-27 17:07:09,686 - INFO -   Visible DIV 6: class='input-shell' id='no-id' text='person'
2026-04-27 17:07:10,048 - INFO -   Visible DIV 7: class='field-wrap' id='no-id' text='Password *
lock
visibility_off'
2026-04-27 17:07:10,469 - INFO -   Visible DIV 8: class='input-shell' id='no-id' text='lock
visibility_off'
2026-04-27 17:07:10,854 - INFO -   Visible DIV 9: class='auth-bottom-links' id='no-id' text='New user?  Access Account

Forgot password?'
2026-04-27 17:07:11,055 - INFO - 
================================================================================

2026-04-27 17:07:11,823 - INFO - Login button clicked.
2026-04-27 17:07:11,825 - INFO - Taking rapid screenshots and validating pop-up...
2026-04-27 17:07:13,333 - INFO - Screenshot captured: reports\RUN_20260427_170654\screenshots\03_Popup_Immediate_1_170711.png
2026-04-27 17:07:13,335 - INFO - Screenshot 1 captured - Attempting validation...
2026-04-27 17:07:13,335 - INFO - 
================================================================================
2026-04-27 17:07:13,337 - INFO - STARTING COMPREHENSIVE POP-UP VALIDATION
2026-04-27 17:07:13,339 - INFO - ================================================================================
2026-04-27 17:07:13,808 - ERROR - VALIDATION FAILED: Pop-up element not found!
2026-04-27 17:07:18,661 - INFO - Screenshot captured: reports\RUN_20260427_170654\screenshots\03_Popup_Immediate_2_170713.png
2026-04-27 17:07:18,666 - INFO - Screenshot 2 captured - Attempting validation...
2026-04-27 17:07:18,668 - INFO - 
================================================================================
2026-04-27 17:07:18,668 - INFO - STARTING COMPREHENSIVE POP-UP VALIDATION
2026-04-27 17:07:18,668 - INFO - ================================================================================
2026-04-27 17:07:18,771 - ERROR - VALIDATION FAILED: Pop-up element not found!
2026-04-27 17:07:21,263 - INFO - Screenshot captured: reports\RUN_20260427_170654\screenshots\03_Popup_Immediate_3_170718.png
2026-04-27 17:07:21,263 - INFO - Screenshot 3 captured - Attempting validation...
2026-04-27 17:07:21,265 - INFO - 
================================================================================
2026-04-27 17:07:21,267 - INFO - STARTING COMPREHENSIVE POP-UP VALIDATION
2026-04-27 17:07:21,267 - INFO - ================================================================================
2026-04-27 17:07:21,341 - ERROR - VALIDATION FAILED: Pop-up element not found!
2026-04-27 17:07:21,532 - INFO - Logging DOM elements AFTER login click (pop-up should appear here)...
2026-04-27 17:07:21,535 - INFO - 
================================================================================
2026-04-27 17:07:21,535 - INFO - DOM SNAPSHOT AT STAGE: After_Login_Click
2026-04-27 17:07:21,536 - INFO - ================================================================================
2026-04-27 17:07:21,658 - INFO - 
Searching for pop-up elements in page content...
2026-04-27 17:07:22,791 - WARNING - ⚠ No known pop-up selectors found. Checking all visible divs...
2026-04-27 17:07:23,011 - INFO - Total DIV elements on page: 29
2026-04-27 17:07:23,772 - INFO -   Visible DIV 1: class='header-right' id='no-id' text='English
French
Spanish
Quantum Toll Authority
supe'
2026-04-27 17:07:24,201 - INFO -   Visible DIV 2: class='nav-user' id='no-id' text='Quantum Toll Authority
superadmin_qm@yopmail.com'
2026-04-27 17:07:24,817 - INFO -   Visible DIV 3: class='nav-user-info' id='no-id' text='Quantum Toll Authority
superadmin_qm@yopmail.com'
2026-04-27 17:07:25,226 - INFO -   Visible DIV 4: class='uname' id='no-id' text='Quantum Toll Authority'
2026-04-27 17:07:25,608 - INFO -   Visible DIV 5: class='urole' id='no-id' text='superadmin_qm@yopmail.com'
2026-04-27 17:07:25,972 - INFO -   Visible DIV 6: class='main-container' id='no-id' text='dashboard_2
group
decimal_increase
admin_panel_set'
2026-04-27 17:07:26,375 - INFO -   Visible DIV 7: class='inner' id='no-id' text='dashboard_2'
2026-04-27 17:07:26,762 - INFO -   Visible DIV 8: class='inner' id='no-id' text='group'
2026-04-27 17:07:27,313 - INFO -   Visible DIV 9: class='inner' id='no-id' text='decimal_increase'
2026-04-27 17:07:27,787 - INFO -   Visible DIV 10: class='inner' id='no-id' text='admin_panel_settings'
2026-04-27 17:07:28,290 - INFO -   Visible DIV 11: class='inner' id='no-id' text='nest_doorbell_visitor'
2026-04-27 17:07:28,714 - INFO -   Visible DIV 12: class='inner' id='no-id' text='key_visualizer'
2026-04-27 17:07:28,821 - INFO - 
================================================================================

2026-04-27 17:07:29,306 - INFO - Screenshot captured: reports\RUN_20260427_170654\screenshots\02_Just_After_Login_Click_170728.png
2026-04-27 17:07:29,306 - INFO - Waiting for dashboard URL...
2026-04-27 17:07:29,315 - INFO - 
================================================================================
2026-04-27 17:07:29,316 - INFO - DOM SNAPSHOT AT STAGE: Before_Dashboard_Navigation
2026-04-27 17:07:29,321 - INFO - ================================================================================
2026-04-27 17:07:29,454 - INFO - 
Searching for pop-up elements in page content...
2026-04-27 17:07:30,654 - WARNING - ⚠ No known pop-up selectors found. Checking all visible divs...
2026-04-27 17:07:30,835 - INFO - Total DIV elements on page: 29
2026-04-27 17:07:31,468 - INFO -   Visible DIV 1: class='header-right' id='no-id' text='English
French
Spanish
Quantum Toll Authority
supe'
2026-04-27 17:07:31,851 - INFO -   Visible DIV 2: class='nav-user' id='no-id' text='Quantum Toll Authority
superadmin_qm@yopmail.com'
2026-04-27 17:07:32,335 - INFO -   Visible DIV 3: class='nav-user-info' id='no-id' text='Quantum Toll Authority
superadmin_qm@yopmail.com'
2026-04-27 17:07:32,689 - INFO -   Visible DIV 4: class='uname' id='no-id' text='Quantum Toll Authority'
2026-04-27 17:07:33,001 - INFO -   Visible DIV 5: class='urole' id='no-id' text='superadmin_qm@yopmail.com'
2026-04-27 17:07:33,329 - INFO -   Visible DIV 6: class='main-container' id='no-id' text='dashboard_2
group
decimal_increase
admin_panel_set'
2026-04-27 17:07:33,681 - INFO -   Visible DIV 7: class='inner' id='no-id' text='dashboard_2'
2026-04-27 17:07:33,928 - INFO -   Visible DIV 8: class='inner' id='no-id' text='group'
2026-04-27 17:07:34,315 - INFO -   Visible DIV 9: class='inner' id='no-id' text='decimal_increase'
2026-04-27 17:07:34,753 - INFO -   Visible DIV 10: class='inner' id='no-id' text='admin_panel_settings'
2026-04-27 17:07:35,204 - INFO -   Visible DIV 11: class='inner' id='no-id' text='nest_doorbell_visitor'
2026-04-27 17:07:35,685 - INFO -   Visible DIV 12: class='inner' id='no-id' text='key_visualizer'
2026-04-27 17:07:35,771 - INFO - 
================================================================================

2026-04-27 17:07:35,885 - INFO - Login SUCCESS: Dashboard URL reached.
2026-04-27 17:07:36,464 - INFO - 
================================================================================
2026-04-27 17:07:36,466 - INFO - DOM SNAPSHOT AT STAGE: After_Dashboard_Loaded
2026-04-27 17:07:36,466 - INFO - ================================================================================
2026-04-27 17:07:36,568 - INFO - 
Searching for pop-up elements in page content...
2026-04-27 17:07:37,528 - WARNING - ⚠ No known pop-up selectors found. Checking all visible divs...
2026-04-27 17:07:37,688 - INFO - Total DIV elements on page: 29
2026-04-27 17:07:38,412 - INFO -   Visible DIV 1: class='header-right' id='no-id' text='English
French
Spanish
Quantum Toll Authority
supe'
2026-04-27 17:07:38,652 - INFO -   Visible DIV 2: class='nav-user' id='no-id' text='Quantum Toll Authority
superadmin_qm@yopmail.com'
2026-04-27 17:07:39,168 - INFO -   Visible DIV 3: class='nav-user-info' id='no-id' text='Quantum Toll Authority
superadmin_qm@yopmail.com'
2026-04-27 17:07:39,519 - INFO -   Visible DIV 4: class='uname' id='no-id' text='Quantum Toll Authority'
2026-04-27 17:07:39,861 - INFO -   Visible DIV 5: class='urole' id='no-id' text='superadmin_qm@yopmail.com'
2026-04-27 17:07:40,198 - INFO -   Visible DIV 6: class='main-container' id='no-id' text='dashboard_2
group
decimal_increase
admin_panel_set'
2026-04-27 17:07:40,569 - INFO -   Visible DIV 7: class='inner' id='no-id' text='dashboard_2'
2026-04-27 17:07:40,884 - INFO -   Visible DIV 8: class='inner' id='no-id' text='group'
2026-04-27 17:07:41,245 - INFO -   Visible DIV 9: class='inner' id='no-id' text='decimal_increase'
2026-04-27 17:07:41,686 - INFO -   Visible DIV 10: class='inner' id='no-id' text='admin_panel_settings'
2026-04-27 17:07:42,213 - INFO -   Visible DIV 11: class='inner' id='no-id' text='nest_doorbell_visitor'
2026-04-27 17:07:42,701 - INFO -   Visible DIV 12: class='inner' id='no-id' text='key_visualizer'
2026-04-27 17:07:42,795 - INFO - 
================================================================================

2026-04-27 17:07:42,795 - INFO - Checking for dashboard header 'Welcome to QM Toll portal!'...
2026-04-27 17:07:43,052 - INFO - ✅ Dashboard header found with selector: h4:has-text("Welcome to QM Toll portal!")
2026-04-27 17:07:43,052 - INFO -    Header text: 'Welcome to QM Toll portal!'
2026-04-27 17:07:43,052 - INFO - ✅ DASHBOARD VALIDATION PASSED: 'Welcome to QM Toll portal!' header found
2026-04-27 17:07:43,460 - INFO - Screenshot captured: reports\RUN_20260427_170654\screenshots\01_Login_Success_Dashboard_170743.png
2026-04-27 17:07:45,202 - INFO - Step 1: Navigating and Starting Onboarding...
2026-04-27 17:07:45,204 - INFO - Executing Sidebar Navigation Sequence...
2026-04-27 17:07:49,188 - INFO - Filling Step 1: Account Details...
2026-04-27 17:07:55,260 - INFO - Filled First Name: Aniruddh
2026-04-27 17:07:56,787 - INFO - Filled Middle Name: QA Team
2026-04-27 17:07:58,362 - INFO - Filled Last Name: Jani
2026-04-27 17:07:59,893 - INFO - Checked: Use Same for Billing
2026-04-27 17:08:01,453 - INFO - Checked: Use Same for Shipping
2026-04-27 17:08:02,902 - INFO - Checked: Primary Address
2026-04-27 17:08:07,350 - INFO - Filled Address: 123 Automation Blvd
2026-04-27 17:08:08,920 - INFO - Filled Zip Code: 12345
2026-04-27 17:08:11,161 - INFO - Filled Phone: 7655747093
2026-04-27 17:08:12,729 - INFO - Filled Email: aniruddh.jani36@testmail.com
2026-04-27 17:08:14,325 - INFO - Filled Confirm Email: aniruddh.jani36@testmail.com
2026-04-27 17:08:14,327 - INFO - Clicking Save & Next...
2026-04-27 17:08:14,437 - INFO - Chatbot elements hidden via CSS injection.
2026-04-27 17:08:17,020 - INFO - Step 1 Submitted.
2026-04-27 17:08:17,023 - INFO - Adding 1 Vehicle(s)...
2026-04-27 17:08:18,056 - INFO - Step 2 loaded successfully.
2026-04-27 17:08:18,175 - INFO - Chatbot elements hidden via CSS injection.
2026-04-27 17:08:19,901 - INFO - Filled Plate 1: QA2319GP
2026-04-27 17:08:25,670 - INFO - Filled Plate Start Date: 2026-04-27
2026-04-27 17:08:38,627 - INFO - Clicking 'Add' button for Vehicle 1...
2026-04-27 17:08:38,715 - INFO - Chatbot elements hidden via CSS injection.
2026-04-27 17:08:41,964 - INFO - Vehicle 1 addition triggered.
2026-04-27 17:08:43,133 - INFO - Chatbot elements hidden via CSS injection.
2026-04-27 17:08:44,986 - INFO - Captured Permanent Account Number: 2000006008
2026-04-27 17:08:44,988 - INFO - Starting Step 3: Payment Information...
2026-04-27 17:08:45,094 - INFO - Chatbot elements hidden via CSS injection.
2026-04-27 17:08:50,570 - INFO - Filled Cardholder Name: VXskRklKoOR
2026-04-27 17:08:52,783 - INFO - Filled Card Number: 6766265612922635
2026-04-27 17:08:54,971 - INFO - Filled Expiry Date: 04/28
2026-04-27 17:08:57,187 - INFO - Filled CVV: 877
2026-04-27 17:08:59,856 - INFO - Clicking 'Preview and Pay'...
2026-04-27 17:08:59,941 - INFO - Chatbot elements hidden via CSS injection.
2026-04-27 17:09:01,194 - INFO - Waiting for Payment Summary card...
2026-04-27 17:09:02,560 - INFO - Starting Final Confirmation Modal...
2026-04-27 17:09:03,808 - INFO - ✅ Account onboarding completed successfully.
2026-04-27 17:09:03,813 - INFO - Finalizing process: Clicking 'Account Summary' button...
2026-04-27 17:09:04,420 - INFO - Step 2: Creating case for account: None
2026-04-27 17:09:04,423 - INFO - Navigating to Case Management...
2026-04-27 17:17:18,705 - INFO - Navigating to Login Page: http://operator-qa.qmaastech.com/
2026-04-27 17:17:18,711 - INFO - Navigating to: http://operator-qa.qmaastech.com/
2026-04-27 17:17:21,397 - INFO - Attempting login for user: superadmin_qm@yopmail.com
2026-04-27 17:17:23,120 - INFO - Logging DOM elements BEFORE login click...
2026-04-27 17:17:23,123 - INFO - 
================================================================================
2026-04-27 17:17:23,123 - INFO - DOM SNAPSHOT AT STAGE: Before_Login
2026-04-27 17:17:23,123 - INFO - ================================================================================
2026-04-27 17:17:23,155 - INFO - 
Searching for pop-up elements in page content...
2026-04-27 17:17:23,587 - WARNING - ⚠ No known pop-up selectors found. Checking all visible divs...
2026-04-27 17:17:23,640 - INFO - Total DIV elements on page: 21
2026-04-27 17:17:24,408 - INFO -   Visible DIV 1: class='hero-pills' id='no-id' text='bolt
Real-time
smart_toy
AI-driven
hub
Multi-agenc'
2026-04-27 17:17:24,587 - INFO -   Visible DIV 2: class='auth-panel' id='no-id' text='Welcome Back

Sign in to your account to continue
'
2026-04-27 17:17:24,698 - INFO -   Visible DIV 3: class='auth-card' id='no-id' text='Welcome Back

Sign in to your account to continue
'
2026-04-27 17:17:24,823 - INFO -   Visible DIV 4: class='auth-step' id='no-id' text='Welcome Back

Sign in to your account to continue
'
2026-04-27 17:17:24,994 - INFO -   Visible DIV 5: class='field-wrap' id='no-id' text='Email ID / Username *
person'
2026-04-27 17:17:25,091 - INFO -   Visible DIV 6: class='input-shell' id='no-id' text='person'
2026-04-27 17:17:25,201 - INFO -   Visible DIV 7: class='field-wrap' id='no-id' text='Password *
lock
visibility_off'
2026-04-27 17:17:25,296 - INFO -   Visible DIV 8: class='input-shell' id='no-id' text='lock
visibility_off'
2026-04-27 17:17:25,400 - INFO -   Visible DIV 9: class='auth-bottom-links' id='no-id' text='New user?  Access Account

Forgot password?'
2026-04-27 17:17:25,447 - INFO - 
================================================================================

2026-04-27 17:17:26,052 - INFO - Login button clicked.
2026-04-27 17:17:26,055 - INFO - Taking rapid screenshots and validating pop-up...
2026-04-27 17:17:26,637 - INFO - Screenshot captured: reports\RUN_20260427_171716\screenshots\03_Popup_Immediate_1_171726.png
2026-04-27 17:17:26,638 - INFO - Screenshot 1 captured - Attempting validation...
2026-04-27 17:17:26,639 - INFO - 
================================================================================
2026-04-27 17:17:26,639 - INFO - STARTING COMPREHENSIVE POP-UP VALIDATION
2026-04-27 17:17:26,640 - INFO - ================================================================================
2026-04-27 17:17:26,666 - INFO - 
[VALIDATION 1] Checking Pop-up Visibility...
2026-04-27 17:17:26,696 - INFO -   Visibility Status: True
2026-04-27 17:17:26,697 - INFO -   PASSED: Pop-up is visible
2026-04-27 17:17:26,697 - INFO - 
[VALIDATION 2] Extracting and Validating Text Content...
2026-04-27 17:17:26,717 - INFO -   Extracted Text: 'Login Successful'
2026-04-27 17:17:26,717 - INFO -   PASSED: Text matches exactly: 'Login Successful'
2026-04-27 17:17:26,717 - INFO - 
[VALIDATION 3] Checking for Typos...
2026-04-27 17:17:26,717 - INFO -   PASSED: No known typos detected
2026-04-27 17:17:26,717 - INFO - 
[VALIDATION 4] Extracting CSS Classes and Attributes...
2026-04-27 17:17:26,749 - INFO -   CSS Classes: snackbar success-snackbar
2026-04-27 17:17:26,749 - INFO -   PASSED: 'success' class is present
2026-04-27 17:17:26,749 - INFO - 
[VALIDATION 5] Checking Element Properties...
2026-04-27 17:17:26,847 - INFO -   ID: Not set
2026-04-27 17:17:26,849 - INFO -   Data-TestID: Not set
2026-04-27 17:17:26,849 - INFO -   Role: Not set
2026-04-27 17:17:26,850 - INFO -   ARIA Label: Not set
2026-04-27 17:17:26,850 - INFO - 
[VALIDATION 6] Checking Position and Size...
2026-04-27 17:17:26,866 - INFO -   X: 1230, Y: 20
2026-04-27 17:17:26,866 - INFO -   Width: 250, Height: 43.5
2026-04-27 17:17:26,866 - INFO -   PASSED: Element has valid dimensions
2026-04-27 17:17:26,866 - INFO - 
[VALIDATION 7] Checking Computed Styles...
2026-04-27 17:17:26,899 - INFO -   Display: block
2026-04-27 17:17:26,913 - INFO -   Opacity: 1
2026-04-27 17:17:26,914 - INFO -   PASSED: Element is displayed with proper opacity
2026-04-27 17:17:26,915 - INFO - 
================================================================================
2026-04-27 17:17:26,916 - INFO - POP-UP VALIDATION SUMMARY
2026-04-27 17:17:26,917 - INFO - ================================================================================
2026-04-27 17:17:26,918 - INFO -   Visibility: PASSED
2026-04-27 17:17:26,918 - INFO -   Text Match: PASSED
2026-04-27 17:17:26,918 - INFO -   Typo Check: PASSED
2026-04-27 17:17:26,918 - INFO -   CSS Classes: Present
2026-04-27 17:17:26,918 - INFO -   Position & Size: Valid
2026-04-27 17:17:26,918 - INFO -   Computed Styles: Valid
2026-04-27 17:17:26,918 - INFO - ================================================================================

2026-04-27 17:17:26,922 - INFO - ✓ ALL VALIDATIONS PASSED - Pop-up is working correctly!
2026-04-27 17:17:27,293 - INFO - Screenshot captured: reports\RUN_20260427_171716\screenshots\03_Popup_Immediate_2_171727.png
2026-04-27 17:17:27,293 - INFO - Screenshot 2 captured - Attempting validation...
2026-04-27 17:17:27,296 - INFO - 
================================================================================
2026-04-27 17:17:27,297 - INFO - STARTING COMPREHENSIVE POP-UP VALIDATION
2026-04-27 17:17:27,297 - INFO - ================================================================================
2026-04-27 17:17:27,438 - ERROR - VALIDATION FAILED: Pop-up element not found!
2026-04-27 17:17:29,204 - INFO - Screenshot captured: reports\RUN_20260427_171716\screenshots\03_Popup_Immediate_3_171727.png
2026-04-27 17:17:29,204 - INFO - Screenshot 3 captured - Attempting validation...
2026-04-27 17:17:29,204 - INFO - 
================================================================================
2026-04-27 17:17:29,204 - INFO - STARTING COMPREHENSIVE POP-UP VALIDATION
2026-04-27 17:17:29,204 - INFO - ================================================================================
2026-04-27 17:17:29,235 - ERROR - VALIDATION FAILED: Pop-up element not found!
2026-04-27 17:17:29,366 - INFO - Logging DOM elements AFTER login click (pop-up should appear here)...
2026-04-27 17:17:29,368 - INFO - 
================================================================================
2026-04-27 17:17:29,368 - INFO - DOM SNAPSHOT AT STAGE: After_Login_Click
2026-04-27 17:17:29,369 - INFO - ================================================================================
2026-04-27 17:17:29,396 - INFO - 
Searching for pop-up elements in page content...
2026-04-27 17:17:29,782 - WARNING - ⚠ No known pop-up selectors found. Checking all visible divs...
2026-04-27 17:17:29,858 - INFO - Total DIV elements on page: 29
2026-04-27 17:17:30,147 - INFO -   Visible DIV 1: class='header-right' id='no-id' text='English
French
Spanish
Quantum Toll Authority
supe'
2026-04-27 17:17:30,293 - INFO -   Visible DIV 2: class='nav-user' id='no-id' text='Quantum Toll Authority
superadmin_qm@yopmail.com'
2026-04-27 17:17:30,513 - INFO -   Visible DIV 3: class='nav-user-info' id='no-id' text='Quantum Toll Authority
superadmin_qm@yopmail.com'
2026-04-27 17:17:30,652 - INFO -   Visible DIV 4: class='uname' id='no-id' text='Quantum Toll Authority'
2026-04-27 17:17:30,789 - INFO -   Visible DIV 5: class='urole' id='no-id' text='superadmin_qm@yopmail.com'
2026-04-27 17:17:30,928 - INFO -   Visible DIV 6: class='main-container' id='no-id' text='dashboard_2
group
decimal_increase
admin_panel_set'
2026-04-27 17:17:31,059 - INFO -   Visible DIV 7: class='inner' id='no-id' text='dashboard_2'
2026-04-27 17:17:31,186 - INFO -   Visible DIV 8: class='inner' id='no-id' text='group'
2026-04-27 17:17:31,357 - INFO -   Visible DIV 9: class='inner' id='no-id' text='decimal_increase'
2026-04-27 17:17:31,535 - INFO -   Visible DIV 10: class='inner' id='no-id' text='admin_panel_settings'
2026-04-27 17:17:31,707 - INFO -   Visible DIV 11: class='inner' id='no-id' text='nest_doorbell_visitor'
2026-04-27 17:17:31,877 - INFO -   Visible DIV 12: class='inner' id='no-id' text='key_visualizer'
2026-04-27 17:17:31,906 - INFO - 
================================================================================

2026-04-27 17:17:32,241 - INFO - Screenshot captured: reports\RUN_20260427_171716\screenshots\02_Just_After_Login_Click_171731.png
2026-04-27 17:17:32,242 - INFO - Waiting for dashboard URL...
2026-04-27 17:17:32,242 - INFO - 
================================================================================
2026-04-27 17:17:32,243 - INFO - DOM SNAPSHOT AT STAGE: Before_Dashboard_Navigation
2026-04-27 17:17:32,245 - INFO - ================================================================================
2026-04-27 17:17:32,287 - INFO - 
Searching for pop-up elements in page content...
2026-04-27 17:17:32,622 - WARNING - ⚠ No known pop-up selectors found. Checking all visible divs...
2026-04-27 17:17:32,672 - INFO - Total DIV elements on page: 29
2026-04-27 17:17:32,889 - INFO -   Visible DIV 1: class='header-right' id='no-id' text='English
French
Spanish
Quantum Toll Authority
supe'
2026-04-27 17:17:32,985 - INFO -   Visible DIV 2: class='nav-user' id='no-id' text='Quantum Toll Authority
superadmin_qm@yopmail.com'
2026-04-27 17:17:33,141 - INFO -   Visible DIV 3: class='nav-user-info' id='no-id' text='Quantum Toll Authority
superadmin_qm@yopmail.com'
2026-04-27 17:17:33,237 - INFO -   Visible DIV 4: class='uname' id='no-id' text='Quantum Toll Authority'
2026-04-27 17:17:33,339 - INFO -   Visible DIV 5: class='urole' id='no-id' text='superadmin_qm@yopmail.com'
2026-04-27 17:17:33,431 - INFO -   Visible DIV 6: class='main-container' id='no-id' text='dashboard_2
group
decimal_increase
admin_panel_set'
2026-04-27 17:17:33,551 - INFO -   Visible DIV 7: class='inner' id='no-id' text='dashboard_2'
2026-04-27 17:17:33,667 - INFO -   Visible DIV 8: class='inner' id='no-id' text='group'
2026-04-27 17:17:33,821 - INFO -   Visible DIV 9: class='inner' id='no-id' text='decimal_increase'
2026-04-27 17:17:33,968 - INFO -   Visible DIV 10: class='inner' id='no-id' text='admin_panel_settings'
2026-04-27 17:17:34,122 - INFO -   Visible DIV 11: class='inner' id='no-id' text='nest_doorbell_visitor'
2026-04-27 17:17:34,308 - INFO -   Visible DIV 12: class='inner' id='no-id' text='key_visualizer'
2026-04-27 17:17:34,345 - INFO - 
================================================================================

2026-04-27 17:17:34,392 - INFO - Login SUCCESS: Dashboard URL reached.
2026-04-27 17:17:34,933 - INFO - 
================================================================================
2026-04-27 17:17:34,936 - INFO - DOM SNAPSHOT AT STAGE: After_Dashboard_Loaded
2026-04-27 17:17:34,937 - INFO - ================================================================================
2026-04-27 17:17:34,982 - INFO - 
Searching for pop-up elements in page content...
2026-04-27 17:17:35,366 - WARNING - ⚠ No known pop-up selectors found. Checking all visible divs...
2026-04-27 17:17:35,420 - INFO - Total DIV elements on page: 29
2026-04-27 17:17:35,667 - INFO -   Visible DIV 1: class='header-right' id='no-id' text='English
French
Spanish
Quantum Toll Authority
supe'
2026-04-27 17:17:35,805 - INFO -   Visible DIV 2: class='nav-user' id='no-id' text='Quantum Toll Authority
superadmin_qm@yopmail.com'
2026-04-27 17:17:36,000 - INFO -   Visible DIV 3: class='nav-user-info' id='no-id' text='Quantum Toll Authority
superadmin_qm@yopmail.com'
2026-04-27 17:17:36,100 - INFO -   Visible DIV 4: class='uname' id='no-id' text='Quantum Toll Authority'
2026-04-27 17:17:36,215 - INFO -   Visible DIV 5: class='urole' id='no-id' text='superadmin_qm@yopmail.com'
2026-04-27 17:17:36,352 - INFO -   Visible DIV 6: class='main-container' id='no-id' text='dashboard_2
group
decimal_increase
admin_panel_set'
2026-04-27 17:17:36,485 - INFO -   Visible DIV 7: class='inner' id='no-id' text='dashboard_2'
2026-04-27 17:17:36,618 - INFO -   Visible DIV 8: class='inner' id='no-id' text='group'
2026-04-27 17:17:36,773 - INFO -   Visible DIV 9: class='inner' id='no-id' text='decimal_increase'
2026-04-27 17:17:36,902 - INFO -   Visible DIV 10: class='inner' id='no-id' text='admin_panel_settings'
2026-04-27 17:17:37,041 - INFO -   Visible DIV 11: class='inner' id='no-id' text='nest_doorbell_visitor'
2026-04-27 17:17:37,169 - INFO -   Visible DIV 12: class='inner' id='no-id' text='key_visualizer'
2026-04-27 17:17:37,202 - INFO - 
================================================================================

2026-04-27 17:17:37,202 - INFO - Checking for dashboard header 'Welcome to QM Toll portal!'...
2026-04-27 17:17:37,285 - INFO - ✅ Dashboard header found with selector: h4:has-text("Welcome to QM Toll portal!")
2026-04-27 17:17:37,285 - INFO -    Header text: 'Welcome to QM Toll portal!'
2026-04-27 17:17:37,285 - INFO - ✅ DASHBOARD VALIDATION PASSED: 'Welcome to QM Toll portal!' header found
2026-04-27 17:17:37,502 - INFO - Screenshot captured: reports\RUN_20260427_171716\screenshots\01_Login_Success_Dashboard_171737.png
2026-04-27 17:17:37,819 - INFO - Step 1: Navigating and Starting Onboarding...
2026-04-27 17:17:37,830 - INFO - Executing Sidebar Navigation Sequence...
2026-04-27 17:17:40,942 - INFO - Filling Step 1: Account Details...
2026-04-27 17:17:44,614 - INFO - Filled First Name: Faiyaz
2026-04-27 17:17:45,820 - INFO - Filled Middle Name: QA Team
2026-04-27 17:17:47,006 - INFO - Filled Last Name: Gera
2026-04-27 17:17:48,183 - INFO - Checked: Use Same for Billing
2026-04-27 17:17:49,334 - INFO - Checked: Use Same for Shipping
2026-04-27 17:17:50,495 - INFO - Checked: Primary Address
2026-04-27 17:17:54,351 - INFO - Filled Address: 123 Automation Blvd
2026-04-27 17:17:55,560 - INFO - Filled Zip Code: 12345
2026-04-27 17:17:57,305 - INFO - Filled Phone: 9440714166
2026-04-27 17:17:58,487 - INFO - Filled Email: faiyaz.gera77@testmail.com
2026-04-27 17:17:59,687 - INFO - Filled Confirm Email: faiyaz.gera77@testmail.com
2026-04-27 17:17:59,687 - INFO - Clicking Save & Next...
2026-04-27 17:17:59,705 - INFO - Chatbot elements hidden via CSS injection.
2026-04-27 17:18:01,643 - INFO - Step 1 Submitted.
2026-04-27 17:18:01,644 - INFO - Adding 1 Vehicle(s)...
2026-04-27 17:18:02,234 - INFO - Step 2 loaded successfully.
2026-04-27 17:18:02,273 - INFO - Chatbot elements hidden via CSS injection.
2026-04-27 17:18:03,582 - INFO - Filled Plate 1: QA9256GP
2026-04-27 17:18:08,117 - INFO - Filled Plate Start Date: 2026-04-27
2026-04-27 17:18:19,517 - INFO - Clicking 'Add' button for Vehicle 1...
2026-04-27 17:18:19,550 - INFO - Chatbot elements hidden via CSS injection.
2026-04-27 17:18:22,339 - INFO - Vehicle 1 addition triggered.
2026-04-27 17:18:23,389 - INFO - Chatbot elements hidden via CSS injection.
2026-04-27 17:18:25,074 - INFO - Captured Permanent Account Number: 2000006009
2026-04-27 17:18:25,074 - INFO - Starting Step 3: Payment Information...
2026-04-27 17:18:25,084 - INFO - Chatbot elements hidden via CSS injection.
2026-04-27 17:18:29,405 - INFO - Filled Cardholder Name: qwNWtRLpEImxLSjOOP
2026-04-27 17:18:31,007 - INFO - Filled Card Number: 6024007223810909
2026-04-27 17:18:32,678 - INFO - Filled Expiry Date: 04/28
2026-04-27 17:18:34,289 - INFO - Filled CVV: 184
2026-04-27 17:18:36,699 - INFO - Clicking 'Preview and Pay'...
2026-04-27 17:18:36,723 - INFO - Chatbot elements hidden via CSS injection.
2026-04-27 17:18:37,472 - INFO - Waiting for Payment Summary card...
2026-04-27 17:18:39,034 - INFO - ✅ Step 3 (Payment & Summary) complete.
2026-04-27 17:18:39,034 - INFO - Starting Final Confirmation Modal...
2026-04-27 17:18:39,189 - INFO - Clicking the final 'Pay' button inside the Confirmation Modal...
2026-04-27 17:18:42,094 - INFO - ✅ Account onboarding completed successfully.
2026-04-27 17:18:42,100 - INFO - Finalizing process: Clicking 'Account Summary' button...
2026-04-27 17:18:43,016 - INFO - ✅ Navigating to Account Summary page.
2026-04-27 17:18:43,020 - INFO - Step 2: Creating case for account: None
2026-04-27 17:18:43,020 - INFO - Navigating to Case Management...
2026-04-27 17:18:54,946 - ERROR - Failed to navigate to Cases: Timeout 10000ms exceeded.
2026-04-27 17:23:17,140 - INFO - Navigating to Login Page: http://operator-qa.qmaastech.com/
2026-04-27 17:23:17,142 - INFO - Navigating to: http://operator-qa.qmaastech.com/
2026-04-27 17:23:19,783 - INFO - Attempting login for user: superadmin_qm@yopmail.com
2026-04-27 17:23:21,530 - INFO - Logging DOM elements BEFORE login click...
2026-04-27 17:23:21,530 - INFO - 
================================================================================
2026-04-27 17:23:21,530 - INFO - DOM SNAPSHOT AT STAGE: Before_Login
2026-04-27 17:23:21,530 - INFO - ================================================================================
2026-04-27 17:23:21,562 - INFO - 
Searching for pop-up elements in page content...
2026-04-27 17:23:21,895 - WARNING - ⚠ No known pop-up selectors found. Checking all visible divs...
2026-04-27 17:23:21,948 - INFO - Total DIV elements on page: 21
2026-04-27 17:23:22,536 - INFO -   Visible DIV 1: class='hero-pills' id='no-id' text='bolt
Real-time
smart_toy
AI-driven
hub
Multi-agenc'
2026-04-27 17:23:22,689 - INFO -   Visible DIV 2: class='auth-panel' id='no-id' text='Welcome Back

Sign in to your account to continue
'
2026-04-27 17:23:22,768 - INFO -   Visible DIV 3: class='auth-card' id='no-id' text='Welcome Back

Sign in to your account to continue
'
2026-04-27 17:23:22,863 - INFO -   Visible DIV 4: class='auth-step' id='no-id' text='Welcome Back

Sign in to your account to continue
'
2026-04-27 17:23:23,021 - INFO -   Visible DIV 5: class='field-wrap' id='no-id' text='Email ID / Username *
person'
2026-04-27 17:23:23,117 - INFO -   Visible DIV 6: class='input-shell' id='no-id' text='person'
2026-04-27 17:23:23,211 - INFO -   Visible DIV 7: class='field-wrap' id='no-id' text='Password *
lock
visibility_off'
2026-04-27 17:23:23,307 - INFO -   Visible DIV 8: class='input-shell' id='no-id' text='lock
visibility_off'
2026-04-27 17:23:23,403 - INFO -   Visible DIV 9: class='auth-bottom-links' id='no-id' text='New user?  Access Account

Forgot password?'
2026-04-27 17:23:23,451 - INFO - 
================================================================================

2026-04-27 17:23:24,036 - INFO - Login button clicked.
2026-04-27 17:23:24,038 - INFO - Taking rapid screenshots and validating pop-up...
2026-04-27 17:23:24,658 - INFO - Screenshot captured: reports\RUN_20260427_172314\screenshots\03_Popup_Immediate_1_172324.png
2026-04-27 17:23:24,659 - INFO - Screenshot 1 captured - Attempting validation...
2026-04-27 17:23:24,659 - INFO - 
================================================================================
2026-04-27 17:23:24,659 - INFO - STARTING COMPREHENSIVE POP-UP VALIDATION
2026-04-27 17:23:24,659 - INFO - ================================================================================
2026-04-27 17:23:24,690 - INFO - 
[VALIDATION 1] Checking Pop-up Visibility...
2026-04-27 17:23:24,709 - INFO -   Visibility Status: True
2026-04-27 17:23:24,709 - INFO -   PASSED: Pop-up is visible
2026-04-27 17:23:24,709 - INFO - 
[VALIDATION 2] Extracting and Validating Text Content...
2026-04-27 17:23:24,739 - INFO -   Extracted Text: 'Login Successful'
2026-04-27 17:23:24,739 - INFO -   PASSED: Text matches exactly: 'Login Successful'
2026-04-27 17:23:24,739 - INFO - 
[VALIDATION 3] Checking for Typos...
2026-04-27 17:23:24,739 - INFO -   PASSED: No known typos detected
2026-04-27 17:23:24,739 - INFO - 
[VALIDATION 4] Extracting CSS Classes and Attributes...
2026-04-27 17:23:24,772 - INFO -   CSS Classes: snackbar success-snackbar
2026-04-27 17:23:24,773 - INFO -   PASSED: 'success' class is present
2026-04-27 17:23:24,773 - INFO - 
[VALIDATION 5] Checking Element Properties...
2026-04-27 17:23:24,873 - INFO -   ID: Not set
2026-04-27 17:23:24,873 - INFO -   Data-TestID: Not set
2026-04-27 17:23:24,873 - INFO -   Role: Not set
2026-04-27 17:23:24,873 - INFO -   ARIA Label: Not set
2026-04-27 17:23:24,873 - INFO - 
[VALIDATION 6] Checking Position and Size...
2026-04-27 17:23:24,907 - INFO -   X: 1230, Y: 20
2026-04-27 17:23:24,907 - INFO -   Width: 250, Height: 43.5
2026-04-27 17:23:24,907 - INFO -   PASSED: Element has valid dimensions
2026-04-27 17:23:24,907 - INFO - 
[VALIDATION 7] Checking Computed Styles...
2026-04-27 17:23:24,956 - INFO -   Display: block
2026-04-27 17:23:24,956 - INFO -   Opacity: 1
2026-04-27 17:23:24,956 - INFO -   PASSED: Element is displayed with proper opacity
2026-04-27 17:23:24,956 - INFO - 
================================================================================
2026-04-27 17:23:24,956 - INFO - POP-UP VALIDATION SUMMARY
2026-04-27 17:23:24,956 - INFO - ================================================================================
2026-04-27 17:23:24,956 - INFO -   Visibility: PASSED
2026-04-27 17:23:24,956 - INFO -   Text Match: PASSED
2026-04-27 17:23:24,956 - INFO -   Typo Check: PASSED
2026-04-27 17:23:24,956 - INFO -   CSS Classes: Present
2026-04-27 17:23:24,956 - INFO -   Position & Size: Valid
2026-04-27 17:23:24,956 - INFO -   Computed Styles: Valid
2026-04-27 17:23:24,956 - INFO - ================================================================================

2026-04-27 17:23:24,956 - INFO - ✓ ALL VALIDATIONS PASSED - Pop-up is working correctly!
2026-04-27 17:23:25,453 - INFO - Screenshot captured: reports\RUN_20260427_172314\screenshots\03_Popup_Immediate_2_172325.png
2026-04-27 17:23:25,456 - INFO - Screenshot 2 captured - Attempting validation...
2026-04-27 17:23:25,457 - INFO - 
================================================================================
2026-04-27 17:23:25,458 - INFO - STARTING COMPREHENSIVE POP-UP VALIDATION
2026-04-27 17:23:25,458 - INFO - ================================================================================
2026-04-27 17:23:25,488 - ERROR - VALIDATION FAILED: Pop-up element not found!
2026-04-27 17:23:26,897 - INFO - Screenshot captured: reports\RUN_20260427_172314\screenshots\03_Popup_Immediate_3_172325.png
2026-04-27 17:23:26,899 - INFO - Screenshot 3 captured - Attempting validation...
2026-04-27 17:23:26,900 - INFO - 
================================================================================
2026-04-27 17:23:26,900 - INFO - STARTING COMPREHENSIVE POP-UP VALIDATION
2026-04-27 17:23:26,901 - INFO - ================================================================================
2026-04-27 17:23:26,944 - ERROR - VALIDATION FAILED: Pop-up element not found!
2026-04-27 17:23:27,078 - INFO - Logging DOM elements AFTER login click (pop-up should appear here)...
2026-04-27 17:23:27,078 - INFO - 
================================================================================
2026-04-27 17:23:27,078 - INFO - DOM SNAPSHOT AT STAGE: After_Login_Click
2026-04-27 17:23:27,078 - INFO - ================================================================================
2026-04-27 17:23:27,114 - INFO - 
Searching for pop-up elements in page content...
2026-04-27 17:23:27,456 - WARNING - ⚠ No known pop-up selectors found. Checking all visible divs...
2026-04-27 17:23:27,519 - INFO - Total DIV elements on page: 29
2026-04-27 17:23:27,781 - INFO -   Visible DIV 1: class='header-right' id='no-id' text='English
French
Spanish
Quantum Toll Authority
supe'
2026-04-27 17:23:27,913 - INFO -   Visible DIV 2: class='nav-user' id='no-id' text='Quantum Toll Authority
superadmin_qm@yopmail.com'
2026-04-27 17:23:28,099 - INFO -   Visible DIV 3: class='nav-user-info' id='no-id' text='Quantum Toll Authority
superadmin_qm@yopmail.com'
2026-04-27 17:23:28,223 - INFO -   Visible DIV 4: class='uname' id='no-id' text='Quantum Toll Authority'
2026-04-27 17:23:28,351 - INFO -   Visible DIV 5: class='urole' id='no-id' text='superadmin_qm@yopmail.com'
2026-04-27 17:23:28,480 - INFO -   Visible DIV 6: class='main-container' id='no-id' text='dashboard_2
group
decimal_increase
admin_panel_set'
2026-04-27 17:23:28,617 - INFO -   Visible DIV 7: class='inner' id='no-id' text='dashboard_2'
2026-04-27 17:23:28,745 - INFO -   Visible DIV 8: class='inner' id='no-id' text='group'
2026-04-27 17:23:28,914 - INFO -   Visible DIV 9: class='inner' id='no-id' text='decimal_increase'
2026-04-27 17:23:29,068 - INFO -   Visible DIV 10: class='inner' id='no-id' text='admin_panel_settings'
2026-04-27 17:23:29,250 - INFO -   Visible DIV 11: class='inner' id='no-id' text='nest_doorbell_visitor'
2026-04-27 17:23:29,413 - INFO -   Visible DIV 12: class='inner' id='no-id' text='key_visualizer'
2026-04-27 17:23:29,444 - INFO - 
================================================================================

2026-04-27 17:23:29,769 - INFO - Screenshot captured: reports\RUN_20260427_172314\screenshots\02_Just_After_Login_Click_172329.png
2026-04-27 17:23:29,770 - INFO - Waiting for dashboard URL...
2026-04-27 17:23:29,771 - INFO - 
================================================================================
2026-04-27 17:23:29,771 - INFO - DOM SNAPSHOT AT STAGE: Before_Dashboard_Navigation
2026-04-27 17:23:29,772 - INFO - ================================================================================
2026-04-27 17:23:29,816 - INFO - 
Searching for pop-up elements in page content...
2026-04-27 17:23:30,153 - WARNING - ⚠ No known pop-up selectors found. Checking all visible divs...
2026-04-27 17:23:30,207 - INFO - Total DIV elements on page: 29
2026-04-27 17:23:30,411 - INFO -   Visible DIV 1: class='header-right' id='no-id' text='English
French
Spanish
Quantum Toll Authority
supe'
2026-04-27 17:23:30,508 - INFO -   Visible DIV 2: class='nav-user' id='no-id' text='Quantum Toll Authority
superadmin_qm@yopmail.com'
2026-04-27 17:23:30,663 - INFO -   Visible DIV 3: class='nav-user-info' id='no-id' text='Quantum Toll Authority
superadmin_qm@yopmail.com'
2026-04-27 17:23:30,759 - INFO -   Visible DIV 4: class='uname' id='no-id' text='Quantum Toll Authority'
2026-04-27 17:23:30,905 - INFO -   Visible DIV 5: class='urole' id='no-id' text='superadmin_qm@yopmail.com'
2026-04-27 17:23:31,024 - INFO -   Visible DIV 6: class='main-container' id='no-id' text='dashboard_2
group
decimal_increase
admin_panel_set'
2026-04-27 17:23:31,134 - INFO -   Visible DIV 7: class='inner' id='no-id' text='dashboard_2'
2026-04-27 17:23:31,233 - INFO -   Visible DIV 8: class='inner' id='no-id' text='group'
2026-04-27 17:23:31,370 - INFO -   Visible DIV 9: class='inner' id='no-id' text='decimal_increase'
2026-04-27 17:23:31,499 - INFO -   Visible DIV 10: class='inner' id='no-id' text='admin_panel_settings'
2026-04-27 17:23:31,628 - INFO -   Visible DIV 11: class='inner' id='no-id' text='nest_doorbell_visitor'
2026-04-27 17:23:31,751 - INFO -   Visible DIV 12: class='inner' id='no-id' text='key_visualizer'
2026-04-27 17:23:31,770 - INFO - 
================================================================================

2026-04-27 17:23:31,786 - INFO - Login SUCCESS: Dashboard URL reached.
2026-04-27 17:23:32,314 - INFO - 
================================================================================
2026-04-27 17:23:32,316 - INFO - DOM SNAPSHOT AT STAGE: After_Dashboard_Loaded
2026-04-27 17:23:32,316 - INFO - ================================================================================
2026-04-27 17:23:32,348 - INFO - 
Searching for pop-up elements in page content...
2026-04-27 17:23:32,793 - WARNING - ⚠ No known pop-up selectors found. Checking all visible divs...
2026-04-27 17:23:32,865 - INFO - Total DIV elements on page: 29
2026-04-27 17:23:33,158 - INFO -   Visible DIV 1: class='header-right' id='no-id' text='English
French
Spanish
Quantum Toll Authority
supe'
2026-04-27 17:23:33,335 - INFO -   Visible DIV 2: class='nav-user' id='no-id' text='Quantum Toll Authority
superadmin_qm@yopmail.com'
2026-04-27 17:23:33,554 - INFO -   Visible DIV 3: class='nav-user-info' id='no-id' text='Quantum Toll Authority
superadmin_qm@yopmail.com'
2026-04-27 17:23:33,679 - INFO -   Visible DIV 4: class='uname' id='no-id' text='Quantum Toll Authority'
2026-04-27 17:23:33,802 - INFO -   Visible DIV 5: class='urole' id='no-id' text='superadmin_qm@yopmail.com'
2026-04-27 17:23:33,943 - INFO -   Visible DIV 6: class='main-container' id='no-id' text='dashboard_2
group
decimal_increase
admin_panel_set'
2026-04-27 17:23:34,092 - INFO -   Visible DIV 7: class='inner' id='no-id' text='dashboard_2'
2026-04-27 17:23:34,244 - INFO -   Visible DIV 8: class='inner' id='no-id' text='group'
2026-04-27 17:23:34,388 - INFO -   Visible DIV 9: class='inner' id='no-id' text='decimal_increase'
2026-04-27 17:23:34,510 - INFO -   Visible DIV 10: class='inner' id='no-id' text='admin_panel_settings'
2026-04-27 17:23:34,650 - INFO -   Visible DIV 11: class='inner' id='no-id' text='nest_doorbell_visitor'
2026-04-27 17:23:34,810 - INFO -   Visible DIV 12: class='inner' id='no-id' text='key_visualizer'
2026-04-27 17:23:34,840 - INFO - 
================================================================================

2026-04-27 17:23:34,840 - INFO - Checking for dashboard header 'Welcome to QM Toll portal!'...
2026-04-27 17:23:34,935 - INFO - ✅ Dashboard header found with selector: h4:has-text("Welcome to QM Toll portal!")
2026-04-27 17:23:34,935 - INFO -    Header text: 'Welcome to QM Toll portal!'
2026-04-27 17:23:34,935 - INFO - ✅ DASHBOARD VALIDATION PASSED: 'Welcome to QM Toll portal!' header found
2026-04-27 17:23:35,177 - INFO - Screenshot captured: reports\RUN_20260427_172314\screenshots\01_Login_Success_Dashboard_172334.png
2026-04-27 17:23:35,682 - INFO - Step 1: Navigating and Starting Onboarding...
2026-04-27 17:23:35,682 - INFO - Executing Sidebar Navigation Sequence...
2026-04-27 17:23:38,833 - INFO - Filling Step 1: Account Details...
2026-04-27 17:23:42,410 - INFO - Filled First Name: Hiran
2026-04-27 17:23:43,600 - INFO - Filled Middle Name: QA Team
2026-04-27 17:23:44,806 - INFO - Filled Last Name: Kaur
2026-04-27 17:23:45,985 - INFO - Checked: Use Same for Billing
2026-04-27 17:23:47,148 - INFO - Checked: Use Same for Shipping
2026-04-27 17:23:48,336 - INFO - Checked: Primary Address
2026-04-27 17:23:52,177 - INFO - Filled Address: 123 Automation Blvd
2026-04-27 17:23:53,380 - INFO - Filled Zip Code: 12345
2026-04-27 17:23:55,097 - INFO - Filled Phone: 7075485804
2026-04-27 17:23:56,275 - INFO - Filled Email: hiran.kaur17@testmail.com
2026-04-27 17:23:57,472 - INFO - Filled Confirm Email: hiran.kaur17@testmail.com
2026-04-27 17:23:57,472 - INFO - Clicking Save & Next...
2026-04-27 17:23:57,487 - INFO - Chatbot elements hidden via CSS injection.
2026-04-27 17:23:59,377 - INFO - Step 1 Submitted.
2026-04-27 17:23:59,377 - INFO - Adding 1 Vehicle(s)...
2026-04-27 17:23:59,968 - INFO - Step 2 loaded successfully.
2026-04-27 17:24:00,009 - INFO - Chatbot elements hidden via CSS injection.
2026-04-27 17:24:01,356 - INFO - Filled Plate 1: QA9798GP
2026-04-27 17:24:05,892 - INFO - Filled Plate Start Date: 2026-04-27
2026-04-27 17:24:17,274 - INFO - Clicking 'Add' button for Vehicle 1...
2026-04-27 17:24:17,295 - INFO - Chatbot elements hidden via CSS injection.
2026-04-27 17:24:20,074 - INFO - Vehicle 1 addition triggered.
2026-04-27 17:24:21,107 - INFO - Chatbot elements hidden via CSS injection.
2026-04-27 17:24:22,374 - INFO - Captured Permanent Account Number: 2000006010
2026-04-27 17:24:22,376 - INFO - Account 2000006010 saved to SharedData.
2026-04-27 17:24:22,377 - INFO - Starting Step 3: Payment Information...
2026-04-27 17:24:22,391 - INFO - Chatbot elements hidden via CSS injection.
2026-04-27 17:24:26,778 - INFO - Filled Cardholder Name: xSvVotssIHbYrJIIXyOptgdwBexhpWbclnvSMbRfAEZr
2026-04-27 17:24:28,528 - INFO - Filled Card Number: 8921752069303948
2026-04-27 17:24:30,147 - INFO - Filled Expiry Date: 04/28
2026-04-27 17:24:31,733 - INFO - Filled CVV: 067
2026-04-27 17:24:34,127 - INFO - Clicking 'Preview and Pay'...
2026-04-27 17:24:34,144 - INFO - Chatbot elements hidden via CSS injection.
2026-04-27 17:24:34,875 - INFO - Waiting for Payment Summary card...
2026-04-27 17:24:36,415 - INFO - ✅ Step 3 (Payment & Summary) complete.
2026-04-27 17:24:36,417 - INFO - Starting Final Confirmation Modal...
2026-04-27 17:24:36,628 - INFO - Clicking the final 'Pay' button inside the Confirmation Modal...
2026-04-27 17:24:39,578 - INFO - ✅ Account onboarding completed successfully.
2026-04-27 17:24:39,582 - INFO - Finalizing process: Clicking 'Account Summary' button...
2026-04-27 17:24:40,563 - INFO - ✅ Navigating to Account Summary page.
2026-04-27 17:24:40,564 - INFO - Step 2: Creating case for account: 2000006010
2026-04-27 17:24:40,566 - INFO - Navigating to Case Management...
2026-04-27 17:24:52,514 - ERROR - Failed to navigate to Cases: Timeout 10000ms exceeded.
2026-04-27 17:27:02,790 - INFO - Navigating to Login Page: http://operator-qa.qmaastech.com/
2026-04-27 17:27:02,795 - INFO - Navigating to: http://operator-qa.qmaastech.com/
2026-04-27 17:27:05,548 - INFO - Attempting login for user: superadmin_qm@yopmail.com
2026-04-27 17:27:07,280 - INFO - Logging DOM elements BEFORE login click...
2026-04-27 17:27:07,280 - INFO - 
================================================================================
2026-04-27 17:27:07,280 - INFO - DOM SNAPSHOT AT STAGE: Before_Login
2026-04-27 17:27:07,280 - INFO - ================================================================================
2026-04-27 17:27:07,319 - INFO - 
Searching for pop-up elements in page content...
2026-04-27 17:27:07,622 - WARNING - ⚠ No known pop-up selectors found. Checking all visible divs...
2026-04-27 17:27:07,666 - INFO - Total DIV elements on page: 21
2026-04-27 17:27:08,312 - INFO -   Visible DIV 1: class='hero-pills' id='no-id' text='bolt
Real-time
smart_toy
AI-driven
hub
Multi-agenc'
2026-04-27 17:27:08,480 - INFO -   Visible DIV 2: class='auth-panel' id='no-id' text='Welcome Back

Sign in to your account to continue
'
2026-04-27 17:27:08,584 - INFO -   Visible DIV 3: class='auth-card' id='no-id' text='Welcome Back

Sign in to your account to continue
'
2026-04-27 17:27:08,713 - INFO -   Visible DIV 4: class='auth-step' id='no-id' text='Welcome Back

Sign in to your account to continue
'
2026-04-27 17:27:08,864 - INFO -   Visible DIV 5: class='field-wrap' id='no-id' text='Email ID / Username *
person'
2026-04-27 17:27:08,951 - INFO -   Visible DIV 6: class='input-shell' id='no-id' text='person'
2026-04-27 17:27:09,051 - INFO -   Visible DIV 7: class='field-wrap' id='no-id' text='Password *
lock
visibility_off'
2026-04-27 17:27:09,148 - INFO -   Visible DIV 8: class='input-shell' id='no-id' text='lock
visibility_off'
2026-04-27 17:27:09,252 - INFO -   Visible DIV 9: class='auth-bottom-links' id='no-id' text='New user?  Access Account

Forgot password?'
2026-04-27 17:27:09,297 - INFO - 
================================================================================

2026-04-27 17:27:09,907 - INFO - Login button clicked.
2026-04-27 17:27:09,909 - INFO - Taking rapid screenshots and validating pop-up...
2026-04-27 17:27:10,597 - INFO - Screenshot captured: reports\RUN_20260427_172659\screenshots\03_Popup_Immediate_1_172709.png
2026-04-27 17:27:10,599 - INFO - Screenshot 1 captured - Attempting validation...
2026-04-27 17:27:10,601 - INFO - 
================================================================================
2026-04-27 17:27:10,604 - INFO - STARTING COMPREHENSIVE POP-UP VALIDATION
2026-04-27 17:27:10,606 - INFO - ================================================================================
2026-04-27 17:27:10,651 - INFO - 
[VALIDATION 1] Checking Pop-up Visibility...
2026-04-27 17:27:10,684 - INFO -   Visibility Status: True
2026-04-27 17:27:10,684 - INFO -   PASSED: Pop-up is visible
2026-04-27 17:27:10,684 - INFO - 
[VALIDATION 2] Extracting and Validating Text Content...
2026-04-27 17:27:10,710 - INFO -   Extracted Text: 'Login Successful'
2026-04-27 17:27:10,712 - INFO -   PASSED: Text matches exactly: 'Login Successful'
2026-04-27 17:27:10,712 - INFO - 
[VALIDATION 3] Checking for Typos...
2026-04-27 17:27:10,714 - INFO -   PASSED: No known typos detected
2026-04-27 17:27:10,714 - INFO - 
[VALIDATION 4] Extracting CSS Classes and Attributes...
2026-04-27 17:27:10,729 - INFO -   CSS Classes: snackbar success-snackbar
2026-04-27 17:27:10,729 - INFO -   PASSED: 'success' class is present
2026-04-27 17:27:10,729 - INFO - 
[VALIDATION 5] Checking Element Properties...
2026-04-27 17:27:11,028 - INFO -   ID: Not set
2026-04-27 17:27:11,032 - INFO -   Data-TestID: Not set
2026-04-27 17:27:11,032 - INFO -   Role: Not set
2026-04-27 17:27:11,032 - INFO -   ARIA Label: Not set
2026-04-27 17:27:11,032 - INFO - 
[VALIDATION 6] Checking Position and Size...
2026-04-27 17:27:11,066 - WARNING -   WARNING: Could not get bounding box
2026-04-27 17:27:11,066 - INFO - 
[VALIDATION 7] Checking Computed Styles...
2026-04-27 17:27:11,103 - ERROR - Validation error: TypeError: Failed to execute 'getComputedStyle' on 'Window': parameter 1 is not of type 'Element'.
    at eval (eval at evaluate (:226:30), <anonymous>:1:8)
    at eval (<anonymous>)
    at UtilityScript.evaluate (<anonymous>:226:30)
    at UtilityScript.<anonymous> (<anonymous>:1:44)
2026-04-27 17:27:11,105 - WARNING -   WARNING: Could not check computed styles - element may have disappeared
2026-04-27 17:27:11,105 - INFO - 
================================================================================
2026-04-27 17:27:11,105 - INFO - POP-UP VALIDATION SUMMARY
2026-04-27 17:27:11,106 - INFO - ================================================================================
2026-04-27 17:27:11,106 - INFO -   Visibility: PASSED
2026-04-27 17:27:11,107 - INFO -   Text Match: PASSED
2026-04-27 17:27:11,107 - INFO -   Typo Check: PASSED
2026-04-27 17:27:11,108 - INFO -   CSS Classes: Present
2026-04-27 17:27:11,108 - INFO -   Position & Size: Valid
2026-04-27 17:27:11,108 - INFO -   Computed Styles: Valid
2026-04-27 17:27:11,109 - INFO - ================================================================================

2026-04-27 17:27:11,109 - INFO - ✓ ALL VALIDATIONS PASSED - Pop-up is working correctly!
2026-04-27 17:27:13,120 - INFO - Screenshot captured: reports\RUN_20260427_172659\screenshots\03_Popup_Immediate_2_172711.png
2026-04-27 17:27:13,121 - INFO - Screenshot 2 captured - Attempting validation...
2026-04-27 17:27:13,122 - INFO - 
================================================================================
2026-04-27 17:27:13,123 - INFO - STARTING COMPREHENSIVE POP-UP VALIDATION
2026-04-27 17:27:13,124 - INFO - ================================================================================
2026-04-27 17:27:13,164 - ERROR - VALIDATION FAILED: Pop-up element not found!
2026-04-27 17:27:13,886 - INFO - Screenshot captured: reports\RUN_20260427_172659\screenshots\03_Popup_Immediate_3_172713.png
2026-04-27 17:27:13,886 - INFO - Screenshot 3 captured - Attempting validation...
2026-04-27 17:27:13,886 - INFO - 
================================================================================
2026-04-27 17:27:13,886 - INFO - STARTING COMPREHENSIVE POP-UP VALIDATION
2026-04-27 17:27:13,894 - INFO - ================================================================================
2026-04-27 17:27:13,937 - ERROR - VALIDATION FAILED: Pop-up element not found!
2026-04-27 17:27:14,075 - INFO - Logging DOM elements AFTER login click (pop-up should appear here)...
2026-04-27 17:27:14,078 - INFO - 
================================================================================
2026-04-27 17:27:14,080 - INFO - DOM SNAPSHOT AT STAGE: After_Login_Click
2026-04-27 17:27:14,082 - INFO - ================================================================================
2026-04-27 17:27:14,121 - INFO - 
Searching for pop-up elements in page content...
2026-04-27 17:27:14,565 - WARNING - ⚠ No known pop-up selectors found. Checking all visible divs...
2026-04-27 17:27:14,638 - INFO - Total DIV elements on page: 29
2026-04-27 17:27:14,905 - INFO -   Visible DIV 1: class='header-right' id='no-id' text='English
French
Spanish
Quantum Toll Authority
supe'
2026-04-27 17:27:15,041 - INFO -   Visible DIV 2: class='nav-user' id='no-id' text='Quantum Toll Authority
superadmin_qm@yopmail.com'
2026-04-27 17:27:15,235 - INFO -   Visible DIV 3: class='nav-user-info' id='no-id' text='Quantum Toll Authority
superadmin_qm@yopmail.com'
2026-04-27 17:27:15,352 - INFO -   Visible DIV 4: class='uname' id='no-id' text='Quantum Toll Authority'
2026-04-27 17:27:15,469 - INFO -   Visible DIV 5: class='urole' id='no-id' text='superadmin_qm@yopmail.com'
2026-04-27 17:27:15,590 - INFO -   Visible DIV 6: class='main-container' id='no-id' text='dashboard_2
group
decimal_increase
admin_panel_set'
2026-04-27 17:27:15,756 - INFO -   Visible DIV 7: class='inner' id='no-id' text='dashboard_2'
2026-04-27 17:27:15,886 - INFO -   Visible DIV 8: class='inner' id='no-id' text='group'
2026-04-27 17:27:16,036 - INFO -   Visible DIV 9: class='inner' id='no-id' text='decimal_increase'
2026-04-27 17:27:16,185 - INFO -   Visible DIV 10: class='inner' id='no-id' text='admin_panel_settings'
2026-04-27 17:27:16,348 - INFO -   Visible DIV 11: class='inner' id='no-id' text='nest_doorbell_visitor'
2026-04-27 17:27:16,499 - INFO -   Visible DIV 12: class='inner' id='no-id' text='key_visualizer'
2026-04-27 17:27:16,525 - INFO - 
================================================================================

2026-04-27 17:27:16,748 - INFO - Screenshot captured: reports\RUN_20260427_172659\screenshots\02_Just_After_Login_Click_172716.png
2026-04-27 17:27:16,749 - INFO - Waiting for dashboard URL...
2026-04-27 17:27:16,750 - INFO - 
================================================================================
2026-04-27 17:27:16,751 - INFO - DOM SNAPSHOT AT STAGE: Before_Dashboard_Navigation
2026-04-27 17:27:16,751 - INFO - ================================================================================
2026-04-27 17:27:16,783 - INFO - 
Searching for pop-up elements in page content...
2026-04-27 17:27:17,044 - WARNING - ⚠ No known pop-up selectors found. Checking all visible divs...
2026-04-27 17:27:17,097 - INFO - Total DIV elements on page: 29
2026-04-27 17:27:17,270 - INFO -   Visible DIV 1: class='header-right' id='no-id' text='English
French
Spanish
Quantum Toll Authority
supe'
2026-04-27 17:27:17,369 - INFO -   Visible DIV 2: class='nav-user' id='no-id' text='Quantum Toll Authority
superadmin_qm@yopmail.com'
2026-04-27 17:27:17,505 - INFO -   Visible DIV 3: class='nav-user-info' id='no-id' text='Quantum Toll Authority
superadmin_qm@yopmail.com'
2026-04-27 17:27:17,600 - INFO -   Visible DIV 4: class='uname' id='no-id' text='Quantum Toll Authority'
2026-04-27 17:27:17,697 - INFO -   Visible DIV 5: class='urole' id='no-id' text='superadmin_qm@yopmail.com'
2026-04-27 17:27:17,813 - INFO -   Visible DIV 6: class='main-container' id='no-id' text='dashboard_2
group
decimal_increase
admin_panel_set'
2026-04-27 17:27:17,896 - INFO -   Visible DIV 7: class='inner' id='no-id' text='dashboard_2'
2026-04-27 17:27:18,001 - INFO -   Visible DIV 8: class='inner' id='no-id' text='group'
2026-04-27 17:27:18,134 - INFO -   Visible DIV 9: class='inner' id='no-id' text='decimal_increase'
2026-04-27 17:27:18,306 - INFO -   Visible DIV 10: class='inner' id='no-id' text='admin_panel_settings'
2026-04-27 17:27:18,483 - INFO -   Visible DIV 11: class='inner' id='no-id' text='nest_doorbell_visitor'
2026-04-27 17:27:18,647 - INFO -   Visible DIV 12: class='inner' id='no-id' text='key_visualizer'
2026-04-27 17:27:18,679 - INFO - 
================================================================================

2026-04-27 17:27:18,720 - INFO - Login SUCCESS: Dashboard URL reached.
2026-04-27 17:27:19,264 - INFO - 
================================================================================
2026-04-27 17:27:19,266 - INFO - DOM SNAPSHOT AT STAGE: After_Dashboard_Loaded
2026-04-27 17:27:19,266 - INFO - ================================================================================
2026-04-27 17:27:19,298 - INFO - 
Searching for pop-up elements in page content...
2026-04-27 17:27:19,615 - WARNING - ⚠ No known pop-up selectors found. Checking all visible divs...
2026-04-27 17:27:19,680 - INFO - Total DIV elements on page: 29
2026-04-27 17:27:19,884 - INFO -   Visible DIV 1: class='header-right' id='no-id' text='English
French
Spanish
Quantum Toll Authority
supe'
2026-04-27 17:27:19,981 - INFO -   Visible DIV 2: class='nav-user' id='no-id' text='Quantum Toll Authority
superadmin_qm@yopmail.com'
2026-04-27 17:27:20,146 - INFO -   Visible DIV 3: class='nav-user-info' id='no-id' text='Quantum Toll Authority
superadmin_qm@yopmail.com'
2026-04-27 17:27:20,232 - INFO -   Visible DIV 4: class='uname' id='no-id' text='Quantum Toll Authority'
2026-04-27 17:27:20,325 - INFO -   Visible DIV 5: class='urole' id='no-id' text='superadmin_qm@yopmail.com'
2026-04-27 17:27:20,433 - INFO -   Visible DIV 6: class='main-container' id='no-id' text='dashboard_2
group
decimal_increase
admin_panel_set'
2026-04-27 17:27:20,514 - INFO -   Visible DIV 7: class='inner' id='no-id' text='dashboard_2'
2026-04-27 17:27:20,614 - INFO -   Visible DIV 8: class='inner' id='no-id' text='group'
2026-04-27 17:27:20,728 - INFO -   Visible DIV 9: class='inner' id='no-id' text='decimal_increase'
2026-04-27 17:27:20,848 - INFO -   Visible DIV 10: class='inner' id='no-id' text='admin_panel_settings'
2026-04-27 17:27:20,980 - INFO -   Visible DIV 11: class='inner' id='no-id' text='nest_doorbell_visitor'
2026-04-27 17:27:21,100 - INFO -   Visible DIV 12: class='inner' id='no-id' text='key_visualizer'
2026-04-27 17:27:21,113 - INFO - 
================================================================================

2026-04-27 17:27:21,113 - INFO - Checking for dashboard header 'Welcome to QM Toll portal!'...
2026-04-27 17:27:21,197 - INFO - ✅ Dashboard header found with selector: h4:has-text("Welcome to QM Toll portal!")
2026-04-27 17:27:21,197 - INFO -    Header text: 'Welcome to QM Toll portal!'
2026-04-27 17:27:21,197 - INFO - ✅ DASHBOARD VALIDATION PASSED: 'Welcome to QM Toll portal!' header found
2026-04-27 17:27:21,415 - INFO - Screenshot captured: reports\RUN_20260427_172659\screenshots\01_Login_Success_Dashboard_172721.png
2026-04-27 17:27:21,830 - INFO - Step 1: Navigating and Starting Onboarding...
2026-04-27 17:27:21,830 - INFO - Executing Sidebar Navigation Sequence...
2026-04-27 17:27:24,916 - INFO - Filling Step 1: Account Details...
2026-04-27 17:27:28,695 - INFO - Filled First Name: Tara
2026-04-27 17:27:29,911 - INFO - Filled Middle Name: QA Team
2026-04-27 17:27:31,091 - INFO - Filled Last Name: Tailor
2026-04-27 17:27:32,268 - INFO - Checked: Use Same for Billing
2026-04-27 17:27:33,422 - INFO - Checked: Use Same for Shipping
2026-04-27 17:27:34,604 - INFO - Checked: Primary Address
2026-04-27 17:27:38,471 - INFO - Filled Address: 123 Automation Blvd
2026-04-27 17:27:39,699 - INFO - Filled Zip Code: 12345
2026-04-27 17:27:41,434 - INFO - Filled Phone: 9235007150
2026-04-27 17:27:42,635 - INFO - Filled Email: tara.tailor90@testmail.com
2026-04-27 17:27:43,848 - INFO - Filled Confirm Email: tara.tailor90@testmail.com
2026-04-27 17:27:43,849 - INFO - Clicking Save & Next...
2026-04-27 17:27:43,864 - INFO - Chatbot elements hidden via CSS injection.
2026-04-27 17:27:45,839 - INFO - Step 1 Submitted.
2026-04-27 17:27:45,839 - INFO - Adding 1 Vehicle(s)...
2026-04-27 17:27:46,390 - INFO - Step 2 loaded successfully.
2026-04-27 17:27:46,427 - INFO - Chatbot elements hidden via CSS injection.
2026-04-27 17:27:47,744 - INFO - Filled Plate 1: QA3454GP
2026-04-27 17:27:52,376 - INFO - Filled Plate Start Date: 2026-04-27
2026-04-27 17:28:03,825 - INFO - Clicking 'Add' button for Vehicle 1...
2026-04-27 17:28:03,865 - INFO - Chatbot elements hidden via CSS injection.
2026-04-27 17:28:06,671 - INFO - Vehicle 1 addition triggered.
2026-04-27 17:28:07,734 - INFO - Chatbot elements hidden via CSS injection.
2026-04-27 17:28:09,443 - INFO - Captured Permanent Account Number: 2000006011
2026-04-27 17:28:09,445 - INFO - Account 2000006011 saved to SharedData.
2026-04-27 17:28:09,447 - INFO - Starting Step 3: Payment Information...
2026-04-27 17:28:09,469 - INFO - Chatbot elements hidden via CSS injection.
2026-04-27 17:28:14,027 - INFO - Filled Cardholder Name: upsKkRRKLSfTaCYkKPAODTpEHccuSVQUtxPuLRStLNyUS
2026-04-27 17:28:15,708 - INFO - Filled Card Number: 1949218534846397
2026-04-27 17:28:17,363 - INFO - Filled Expiry Date: 04/28
2026-04-27 17:28:18,979 - INFO - Filled CVV: 296
2026-04-27 17:28:21,401 - INFO - Clicking 'Preview and Pay'...
2026-04-27 17:28:21,424 - INFO - Chatbot elements hidden via CSS injection.
2026-04-27 17:28:22,190 - INFO - Waiting for Payment Summary card...
2026-04-27 17:28:23,722 - INFO - ✅ Step 3 (Payment & Summary) complete.
2026-04-27 17:28:23,722 - INFO - Starting Final Confirmation Modal...
2026-04-27 17:28:23,885 - INFO - Clicking the final 'Pay' button inside the Confirmation Modal...
2026-04-27 17:28:26,775 - INFO - ✅ Account onboarding completed successfully.
2026-04-27 17:28:26,780 - INFO - Finalizing process: Clicking 'Account Summary' button...
2026-04-27 17:28:27,773 - INFO - ✅ Navigating to Account Summary page.
2026-04-27 17:28:27,776 - INFO - Step 2: Creating case for account: 2000006011
2026-04-27 17:28:27,777 - INFO - Navigating to Case Management...
2026-04-27 17:28:39,667 - ERROR - Failed to navigate to Cases: Timeout 10000ms exceeded.
2026-04-27 17:35:55,428 - INFO - Navigating to Login Page: http://operator-qa.qmaastech.com/
2026-04-27 17:35:55,431 - INFO - Navigating to: http://operator-qa.qmaastech.com/
2026-04-27 17:35:58,752 - INFO - Attempting login for user: superadmin_qm@yopmail.com
2026-04-27 17:36:00,533 - INFO - Logging DOM elements BEFORE login click...
2026-04-27 17:36:00,533 - INFO - 
================================================================================
2026-04-27 17:36:00,533 - INFO - DOM SNAPSHOT AT STAGE: Before_Login
2026-04-27 17:36:00,533 - INFO - ================================================================================
2026-04-27 17:36:00,565 - INFO - 
Searching for pop-up elements in page content...
2026-04-27 17:36:00,856 - WARNING - ⚠ No known pop-up selectors found. Checking all visible divs...
2026-04-27 17:36:00,895 - INFO - Total DIV elements on page: 21
2026-04-27 17:36:01,416 - INFO -   Visible DIV 1: class='hero-pills' id='no-id' text='bolt
Real-time
smart_toy
AI-driven
hub
Multi-agenc'
2026-04-27 17:36:01,601 - INFO -   Visible DIV 2: class='auth-panel' id='no-id' text='Welcome Back

Sign in to your account to continue
'
2026-04-27 17:36:01,708 - INFO -   Visible DIV 3: class='auth-card' id='no-id' text='Welcome Back

Sign in to your account to continue
'
2026-04-27 17:36:01,839 - INFO -   Visible DIV 4: class='auth-step' id='no-id' text='Welcome Back

Sign in to your account to continue
'
2026-04-27 17:36:01,997 - INFO -   Visible DIV 5: class='field-wrap' id='no-id' text='Email ID / Username *
person'
2026-04-27 17:36:02,112 - INFO -   Visible DIV 6: class='input-shell' id='no-id' text='person'
2026-04-27 17:36:02,215 - INFO -   Visible DIV 7: class='field-wrap' id='no-id' text='Password *
lock
visibility_off'
2026-04-27 17:36:02,310 - INFO -   Visible DIV 8: class='input-shell' id='no-id' text='lock
visibility_off'
2026-04-27 17:36:02,426 - INFO -   Visible DIV 9: class='auth-bottom-links' id='no-id' text='New user?  Access Account

Forgot password?'
2026-04-27 17:36:02,497 - INFO - 
================================================================================

2026-04-27 17:36:03,157 - INFO - Login button clicked.
2026-04-27 17:36:03,161 - INFO - Taking rapid screenshots and validating pop-up...
2026-04-27 17:36:03,848 - INFO - Screenshot captured: reports\RUN_20260427_173552\screenshots\03_Popup_Immediate_1_173603.png
2026-04-27 17:36:03,851 - INFO - Screenshot 1 captured - Attempting validation...
2026-04-27 17:36:03,853 - INFO - 
================================================================================
2026-04-27 17:36:03,853 - INFO - STARTING COMPREHENSIVE POP-UP VALIDATION
2026-04-27 17:36:03,853 - INFO - ================================================================================
2026-04-27 17:36:03,894 - INFO - 
[VALIDATION 1] Checking Pop-up Visibility...
2026-04-27 17:36:03,929 - INFO -   Visibility Status: True
2026-04-27 17:36:03,931 - INFO -   PASSED: Pop-up is visible
2026-04-27 17:36:03,931 - INFO - 
[VALIDATION 2] Extracting and Validating Text Content...
2026-04-27 17:36:03,961 - INFO -   Extracted Text: 'Login Successful'
2026-04-27 17:36:03,961 - INFO -   PASSED: Text matches exactly: 'Login Successful'
2026-04-27 17:36:03,961 - INFO - 
[VALIDATION 3] Checking for Typos...
2026-04-27 17:36:03,961 - INFO -   PASSED: No known typos detected
2026-04-27 17:36:03,961 - INFO - 
[VALIDATION 4] Extracting CSS Classes and Attributes...
2026-04-27 17:36:04,007 - INFO -   CSS Classes: snackbar success-snackbar
2026-04-27 17:36:04,011 - INFO -   PASSED: 'success' class is present
2026-04-27 17:36:04,011 - INFO - 
[VALIDATION 5] Checking Element Properties...
2026-04-27 17:36:04,130 - INFO -   ID: Not set
2026-04-27 17:36:04,130 - INFO -   Data-TestID: Not set
2026-04-27 17:36:04,140 - INFO -   Role: Not set
2026-04-27 17:36:04,143 - INFO -   ARIA Label: Not set
2026-04-27 17:36:04,145 - INFO - 
[VALIDATION 6] Checking Position and Size...
2026-04-27 17:36:04,177 - INFO -   X: 1230, Y: 20
2026-04-27 17:36:04,177 - INFO -   Width: 250, Height: 43.5
2026-04-27 17:36:04,177 - INFO -   PASSED: Element has valid dimensions
2026-04-27 17:36:04,177 - INFO - 
[VALIDATION 7] Checking Computed Styles...
2026-04-27 17:36:04,428 - ERROR - Validation error: TypeError: Failed to execute 'getComputedStyle' on 'Window': parameter 1 is not of type 'Element'.
    at eval (eval at evaluate (:226:30), <anonymous>:1:8)
    at eval (<anonymous>)
    at UtilityScript.evaluate (<anonymous>:226:30)
    at UtilityScript.<anonymous> (<anonymous>:1:44)
2026-04-27 17:36:04,430 - WARNING -   WARNING: Could not check computed styles - element may have disappeared
2026-04-27 17:36:04,432 - INFO - 
================================================================================
2026-04-27 17:36:04,434 - INFO - POP-UP VALIDATION SUMMARY
2026-04-27 17:36:04,434 - INFO - ================================================================================
2026-04-27 17:36:04,436 - INFO -   Visibility: PASSED
2026-04-27 17:36:04,436 - INFO -   Text Match: PASSED
2026-04-27 17:36:04,439 - INFO -   Typo Check: PASSED
2026-04-27 17:36:04,439 - INFO -   CSS Classes: Present
2026-04-27 17:36:04,442 - INFO -   Position & Size: Valid
2026-04-27 17:36:04,443 - INFO -   Computed Styles: Valid
2026-04-27 17:36:04,443 - INFO - ================================================================================

2026-04-27 17:36:04,444 - INFO - ✓ ALL VALIDATIONS PASSED - Pop-up is working correctly!
2026-04-27 17:36:06,212 - INFO - Screenshot captured: reports\RUN_20260427_173552\screenshots\03_Popup_Immediate_2_173604.png
2026-04-27 17:36:06,213 - INFO - Screenshot 2 captured - Attempting validation...
2026-04-27 17:36:06,213 - INFO - 
================================================================================
2026-04-27 17:36:06,215 - INFO - STARTING COMPREHENSIVE POP-UP VALIDATION
2026-04-27 17:36:06,216 - INFO - ================================================================================
2026-04-27 17:36:06,248 - ERROR - VALIDATION FAILED: Pop-up element not found!
2026-04-27 17:36:06,766 - INFO - Screenshot captured: reports\RUN_20260427_173552\screenshots\03_Popup_Immediate_3_173606.png
2026-04-27 17:36:06,767 - INFO - Screenshot 3 captured - Attempting validation...
2026-04-27 17:36:06,767 - INFO - 
================================================================================
2026-04-27 17:36:06,768 - INFO - STARTING COMPREHENSIVE POP-UP VALIDATION
2026-04-27 17:36:06,769 - INFO - ================================================================================
2026-04-27 17:36:06,804 - ERROR - VALIDATION FAILED: Pop-up element not found!
2026-04-27 17:36:06,937 - INFO - Logging DOM elements AFTER login click (pop-up should appear here)...
2026-04-27 17:36:06,941 - INFO - 
================================================================================
2026-04-27 17:36:06,942 - INFO - DOM SNAPSHOT AT STAGE: After_Login_Click
2026-04-27 17:36:06,945 - INFO - ================================================================================
2026-04-27 17:36:07,000 - INFO - 
Searching for pop-up elements in page content...
2026-04-27 17:36:07,453 - WARNING - ⚠ No known pop-up selectors found. Checking all visible divs...
2026-04-27 17:36:07,537 - INFO - Total DIV elements on page: 29
2026-04-27 17:36:07,847 - INFO -   Visible DIV 1: class='header-right' id='no-id' text='English
French
Spanish
Quantum Toll Authority
supe'
2026-04-27 17:36:08,011 - INFO -   Visible DIV 2: class='nav-user' id='no-id' text='Quantum Toll Authority
superadmin_qm@yopmail.com'
2026-04-27 17:36:08,225 - INFO -   Visible DIV 3: class='nav-user-info' id='no-id' text='Quantum Toll Authority
superadmin_qm@yopmail.com'
2026-04-27 17:36:08,385 - INFO -   Visible DIV 4: class='uname' id='no-id' text='Quantum Toll Authority'
2026-04-27 17:36:08,523 - INFO -   Visible DIV 5: class='urole' id='no-id' text='superadmin_qm@yopmail.com'
2026-04-27 17:36:08,685 - INFO -   Visible DIV 6: class='main-container' id='no-id' text='dashboard_2
group
decimal_increase
admin_panel_set'
2026-04-27 17:36:08,853 - INFO -   Visible DIV 7: class='inner' id='no-id' text='dashboard_2'
2026-04-27 17:36:09,038 - INFO -   Visible DIV 8: class='inner' id='no-id' text='group'
2026-04-27 17:36:09,297 - INFO -   Visible DIV 9: class='inner' id='no-id' text='decimal_increase'
2026-04-27 17:36:09,529 - INFO -   Visible DIV 10: class='inner' id='no-id' text='admin_panel_settings'
2026-04-27 17:36:09,743 - INFO -   Visible DIV 11: class='inner' id='no-id' text='nest_doorbell_visitor'
2026-04-27 17:36:09,966 - INFO -   Visible DIV 12: class='inner' id='no-id' text='key_visualizer'
2026-04-27 17:36:10,013 - INFO - 
================================================================================

2026-04-27 17:36:10,341 - INFO - Screenshot captured: reports\RUN_20260427_173552\screenshots\02_Just_After_Login_Click_173610.png
2026-04-27 17:36:10,343 - INFO - Waiting for dashboard URL...
2026-04-27 17:36:10,345 - INFO - 
================================================================================
2026-04-27 17:36:10,346 - INFO - DOM SNAPSHOT AT STAGE: Before_Dashboard_Navigation
2026-04-27 17:36:10,346 - INFO - ================================================================================
2026-04-27 17:36:10,395 - INFO - 
Searching for pop-up elements in page content...
2026-04-27 17:36:10,808 - WARNING - ⚠ No known pop-up selectors found. Checking all visible divs...
2026-04-27 17:36:10,879 - INFO - Total DIV elements on page: 29
2026-04-27 17:36:11,436 - INFO -   Visible DIV 1: class='header-right' id='no-id' text='English
French
Spanish
Quantum Toll Authority
supe'
2026-04-27 17:36:11,634 - INFO -   Visible DIV 2: class='nav-user' id='no-id' text='Quantum Toll Authority
superadmin_qm@yopmail.com'
2026-04-27 17:36:11,923 - INFO -   Visible DIV 3: class='nav-user-info' id='no-id' text='Quantum Toll Authority
superadmin_qm@yopmail.com'
2026-04-27 17:36:12,139 - INFO -   Visible DIV 4: class='uname' id='no-id' text='Quantum Toll Authority'
2026-04-27 17:36:12,316 - INFO -   Visible DIV 5: class='urole' id='no-id' text='superadmin_qm@yopmail.com'
2026-04-27 17:36:12,478 - INFO -   Visible DIV 6: class='main-container' id='no-id' text='dashboard_2
group
decimal_increase
admin_panel_set'
2026-04-27 17:36:12,665 - INFO -   Visible DIV 7: class='inner' id='no-id' text='dashboard_2'
2026-04-27 17:36:12,795 - INFO -   Visible DIV 8: class='inner' id='no-id' text='group'
2026-04-27 17:36:12,962 - INFO -   Visible DIV 9: class='inner' id='no-id' text='decimal_increase'
2026-04-27 17:36:13,171 - INFO -   Visible DIV 10: class='inner' id='no-id' text='admin_panel_settings'
2026-04-27 17:36:13,325 - INFO -   Visible DIV 11: class='inner' id='no-id' text='nest_doorbell_visitor'
2026-04-27 17:36:13,458 - INFO -   Visible DIV 12: class='inner' id='no-id' text='key_visualizer'
2026-04-27 17:36:13,498 - INFO - 
================================================================================

2026-04-27 17:36:13,531 - INFO - Login SUCCESS: Dashboard URL reached.
2026-04-27 17:36:14,059 - INFO - 
================================================================================
2026-04-27 17:36:14,061 - INFO - DOM SNAPSHOT AT STAGE: After_Dashboard_Loaded
2026-04-27 17:36:14,061 - INFO - ================================================================================
2026-04-27 17:36:14,100 - INFO - 
Searching for pop-up elements in page content...
2026-04-27 17:36:14,488 - WARNING - ⚠ No known pop-up selectors found. Checking all visible divs...
2026-04-27 17:36:14,574 - INFO - Total DIV elements on page: 29
2026-04-27 17:36:14,848 - INFO -   Visible DIV 1: class='header-right' id='no-id' text='English
French
Spanish
Quantum Toll Authority
supe'
2026-04-27 17:36:14,975 - INFO -   Visible DIV 2: class='nav-user' id='no-id' text='Quantum Toll Authority
superadmin_qm@yopmail.com'
2026-04-27 17:36:15,193 - INFO -   Visible DIV 3: class='nav-user-info' id='no-id' text='Quantum Toll Authority
superadmin_qm@yopmail.com'
2026-04-27 17:36:15,347 - INFO -   Visible DIV 4: class='uname' id='no-id' text='Quantum Toll Authority'
2026-04-27 17:36:15,474 - INFO -   Visible DIV 5: class='urole' id='no-id' text='superadmin_qm@yopmail.com'
2026-04-27 17:36:15,613 - INFO -   Visible DIV 6: class='main-container' id='no-id' text='dashboard_2
group
decimal_increase
admin_panel_set'
2026-04-27 17:36:15,729 - INFO -   Visible DIV 7: class='inner' id='no-id' text='dashboard_2'
2026-04-27 17:36:15,844 - INFO -   Visible DIV 8: class='inner' id='no-id' text='group'
2026-04-27 17:36:15,984 - INFO -   Visible DIV 9: class='inner' id='no-id' text='decimal_increase'
2026-04-27 17:36:16,134 - INFO -   Visible DIV 10: class='inner' id='no-id' text='admin_panel_settings'
2026-04-27 17:36:16,269 - INFO -   Visible DIV 11: class='inner' id='no-id' text='nest_doorbell_visitor'
2026-04-27 17:36:16,414 - INFO -   Visible DIV 12: class='inner' id='no-id' text='key_visualizer'
2026-04-27 17:36:16,450 - INFO - 
================================================================================

2026-04-27 17:36:16,450 - INFO - Checking for dashboard header 'Welcome to QM Toll portal!'...
2026-04-27 17:36:16,533 - INFO - ✅ Dashboard header found with selector: h4:has-text("Welcome to QM Toll portal!")
2026-04-27 17:36:16,533 - INFO -    Header text: 'Welcome to QM Toll portal!'
2026-04-27 17:36:16,533 - INFO - ✅ DASHBOARD VALIDATION PASSED: 'Welcome to QM Toll portal!' header found
2026-04-27 17:36:16,773 - INFO - Screenshot captured: reports\RUN_20260427_173552\screenshots\01_Login_Success_Dashboard_173616.png
2026-04-27 17:36:17,267 - INFO - Step 1: Navigating and Starting Onboarding...
2026-04-27 17:36:17,269 - INFO - Executing Sidebar Navigation Sequence...
2026-04-27 17:36:20,448 - INFO - Filling Step 1: Account Details...
2026-04-27 17:36:24,852 - INFO - Filled First Name: Lagan
2026-04-27 17:36:26,067 - INFO - Filled Middle Name: QA Team
2026-04-27 17:36:27,335 - INFO - Filled Last Name: Gala
2026-04-27 17:36:28,537 - INFO - Checked: Use Same for Billing
2026-04-27 17:36:29,707 - INFO - Checked: Use Same for Shipping
2026-04-27 17:36:30,886 - INFO - Checked: Primary Address
2026-04-27 17:36:34,758 - INFO - Filled Address: 123 Automation Blvd
2026-04-27 17:36:35,968 - INFO - Filled Zip Code: 12345
2026-04-27 17:36:37,709 - INFO - Filled Phone: 9208323281
2026-04-27 17:36:38,926 - INFO - Filled Email: lagan.gala80@testmail.com
2026-04-27 17:36:40,121 - INFO - Filled Confirm Email: lagan.gala80@testmail.com
2026-04-27 17:36:40,121 - INFO - Clicking Save & Next...
2026-04-27 17:36:40,150 - INFO - Chatbot elements hidden via CSS injection.
2026-04-27 17:36:42,312 - INFO - Step 1 Submitted.
2026-04-27 17:36:42,312 - INFO - Adding 1 Vehicle(s)...
2026-04-27 17:36:43,021 - INFO - Step 2 loaded successfully.
2026-04-27 17:36:43,075 - INFO - Chatbot elements hidden via CSS injection.
2026-04-27 17:36:44,492 - INFO - Filled Plate 1: QA6471GP
2026-04-27 17:36:49,159 - INFO - Filled Plate Start Date: 2026-04-27
2026-04-27 17:37:00,509 - INFO - Clicking 'Add' button for Vehicle 1...
2026-04-27 17:37:00,525 - INFO - Chatbot elements hidden via CSS injection.
2026-04-27 17:37:03,365 - INFO - Vehicle 1 addition triggered.
2026-04-27 17:37:04,442 - INFO - Chatbot elements hidden via CSS injection.
2026-04-27 17:37:06,177 - INFO - Captured Permanent Account Number: 2000006012
2026-04-27 17:37:06,177 - INFO - Account 2000006012 saved to SharedData.
2026-04-27 17:37:06,179 - INFO - Starting Step 3: Payment Information...
2026-04-27 17:37:06,209 - INFO - Chatbot elements hidden via CSS injection.
2026-04-27 17:37:10,704 - INFO - Filled Cardholder Name: zBmcQHQhNQnACzrbjzrGJiWuyelz
2026-04-27 17:37:12,450 - INFO - Filled Card Number: 1468043624802208
2026-04-27 17:37:14,108 - INFO - Filled Expiry Date: 04/28
2026-04-27 17:37:15,799 - INFO - Filled CVV: 508
2026-04-27 17:37:18,309 - INFO - Clicking 'Preview and Pay'...
2026-04-27 17:37:18,330 - INFO - Chatbot elements hidden via CSS injection.
2026-04-27 17:37:19,109 - INFO - Waiting for Payment Summary card...
2026-04-27 17:37:20,671 - INFO - ✅ Step 3 (Payment & Summary) complete.
2026-04-27 17:37:20,671 - INFO - Starting Final Confirmation Modal...
2026-04-27 17:37:20,850 - INFO - Clicking the final 'Pay' button inside the Confirmation Modal...
2026-04-27 17:37:23,878 - INFO - ✅ Account onboarding completed successfully.
2026-04-27 17:37:23,884 - INFO - Finalizing process: Clicking 'Account Summary' button...
2026-04-27 17:37:24,911 - INFO - ✅ Navigating to Account Summary page.
2026-04-27 17:37:24,912 - INFO - Step 2: Creating case for account: 2000006012
2026-04-27 17:37:24,913 - INFO - Navigating to Case Management...
2026-04-27 17:37:36,835 - ERROR - Failed to navigate to Cases: Timeout 10000ms exceeded.
2026-04-27 17:39:49,672 - INFO - Navigating to Login Page: http://operator-qa.qmaastech.com/
2026-04-27 17:39:49,674 - INFO - Navigating to: http://operator-qa.qmaastech.com/
2026-04-27 17:39:52,269 - INFO - Attempting login for user: superadmin_qm@yopmail.com
2026-04-27 17:39:54,033 - INFO - Logging DOM elements BEFORE login click...
2026-04-27 17:39:54,034 - INFO - 
================================================================================
2026-04-27 17:39:54,034 - INFO - DOM SNAPSHOT AT STAGE: Before_Login
2026-04-27 17:39:54,034 - INFO - ================================================================================
2026-04-27 17:39:54,063 - INFO - 
Searching for pop-up elements in page content...
2026-04-27 17:39:54,433 - WARNING - ⚠ No known pop-up selectors found. Checking all visible divs...
2026-04-27 17:39:54,484 - INFO - Total DIV elements on page: 21
2026-04-27 17:39:55,053 - INFO -   Visible DIV 1: class='hero-pills' id='no-id' text='bolt
Real-time
smart_toy
AI-driven
hub
Multi-agenc'
2026-04-27 17:39:55,197 - INFO -   Visible DIV 2: class='auth-panel' id='no-id' text='Welcome Back

Sign in to your account to continue
'
2026-04-27 17:39:55,283 - INFO -   Visible DIV 3: class='auth-card' id='no-id' text='Welcome Back

Sign in to your account to continue
'
2026-04-27 17:39:55,364 - INFO -   Visible DIV 4: class='auth-step' id='no-id' text='Welcome Back

Sign in to your account to continue
'
2026-04-27 17:39:55,514 - INFO -   Visible DIV 5: class='field-wrap' id='no-id' text='Email ID / Username *
person'
2026-04-27 17:39:55,630 - INFO -   Visible DIV 6: class='input-shell' id='no-id' text='person'
2026-04-27 17:39:55,731 - INFO -   Visible DIV 7: class='field-wrap' id='no-id' text='Password *
lock
visibility_off'
2026-04-27 17:39:55,831 - INFO -   Visible DIV 8: class='input-shell' id='no-id' text='lock
visibility_off'
2026-04-27 17:39:55,966 - INFO -   Visible DIV 9: class='auth-bottom-links' id='no-id' text='New user?  Access Account

Forgot password?'
2026-04-27 17:39:56,016 - INFO - 
================================================================================

2026-04-27 17:39:56,626 - INFO - Login button clicked.
2026-04-27 17:39:56,632 - INFO - Taking rapid screenshots and validating pop-up...
2026-04-27 17:39:57,276 - INFO - Screenshot captured: reports\RUN_20260427_173947\screenshots\03_Popup_Immediate_1_173956.png
2026-04-27 17:39:57,276 - INFO - Screenshot 1 captured - Attempting validation...
2026-04-27 17:39:57,278 - INFO - 
================================================================================
2026-04-27 17:39:57,279 - INFO - STARTING COMPREHENSIVE POP-UP VALIDATION
2026-04-27 17:39:57,280 - INFO - ================================================================================
2026-04-27 17:39:57,300 - INFO - 
[VALIDATION 1] Checking Pop-up Visibility...
2026-04-27 17:39:57,336 - INFO -   Visibility Status: True
2026-04-27 17:39:57,336 - INFO -   PASSED: Pop-up is visible
2026-04-27 17:39:57,336 - INFO - 
[VALIDATION 2] Extracting and Validating Text Content...
2026-04-27 17:39:57,361 - INFO -   Extracted Text: 'Login Successful'
2026-04-27 17:39:57,363 - INFO -   PASSED: Text matches exactly: 'Login Successful'
2026-04-27 17:39:57,364 - INFO - 
[VALIDATION 3] Checking for Typos...
2026-04-27 17:39:57,364 - INFO -   PASSED: No known typos detected
2026-04-27 17:39:57,364 - INFO - 
[VALIDATION 4] Extracting CSS Classes and Attributes...
2026-04-27 17:39:57,387 - INFO -   CSS Classes: snackbar success-snackbar
2026-04-27 17:39:57,388 - INFO -   PASSED: 'success' class is present
2026-04-27 17:39:57,388 - INFO - 
[VALIDATION 5] Checking Element Properties...
2026-04-27 17:39:57,483 - INFO -   ID: Not set
2026-04-27 17:39:57,483 - INFO -   Data-TestID: Not set
2026-04-27 17:39:57,483 - INFO -   Role: Not set
2026-04-27 17:39:57,495 - INFO -   ARIA Label: Not set
2026-04-27 17:39:57,495 - INFO - 
[VALIDATION 6] Checking Position and Size...
2026-04-27 17:39:57,516 - INFO -   X: 1230, Y: 20
2026-04-27 17:39:57,516 - INFO -   Width: 250, Height: 43.5
2026-04-27 17:39:57,516 - INFO -   PASSED: Element has valid dimensions
2026-04-27 17:39:57,516 - INFO - 
[VALIDATION 7] Checking Computed Styles...
2026-04-27 17:39:57,558 - INFO -   Display: block
2026-04-27 17:39:57,560 - INFO -   Opacity: 1
2026-04-27 17:39:57,560 - INFO -   PASSED: Element is displayed with proper opacity
2026-04-27 17:39:57,560 - INFO - 
================================================================================
2026-04-27 17:39:57,562 - INFO - POP-UP VALIDATION SUMMARY
2026-04-27 17:39:57,562 - INFO - ================================================================================
2026-04-27 17:39:57,562 - INFO -   Visibility: PASSED
2026-04-27 17:39:57,563 - INFO -   Text Match: PASSED
2026-04-27 17:39:57,563 - INFO -   Typo Check: PASSED
2026-04-27 17:39:57,564 - INFO -   CSS Classes: Present
2026-04-27 17:39:57,564 - INFO -   Position & Size: Valid
2026-04-27 17:39:57,564 - INFO -   Computed Styles: Valid
2026-04-27 17:39:57,565 - INFO - ================================================================================

2026-04-27 17:39:57,566 - INFO - ✓ ALL VALIDATIONS PASSED - Pop-up is working correctly!
2026-04-27 17:39:58,083 - INFO - Screenshot captured: reports\RUN_20260427_173947\screenshots\03_Popup_Immediate_2_173957.png
2026-04-27 17:39:58,086 - INFO - Screenshot 2 captured - Attempting validation...
2026-04-27 17:39:58,087 - INFO - 
================================================================================
2026-04-27 17:39:58,088 - INFO - STARTING COMPREHENSIVE POP-UP VALIDATION
2026-04-27 17:39:58,088 - INFO - ================================================================================
2026-04-27 17:39:58,117 - ERROR - VALIDATION FAILED: Pop-up element not found!
2026-04-27 17:39:59,631 - INFO - Screenshot captured: reports\RUN_20260427_173947\screenshots\03_Popup_Immediate_3_173958.png
2026-04-27 17:39:59,632 - INFO - Screenshot 3 captured - Attempting validation...
2026-04-27 17:39:59,632 - INFO - 
================================================================================
2026-04-27 17:39:59,633 - INFO - STARTING COMPREHENSIVE POP-UP VALIDATION
2026-04-27 17:39:59,634 - INFO - ================================================================================
2026-04-27 17:39:59,671 - ERROR - VALIDATION FAILED: Pop-up element not found!
2026-04-27 17:39:59,814 - INFO - Logging DOM elements AFTER login click (pop-up should appear here)...
2026-04-27 17:39:59,816 - INFO - 
================================================================================
2026-04-27 17:39:59,816 - INFO - DOM SNAPSHOT AT STAGE: After_Login_Click
2026-04-27 17:39:59,816 - INFO - ================================================================================
2026-04-27 17:39:59,849 - INFO - 
Searching for pop-up elements in page content...
2026-04-27 17:40:00,257 - WARNING - ⚠ No known pop-up selectors found. Checking all visible divs...
2026-04-27 17:40:00,324 - INFO - Total DIV elements on page: 29
2026-04-27 17:40:00,610 - INFO -   Visible DIV 1: class='header-right' id='no-id' text='English
French
Spanish
Quantum Toll Authority
supe'
2026-04-27 17:40:00,757 - INFO -   Visible DIV 2: class='nav-user' id='no-id' text='Quantum Toll Authority
superadmin_qm@yopmail.com'
2026-04-27 17:40:00,985 - INFO -   Visible DIV 3: class='nav-user-info' id='no-id' text='Quantum Toll Authority
superadmin_qm@yopmail.com'
2026-04-27 17:40:01,114 - INFO -   Visible DIV 4: class='uname' id='no-id' text='Quantum Toll Authority'
2026-04-27 17:40:01,256 - INFO -   Visible DIV 5: class='urole' id='no-id' text='superadmin_qm@yopmail.com'
2026-04-27 17:40:01,390 - INFO -   Visible DIV 6: class='main-container' id='no-id' text='dashboard_2
group
decimal_increase
admin_panel_set'
2026-04-27 17:40:01,522 - INFO -   Visible DIV 7: class='inner' id='no-id' text='dashboard_2'
2026-04-27 17:40:01,659 - INFO -   Visible DIV 8: class='inner' id='no-id' text='group'
2026-04-27 17:40:01,819 - INFO -   Visible DIV 9: class='inner' id='no-id' text='decimal_increase'
2026-04-27 17:40:01,990 - INFO -   Visible DIV 10: class='inner' id='no-id' text='admin_panel_settings'
2026-04-27 17:40:02,174 - INFO -   Visible DIV 11: class='inner' id='no-id' text='nest_doorbell_visitor'
2026-04-27 17:40:02,339 - INFO -   Visible DIV 12: class='inner' id='no-id' text='key_visualizer'
2026-04-27 17:40:02,371 - INFO - 
================================================================================

2026-04-27 17:40:02,863 - INFO - Screenshot captured: reports\RUN_20260427_173947\screenshots\02_Just_After_Login_Click_174002.png
2026-04-27 17:40:02,864 - INFO - Waiting for dashboard URL...
2026-04-27 17:40:02,865 - INFO - 
================================================================================
2026-04-27 17:40:02,865 - INFO - DOM SNAPSHOT AT STAGE: Before_Dashboard_Navigation
2026-04-27 17:40:02,865 - INFO - ================================================================================
2026-04-27 17:40:02,907 - INFO - 
Searching for pop-up elements in page content...
2026-04-27 17:40:03,200 - WARNING - ⚠ No known pop-up selectors found. Checking all visible divs...
2026-04-27 17:40:03,258 - INFO - Total DIV elements on page: 29
2026-04-27 17:40:03,448 - INFO -   Visible DIV 1: class='header-right' id='no-id' text='English
French
Spanish
Quantum Toll Authority
supe'
2026-04-27 17:40:03,567 - INFO -   Visible DIV 2: class='nav-user' id='no-id' text='Quantum Toll Authority
superadmin_qm@yopmail.com'
2026-04-27 17:40:03,712 - INFO -   Visible DIV 3: class='nav-user-info' id='no-id' text='Quantum Toll Authority
superadmin_qm@yopmail.com'
2026-04-27 17:40:03,798 - INFO -   Visible DIV 4: class='uname' id='no-id' text='Quantum Toll Authority'
2026-04-27 17:40:03,905 - INFO -   Visible DIV 5: class='urole' id='no-id' text='superadmin_qm@yopmail.com'
2026-04-27 17:40:04,015 - INFO -   Visible DIV 6: class='main-container' id='no-id' text='dashboard_2
group
decimal_increase
admin_panel_set'
2026-04-27 17:40:04,116 - INFO -   Visible DIV 7: class='inner' id='no-id' text='dashboard_2'
2026-04-27 17:40:04,234 - INFO -   Visible DIV 8: class='inner' id='no-id' text='group'
2026-04-27 17:40:04,381 - INFO -   Visible DIV 9: class='inner' id='no-id' text='decimal_increase'
2026-04-27 17:40:04,549 - INFO -   Visible DIV 10: class='inner' id='no-id' text='admin_panel_settings'
2026-04-27 17:40:04,715 - INFO -   Visible DIV 11: class='inner' id='no-id' text='nest_doorbell_visitor'
2026-04-27 17:40:04,890 - INFO -   Visible DIV 12: class='inner' id='no-id' text='key_visualizer'
2026-04-27 17:40:04,937 - INFO - 
================================================================================

2026-04-27 17:40:04,984 - INFO - Login SUCCESS: Dashboard URL reached.
2026-04-27 17:40:05,532 - INFO - 
================================================================================
2026-04-27 17:40:05,532 - INFO - DOM SNAPSHOT AT STAGE: After_Dashboard_Loaded
2026-04-27 17:40:05,532 - INFO - ================================================================================
2026-04-27 17:40:05,571 - INFO - 
Searching for pop-up elements in page content...
2026-04-27 17:40:05,970 - WARNING - ⚠ No known pop-up selectors found. Checking all visible divs...
2026-04-27 17:40:06,040 - INFO - Total DIV elements on page: 29
2026-04-27 17:40:06,295 - INFO -   Visible DIV 1: class='header-right' id='no-id' text='English
French
Spanish
Quantum Toll Authority
supe'
2026-04-27 17:40:06,409 - INFO -   Visible DIV 2: class='nav-user' id='no-id' text='Quantum Toll Authority
superadmin_qm@yopmail.com'
2026-04-27 17:40:06,616 - INFO -   Visible DIV 3: class='nav-user-info' id='no-id' text='Quantum Toll Authority
superadmin_qm@yopmail.com'
2026-04-27 17:40:06,749 - INFO -   Visible DIV 4: class='uname' id='no-id' text='Quantum Toll Authority'
2026-04-27 17:40:06,865 - INFO -   Visible DIV 5: class='urole' id='no-id' text='superadmin_qm@yopmail.com'
2026-04-27 17:40:06,971 - INFO -   Visible DIV 6: class='main-container' id='no-id' text='dashboard_2
group
decimal_increase
admin_panel_set'
2026-04-27 17:40:07,080 - INFO -   Visible DIV 7: class='inner' id='no-id' text='dashboard_2'
2026-04-27 17:40:07,199 - INFO -   Visible DIV 8: class='inner' id='no-id' text='group'
2026-04-27 17:40:07,377 - INFO -   Visible DIV 9: class='inner' id='no-id' text='decimal_increase'
2026-04-27 17:40:07,571 - INFO -   Visible DIV 10: class='inner' id='no-id' text='admin_panel_settings'
2026-04-27 17:40:07,735 - INFO -   Visible DIV 11: class='inner' id='no-id' text='nest_doorbell_visitor'
2026-04-27 17:40:07,900 - INFO -   Visible DIV 12: class='inner' id='no-id' text='key_visualizer'
2026-04-27 17:40:07,932 - INFO - 
================================================================================

2026-04-27 17:40:07,932 - INFO - Checking for dashboard header 'Welcome to QM Toll portal!'...
2026-04-27 17:40:08,072 - INFO - ✅ Dashboard header found with selector: h4:has-text("Welcome to QM Toll portal!")
2026-04-27 17:40:08,072 - INFO -    Header text: 'Welcome to QM Toll portal!'
2026-04-27 17:40:08,072 - INFO - ✅ DASHBOARD VALIDATION PASSED: 'Welcome to QM Toll portal!' header found
2026-04-27 17:40:08,303 - INFO - Screenshot captured: reports\RUN_20260427_173947\screenshots\01_Login_Success_Dashboard_174008.png
2026-04-27 17:40:08,696 - INFO - Step 1: Navigating and Starting Onboarding...
2026-04-27 17:40:08,697 - INFO - Executing Sidebar Navigation Sequence...
2026-04-27 17:40:11,814 - INFO - Filling Step 1: Account Details...
2026-04-27 17:40:16,101 - INFO - Filled First Name: Stuvan
2026-04-27 17:40:17,305 - INFO - Filled Middle Name: QA Team
2026-04-27 17:40:18,481 - INFO - Filled Last Name: Sur
2026-04-27 17:40:19,704 - INFO - Checked: Use Same for Billing
2026-04-27 17:40:20,909 - INFO - Checked: Use Same for Shipping
2026-04-27 17:40:22,068 - INFO - Checked: Primary Address
2026-04-27 17:40:25,971 - INFO - Filled Address: 123 Automation Blvd
2026-04-27 17:40:27,200 - INFO - Filled Zip Code: 12345
2026-04-27 17:40:28,937 - INFO - Filled Phone: 9064315325
2026-04-27 17:40:30,104 - INFO - Filled Email: stuvan.sur57@testmail.com
2026-04-27 17:40:31,306 - INFO - Filled Confirm Email: stuvan.sur57@testmail.com
2026-04-27 17:40:31,306 - INFO - Clicking Save & Next...
2026-04-27 17:40:31,324 - INFO - Chatbot elements hidden via CSS injection.
2026-04-27 17:40:33,341 - INFO - Step 1 Submitted.
2026-04-27 17:40:33,341 - INFO - Adding 1 Vehicle(s)...
2026-04-27 17:40:33,876 - INFO - Step 2 loaded successfully.
2026-04-27 17:40:33,915 - INFO - Chatbot elements hidden via CSS injection.
2026-04-27 17:40:35,213 - INFO - Filled Plate 1: QA6030GP
2026-04-27 17:40:39,924 - INFO - Filled Plate Start Date: 2026-04-27
2026-04-27 17:40:51,328 - INFO - Clicking 'Add' button for Vehicle 1...
2026-04-27 17:40:51,344 - INFO - Chatbot elements hidden via CSS injection.
2026-04-27 17:40:54,127 - INFO - Vehicle 1 addition triggered.
2026-04-27 17:40:55,183 - INFO - Chatbot elements hidden via CSS injection.
2026-04-27 17:40:56,808 - INFO - Captured Permanent Account Number: 2000006013
2026-04-27 17:40:56,808 - INFO - Account 2000006013 saved to SharedData.
2026-04-27 17:40:56,808 - INFO - Starting Step 3: Payment Information...
2026-04-27 17:40:56,831 - INFO - Chatbot elements hidden via CSS injection.
2026-04-27 17:41:01,195 - INFO - Filled Cardholder Name: hmZnaDkqCuvP
2026-04-27 17:41:02,882 - INFO - Filled Card Number: 4866109062490143
2026-04-27 17:41:04,590 - INFO - Filled Expiry Date: 04/28
2026-04-27 17:41:06,235 - INFO - Filled CVV: 198
2026-04-27 17:41:08,649 - INFO - Clicking 'Preview and Pay'...
2026-04-27 17:41:08,682 - INFO - Chatbot elements hidden via CSS injection.
2026-04-27 17:41:09,489 - INFO - Waiting for Payment Summary card...
2026-04-27 17:41:11,039 - INFO - ✅ Step 3 (Payment & Summary) complete.
2026-04-27 17:41:11,048 - INFO - Starting Final Confirmation Modal...
2026-04-27 17:41:11,241 - INFO - Clicking the final 'Pay' button inside the Confirmation Modal...
2026-04-27 17:41:14,205 - INFO - ✅ Account onboarding completed successfully.
2026-04-27 17:41:14,206 - INFO - Finalizing process: Clicking 'Account Summary' button...
2026-04-27 17:41:15,229 - INFO - ✅ Navigating to Account Summary page.
2026-04-27 17:41:15,230 - INFO - Step 2: Creating case for account: 2000006013
2026-04-27 17:41:15,231 - INFO - Navigating to Case Management...
2026-04-27 17:41:22,183 - INFO - Manage Accounts toggle not found or already expanded. Proceeding...
2026-04-27 17:41:32,217 - ERROR - Failed to navigate to Cases: Timeout 10000ms exceeded.
2026-04-27 17:47:19,823 - INFO - Navigating to Login Page: http://operator-qa.qmaastech.com/
2026-04-27 17:47:19,824 - INFO - Navigating to: http://operator-qa.qmaastech.com/
2026-04-27 17:47:22,569 - INFO - Attempting login for user: superadmin_qm@yopmail.com
2026-04-27 17:47:24,296 - INFO - Logging DOM elements BEFORE login click...
2026-04-27 17:47:24,296 - INFO - 
================================================================================
2026-04-27 17:47:24,296 - INFO - DOM SNAPSHOT AT STAGE: Before_Login
2026-04-27 17:47:24,296 - INFO - ================================================================================
2026-04-27 17:47:24,326 - INFO - 
Searching for pop-up elements in page content...
2026-04-27 17:47:24,723 - WARNING - ⚠ No known pop-up selectors found. Checking all visible divs...
2026-04-27 17:47:24,786 - INFO - Total DIV elements on page: 21
2026-04-27 17:47:25,412 - INFO -   Visible DIV 1: class='hero-pills' id='no-id' text='bolt
Real-time
smart_toy
AI-driven
hub
Multi-agenc'
2026-04-27 17:47:25,590 - INFO -   Visible DIV 2: class='auth-panel' id='no-id' text='Welcome Back

Sign in to your account to continue
'
2026-04-27 17:47:25,698 - INFO -   Visible DIV 3: class='auth-card' id='no-id' text='Welcome Back

Sign in to your account to continue
'
2026-04-27 17:47:25,819 - INFO -   Visible DIV 4: class='auth-step' id='no-id' text='Welcome Back

Sign in to your account to continue
'
2026-04-27 17:47:25,993 - INFO -   Visible DIV 5: class='field-wrap' id='no-id' text='Email ID / Username *
person'
2026-04-27 17:47:26,102 - INFO -   Visible DIV 6: class='input-shell' id='no-id' text='person'
2026-04-27 17:47:26,198 - INFO -   Visible DIV 7: class='field-wrap' id='no-id' text='Password *
lock
visibility_off'
2026-04-27 17:47:26,304 - INFO -   Visible DIV 8: class='input-shell' id='no-id' text='lock
visibility_off'
2026-04-27 17:47:26,410 - INFO -   Visible DIV 9: class='auth-bottom-links' id='no-id' text='New user?  Access Account

Forgot password?'
2026-04-27 17:47:26,471 - INFO - 
================================================================================

2026-04-27 17:47:27,083 - INFO - Login button clicked.
2026-04-27 17:47:27,085 - INFO - Taking rapid screenshots and validating pop-up...
2026-04-27 17:47:27,821 - INFO - Screenshot captured: reports\RUN_20260427_174716\screenshots\03_Popup_Immediate_1_174727.png
2026-04-27 17:47:27,823 - INFO - Screenshot 1 captured - Attempting validation...
2026-04-27 17:47:27,823 - INFO - 
================================================================================
2026-04-27 17:47:27,823 - INFO - STARTING COMPREHENSIVE POP-UP VALIDATION
2026-04-27 17:47:27,823 - INFO - ================================================================================
2026-04-27 17:47:27,858 - INFO - 
[VALIDATION 1] Checking Pop-up Visibility...
2026-04-27 17:47:27,880 - INFO -   Visibility Status: True
2026-04-27 17:47:27,880 - INFO -   PASSED: Pop-up is visible
2026-04-27 17:47:27,880 - INFO - 
[VALIDATION 2] Extracting and Validating Text Content...
2026-04-27 17:47:27,908 - INFO -   Extracted Text: 'Login Successful'
2026-04-27 17:47:27,908 - INFO -   PASSED: Text matches exactly: 'Login Successful'
2026-04-27 17:47:27,908 - INFO - 
[VALIDATION 3] Checking for Typos...
2026-04-27 17:47:27,908 - INFO -   PASSED: No known typos detected
2026-04-27 17:47:27,908 - INFO - 
[VALIDATION 4] Extracting CSS Classes and Attributes...
2026-04-27 17:47:27,940 - INFO -   CSS Classes: snackbar success-snackbar
2026-04-27 17:47:27,940 - INFO -   PASSED: 'success' class is present
2026-04-27 17:47:27,940 - INFO - 
[VALIDATION 5] Checking Element Properties...
2026-04-27 17:47:28,040 - INFO -   ID: Not set
2026-04-27 17:47:28,040 - INFO -   Data-TestID: Not set
2026-04-27 17:47:28,040 - INFO -   Role: Not set
2026-04-27 17:47:28,040 - INFO -   ARIA Label: Not set
2026-04-27 17:47:28,040 - INFO - 
[VALIDATION 6] Checking Position and Size...
2026-04-27 17:47:28,058 - INFO -   X: 1230, Y: 20
2026-04-27 17:47:28,058 - INFO -   Width: 250, Height: 43.5
2026-04-27 17:47:28,058 - INFO -   PASSED: Element has valid dimensions
2026-04-27 17:47:28,058 - INFO - 
[VALIDATION 7] Checking Computed Styles...
2026-04-27 17:47:28,108 - INFO -   Display: block
2026-04-27 17:47:28,108 - INFO -   Opacity: 1
2026-04-27 17:47:28,108 - INFO -   PASSED: Element is displayed with proper opacity
2026-04-27 17:47:28,108 - INFO - 
================================================================================
2026-04-27 17:47:28,108 - INFO - POP-UP VALIDATION SUMMARY
2026-04-27 17:47:28,108 - INFO - ================================================================================
2026-04-27 17:47:28,108 - INFO -   Visibility: PASSED
2026-04-27 17:47:28,108 - INFO -   Text Match: PASSED
2026-04-27 17:47:28,122 - INFO -   Typo Check: PASSED
2026-04-27 17:47:28,122 - INFO -   CSS Classes: Present
2026-04-27 17:47:28,123 - INFO -   Position & Size: Valid
2026-04-27 17:47:28,124 - INFO -   Computed Styles: Valid
2026-04-27 17:47:28,124 - INFO - ================================================================================

2026-04-27 17:47:28,124 - INFO - ✓ ALL VALIDATIONS PASSED - Pop-up is working correctly!
2026-04-27 17:47:28,573 - INFO - Screenshot captured: reports\RUN_20260427_174716\screenshots\03_Popup_Immediate_2_174728.png
2026-04-27 17:47:28,574 - INFO - Screenshot 2 captured - Attempting validation...
2026-04-27 17:47:28,576 - INFO - 
================================================================================
2026-04-27 17:47:28,578 - INFO - STARTING COMPREHENSIVE POP-UP VALIDATION
2026-04-27 17:47:28,579 - INFO - ================================================================================
2026-04-27 17:47:28,611 - ERROR - VALIDATION FAILED: Pop-up element not found!
2026-04-27 17:47:30,035 - INFO - Screenshot captured: reports\RUN_20260427_174716\screenshots\03_Popup_Immediate_3_174728.png
2026-04-27 17:47:30,036 - INFO - Screenshot 3 captured - Attempting validation...
2026-04-27 17:47:30,040 - INFO - 
================================================================================
2026-04-27 17:47:30,041 - INFO - STARTING COMPREHENSIVE POP-UP VALIDATION
2026-04-27 17:47:30,041 - INFO - ================================================================================
2026-04-27 17:47:30,063 - ERROR - VALIDATION FAILED: Pop-up element not found!
2026-04-27 17:47:30,209 - INFO - Logging DOM elements AFTER login click (pop-up should appear here)...
2026-04-27 17:47:30,210 - INFO - 
================================================================================
2026-04-27 17:47:30,210 - INFO - DOM SNAPSHOT AT STAGE: After_Login_Click
2026-04-27 17:47:30,210 - INFO - ================================================================================
2026-04-27 17:47:30,244 - INFO - 
Searching for pop-up elements in page content...
2026-04-27 17:47:30,600 - WARNING - ⚠ No known pop-up selectors found. Checking all visible divs...
2026-04-27 17:47:30,681 - INFO - Total DIV elements on page: 29
2026-04-27 17:47:30,968 - INFO -   Visible DIV 1: class='header-right' id='no-id' text='English
French
Spanish
Quantum Toll Authority
supe'
2026-04-27 17:47:31,115 - INFO -   Visible DIV 2: class='nav-user' id='no-id' text='Quantum Toll Authority
superadmin_qm@yopmail.com'
2026-04-27 17:47:31,330 - INFO -   Visible DIV 3: class='nav-user-info' id='no-id' text='Quantum Toll Authority
superadmin_qm@yopmail.com'
2026-04-27 17:47:31,473 - INFO -   Visible DIV 4: class='uname' id='no-id' text='Quantum Toll Authority'
2026-04-27 17:47:31,602 - INFO -   Visible DIV 5: class='urole' id='no-id' text='superadmin_qm@yopmail.com'
2026-04-27 17:47:31,748 - INFO -   Visible DIV 6: class='main-container' id='no-id' text='dashboard_2
group
decimal_increase
admin_panel_set'
2026-04-27 17:47:31,891 - INFO -   Visible DIV 7: class='inner' id='no-id' text='dashboard_2'
2026-04-27 17:47:32,033 - INFO -   Visible DIV 8: class='inner' id='no-id' text='group'
2026-04-27 17:47:32,199 - INFO -   Visible DIV 9: class='inner' id='no-id' text='decimal_increase'
2026-04-27 17:47:32,365 - INFO -   Visible DIV 10: class='inner' id='no-id' text='admin_panel_settings'
2026-04-27 17:47:32,534 - INFO -   Visible DIV 11: class='inner' id='no-id' text='nest_doorbell_visitor'
2026-04-27 17:47:32,708 - INFO -   Visible DIV 12: class='inner' id='no-id' text='key_visualizer'
2026-04-27 17:47:32,744 - INFO - 
================================================================================

2026-04-27 17:47:33,620 - INFO - Screenshot captured: reports\RUN_20260427_174716\screenshots\02_Just_After_Login_Click_174732.png
2026-04-27 17:47:33,625 - INFO - Waiting for dashboard URL...
2026-04-27 17:47:33,626 - INFO - 
================================================================================
2026-04-27 17:47:33,627 - INFO - DOM SNAPSHOT AT STAGE: Before_Dashboard_Navigation
2026-04-27 17:47:33,627 - INFO - ================================================================================
2026-04-27 17:47:33,675 - INFO - 
Searching for pop-up elements in page content...
2026-04-27 17:47:34,013 - WARNING - ⚠ No known pop-up selectors found. Checking all visible divs...
2026-04-27 17:47:34,058 - INFO - Total DIV elements on page: 29
2026-04-27 17:47:34,260 - INFO -   Visible DIV 1: class='header-right' id='no-id' text='English
French
Spanish
Quantum Toll Authority
supe'
2026-04-27 17:47:34,361 - INFO -   Visible DIV 2: class='nav-user' id='no-id' text='Quantum Toll Authority
superadmin_qm@yopmail.com'
2026-04-27 17:47:34,522 - INFO -   Visible DIV 3: class='nav-user-info' id='no-id' text='Quantum Toll Authority
superadmin_qm@yopmail.com'
2026-04-27 17:47:34,626 - INFO -   Visible DIV 4: class='uname' id='no-id' text='Quantum Toll Authority'
2026-04-27 17:47:34,727 - INFO -   Visible DIV 5: class='urole' id='no-id' text='superadmin_qm@yopmail.com'
2026-04-27 17:47:34,831 - INFO -   Visible DIV 6: class='main-container' id='no-id' text='dashboard_2
group
decimal_increase
admin_panel_set'
2026-04-27 17:47:34,939 - INFO -   Visible DIV 7: class='inner' id='no-id' text='dashboard_2'
2026-04-27 17:47:35,047 - INFO -   Visible DIV 8: class='inner' id='no-id' text='group'
2026-04-27 17:47:35,218 - INFO -   Visible DIV 9: class='inner' id='no-id' text='decimal_increase'
2026-04-27 17:47:35,405 - INFO -   Visible DIV 10: class='inner' id='no-id' text='admin_panel_settings'
2026-04-27 17:47:35,570 - INFO -   Visible DIV 11: class='inner' id='no-id' text='nest_doorbell_visitor'
2026-04-27 17:47:35,758 - INFO -   Visible DIV 12: class='inner' id='no-id' text='key_visualizer'
2026-04-27 17:47:35,805 - INFO - 
================================================================================

2026-04-27 17:47:35,853 - INFO - Login SUCCESS: Dashboard URL reached.
2026-04-27 17:47:36,388 - INFO - 
================================================================================
2026-04-27 17:47:36,394 - INFO - DOM SNAPSHOT AT STAGE: After_Dashboard_Loaded
2026-04-27 17:47:36,394 - INFO - ================================================================================
2026-04-27 17:47:36,419 - INFO - 
Searching for pop-up elements in page content...
2026-04-27 17:47:36,731 - WARNING - ⚠ No known pop-up selectors found. Checking all visible divs...
2026-04-27 17:47:36,796 - INFO - Total DIV elements on page: 29
2026-04-27 17:47:37,009 - INFO -   Visible DIV 1: class='header-right' id='no-id' text='English
French
Spanish
Quantum Toll Authority
supe'
2026-04-27 17:47:37,118 - INFO -   Visible DIV 2: class='nav-user' id='no-id' text='Quantum Toll Authority
superadmin_qm@yopmail.com'
2026-04-27 17:47:37,247 - INFO -   Visible DIV 3: class='nav-user-info' id='no-id' text='Quantum Toll Authority
superadmin_qm@yopmail.com'
2026-04-27 17:47:37,323 - INFO -   Visible DIV 4: class='uname' id='no-id' text='Quantum Toll Authority'
2026-04-27 17:47:37,480 - INFO -   Visible DIV 5: class='urole' id='no-id' text='superadmin_qm@yopmail.com'
2026-04-27 17:47:37,598 - INFO -   Visible DIV 6: class='main-container' id='no-id' text='dashboard_2
group
decimal_increase
admin_panel_set'
2026-04-27 17:47:37,748 - INFO -   Visible DIV 7: class='inner' id='no-id' text='dashboard_2'
2026-04-27 17:47:37,901 - INFO -   Visible DIV 8: class='inner' id='no-id' text='group'
2026-04-27 17:47:38,071 - INFO -   Visible DIV 9: class='inner' id='no-id' text='decimal_increase'
2026-04-27 17:47:38,267 - INFO -   Visible DIV 10: class='inner' id='no-id' text='admin_panel_settings'
2026-04-27 17:47:38,454 - INFO -   Visible DIV 11: class='inner' id='no-id' text='nest_doorbell_visitor'
2026-04-27 17:47:38,615 - INFO -   Visible DIV 12: class='inner' id='no-id' text='key_visualizer'
2026-04-27 17:47:38,637 - INFO - 
================================================================================

2026-04-27 17:47:38,638 - INFO - Checking for dashboard header 'Welcome to QM Toll portal!'...
2026-04-27 17:47:38,738 - INFO - ✅ Dashboard header found with selector: h4:has-text("Welcome to QM Toll portal!")
2026-04-27 17:47:38,738 - INFO -    Header text: 'Welcome to QM Toll portal!'
2026-04-27 17:47:38,738 - INFO - ✅ DASHBOARD VALIDATION PASSED: 'Welcome to QM Toll portal!' header found
2026-04-27 17:47:38,976 - INFO - Screenshot captured: reports\RUN_20260427_174716\screenshots\01_Login_Success_Dashboard_174738.png
2026-04-27 17:47:39,444 - INFO - Step 1: Navigating and Starting Onboarding...
2026-04-27 17:47:39,444 - INFO - Executing Sidebar Navigation Sequence...
2026-04-27 17:47:42,521 - INFO - Filling Step 1: Account Details...
2026-04-27 17:47:47,242 - INFO - Filled First Name: Renee
2026-04-27 17:47:48,444 - INFO - Filled Middle Name: QA Team
2026-04-27 17:47:49,638 - INFO - Filled Last Name: Raju
2026-04-27 17:47:50,817 - INFO - Checked: Use Same for Billing
2026-04-27 17:47:52,012 - INFO - Checked: Use Same for Shipping
2026-04-27 17:47:53,160 - INFO - Checked: Primary Address
2026-04-27 17:47:57,059 - INFO - Filled Address: 123 Automation Blvd
2026-04-27 17:47:58,295 - INFO - Filled Zip Code: 12345
2026-04-27 17:48:00,043 - INFO - Filled Phone: 7145908523
2026-04-27 17:48:01,240 - INFO - Filled Email: renee.raju89@testmail.com
2026-04-27 17:48:02,448 - INFO - Filled Confirm Email: renee.raju89@testmail.com
2026-04-27 17:48:02,450 - INFO - Clicking Save & Next...
2026-04-27 17:48:02,476 - INFO - Chatbot elements hidden via CSS injection.
2026-04-27 17:48:04,553 - INFO - Step 1 Submitted.
2026-04-27 17:48:04,554 - INFO - Adding 1 Vehicle(s)...
2026-04-27 17:48:05,224 - INFO - Step 2 loaded successfully.
2026-04-27 17:48:05,294 - INFO - Chatbot elements hidden via CSS injection.
2026-04-27 17:48:06,589 - INFO - Filled Plate 1: QA7251GP
2026-04-27 17:48:11,195 - INFO - Filled Plate Start Date: 2026-04-27
2026-04-27 17:48:22,685 - INFO - Clicking 'Add' button for Vehicle 1...
2026-04-27 17:48:22,708 - INFO - Chatbot elements hidden via CSS injection.
2026-04-27 17:48:25,482 - INFO - Vehicle 1 addition triggered.
2026-04-27 17:48:26,524 - INFO - Chatbot elements hidden via CSS injection.
2026-04-27 17:48:28,128 - INFO - Captured Permanent Account Number: 2000006014
2026-04-27 17:48:28,128 - INFO - Account 2000006014 saved to SharedData.
2026-04-27 17:48:28,128 - INFO - Starting Step 3: Payment Information...
2026-04-27 17:48:28,203 - INFO - Chatbot elements hidden via CSS injection.
2026-04-27 17:48:32,760 - INFO - Filled Cardholder Name: ODVxI
2026-04-27 17:48:34,382 - INFO - Filled Card Number: 4066699394793387
2026-04-27 17:48:35,976 - INFO - Filled Expiry Date: 04/28
2026-04-27 17:48:37,587 - INFO - Filled CVV: 805
2026-04-27 17:48:40,053 - INFO - Clicking 'Preview and Pay'...
2026-04-27 17:48:40,082 - INFO - Chatbot elements hidden via CSS injection.
2026-04-27 17:48:40,876 - INFO - Waiting for Payment Summary card...
2026-04-27 17:48:41,958 - INFO - ✅ Step 3 (Payment & Summary) complete.
2026-04-27 17:48:41,960 - INFO - Starting Final Confirmation Modal...
2026-04-27 17:48:42,149 - INFO - Clicking the final 'Pay' button inside the Confirmation Modal...
2026-04-27 17:48:45,114 - INFO - ✅ Account onboarding completed successfully.
2026-04-27 17:48:45,117 - INFO - Finalizing process: Clicking 'Account Summary' button...
2026-04-27 17:48:46,027 - INFO - ✅ Navigating to Account Summary page.
2026-04-27 17:48:46,031 - INFO - Step 2: Creating case for account: 2000006014
2026-04-27 17:48:46,033 - INFO - Navigating to Case Management...
2026-04-27 17:48:58,545 - ERROR - Failed to navigate to Cases: Timeout 10000ms exceeded.
