2026-04-14 12:09:35,208 - INFO - Test Session Started.
2026-04-14 12:09:35,208 - INFO - Navigating to Login Page: http://operator-qa.qmaastech.com/
2026-04-14 12:09:35,208 - INFO - Navigating to: http://operator-qa.qmaastech.com/
2026-04-14 12:09:41,961 - INFO - Attempting login for user: superadmin_qm@yopmail.com
2026-04-14 12:09:43,652 - INFO - Logging DOM elements BEFORE login click...
2026-04-14 12:09:43,652 - INFO - 
================================================================================
2026-04-14 12:09:43,652 - INFO - DOM SNAPSHOT AT STAGE: Before_Login
2026-04-14 12:09:43,652 - INFO - ================================================================================
2026-04-14 12:09:43,666 - INFO - 
Searching for pop-up elements in page content...
2026-04-14 12:09:43,809 - WARNING - ⚠ No known pop-up selectors found. Checking all visible divs...
2026-04-14 12:09:43,841 - INFO - Total DIV elements on page: 20
2026-04-14 12:09:44,078 - INFO -   Visible DIV 1: class='hero-pills' id='no-id' text='bolt
Real-time
smart_toy
AI-driven
hub
Multi-agenc'
2026-04-14 12:09:44,167 - INFO -   Visible DIV 2: class='auth-panel' id='no-id' text='Welcome Back

Sign in to your account to continue
'
2026-04-14 12:09:44,214 - INFO -   Visible DIV 3: class='auth-card' id='no-id' text='Welcome Back

Sign in to your account to continue
'
2026-04-14 12:09:44,276 - INFO -   Visible DIV 4: class='auth-step' id='no-id' text='Welcome Back

Sign in to your account to continue
'
2026-04-14 12:09:44,349 - INFO -   Visible DIV 5: class='field-wrap' id='no-id' text='Email ID / Username *
person'
2026-04-14 12:09:44,402 - INFO -   Visible DIV 6: class='input-shell' id='no-id' text='person'
2026-04-14 12:09:44,453 - INFO -   Visible DIV 7: class='field-wrap' id='no-id' text='Password *
lock
visibility_off'
2026-04-14 12:09:44,502 - INFO -   Visible DIV 8: class='input-shell' id='no-id' text='lock
visibility_off'
2026-04-14 12:09:44,551 - INFO -   Visible DIV 9: class='auth-bottom-links' id='no-id' text='New user?  Access Account

Forgot password?'
2026-04-14 12:09:44,580 - INFO - 
================================================================================

2026-04-14 12:09:45,130 - INFO - Login button clicked.
2026-04-14 12:09:45,132 - INFO - Taking rapid screenshots and validating pop-up...
2026-04-14 12:09:45,466 - INFO - Screenshot captured: reports\RUN_20260414_120928\screenshots\03_Popup_Immediate_1_120945.png
2026-04-14 12:09:45,466 - INFO - Screenshot 1 captured - Attempting validation...
2026-04-14 12:09:45,466 - INFO - 
================================================================================
2026-04-14 12:09:45,466 - INFO - STARTING COMPREHENSIVE POP-UP VALIDATION
2026-04-14 12:09:45,466 - INFO - ================================================================================
2026-04-14 12:09:45,494 - ERROR - VALIDATION FAILED: Pop-up element not found!
2026-04-14 12:09:45,829 - INFO - Screenshot captured: reports\RUN_20260414_120928\screenshots\03_Popup_Immediate_2_120945.png
2026-04-14 12:09:45,830 - INFO - Screenshot 2 captured - Attempting validation...
2026-04-14 12:09:45,830 - INFO - 
================================================================================
2026-04-14 12:09:45,830 - INFO - STARTING COMPREHENSIVE POP-UP VALIDATION
2026-04-14 12:09:45,830 - INFO - ================================================================================
2026-04-14 12:09:45,853 - INFO - 
[VALIDATION 1] Checking Pop-up Visibility...
2026-04-14 12:09:45,869 - INFO -   Visibility Status: True
2026-04-14 12:09:45,871 - INFO -   PASSED: Pop-up is visible
2026-04-14 12:09:45,871 - INFO - 
[VALIDATION 2] Extracting and Validating Text Content...
2026-04-14 12:09:45,879 - INFO -   Extracted Text: 'Login Successful'
2026-04-14 12:09:45,879 - INFO -   PASSED: Text matches exactly: 'Login Successful'
2026-04-14 12:09:45,879 - INFO - 
[VALIDATION 3] Checking for Typos...
2026-04-14 12:09:45,879 - INFO -   PASSED: No known typos detected
2026-04-14 12:09:45,886 - INFO - 
[VALIDATION 4] Extracting CSS Classes and Attributes...
2026-04-14 12:09:45,895 - INFO -   CSS Classes: snackbar success-snackbar
2026-04-14 12:09:45,895 - INFO -   PASSED: 'success' class is present
2026-04-14 12:09:45,895 - INFO - 
[VALIDATION 5] Checking Element Properties...
2026-04-14 12:09:45,935 - INFO -   ID: Not set
2026-04-14 12:09:45,935 - INFO -   Data-TestID: Not set
2026-04-14 12:09:45,935 - INFO -   Role: Not set
2026-04-14 12:09:45,935 - INFO -   ARIA Label: Not set
2026-04-14 12:09:45,935 - INFO - 
[VALIDATION 6] Checking Position and Size...
2026-04-14 12:09:45,951 - INFO -   X: 1210, Y: 20
2026-04-14 12:09:45,951 - INFO -   Width: 250, Height: 43.5
2026-04-14 12:09:45,951 - INFO -   PASSED: Element has valid dimensions
2026-04-14 12:09:45,951 - INFO - 
[VALIDATION 7] Checking Computed Styles...
2026-04-14 12:09:45,979 - INFO -   Display: block
2026-04-14 12:09:45,983 - INFO -   Opacity: 1
2026-04-14 12:09:45,983 - INFO -   PASSED: Element is displayed with proper opacity
2026-04-14 12:09:45,983 - INFO - 
================================================================================
2026-04-14 12:09:45,983 - INFO - POP-UP VALIDATION SUMMARY
2026-04-14 12:09:45,983 - INFO - ================================================================================
2026-04-14 12:09:45,983 - INFO -   Visibility: PASSED
2026-04-14 12:09:45,983 - INFO -   Text Match: PASSED
2026-04-14 12:09:45,983 - INFO -   Typo Check: PASSED
2026-04-14 12:09:45,983 - INFO -   CSS Classes: Present
2026-04-14 12:09:45,983 - INFO -   Position & Size: Valid
2026-04-14 12:09:45,983 - INFO -   Computed Styles: Valid
2026-04-14 12:09:45,983 - INFO - ================================================================================

2026-04-14 12:09:45,983 - INFO - ✓ ALL VALIDATIONS PASSED - Pop-up is working correctly!
2026-04-14 12:09:46,308 - INFO - Screenshot captured: reports\RUN_20260414_120928\screenshots\03_Popup_Immediate_3_120946.png
2026-04-14 12:09:46,308 - INFO - Screenshot 3 captured - Attempting validation...
2026-04-14 12:09:46,308 - INFO - 
================================================================================
2026-04-14 12:09:46,308 - INFO - STARTING COMPREHENSIVE POP-UP VALIDATION
2026-04-14 12:09:46,308 - INFO - ================================================================================
2026-04-14 12:09:46,327 - INFO - 
[VALIDATION 1] Checking Pop-up Visibility...
2026-04-14 12:09:46,416 - INFO -   Visibility Status: False
2026-04-14 12:09:46,416 - ERROR -   FAILED: Pop-up is not visible!
2026-04-14 12:09:46,531 - INFO - Logging DOM elements AFTER login click (pop-up should appear here)...
2026-04-14 12:09:46,531 - INFO - 
================================================================================
2026-04-14 12:09:46,531 - INFO - DOM SNAPSHOT AT STAGE: After_Login_Click
2026-04-14 12:09:46,531 - INFO - ================================================================================
2026-04-14 12:09:46,549 - INFO - 
Searching for pop-up elements in page content...
2026-04-14 12:09:46,675 - WARNING - ⚠ No known pop-up selectors found. Checking all visible divs...
2026-04-14 12:09:46,707 - INFO - Total DIV elements on page: 28
2026-04-14 12:09:46,806 - INFO -   Visible DIV 1: class='header-right' id='no-id' text='English
French
Spanish
Quantum Toll Authority
supe'
2026-04-14 12:09:46,851 - INFO -   Visible DIV 2: class='nav-user' id='no-id' text='Quantum Toll Authority
superadmin_qm@yopmail.com'
2026-04-14 12:09:46,930 - INFO -   Visible DIV 3: class='nav-user-info' id='no-id' text='Quantum Toll Authority
superadmin_qm@yopmail.com'
2026-04-14 12:09:47,007 - INFO -   Visible DIV 4: class='uname' id='no-id' text='Quantum Toll Authority'
2026-04-14 12:09:47,054 - INFO -   Visible DIV 5: class='urole' id='no-id' text='superadmin_qm@yopmail.com'
2026-04-14 12:09:47,107 - INFO -   Visible DIV 6: class='main-container' id='no-id' text='dashboard_2
group
decimal_increase
admin_panel_set'
2026-04-14 12:09:47,168 - INFO -   Visible DIV 7: class='inner' id='no-id' text='dashboard_2'
2026-04-14 12:09:47,937 - INFO -   Visible DIV 8: class='inner' id='no-id' text='group'
2026-04-14 12:09:48,329 - INFO -   Visible DIV 9: class='inner' id='no-id' text='decimal_increase'
2026-04-14 12:09:49,581 - INFO -   Visible DIV 10: class='inner' id='no-id' text='admin_panel_settings'
2026-04-14 12:09:49,701 - INFO -   Visible DIV 11: class='inner' id='no-id' text='nest_doorbell_visitor'
2026-04-14 12:09:49,944 - INFO -   Visible DIV 12: class='inner' id='no-id' text='key_visualizer'
2026-04-14 12:09:49,963 - INFO - 
================================================================================

2026-04-14 12:09:50,126 - INFO - Screenshot captured: reports\RUN_20260414_120928\screenshots\02_Just_After_Login_Click_120949.png
2026-04-14 12:09:50,636 - INFO - Starting Onboarding Flow Test
2026-04-14 12:09:50,638 - INFO - Starting navigation to Onboard Customer page...
2026-04-14 12:09:50,638 - INFO - Clicking Workbench icon...
2026-04-14 12:09:51,549 - INFO - Workbench menu expanded.
2026-04-14 12:09:51,550 - INFO - Clicking 'Manage Accounts' sub-menu...
2026-04-14 12:09:52,449 - INFO - 'Manage Accounts' submenu expanded.
2026-04-14 12:09:52,449 - INFO - Clicking 'Onboard a Customer' link...
2026-04-14 12:09:53,562 - INFO - Successfully navigated to Onboard Customer page.
2026-04-14 12:09:53,834 - INFO - Screenshot captured: reports\RUN_20260414_120928\screenshots\02_Onboard_Customer_Landing_120953.png
2026-04-14 12:09:53,834 - INFO - Filling Onboarding details for United States...
2026-04-14 12:09:55,760 - INFO - Filled First Name: EJIf
2026-04-14 12:09:57,135 - INFO - Filled Last Name: HknCgWuqXHfDslbxyQNd
2026-04-14 12:09:58,256 - INFO - Checked: Use Same for Billing
2026-04-14 12:09:59,401 - INFO - Checked: Use Same for Shipping
2026-04-14 12:10:00,549 - INFO - Checked: Primary Address
2026-04-14 12:10:05,066 - INFO - Filled Address: 123 Automation Way
2026-04-14 12:10:06,443 - INFO - Filled Zip Code: 12345
2026-04-14 12:10:08,325 - INFO - Filled Unique Phone Number: 9171357947
2026-04-14 12:10:09,710 - INFO - Filled Email: auto_ejif@test.com
2026-04-14 12:10:11,095 - INFO - Filled Confirm Email: auto_ejif@test.com
2026-04-14 12:10:11,095 - INFO - Clicking 'Save & Next'...
2026-04-14 12:10:12,700 - INFO - Successfully verified Step 1 completion.
2026-04-14 12:10:12,733 - INFO - Retrieved Temporary Account ID: 1000001808
2026-04-14 12:10:12,735 - INFO - Step 1 Success. ID: 1000001808
2026-04-14 12:10:12,735 - INFO - Starting Step 2: Adding 4 Vehicle(s)...
2026-04-14 12:10:14,094 - INFO - Filled Plate Number 1: QA9155GP
2026-04-14 12:10:20,205 - INFO - Filled Plate Start Date: 2026-04-14
2026-04-14 12:10:33,351 - INFO - Vehicle 1 added.
2026-04-14 12:10:34,689 - INFO - Filled Plate Number 2: QA7323GP
2026-04-14 12:10:40,809 - INFO - Filled Plate Start Date: 2026-04-14
2026-04-14 12:10:54,028 - INFO - Vehicle 2 added.
2026-04-14 12:10:55,374 - INFO - Filled Plate Number 3: QA7641GP
2026-04-14 12:11:01,492 - INFO - Filled Plate Start Date: 2026-04-14
2026-04-14 12:11:14,749 - INFO - Vehicle 3 added.
2026-04-14 12:11:16,198 - INFO - Filled Plate Number 4: QA9669GP
2026-04-14 12:11:22,610 - INFO - Filled Plate Start Date: 2026-04-14
2026-04-14 12:11:36,766 - INFO - Vehicle 4 added.
2026-04-14 12:11:37,441 - INFO - Step 2 complete successfully.
2026-04-14 12:11:37,441 - INFO - Starting Step 3: Payment Information...
2026-04-14 12:11:41,095 - INFO - Filled Name On Card: juyFJrLUSShFbdVrcnevmeNPCVdIMDfLCDbGJKutt
2026-04-14 12:11:42,608 - INFO - Filled Card Number: 7415196227813945
2026-04-14 12:11:44,120 - INFO - Filled Expiry Date: 04/28
2026-04-14 12:11:45,624 - INFO - Filled CVV Number: 862
2026-04-14 12:11:46,230 - INFO - Modal closed. Waiting for table to refresh...
2026-04-14 12:11:46,854 - INFO - ✅ Selected the Credit Card radio button.
2026-04-14 12:11:48,130 - INFO - ✅ Step 3 complete successfully.
2026-04-14 12:11:48,130 - INFO - Starting Step 4: Final Preview and Payment...
2026-04-14 12:11:48,204 - INFO - Clicking the final 'PAY' button...
2026-04-14 12:11:51,478 - INFO - ✅ Account onboarding completed successfully.
2026-04-14 12:11:51,478 - INFO - Test completed successfully.
2026-04-14 12:28:20,628 - INFO - Test Session Started.
2026-04-14 12:28:20,631 - INFO - Navigating to Login Page: http://operator-qa.qmaastech.com/
2026-04-14 12:28:20,634 - INFO - Navigating to: http://operator-qa.qmaastech.com/
2026-04-14 12:28:23,267 - INFO - Attempting login for user: superadmin_qm@yopmail.com
2026-04-14 12:28:24,942 - INFO - Logging DOM elements BEFORE login click...
2026-04-14 12:28:24,942 - INFO - 
================================================================================
2026-04-14 12:28:24,942 - INFO - DOM SNAPSHOT AT STAGE: Before_Login
2026-04-14 12:28:24,942 - INFO - ================================================================================
2026-04-14 12:28:24,964 - INFO - 
Searching for pop-up elements in page content...
2026-04-14 12:28:25,276 - WARNING - ⚠ No known pop-up selectors found. Checking all visible divs...
2026-04-14 12:28:25,312 - INFO - Total DIV elements on page: 20
2026-04-14 12:28:25,818 - INFO -   Visible DIV 1: class='hero-pills' id='no-id' text='bolt
Real-time
smart_toy
AI-driven
hub
Multi-agenc'
2026-04-14 12:28:25,937 - INFO -   Visible DIV 2: class='auth-panel' id='no-id' text='Welcome Back

Sign in to your account to continue
'
2026-04-14 12:28:26,026 - INFO -   Visible DIV 3: class='auth-card' id='no-id' text='Welcome Back

Sign in to your account to continue
'
2026-04-14 12:28:26,123 - INFO -   Visible DIV 4: class='auth-step' id='no-id' text='Welcome Back

Sign in to your account to continue
'
2026-04-14 12:28:26,316 - INFO -   Visible DIV 5: class='field-wrap' id='no-id' text='Email ID / Username *
person'
2026-04-14 12:28:26,422 - INFO -   Visible DIV 6: class='input-shell' id='no-id' text='person'
2026-04-14 12:28:26,486 - INFO -   Visible DIV 7: class='field-wrap' id='no-id' text='Password *
lock
visibility_off'
2026-04-14 12:28:26,572 - INFO -   Visible DIV 8: class='input-shell' id='no-id' text='lock
visibility_off'
2026-04-14 12:28:26,637 - INFO -   Visible DIV 9: class='auth-bottom-links' id='no-id' text='New user?  Access Account

Forgot password?'
2026-04-14 12:28:26,700 - INFO - 
================================================================================

2026-04-14 12:28:27,265 - INFO - Login button clicked.
2026-04-14 12:28:27,268 - INFO - Taking rapid screenshots and validating pop-up...
2026-04-14 12:28:27,946 - INFO - Screenshot captured: reports\RUN_20260414_122817\screenshots\03_Popup_Immediate_1_122827.png
2026-04-14 12:28:27,946 - INFO - Screenshot 1 captured - Attempting validation...
2026-04-14 12:28:27,946 - INFO - 
================================================================================
2026-04-14 12:28:27,951 - INFO - STARTING COMPREHENSIVE POP-UP VALIDATION
2026-04-14 12:28:27,951 - INFO - ================================================================================
2026-04-14 12:28:27,968 - INFO - 
[VALIDATION 1] Checking Pop-up Visibility...
2026-04-14 12:28:28,001 - INFO -   Visibility Status: True
2026-04-14 12:28:28,014 - INFO -   PASSED: Pop-up is visible
2026-04-14 12:28:28,014 - INFO - 
[VALIDATION 2] Extracting and Validating Text Content...
2026-04-14 12:28:28,050 - INFO -   Extracted Text: 'Login Successful'
2026-04-14 12:28:28,052 - INFO -   PASSED: Text matches exactly: 'Login Successful'
2026-04-14 12:28:28,052 - INFO - 
[VALIDATION 3] Checking for Typos...
2026-04-14 12:28:28,052 - INFO -   PASSED: No known typos detected
2026-04-14 12:28:28,052 - INFO - 
[VALIDATION 4] Extracting CSS Classes and Attributes...
2026-04-14 12:28:28,086 - INFO -   CSS Classes: snackbar success-snackbar
2026-04-14 12:28:28,086 - INFO -   PASSED: 'success' class is present
2026-04-14 12:28:28,094 - INFO - 
[VALIDATION 5] Checking Element Properties...
2026-04-14 12:28:28,205 - INFO -   ID: Not set
2026-04-14 12:28:28,205 - INFO -   Data-TestID: Not set
2026-04-14 12:28:28,207 - INFO -   Role: Not set
2026-04-14 12:28:28,207 - INFO -   ARIA Label: Not set
2026-04-14 12:28:28,207 - INFO - 
[VALIDATION 6] Checking Position and Size...
2026-04-14 12:28:28,223 - INFO -   X: 1210, Y: 20
2026-04-14 12:28:28,223 - INFO -   Width: 250, Height: 43.5
2026-04-14 12:28:28,223 - INFO -   PASSED: Element has valid dimensions
2026-04-14 12:28:28,223 - INFO - 
[VALIDATION 7] Checking Computed Styles...
2026-04-14 12:28:28,283 - INFO -   Display: block
2026-04-14 12:28:28,283 - INFO -   Opacity: 1
2026-04-14 12:28:28,284 - INFO -   PASSED: Element is displayed with proper opacity
2026-04-14 12:28:28,284 - INFO - 
================================================================================
2026-04-14 12:28:28,284 - INFO - POP-UP VALIDATION SUMMARY
2026-04-14 12:28:28,284 - INFO - ================================================================================
2026-04-14 12:28:28,284 - INFO -   Visibility: PASSED
2026-04-14 12:28:28,284 - INFO -   Text Match: PASSED
2026-04-14 12:28:28,284 - INFO -   Typo Check: PASSED
2026-04-14 12:28:28,284 - INFO -   CSS Classes: Present
2026-04-14 12:28:28,284 - INFO -   Position & Size: Valid
2026-04-14 12:28:28,284 - INFO -   Computed Styles: Valid
2026-04-14 12:28:28,284 - INFO - ================================================================================

2026-04-14 12:28:28,291 - INFO - ✓ ALL VALIDATIONS PASSED - Pop-up is working correctly!
2026-04-14 12:28:28,693 - INFO - Screenshot captured: reports\RUN_20260414_122817\screenshots\03_Popup_Immediate_2_122828.png
2026-04-14 12:28:28,693 - INFO - Screenshot 2 captured - Attempting validation...
2026-04-14 12:28:28,698 - INFO - 
================================================================================
2026-04-14 12:28:28,699 - INFO - STARTING COMPREHENSIVE POP-UP VALIDATION
2026-04-14 12:28:28,699 - INFO - ================================================================================
2026-04-14 12:28:28,786 - ERROR - VALIDATION FAILED: Pop-up element not found!
2026-04-14 12:28:30,374 - INFO - Screenshot captured: reports\RUN_20260414_122817\screenshots\03_Popup_Immediate_3_122828.png
2026-04-14 12:28:30,374 - INFO - Screenshot 3 captured - Attempting validation...
2026-04-14 12:28:30,374 - INFO - 
================================================================================
2026-04-14 12:28:30,374 - INFO - STARTING COMPREHENSIVE POP-UP VALIDATION
2026-04-14 12:28:30,374 - INFO - ================================================================================
2026-04-14 12:28:30,393 - ERROR - VALIDATION FAILED: Pop-up element not found!
2026-04-14 12:28:30,526 - INFO - Logging DOM elements AFTER login click (pop-up should appear here)...
2026-04-14 12:28:30,526 - INFO - 
================================================================================
2026-04-14 12:28:30,526 - INFO - DOM SNAPSHOT AT STAGE: After_Login_Click
2026-04-14 12:28:30,529 - INFO - ================================================================================
2026-04-14 12:28:30,550 - INFO - 
Searching for pop-up elements in page content...
2026-04-14 12:28:30,875 - WARNING - ⚠ No known pop-up selectors found. Checking all visible divs...
2026-04-14 12:28:30,931 - INFO - Total DIV elements on page: 28
2026-04-14 12:28:31,158 - INFO -   Visible DIV 1: class='header-right' id='no-id' text='English
French
Spanish
Quantum Toll Authority
supe'
2026-04-14 12:28:31,285 - INFO -   Visible DIV 2: class='nav-user' id='no-id' text='Quantum Toll Authority
superadmin_qm@yopmail.com'
2026-04-14 12:28:31,461 - INFO -   Visible DIV 3: class='nav-user-info' id='no-id' text='Quantum Toll Authority
superadmin_qm@yopmail.com'
2026-04-14 12:28:31,577 - INFO -   Visible DIV 4: class='uname' id='no-id' text='Quantum Toll Authority'
2026-04-14 12:28:31,675 - INFO -   Visible DIV 5: class='urole' id='no-id' text='superadmin_qm@yopmail.com'
2026-04-14 12:28:31,784 - INFO -   Visible DIV 6: class='main-container' id='no-id' text='dashboard_2
group
decimal_increase
admin_panel_set'
2026-04-14 12:28:31,863 - INFO -   Visible DIV 7: class='inner' id='no-id' text='dashboard_2'
2026-04-14 12:28:31,965 - INFO -   Visible DIV 8: class='inner' id='no-id' text='group'
2026-04-14 12:28:32,077 - INFO -   Visible DIV 9: class='inner' id='no-id' text='decimal_increase'
2026-04-14 12:28:32,224 - INFO -   Visible DIV 10: class='inner' id='no-id' text='admin_panel_settings'
2026-04-14 12:28:32,340 - INFO -   Visible DIV 11: class='inner' id='no-id' text='nest_doorbell_visitor'
2026-04-14 12:28:32,441 - INFO -   Visible DIV 12: class='inner' id='no-id' text='key_visualizer'
2026-04-14 12:28:32,457 - INFO - 
================================================================================

2026-04-14 12:28:32,704 - INFO - Screenshot captured: reports\RUN_20260414_122817\screenshots\02_Just_After_Login_Click_122832.png
2026-04-14 12:28:33,057 - INFO - Starting Onboarding Flow Test
2026-04-14 12:28:33,057 - INFO - Starting navigation to Onboard Customer page...
2026-04-14 12:28:33,057 - INFO - Clicking Workbench icon...
2026-04-14 12:28:33,650 - INFO - Workbench menu expanded.
2026-04-14 12:28:33,650 - INFO - Clicking 'Manage Accounts' sub-menu...
2026-04-14 12:28:34,201 - INFO - 'Manage Accounts' submenu expanded.
2026-04-14 12:28:34,208 - INFO - Clicking 'Onboard a Customer' link...
2026-04-14 12:28:35,675 - INFO - Successfully navigated to Onboard Customer page.
2026-04-14 12:28:36,132 - INFO - Screenshot captured: reports\RUN_20260414_122817\screenshots\02_Onboard_Customer_Landing_122835.png
2026-04-14 12:28:36,146 - INFO - Filling Onboarding details for United States...
2026-04-14 12:28:38,109 - INFO - Filled First Name: DJWcYuwuMcnCFgxHEjHtjSxEbkfmBAbNFBYDdkrDSZtUBhHEkU
2026-04-14 12:28:39,474 - INFO - Filled Last Name: WzkwrSHOZywP
2026-04-14 12:28:40,651 - INFO - Checked: Use Same for Billing
2026-04-14 12:28:41,806 - INFO - Checked: Use Same for Shipping
2026-04-14 12:28:42,941 - INFO - Checked: Primary Address
2026-04-14 12:28:47,525 - INFO - Filled Address: 123 Automation Way
2026-04-14 12:28:48,925 - INFO - Filled Zip Code: 12345
2026-04-14 12:28:50,880 - INFO - Filled Unique Phone Number: 9750420704
2026-04-14 12:28:52,247 - INFO - Filled Email: auto_djwcyuwumcncfgxhejhtjsxebkfmbabnfbyddkrdsztubhheku@test.com
2026-04-14 12:28:53,631 - INFO - Filled Confirm Email: auto_djwcyuwumcncfgxhejhtjsxebkfmbabnfbyddkrdsztubhheku@test.com
2026-04-14 12:28:53,631 - INFO - Clicking 'Save & Next'...
2026-04-14 12:28:55,332 - INFO - Successfully verified Step 1 completion.
2026-04-14 12:28:55,398 - INFO - Retrieved Temporary Account ID: 1000001809
2026-04-14 12:28:55,398 - INFO - Step 1 Success. ID: 1000001809
2026-04-14 12:28:55,401 - INFO - Starting Step 2: Adding 4 Vehicle(s)...
2026-04-14 12:28:56,803 - INFO - Filled Plate Number 1: QA5802GP
2026-04-14 12:29:02,973 - INFO - Filled Plate Start Date: 2026-04-14
2026-04-14 12:29:16,262 - INFO - Vehicle 1 added.
2026-04-14 12:29:17,645 - INFO - Filled Plate Number 2: QA4986GP
2026-04-14 12:29:23,797 - INFO - Filled Plate Start Date: 2026-04-14
2026-04-14 12:29:37,050 - INFO - Vehicle 2 added.
2026-04-14 12:29:38,412 - INFO - Filled Plate Number 3: QA3329GP
2026-04-14 12:29:44,588 - INFO - Filled Plate Start Date: 2026-04-14
2026-04-14 12:29:57,770 - INFO - Vehicle 3 added.
2026-04-14 12:29:59,126 - INFO - Filled Plate Number 4: QA7863GP
2026-04-14 12:30:05,295 - INFO - Filled Plate Start Date: 2026-04-14
2026-04-14 12:30:18,510 - INFO - Vehicle 4 added.
2026-04-14 12:30:19,098 - INFO - Step 2 complete successfully.
2026-04-14 12:30:19,098 - INFO - Starting Step 3: Payment Information...
2026-04-14 12:30:22,550 - INFO - Filled Name On Card: VhFxnOWXIupWkkGIggFlOYJcIDjfpdoMuDRiJHTKixm
2026-04-14 12:30:23,985 - INFO - Filled Card Number: 3553192941752904
2026-04-14 12:30:25,394 - INFO - Filled Expiry Date: 04/28
2026-04-14 12:30:26,803 - INFO - Filled CVV Number: 763
2026-04-14 12:30:27,386 - INFO - Modal closed. Waiting for table to refresh...
2026-04-14 12:30:27,955 - INFO - ✅ Selected the Credit Card radio button.
2026-04-14 12:30:29,120 - INFO - ✅ Step 3 complete successfully.
2026-04-14 12:30:29,120 - INFO - Starting Step 4: Final Preview and Payment...
2026-04-14 12:30:29,139 - INFO - Clicking the final 'PAY' button...
2026-04-14 12:30:32,277 - INFO - ✅ Account onboarding completed successfully.
2026-04-14 12:30:32,279 - INFO - Test completed successfully.
2026-04-14 14:57:38,329 - INFO - Test Session Started.
2026-04-14 14:57:38,331 - INFO - Navigating to Login Page: http://operator-qa.qmaastech.com/
2026-04-14 14:57:38,336 - INFO - Navigating to: http://operator-qa.qmaastech.com/
2026-04-14 14:57:40,670 - INFO - Attempting login for user: superadmin_qm@yopmail.com
2026-04-14 14:57:42,307 - INFO - Logging DOM elements BEFORE login click...
2026-04-14 14:57:42,308 - INFO - 
================================================================================
2026-04-14 14:57:42,309 - INFO - DOM SNAPSHOT AT STAGE: Before_Login
2026-04-14 14:57:42,310 - INFO - ================================================================================
2026-04-14 14:57:42,350 - INFO - 
Searching for pop-up elements in page content...
2026-04-14 14:57:42,530 - WARNING - ⚠ No known pop-up selectors found. Checking all visible divs...
2026-04-14 14:57:42,562 - INFO - Total DIV elements on page: 20
2026-04-14 14:57:43,014 - INFO -   Visible DIV 1: class='hero-pills' id='no-id' text='bolt
Real-time
smart_toy
AI-driven
hub
Multi-agenc'
2026-04-14 14:57:43,169 - INFO -   Visible DIV 2: class='auth-panel' id='no-id' text='Welcome Back

Sign in to your account to continue
'
2026-04-14 14:57:43,249 - INFO -   Visible DIV 3: class='auth-card' id='no-id' text='Welcome Back

Sign in to your account to continue
'
2026-04-14 14:57:43,311 - INFO -   Visible DIV 4: class='auth-step' id='no-id' text='Welcome Back

Sign in to your account to continue
'
2026-04-14 14:57:43,435 - INFO -   Visible DIV 5: class='field-wrap' id='no-id' text='Email ID / Username *
person'
2026-04-14 14:57:43,541 - INFO -   Visible DIV 6: class='input-shell' id='no-id' text='person'
2026-04-14 14:57:43,613 - INFO -   Visible DIV 7: class='field-wrap' id='no-id' text='Password *
lock
visibility_off'
2026-04-14 14:57:43,694 - INFO -   Visible DIV 8: class='input-shell' id='no-id' text='lock
visibility_off'
2026-04-14 14:57:43,758 - INFO -   Visible DIV 9: class='auth-bottom-links' id='no-id' text='New user?  Access Account

Forgot password?'
2026-04-14 14:57:43,791 - INFO - 
================================================================================

2026-04-14 14:57:44,335 - INFO - Login button clicked.
2026-04-14 14:57:44,339 - INFO - Taking rapid screenshots and validating pop-up...
2026-04-14 14:57:44,917 - INFO - Screenshot captured: reports\RUN_20260414_145735\screenshots\03_Popup_Immediate_1_145744.png
2026-04-14 14:57:44,920 - INFO - Screenshot 1 captured - Attempting validation...
2026-04-14 14:57:44,920 - INFO - 
================================================================================
2026-04-14 14:57:44,921 - INFO - STARTING COMPREHENSIVE POP-UP VALIDATION
2026-04-14 14:57:44,921 - INFO - ================================================================================
2026-04-14 14:57:44,956 - INFO - 
[VALIDATION 1] Checking Pop-up Visibility...
2026-04-14 14:57:44,980 - INFO -   Visibility Status: True
2026-04-14 14:57:44,981 - INFO -   PASSED: Pop-up is visible
2026-04-14 14:57:44,981 - INFO - 
[VALIDATION 2] Extracting and Validating Text Content...
2026-04-14 14:57:45,004 - INFO -   Extracted Text: 'Login Successful'
2026-04-14 14:57:45,004 - INFO -   PASSED: Text matches exactly: 'Login Successful'
2026-04-14 14:57:45,005 - INFO - 
[VALIDATION 3] Checking for Typos...
2026-04-14 14:57:45,005 - INFO -   PASSED: No known typos detected
2026-04-14 14:57:45,006 - INFO - 
[VALIDATION 4] Extracting CSS Classes and Attributes...
2026-04-14 14:57:45,024 - INFO -   CSS Classes: snackbar success-snackbar
2026-04-14 14:57:45,024 - INFO -   PASSED: 'success' class is present
2026-04-14 14:57:45,025 - INFO - 
[VALIDATION 5] Checking Element Properties...
2026-04-14 14:57:45,089 - INFO -   ID: Not set
2026-04-14 14:57:45,089 - INFO -   Data-TestID: Not set
2026-04-14 14:57:45,089 - INFO -   Role: Not set
2026-04-14 14:57:45,089 - INFO -   ARIA Label: Not set
2026-04-14 14:57:45,089 - INFO - 
[VALIDATION 6] Checking Position and Size...
2026-04-14 14:57:45,105 - INFO -   X: 1210, Y: 20
2026-04-14 14:57:45,105 - INFO -   Width: 250, Height: 43.5
2026-04-14 14:57:45,105 - INFO -   PASSED: Element has valid dimensions
2026-04-14 14:57:45,105 - INFO - 
[VALIDATION 7] Checking Computed Styles...
2026-04-14 14:57:45,169 - INFO -   Display: block
2026-04-14 14:57:45,169 - INFO -   Opacity: 1
2026-04-14 14:57:45,169 - INFO -   PASSED: Element is displayed with proper opacity
2026-04-14 14:57:45,169 - INFO - 
================================================================================
2026-04-14 14:57:45,169 - INFO - POP-UP VALIDATION SUMMARY
2026-04-14 14:57:45,169 - INFO - ================================================================================
2026-04-14 14:57:45,169 - INFO -   Visibility: PASSED
2026-04-14 14:57:45,182 - INFO -   Text Match: PASSED
2026-04-14 14:57:45,183 - INFO -   Typo Check: PASSED
2026-04-14 14:57:45,183 - INFO -   CSS Classes: Present
2026-04-14 14:57:45,183 - INFO -   Position & Size: Valid
2026-04-14 14:57:45,183 - INFO -   Computed Styles: Valid
2026-04-14 14:57:45,183 - INFO - ================================================================================

2026-04-14 14:57:45,183 - INFO - ✓ ALL VALIDATIONS PASSED - Pop-up is working correctly!
2026-04-14 14:57:45,620 - INFO - Screenshot captured: reports\RUN_20260414_145735\screenshots\03_Popup_Immediate_2_145745.png
2026-04-14 14:57:45,621 - INFO - Screenshot 2 captured - Attempting validation...
2026-04-14 14:57:45,622 - INFO - 
================================================================================
2026-04-14 14:57:45,622 - INFO - STARTING COMPREHENSIVE POP-UP VALIDATION
2026-04-14 14:57:45,622 - INFO - ================================================================================
2026-04-14 14:57:45,648 - ERROR - VALIDATION FAILED: Pop-up element not found!
2026-04-14 14:57:46,907 - INFO - Screenshot captured: reports\RUN_20260414_145735\screenshots\03_Popup_Immediate_3_145745.png
2026-04-14 14:57:46,908 - INFO - Screenshot 3 captured - Attempting validation...
2026-04-14 14:57:46,909 - INFO - 
================================================================================
2026-04-14 14:57:46,910 - INFO - STARTING COMPREHENSIVE POP-UP VALIDATION
2026-04-14 14:57:46,910 - INFO - ================================================================================
2026-04-14 14:57:46,949 - ERROR - VALIDATION FAILED: Pop-up element not found!
2026-04-14 14:57:47,083 - INFO - Logging DOM elements AFTER login click (pop-up should appear here)...
2026-04-14 14:57:47,085 - INFO - 
================================================================================
2026-04-14 14:57:47,085 - INFO - DOM SNAPSHOT AT STAGE: After_Login_Click
2026-04-14 14:57:47,086 - INFO - ================================================================================
2026-04-14 14:57:47,108 - INFO - 
Searching for pop-up elements in page content...
2026-04-14 14:57:47,409 - WARNING - ⚠ No known pop-up selectors found. Checking all visible divs...
2026-04-14 14:57:47,480 - INFO - Total DIV elements on page: 28
2026-04-14 14:57:47,726 - INFO -   Visible DIV 1: class='header-right' id='no-id' text='English
French
Spanish
Quantum Toll Authority
supe'
2026-04-14 14:57:47,854 - INFO -   Visible DIV 2: class='nav-user' id='no-id' text='Quantum Toll Authority
superadmin_qm@yopmail.com'
2026-04-14 14:57:48,027 - INFO -   Visible DIV 3: class='nav-user-info' id='no-id' text='Quantum Toll Authority
superadmin_qm@yopmail.com'
2026-04-14 14:57:48,129 - INFO -   Visible DIV 4: class='uname' id='no-id' text='Quantum Toll Authority'
2026-04-14 14:57:48,232 - INFO -   Visible DIV 5: class='urole' id='no-id' text='superadmin_qm@yopmail.com'
2026-04-14 14:57:48,328 - INFO -   Visible DIV 6: class='main-container' id='no-id' text='dashboard_2
group
decimal_increase
admin_panel_set'
2026-04-14 14:57:48,427 - INFO -   Visible DIV 7: class='inner' id='no-id' text='dashboard_2'
2026-04-14 14:57:48,514 - INFO -   Visible DIV 8: class='inner' id='no-id' text='group'
2026-04-14 14:57:48,620 - INFO -   Visible DIV 9: class='inner' id='no-id' text='decimal_increase'
2026-04-14 14:57:48,726 - INFO -   Visible DIV 10: class='inner' id='no-id' text='admin_panel_settings'
2026-04-14 14:57:48,833 - INFO -   Visible DIV 11: class='inner' id='no-id' text='nest_doorbell_visitor'
2026-04-14 14:57:48,953 - INFO -   Visible DIV 12: class='inner' id='no-id' text='key_visualizer'
2026-04-14 14:57:48,974 - INFO - 
================================================================================

2026-04-14 14:57:49,228 - INFO - Screenshot captured: reports\RUN_20260414_145735\screenshots\02_Just_After_Login_Click_145748.png
2026-04-14 14:57:49,497 - INFO - Starting Onboarding Flow Test
2026-04-14 14:57:49,498 - INFO - Starting navigation to Onboard Customer page...
2026-04-14 14:57:49,498 - INFO - Clicking Workbench icon...
2026-04-14 14:57:50,090 - INFO - Workbench menu expanded.
2026-04-14 14:57:50,090 - INFO - Clicking 'Manage Accounts' sub-menu...
2026-04-14 14:57:50,635 - INFO - 'Manage Accounts' submenu expanded.
2026-04-14 14:57:50,635 - INFO - Clicking 'Onboard a Customer' link...
2026-04-14 14:57:51,580 - INFO - Successfully navigated to Onboard Customer page.
2026-04-14 14:57:51,918 - INFO - Screenshot captured: reports\RUN_20260414_145735\screenshots\02_Onboard_Customer_Landing_145751.png
2026-04-14 14:57:51,920 - INFO - Filling Onboarding details for United States...
2026-04-14 14:57:53,853 - INFO - Filled First Name: xTUptUZnvnIzctggqonwfsvsxfIQnioJOoyNlexqHqwdUxz
2026-04-14 14:57:55,295 - INFO - Filled Last Name: VHtPZpBdEAgOzdLUAJLitnMmaniNSSEbOblShGdKr
2026-04-14 14:57:56,460 - INFO - Checked: Use Same for Billing
2026-04-14 14:57:57,616 - INFO - Checked: Use Same for Shipping
2026-04-14 14:57:58,713 - INFO - Checked: Primary Address
2026-04-14 14:58:03,216 - INFO - Filled Address: 123 Automation Way
2026-04-14 14:58:04,576 - INFO - Filled Zip Code: 12345
2026-04-14 14:58:06,444 - INFO - Filled Unique Phone Number: 9196062693
2026-04-14 14:58:07,802 - INFO - Filled Email: auto_xtuptuznvnizctggqonwfsvsxfiqniojooynlexqhqwduxz@test.com
2026-04-14 14:58:09,183 - INFO - Filled Confirm Email: auto_xtuptuznvnizctggqonwfsvsxfiqniojooynlexqhqwduxz@test.com
2026-04-14 14:58:09,183 - INFO - Clicking 'Save & Next'...
2026-04-14 14:58:10,806 - INFO - Successfully verified Step 1 completion.
2026-04-14 14:58:10,819 - INFO - Retrieved Temporary Account ID: 1000001810
2026-04-14 14:58:10,819 - INFO - Step 1 Success. ID: 1000001810
2026-04-14 14:58:10,819 - INFO - Starting Step 2: Adding 4 Vehicle(s)...
2026-04-14 14:58:12,217 - INFO - Filled Plate Number 1: QA3234GP
2026-04-14 14:58:18,384 - INFO - Filled Plate Start Date: 2026-04-14
2026-04-14 14:58:31,522 - INFO - Vehicle 1 added.
2026-04-14 14:58:32,857 - INFO - Filled Plate Number 2: QA5308GP
2026-04-14 14:58:38,961 - INFO - Filled Plate Start Date: 2026-04-14
2026-04-14 14:58:52,072 - INFO - Vehicle 2 added.
2026-04-14 14:58:53,488 - INFO - Filled Plate Number 3: QA2907GP
2026-04-14 14:58:59,627 - INFO - Filled Plate Start Date: 2026-04-14
2026-04-14 14:59:12,695 - INFO - Vehicle 3 added.
2026-04-14 14:59:14,049 - INFO - Filled Plate Number 4: QA8937GP
2026-04-14 14:59:20,121 - INFO - Filled Plate Start Date: 2026-04-14
2026-04-14 15:01:00,528 - INFO - Test Session Started.
2026-04-14 15:01:00,529 - INFO - Navigating to Login Page: http://operator-qa.qmaastech.com/
2026-04-14 15:01:00,531 - INFO - Navigating to: http://operator-qa.qmaastech.com/
2026-04-14 15:01:03,052 - INFO - Attempting login for user: superadmin_qm@yopmail.com
2026-04-14 15:01:04,705 - INFO - Logging DOM elements BEFORE login click...
2026-04-14 15:01:04,705 - INFO - 
================================================================================
2026-04-14 15:01:04,705 - INFO - DOM SNAPSHOT AT STAGE: Before_Login
2026-04-14 15:01:04,705 - INFO - ================================================================================
2026-04-14 15:01:04,720 - INFO - 
Searching for pop-up elements in page content...
2026-04-14 15:01:04,978 - WARNING - ⚠ No known pop-up selectors found. Checking all visible divs...
2026-04-14 15:01:05,009 - INFO - Total DIV elements on page: 20
2026-04-14 15:01:05,343 - INFO -   Visible DIV 1: class='hero-pills' id='no-id' text='bolt
Real-time
smart_toy
AI-driven
hub
Multi-agenc'
2026-04-14 15:01:05,428 - INFO -   Visible DIV 2: class='auth-panel' id='no-id' text='Welcome Back

Sign in to your account to continue
'
2026-04-14 15:01:05,478 - INFO -   Visible DIV 3: class='auth-card' id='no-id' text='Welcome Back

Sign in to your account to continue
'
2026-04-14 15:01:05,530 - INFO -   Visible DIV 4: class='auth-step' id='no-id' text='Welcome Back

Sign in to your account to continue
'
2026-04-14 15:01:05,590 - INFO -   Visible DIV 5: class='field-wrap' id='no-id' text='Email ID / Username *
person'
2026-04-14 15:01:05,630 - INFO -   Visible DIV 6: class='input-shell' id='no-id' text='person'
2026-04-14 15:01:05,676 - INFO -   Visible DIV 7: class='field-wrap' id='no-id' text='Password *
lock
visibility_off'
2026-04-14 15:01:05,723 - INFO -   Visible DIV 8: class='input-shell' id='no-id' text='lock
visibility_off'
2026-04-14 15:01:05,767 - INFO -   Visible DIV 9: class='auth-bottom-links' id='no-id' text='New user?  Access Account

Forgot password?'
2026-04-14 15:01:05,791 - INFO - 
================================================================================

2026-04-14 15:01:06,322 - INFO - Login button clicked.
2026-04-14 15:01:06,326 - INFO - Taking rapid screenshots and validating pop-up...
2026-04-14 15:01:06,946 - INFO - Screenshot captured: reports\RUN_20260414_150058\screenshots\03_Popup_Immediate_1_150106.png
2026-04-14 15:01:06,947 - INFO - Screenshot 1 captured - Attempting validation...
2026-04-14 15:01:06,947 - INFO - 
================================================================================
2026-04-14 15:01:06,947 - INFO - STARTING COMPREHENSIVE POP-UP VALIDATION
2026-04-14 15:01:06,947 - INFO - ================================================================================
2026-04-14 15:01:06,972 - INFO - 
[VALIDATION 1] Checking Pop-up Visibility...
2026-04-14 15:01:07,006 - INFO -   Visibility Status: True
2026-04-14 15:01:07,006 - INFO -   PASSED: Pop-up is visible
2026-04-14 15:01:07,006 - INFO - 
[VALIDATION 2] Extracting and Validating Text Content...
2026-04-14 15:01:07,038 - INFO -   Extracted Text: 'Login Successful'
2026-04-14 15:01:07,039 - INFO -   PASSED: Text matches exactly: 'Login Successful'
2026-04-14 15:01:07,040 - INFO - 
[VALIDATION 3] Checking for Typos...
2026-04-14 15:01:07,040 - INFO -   PASSED: No known typos detected
2026-04-14 15:01:07,040 - INFO - 
[VALIDATION 4] Extracting CSS Classes and Attributes...
2026-04-14 15:01:07,056 - INFO -   CSS Classes: snackbar success-snackbar
2026-04-14 15:01:07,056 - INFO -   PASSED: 'success' class is present
2026-04-14 15:01:07,056 - INFO - 
[VALIDATION 5] Checking Element Properties...
2026-04-14 15:01:07,137 - INFO -   ID: Not set
2026-04-14 15:01:07,137 - INFO -   Data-TestID: Not set
2026-04-14 15:01:07,137 - INFO -   Role: Not set
2026-04-14 15:01:07,137 - INFO -   ARIA Label: Not set
2026-04-14 15:01:07,138 - INFO - 
[VALIDATION 6] Checking Position and Size...
2026-04-14 15:01:07,146 - INFO -   X: 1230, Y: 20
2026-04-14 15:01:07,146 - INFO -   Width: 250, Height: 43.5
2026-04-14 15:01:07,147 - INFO -   PASSED: Element has valid dimensions
2026-04-14 15:01:07,147 - INFO - 
[VALIDATION 7] Checking Computed Styles...
2026-04-14 15:01:07,163 - INFO -   Display: block
2026-04-14 15:01:07,165 - INFO -   Opacity: 1
2026-04-14 15:01:07,165 - INFO -   PASSED: Element is displayed with proper opacity
2026-04-14 15:01:07,165 - INFO - 
================================================================================
2026-04-14 15:01:07,166 - INFO - POP-UP VALIDATION SUMMARY
2026-04-14 15:01:07,166 - INFO - ================================================================================
2026-04-14 15:01:07,166 - INFO -   Visibility: PASSED
2026-04-14 15:01:07,166 - INFO -   Text Match: PASSED
2026-04-14 15:01:07,166 - INFO -   Typo Check: PASSED
2026-04-14 15:01:07,167 - INFO -   CSS Classes: Present
2026-04-14 15:01:07,167 - INFO -   Position & Size: Valid
2026-04-14 15:01:07,167 - INFO -   Computed Styles: Valid
2026-04-14 15:01:07,167 - INFO - ================================================================================

2026-04-14 15:01:07,168 - INFO - ✓ ALL VALIDATIONS PASSED - Pop-up is working correctly!
2026-04-14 15:01:07,575 - INFO - Screenshot captured: reports\RUN_20260414_150058\screenshots\03_Popup_Immediate_2_150107.png
2026-04-14 15:01:07,575 - INFO - Screenshot 2 captured - Attempting validation...
2026-04-14 15:01:07,575 - INFO - 
================================================================================
2026-04-14 15:01:07,578 - INFO - STARTING COMPREHENSIVE POP-UP VALIDATION
2026-04-14 15:01:07,579 - INFO - ================================================================================
2026-04-14 15:01:07,612 - ERROR - VALIDATION FAILED: Pop-up element not found!
2026-04-14 15:01:08,934 - INFO - Screenshot captured: reports\RUN_20260414_150058\screenshots\03_Popup_Immediate_3_150107.png
2026-04-14 15:01:08,936 - INFO - Screenshot 3 captured - Attempting validation...
2026-04-14 15:01:08,938 - INFO - 
================================================================================
2026-04-14 15:01:08,939 - INFO - STARTING COMPREHENSIVE POP-UP VALIDATION
2026-04-14 15:01:08,939 - INFO - ================================================================================
2026-04-14 15:01:08,969 - ERROR - VALIDATION FAILED: Pop-up element not found!
2026-04-14 15:01:09,088 - INFO - Logging DOM elements AFTER login click (pop-up should appear here)...
2026-04-14 15:01:09,088 - INFO - 
================================================================================
2026-04-14 15:01:09,089 - INFO - DOM SNAPSHOT AT STAGE: After_Login_Click
2026-04-14 15:01:09,089 - INFO - ================================================================================
2026-04-14 15:01:09,111 - INFO - 
Searching for pop-up elements in page content...
2026-04-14 15:01:09,416 - WARNING - ⚠ No known pop-up selectors found. Checking all visible divs...
2026-04-14 15:01:09,488 - INFO - Total DIV elements on page: 28
2026-04-14 15:01:09,699 - INFO -   Visible DIV 1: class='header-right' id='no-id' text='English
French
Spanish
Quantum Toll Authority
supe'
2026-04-14 15:01:09,828 - INFO -   Visible DIV 2: class='nav-user' id='no-id' text='Quantum Toll Authority
superadmin_qm@yopmail.com'
2026-04-14 15:01:10,018 - INFO -   Visible DIV 3: class='nav-user-info' id='no-id' text='Quantum Toll Authority
superadmin_qm@yopmail.com'
2026-04-14 15:01:10,148 - INFO -   Visible DIV 4: class='uname' id='no-id' text='Quantum Toll Authority'
2026-04-14 15:01:10,250 - INFO -   Visible DIV 5: class='urole' id='no-id' text='superadmin_qm@yopmail.com'
2026-04-14 15:01:10,350 - INFO -   Visible DIV 6: class='main-container' id='no-id' text='dashboard_2
group
decimal_increase
admin_panel_set'
2026-04-14 15:01:10,443 - INFO -   Visible DIV 7: class='inner' id='no-id' text='dashboard_2'
2026-04-14 15:01:10,532 - INFO -   Visible DIV 8: class='inner' id='no-id' text='group'
2026-04-14 15:01:10,664 - INFO -   Visible DIV 9: class='inner' id='no-id' text='decimal_increase'
2026-04-14 15:01:10,802 - INFO -   Visible DIV 10: class='inner' id='no-id' text='admin_panel_settings'
2026-04-14 15:01:10,925 - INFO -   Visible DIV 11: class='inner' id='no-id' text='nest_doorbell_visitor'
2026-04-14 15:01:11,061 - INFO -   Visible DIV 12: class='inner' id='no-id' text='key_visualizer'
2026-04-14 15:01:11,085 - INFO - 
================================================================================

2026-04-14 15:01:11,424 - INFO - Screenshot captured: reports\RUN_20260414_150058\screenshots\02_Just_After_Login_Click_150111.png
2026-04-14 15:01:11,790 - INFO - Starting Onboarding Flow Test
2026-04-14 15:01:11,791 - INFO - Starting navigation to Onboard Customer page...
2026-04-14 15:01:11,791 - INFO - Clicking Workbench icon...
2026-04-14 15:01:12,382 - INFO - Workbench menu expanded.
2026-04-14 15:01:12,383 - INFO - Clicking 'Manage Accounts' sub-menu...
2026-04-14 15:01:12,961 - INFO - 'Manage Accounts' submenu expanded.
2026-04-14 15:01:12,962 - INFO - Clicking 'Onboard a Customer' link...
2026-04-14 15:01:14,010 - INFO - Successfully navigated to Onboard Customer page.
2026-04-14 15:01:14,357 - INFO - Screenshot captured: reports\RUN_20260414_150058\screenshots\02_Onboard_Customer_Landing_150114.png
2026-04-14 15:01:14,359 - INFO - Filling Onboarding details for United States...
2026-04-14 15:01:16,288 - INFO - Filled First Name: VjIOhYvmyzOHFBohuzDaXqrxrDJSuQLiRpSEKwaJsnPlSul
2026-04-14 15:01:17,688 - INFO - Filled Last Name: cpUvAjGHfqqnf
2026-04-14 15:01:18,817 - INFO - Checked: Use Same for Billing
2026-04-14 15:01:19,915 - INFO - Checked: Use Same for Shipping
2026-04-14 15:01:21,008 - INFO - Checked: Primary Address
2026-04-14 15:01:25,523 - INFO - Filled Address: 123 Automation Way
2026-04-14 15:01:26,896 - INFO - Filled Zip Code: 12345
2026-04-14 15:01:28,784 - INFO - Filled Unique Phone Number: 8122824930
2026-04-14 15:01:30,190 - INFO - Filled Email: auto_vjiohyvmyzohfbohuzdaxqrxrdjsuqlirpsekwajsnplsul@test.com
2026-04-14 15:01:31,529 - INFO - Filled Confirm Email: auto_vjiohyvmyzohfbohuzdaxqrxrdjsuqlirpsekwajsnplsul@test.com
2026-04-14 15:01:31,529 - INFO - Clicking 'Save & Next'...
2026-04-14 15:01:33,154 - INFO - Successfully verified Step 1 completion.
2026-04-14 15:01:33,173 - INFO - Retrieved Temporary Account ID: 1000001811
2026-04-14 15:01:33,173 - INFO - Step 1 Success. ID: 1000001811
2026-04-14 15:01:33,173 - INFO - Starting Step 2: Adding 2 Vehicle(s)...
2026-04-14 15:01:34,524 - INFO - Filled Plate Number 1: QA2899GP
2026-04-14 15:01:40,668 - INFO - Filled Plate Start Date: 2026-04-14
2026-04-14 15:01:53,804 - INFO - Vehicle 1 added.
2026-04-14 15:01:55,109 - INFO - Filled Plate Number 2: QA4915GP
2026-04-14 15:02:01,261 - INFO - Filled Plate Start Date: 2026-04-14
2026-04-14 15:02:14,511 - INFO - Vehicle 2 added.
2026-04-14 15:02:15,101 - INFO - Step 2 complete successfully.
2026-04-14 15:02:15,102 - INFO - Starting Step 3: Payment Information...
2026-04-14 15:02:18,635 - INFO - Filled Name On Card: hwoSzuBlZPVdcvbKfbtlfAifgxOKb
2026-04-14 15:02:20,088 - INFO - Filled Card Number: 7590757825577377
2026-04-14 15:02:21,534 - INFO - Filled Expiry Date: 04/28
2026-04-14 15:02:22,967 - INFO - Filled CVV Number: 753
2026-04-14 15:02:22,967 - INFO - Clicking 'Add Card' button...
2026-04-14 15:02:24,120 - INFO - ✅ Selected the Credit Card radio button.
2026-04-14 15:02:24,689 - INFO - Clicking 'Preview and Pay'...
2026-04-14 15:02:34,699 - ERROR - Payment Modal Error: Timeout 10000ms exceeded.
2026-04-14 15:11:40,203 - INFO - Test Session Started.
2026-04-14 15:11:40,209 - INFO - Navigating to Login Page: http://operator-qa.qmaastech.com/
2026-04-14 15:11:40,211 - INFO - Navigating to: http://operator-qa.qmaastech.com/
2026-04-14 15:11:42,911 - INFO - Attempting login for user: superadmin_qm@yopmail.com
2026-04-14 15:11:44,542 - INFO - Logging DOM elements BEFORE login click...
2026-04-14 15:11:44,542 - INFO - 
================================================================================
2026-04-14 15:11:44,544 - INFO - DOM SNAPSHOT AT STAGE: Before_Login
2026-04-14 15:11:44,545 - INFO - ================================================================================
2026-04-14 15:11:44,571 - INFO - 
Searching for pop-up elements in page content...
2026-04-14 15:11:44,800 - WARNING - ⚠ No known pop-up selectors found. Checking all visible divs...
2026-04-14 15:11:44,863 - INFO - Total DIV elements on page: 20
2026-04-14 15:11:45,420 - INFO -   Visible DIV 1: class='hero-pills' id='no-id' text='bolt
Real-time
smart_toy
AI-driven
hub
Multi-agenc'
2026-04-14 15:11:45,599 - INFO -   Visible DIV 2: class='auth-panel' id='no-id' text='Welcome Back

Sign in to your account to continue
'
2026-04-14 15:11:45,711 - INFO -   Visible DIV 3: class='auth-card' id='no-id' text='Welcome Back

Sign in to your account to continue
'
2026-04-14 15:11:45,813 - INFO -   Visible DIV 4: class='auth-step' id='no-id' text='Welcome Back

Sign in to your account to continue
'
2026-04-14 15:11:45,951 - INFO -   Visible DIV 5: class='field-wrap' id='no-id' text='Email ID / Username *
person'
2026-04-14 15:11:46,030 - INFO -   Visible DIV 6: class='input-shell' id='no-id' text='person'
2026-04-14 15:11:46,113 - INFO -   Visible DIV 7: class='field-wrap' id='no-id' text='Password *
lock
visibility_off'
2026-04-14 15:11:46,217 - INFO -   Visible DIV 8: class='input-shell' id='no-id' text='lock
visibility_off'
2026-04-14 15:11:46,304 - INFO -   Visible DIV 9: class='auth-bottom-links' id='no-id' text='New user?  Access Account

Forgot password?'
2026-04-14 15:11:46,346 - INFO - 
================================================================================

2026-04-14 15:11:46,911 - INFO - Login button clicked.
2026-04-14 15:11:46,911 - INFO - Taking rapid screenshots and validating pop-up...
2026-04-14 15:11:47,588 - INFO - Screenshot captured: reports\RUN_20260414_151138\screenshots\03_Popup_Immediate_1_151146.png
2026-04-14 15:11:47,593 - INFO - Screenshot 1 captured - Attempting validation...
2026-04-14 15:11:47,593 - INFO - 
================================================================================
2026-04-14 15:11:47,593 - INFO - STARTING COMPREHENSIVE POP-UP VALIDATION
2026-04-14 15:11:47,596 - INFO - ================================================================================
2026-04-14 15:11:47,752 - INFO - 
[VALIDATION 1] Checking Pop-up Visibility...
2026-04-14 15:11:47,795 - INFO -   Visibility Status: True
2026-04-14 15:11:47,802 - INFO -   PASSED: Pop-up is visible
2026-04-14 15:11:47,802 - INFO - 
[VALIDATION 2] Extracting and Validating Text Content...
2026-04-14 15:11:47,855 - INFO -   Extracted Text: 'Login Successful'
2026-04-14 15:11:47,860 - INFO -   PASSED: Text matches exactly: 'Login Successful'
2026-04-14 15:11:47,862 - INFO - 
[VALIDATION 3] Checking for Typos...
2026-04-14 15:11:47,862 - INFO -   PASSED: No known typos detected
2026-04-14 15:11:47,868 - INFO - 
[VALIDATION 4] Extracting CSS Classes and Attributes...
2026-04-14 15:11:47,954 - INFO -   CSS Classes: snackbar success-snackbar
2026-04-14 15:11:47,958 - INFO -   PASSED: 'success' class is present
2026-04-14 15:11:47,959 - INFO - 
[VALIDATION 5] Checking Element Properties...
2026-04-14 15:11:48,571 - INFO -   ID: Not set
2026-04-14 15:11:48,575 - INFO -   Data-TestID: Not set
2026-04-14 15:11:48,576 - INFO -   Role: Not set
2026-04-14 15:11:48,579 - INFO -   ARIA Label: Not set
2026-04-14 15:11:48,579 - INFO - 
[VALIDATION 6] Checking Position and Size...
2026-04-14 15:11:48,634 - WARNING -   WARNING: Could not get bounding box
2026-04-14 15:11:48,636 - INFO - 
[VALIDATION 7] Checking Computed Styles...
2026-04-14 15:11:48,688 - ERROR - Validation error: TypeError: Failed to execute 'getComputedStyle' on 'Window': parameter 1 is not of type 'Element'.
    at eval (eval at evaluate (:226:30), <anonymous>:1:8)
    at eval (<anonymous>)
    at UtilityScript.evaluate (<anonymous>:226:30)
    at UtilityScript.<anonymous> (<anonymous>:1:44)
2026-04-14 15:11:48,689 - WARNING -   WARNING: Could not check computed styles - element may have disappeared
2026-04-14 15:11:48,689 - INFO - 
================================================================================
2026-04-14 15:11:48,692 - INFO - POP-UP VALIDATION SUMMARY
2026-04-14 15:11:48,692 - INFO - ================================================================================
2026-04-14 15:11:48,694 - INFO -   Visibility: PASSED
2026-04-14 15:11:48,694 - INFO -   Text Match: PASSED
2026-04-14 15:11:48,696 - INFO -   Typo Check: PASSED
2026-04-14 15:11:48,697 - INFO -   CSS Classes: Present
2026-04-14 15:11:48,699 - INFO -   Position & Size: Valid
2026-04-14 15:11:48,699 - INFO -   Computed Styles: Valid
2026-04-14 15:11:48,704 - INFO - ================================================================================

2026-04-14 15:11:48,707 - INFO - ✓ ALL VALIDATIONS PASSED - Pop-up is working correctly!
2026-04-14 15:11:52,432 - INFO - Screenshot captured: reports\RUN_20260414_151138\screenshots\03_Popup_Immediate_2_151148.png
2026-04-14 15:11:52,435 - INFO - Screenshot 2 captured - Attempting validation...
2026-04-14 15:11:52,437 - INFO - 
================================================================================
2026-04-14 15:11:52,437 - INFO - STARTING COMPREHENSIVE POP-UP VALIDATION
2026-04-14 15:11:52,439 - INFO - ================================================================================
2026-04-14 15:11:52,521 - ERROR - VALIDATION FAILED: Pop-up element not found!
2026-04-14 15:11:55,073 - INFO - Screenshot captured: reports\RUN_20260414_151138\screenshots\03_Popup_Immediate_3_151152.png
2026-04-14 15:11:55,075 - INFO - Screenshot 3 captured - Attempting validation...
2026-04-14 15:11:55,075 - INFO - 
================================================================================
2026-04-14 15:11:55,078 - INFO - STARTING COMPREHENSIVE POP-UP VALIDATION
2026-04-14 15:11:55,080 - INFO - ================================================================================
2026-04-14 15:11:55,168 - ERROR - VALIDATION FAILED: Pop-up element not found!
2026-04-14 15:11:55,338 - INFO - Logging DOM elements AFTER login click (pop-up should appear here)...
2026-04-14 15:11:55,338 - INFO - 
================================================================================
2026-04-14 15:11:55,341 - INFO - DOM SNAPSHOT AT STAGE: After_Login_Click
2026-04-14 15:11:55,344 - INFO - ================================================================================
2026-04-14 15:11:55,431 - INFO - 
Searching for pop-up elements in page content...
2026-04-14 15:11:57,760 - WARNING - ⚠ No known pop-up selectors found. Checking all visible divs...
2026-04-14 15:11:57,999 - INFO - Total DIV elements on page: 28
2026-04-14 15:11:58,602 - INFO -   Visible DIV 1: class='header-right' id='no-id' text='English
French
Spanish
Quantum Toll Authority
supe'
2026-04-14 15:11:58,814 - INFO -   Visible DIV 2: class='nav-user' id='no-id' text='Quantum Toll Authority
superadmin_qm@yopmail.com'
2026-04-14 15:11:59,129 - INFO -   Visible DIV 3: class='nav-user-info' id='no-id' text='Quantum Toll Authority
superadmin_qm@yopmail.com'
2026-04-14 15:11:59,334 - INFO -   Visible DIV 4: class='uname' id='no-id' text='Quantum Toll Authority'
2026-04-14 15:11:59,568 - INFO -   Visible DIV 5: class='urole' id='no-id' text='superadmin_qm@yopmail.com'
2026-04-14 15:11:59,798 - INFO -   Visible DIV 6: class='main-container' id='no-id' text='dashboard_2
group
decimal_increase
admin_panel_set'
2026-04-14 15:12:00,029 - INFO -   Visible DIV 7: class='inner' id='no-id' text='dashboard_2'
2026-04-14 15:12:00,214 - INFO -   Visible DIV 8: class='inner' id='no-id' text='group'
2026-04-14 15:12:00,422 - INFO -   Visible DIV 9: class='inner' id='no-id' text='decimal_increase'
2026-04-14 15:12:00,689 - INFO -   Visible DIV 10: class='inner' id='no-id' text='admin_panel_settings'
2026-04-14 15:12:00,944 - INFO -   Visible DIV 11: class='inner' id='no-id' text='nest_doorbell_visitor'
2026-04-14 15:12:01,228 - INFO -   Visible DIV 12: class='inner' id='no-id' text='key_visualizer'
2026-04-14 15:12:01,272 - INFO - 
================================================================================

2026-04-14 15:12:01,766 - INFO - Screenshot captured: reports\RUN_20260414_151138\screenshots\02_Just_After_Login_Click_151201.png
2026-04-14 15:12:02,384 - INFO - Starting Onboarding Flow Test
2026-04-14 15:12:02,384 - INFO - Starting navigation to Onboard Customer page...
2026-04-14 15:12:02,384 - INFO - Clicking Workbench icon...
2026-04-14 15:12:03,255 - INFO - Workbench menu expanded.
2026-04-14 15:12:03,257 - INFO - Clicking 'Manage Accounts' sub-menu...
2026-04-14 15:12:03,915 - INFO - 'Manage Accounts' submenu expanded.
2026-04-14 15:12:03,917 - INFO - Clicking 'Onboard a Customer' link...
2026-04-14 15:12:05,956 - INFO - Successfully navigated to Onboard Customer page.
2026-04-14 15:12:07,262 - INFO - Screenshot captured: reports\RUN_20260414_151138\screenshots\02_Onboard_Customer_Landing_151205.png
2026-04-14 15:12:07,262 - INFO - Filling Onboarding details for United States...
2026-04-14 15:12:09,514 - INFO - Filled First Name: jXcVvRDxkY
2026-04-14 15:12:11,268 - INFO - Filled Last Name: XuJKySwvvjrNsuOVbBupbPmUs
2026-04-14 15:12:13,022 - INFO - Checked: Use Same for Billing
2026-04-14 15:12:14,497 - INFO - Checked: Use Same for Shipping
2026-04-14 15:12:15,775 - INFO - Checked: Primary Address
2026-04-14 15:12:20,557 - INFO - Filled Address: 123 Automation Way
2026-04-14 15:12:22,218 - INFO - Filled Zip Code: 12345
2026-04-14 15:12:24,380 - INFO - Filled Unique Phone Number: 7225902109
2026-04-14 15:12:25,996 - INFO - Filled Email: auto_jxcvvrdxky@test.com
2026-04-14 15:12:27,547 - INFO - Filled Confirm Email: auto_jxcvvrdxky@test.com
2026-04-14 15:12:27,547 - INFO - Clicking 'Save & Next'...
2026-04-14 15:12:29,410 - INFO - Successfully verified Step 1 completion.
2026-04-14 15:12:29,492 - INFO - Retrieved Temporary Account ID: 1000001813
2026-04-14 15:12:29,508 - INFO - Step 1 Success. ID: 1000001813
2026-04-14 15:12:29,508 - INFO - Starting Step 2: Adding 2 Vehicle(s)...
2026-04-14 15:12:31,078 - INFO - Filled Plate Number 1: QA2702GP
2026-04-14 15:12:37,419 - INFO - Filled Plate Start Date: 2026-04-14
2026-04-14 15:12:50,621 - INFO - Vehicle 1 added.
2026-04-14 15:12:51,967 - INFO - Filled Plate Number 2: QA7121GP
2026-04-14 15:12:58,010 - INFO - Filled Plate Start Date: 2026-04-14
2026-04-14 15:13:11,100 - INFO - Vehicle 2 added.
2026-04-14 15:13:11,662 - INFO - Step 2 complete successfully.
2026-04-14 15:13:11,663 - INFO - Starting Step 3: Payment Information...
2026-04-14 15:13:15,149 - INFO - Filled Name On Card: pPCRfvkxOy
2026-04-14 15:13:16,563 - INFO - Filled Card Number: 8591289121066966
2026-04-14 15:13:17,986 - INFO - Filled Expiry Date: 04/28
2026-04-14 15:13:19,399 - INFO - Filled CVV Number: 851
2026-04-14 15:13:19,400 - INFO - Clicking 'Add Card' button...
2026-04-14 15:13:21,079 - INFO - ✅ Selected the Credit Card radio button.
2026-04-14 15:13:21,597 - INFO - Clicking 'Preview and Pay'...
2026-04-14 15:13:22,686 - INFO - Waiting for Payment Confirmation modal...
2026-04-14 15:13:37,701 - ERROR - Payment Modal Error: Timeout 15000ms exceeded.
2026-04-14 15:18:27,682 - INFO - Test Session Started.
2026-04-14 15:18:27,699 - INFO - Navigating to Login Page: http://operator-qa.qmaastech.com/
2026-04-14 15:18:27,703 - INFO - Navigating to: http://operator-qa.qmaastech.com/
2026-04-14 15:18:30,468 - INFO - Attempting login for user: superadmin_qm@yopmail.com
2026-04-14 15:18:32,501 - INFO - Logging DOM elements BEFORE login click...
2026-04-14 15:18:32,501 - INFO - 
================================================================================
2026-04-14 15:18:32,501 - INFO - DOM SNAPSHOT AT STAGE: Before_Login
2026-04-14 15:18:32,501 - INFO - ================================================================================
2026-04-14 15:18:32,567 - INFO - 
Searching for pop-up elements in page content...
2026-04-14 15:18:33,192 - WARNING - ⚠ No known pop-up selectors found. Checking all visible divs...
2026-04-14 15:18:33,270 - INFO - Total DIV elements on page: 20
2026-04-14 15:18:34,336 - INFO -   Visible DIV 1: class='hero-pills' id='no-id' text='bolt
Real-time
smart_toy
AI-driven
hub
Multi-agenc'
2026-04-14 15:18:34,584 - INFO -   Visible DIV 2: class='auth-panel' id='no-id' text='Welcome Back

Sign in to your account to continue
'
2026-04-14 15:18:34,779 - INFO -   Visible DIV 3: class='auth-card' id='no-id' text='Welcome Back

Sign in to your account to continue
'
2026-04-14 15:18:34,947 - INFO -   Visible DIV 4: class='auth-step' id='no-id' text='Welcome Back

Sign in to your account to continue
'
2026-04-14 15:18:35,205 - INFO -   Visible DIV 5: class='field-wrap' id='no-id' text='Email ID / Username *
person'
2026-04-14 15:18:35,373 - INFO -   Visible DIV 6: class='input-shell' id='no-id' text='person'
2026-04-14 15:18:35,564 - INFO -   Visible DIV 7: class='field-wrap' id='no-id' text='Password *
lock
visibility_off'
2026-04-14 15:18:35,732 - INFO -   Visible DIV 8: class='input-shell' id='no-id' text='lock
visibility_off'
2026-04-14 15:18:35,891 - INFO -   Visible DIV 9: class='auth-bottom-links' id='no-id' text='New user?  Access Account

Forgot password?'
2026-04-14 15:18:35,974 - INFO - 
================================================================================

2026-04-14 15:18:36,596 - INFO - Login button clicked.
2026-04-14 15:18:36,596 - INFO - Taking rapid screenshots and validating pop-up...
2026-04-14 15:18:38,093 - INFO - Screenshot captured: reports\RUN_20260414_151824\screenshots\03_Popup_Immediate_1_151836.png
2026-04-14 15:18:38,101 - INFO - Screenshot 1 captured - Attempting validation...
2026-04-14 15:18:38,110 - INFO - 
================================================================================
2026-04-14 15:18:38,113 - INFO - STARTING COMPREHENSIVE POP-UP VALIDATION
2026-04-14 15:18:38,115 - INFO - ================================================================================
2026-04-14 15:18:38,617 - ERROR - VALIDATION FAILED: Pop-up element not found!
2026-04-14 15:18:42,687 - INFO - Screenshot captured: reports\RUN_20260414_151824\screenshots\03_Popup_Immediate_2_151838.png
2026-04-14 15:18:42,687 - INFO - Screenshot 2 captured - Attempting validation...
2026-04-14 15:18:42,692 - INFO - 
================================================================================
2026-04-14 15:18:42,693 - INFO - STARTING COMPREHENSIVE POP-UP VALIDATION
2026-04-14 15:18:42,701 - INFO - ================================================================================
2026-04-14 15:18:42,760 - ERROR - VALIDATION FAILED: Pop-up element not found!
2026-04-14 15:18:45,505 - INFO - Screenshot captured: reports\RUN_20260414_151824\screenshots\03_Popup_Immediate_3_151842.png
2026-04-14 15:18:45,505 - INFO - Screenshot 3 captured - Attempting validation...
2026-04-14 15:18:45,514 - INFO - 
================================================================================
2026-04-14 15:18:45,517 - INFO - STARTING COMPREHENSIVE POP-UP VALIDATION
2026-04-14 15:18:45,519 - INFO - ================================================================================
2026-04-14 15:18:45,579 - ERROR - VALIDATION FAILED: Pop-up element not found!
2026-04-14 15:18:45,738 - INFO - Logging DOM elements AFTER login click (pop-up should appear here)...
2026-04-14 15:18:45,738 - INFO - 
================================================================================
2026-04-14 15:18:45,738 - INFO - DOM SNAPSHOT AT STAGE: After_Login_Click
2026-04-14 15:18:45,738 - INFO - ================================================================================
2026-04-14 15:18:45,824 - INFO - 
Searching for pop-up elements in page content...
2026-04-14 15:18:46,552 - WARNING - ⚠ No known pop-up selectors found. Checking all visible divs...
2026-04-14 15:18:46,741 - INFO - Total DIV elements on page: 28
2026-04-14 15:18:47,292 - INFO -   Visible DIV 1: class='header-right' id='no-id' text='English
French
Spanish
Quantum Toll Authority
supe'
2026-04-14 15:18:47,589 - INFO -   Visible DIV 2: class='nav-user' id='no-id' text='Quantum Toll Authority
superadmin_qm@yopmail.com'
2026-04-14 15:18:47,932 - INFO -   Visible DIV 3: class='nav-user-info' id='no-id' text='Quantum Toll Authority
superadmin_qm@yopmail.com'
2026-04-14 15:18:48,212 - INFO -   Visible DIV 4: class='uname' id='no-id' text='Quantum Toll Authority'
2026-04-14 15:18:48,434 - INFO -   Visible DIV 5: class='urole' id='no-id' text='superadmin_qm@yopmail.com'
2026-04-14 15:18:48,626 - INFO -   Visible DIV 6: class='main-container' id='no-id' text='dashboard_2
group
decimal_increase
admin_panel_set'
2026-04-14 15:18:48,813 - INFO -   Visible DIV 7: class='inner' id='no-id' text='dashboard_2'
2026-04-14 15:18:49,092 - INFO -   Visible DIV 8: class='inner' id='no-id' text='group'
2026-04-14 15:18:49,355 - INFO -   Visible DIV 9: class='inner' id='no-id' text='decimal_increase'
2026-04-14 15:18:49,621 - INFO -   Visible DIV 10: class='inner' id='no-id' text='admin_panel_settings'
2026-04-14 15:18:49,879 - INFO -   Visible DIV 11: class='inner' id='no-id' text='nest_doorbell_visitor'
2026-04-14 15:18:50,079 - INFO -   Visible DIV 12: class='inner' id='no-id' text='key_visualizer'
2026-04-14 15:18:50,129 - INFO - 
================================================================================

2026-04-14 15:18:50,633 - INFO - Screenshot captured: reports\RUN_20260414_151824\screenshots\02_Just_After_Login_Click_151850.png
2026-04-14 15:18:51,293 - INFO - Starting Onboarding Flow Test
2026-04-14 15:18:51,293 - INFO - Starting navigation to Onboard Customer page...
2026-04-14 15:18:51,293 - INFO - Clicking Workbench icon...
2026-04-14 15:18:52,041 - INFO - Workbench menu expanded.
2026-04-14 15:18:52,041 - INFO - Clicking 'Manage Accounts' sub-menu...
2026-04-14 15:18:52,753 - INFO - 'Manage Accounts' submenu expanded.
2026-04-14 15:18:52,753 - INFO - Clicking 'Onboard a Customer' link...
2026-04-14 15:18:54,464 - INFO - Successfully navigated to Onboard Customer page.
2026-04-14 15:18:55,531 - INFO - Screenshot captured: reports\RUN_20260414_151824\screenshots\02_Onboard_Customer_Landing_151854.png
2026-04-14 15:18:55,531 - INFO - Filling Onboarding details for United States...
2026-04-14 15:18:57,766 - INFO - Filled First Name: ajwiP
2026-04-14 15:18:59,444 - INFO - Filled Last Name: iwcTsMpNwyXk
2026-04-14 15:19:00,762 - INFO - Checked: Use Same for Billing
2026-04-14 15:19:02,058 - INFO - Checked: Use Same for Shipping
2026-04-14 15:19:03,267 - INFO - Checked: Primary Address
2026-04-14 15:19:08,083 - INFO - Filled Address: 123 Automation Way
2026-04-14 15:19:09,656 - INFO - Filled Zip Code: 12345
2026-04-14 15:19:12,179 - INFO - Filled Unique Phone Number: 9070970099
2026-04-14 15:19:13,761 - INFO - Filled Email: auto_ajwip@test.com
2026-04-14 15:19:15,328 - INFO - Filled Confirm Email: auto_ajwip@test.com
2026-04-14 15:19:15,328 - INFO - Clicking 'Save & Next'...
2026-04-14 15:19:17,324 - INFO - Successfully verified Step 1 completion.
2026-04-14 15:19:17,415 - INFO - Retrieved Temporary Account ID: 1000001815
2026-04-14 15:19:17,415 - INFO - Step 1 Success. ID: 1000001815
2026-04-14 15:19:17,415 - INFO - Starting Step 2: Adding 2 Vehicle(s)...
2026-04-14 15:19:18,968 - INFO - Filled Plate Number 1: QA3543GP
2026-04-14 15:19:25,538 - INFO - Filled Plate Start Date: 2026-04-14
2026-04-14 15:19:39,301 - INFO - Vehicle 1 added.
2026-04-14 15:19:40,803 - INFO - Filled Plate Number 2: QA2664GP
2026-04-14 15:19:47,325 - INFO - Filled Plate Start Date: 2026-04-14
2026-04-14 15:20:01,153 - INFO - Vehicle 2 added.
2026-04-14 15:20:01,778 - INFO - Step 2 complete successfully.
2026-04-14 15:20:01,779 - INFO - Starting Step 3: Payment Information...
2026-04-14 15:20:05,415 - INFO - Filled Name On Card: AHidruEuIS
2026-04-14 15:20:06,963 - INFO - Filled Card Number: 6605703310775716
2026-04-14 15:20:08,471 - INFO - Filled Expiry Date: 04/28
2026-04-14 15:20:10,019 - INFO - Filled CVV Number: 663
2026-04-14 15:20:10,019 - INFO - Clicking 'Add Card' button...
2026-04-14 15:20:11,778 - INFO - ✅ Selected the Credit Card radio button.
2026-04-14 15:20:12,331 - INFO - Clicking 'Preview and Pay'...
2026-04-14 15:20:13,467 - INFO - Waiting for Payment Confirmation modal...
2026-04-14 15:20:28,515 - ERROR - Payment Modal Error: Timeout 15000ms exceeded.
2026-04-14 15:22:47,180 - INFO - Test Session Started.
2026-04-14 15:22:47,181 - INFO - Navigating to Login Page: http://operator-qa.qmaastech.com/
2026-04-14 15:22:47,182 - INFO - Navigating to: http://operator-qa.qmaastech.com/
2026-04-14 15:22:50,217 - INFO - Attempting login for user: superadmin_qm@yopmail.com
2026-04-14 15:22:51,917 - INFO - Logging DOM elements BEFORE login click...
2026-04-14 15:22:51,917 - INFO - 
================================================================================
2026-04-14 15:22:51,918 - INFO - DOM SNAPSHOT AT STAGE: Before_Login
2026-04-14 15:22:51,918 - INFO - ================================================================================
2026-04-14 15:22:51,937 - INFO - 
Searching for pop-up elements in page content...
2026-04-14 15:22:52,216 - WARNING - ⚠ No known pop-up selectors found. Checking all visible divs...
2026-04-14 15:22:52,254 - INFO - Total DIV elements on page: 20
2026-04-14 15:22:52,846 - INFO -   Visible DIV 1: class='hero-pills' id='no-id' text='bolt
Real-time
smart_toy
AI-driven
hub
Multi-agenc'
2026-04-14 15:22:53,013 - INFO -   Visible DIV 2: class='auth-panel' id='no-id' text='Welcome Back

Sign in to your account to continue
'
2026-04-14 15:22:53,142 - INFO -   Visible DIV 3: class='auth-card' id='no-id' text='Welcome Back

Sign in to your account to continue
'
2026-04-14 15:22:53,250 - INFO -   Visible DIV 4: class='auth-step' id='no-id' text='Welcome Back

Sign in to your account to continue
'
2026-04-14 15:22:53,399 - INFO -   Visible DIV 5: class='field-wrap' id='no-id' text='Email ID / Username *
person'
2026-04-14 15:22:53,540 - INFO -   Visible DIV 6: class='input-shell' id='no-id' text='person'
2026-04-14 15:22:53,681 - INFO -   Visible DIV 7: class='field-wrap' id='no-id' text='Password *
lock
visibility_off'
2026-04-14 15:22:53,800 - INFO -   Visible DIV 8: class='input-shell' id='no-id' text='lock
visibility_off'
2026-04-14 15:22:53,898 - INFO -   Visible DIV 9: class='auth-bottom-links' id='no-id' text='New user?  Access Account

Forgot password?'
2026-04-14 15:22:53,951 - INFO - 
================================================================================

2026-04-14 15:22:54,530 - INFO - Login button clicked.
2026-04-14 15:22:54,533 - INFO - Taking rapid screenshots and validating pop-up...
2026-04-14 15:22:55,223 - INFO - Screenshot captured: reports\RUN_20260414_152244\screenshots\03_Popup_Immediate_1_152254.png
2026-04-14 15:22:55,223 - INFO - Screenshot 1 captured - Attempting validation...
2026-04-14 15:22:55,223 - INFO - 
================================================================================
2026-04-14 15:22:55,223 - INFO - STARTING COMPREHENSIVE POP-UP VALIDATION
2026-04-14 15:22:55,223 - INFO - ================================================================================
2026-04-14 15:22:55,266 - INFO - 
[VALIDATION 1] Checking Pop-up Visibility...
2026-04-14 15:22:55,298 - INFO -   Visibility Status: True
2026-04-14 15:22:55,299 - INFO -   PASSED: Pop-up is visible
2026-04-14 15:22:55,300 - INFO - 
[VALIDATION 2] Extracting and Validating Text Content...
2026-04-14 15:22:55,333 - INFO -   Extracted Text: 'Login Successful'
2026-04-14 15:22:55,334 - INFO -   PASSED: Text matches exactly: 'Login Successful'
2026-04-14 15:22:55,334 - INFO - 
[VALIDATION 3] Checking for Typos...
2026-04-14 15:22:55,335 - INFO -   PASSED: No known typos detected
2026-04-14 15:22:55,336 - INFO - 
[VALIDATION 4] Extracting CSS Classes and Attributes...
2026-04-14 15:22:55,362 - INFO -   CSS Classes: snackbar success-snackbar
2026-04-14 15:22:55,363 - INFO -   PASSED: 'success' class is present
2026-04-14 15:22:55,364 - INFO - 
[VALIDATION 5] Checking Element Properties...
2026-04-14 15:22:55,474 - INFO -   ID: Not set
2026-04-14 15:22:55,474 - INFO -   Data-TestID: Not set
2026-04-14 15:22:55,474 - INFO -   Role: Not set
2026-04-14 15:22:55,474 - INFO -   ARIA Label: Not set
2026-04-14 15:22:55,474 - INFO - 
[VALIDATION 6] Checking Position and Size...
2026-04-14 15:22:55,501 - INFO -   X: 1230, Y: 20
2026-04-14 15:22:55,504 - INFO -   Width: 250, Height: 43.5
2026-04-14 15:22:55,504 - INFO -   PASSED: Element has valid dimensions
2026-04-14 15:22:55,504 - INFO - 
[VALIDATION 7] Checking Computed Styles...
2026-04-14 15:22:55,548 - INFO -   Display: block
2026-04-14 15:22:55,548 - INFO -   Opacity: 1
2026-04-14 15:22:55,552 - INFO -   PASSED: Element is displayed with proper opacity
2026-04-14 15:22:55,552 - INFO - 
================================================================================
2026-04-14 15:22:55,552 - INFO - POP-UP VALIDATION SUMMARY
2026-04-14 15:22:55,552 - INFO - ================================================================================
2026-04-14 15:22:55,552 - INFO -   Visibility: PASSED
2026-04-14 15:22:55,552 - INFO -   Text Match: PASSED
2026-04-14 15:22:55,552 - INFO -   Typo Check: PASSED
2026-04-14 15:22:55,552 - INFO -   CSS Classes: Present
2026-04-14 15:22:55,556 - INFO -   Position & Size: Valid
2026-04-14 15:22:55,556 - INFO -   Computed Styles: Valid
2026-04-14 15:22:55,556 - INFO - ================================================================================

2026-04-14 15:22:55,556 - INFO - ✓ ALL VALIDATIONS PASSED - Pop-up is working correctly!
2026-04-14 15:22:55,960 - INFO - Screenshot captured: reports\RUN_20260414_152244\screenshots\03_Popup_Immediate_2_152255.png
2026-04-14 15:22:55,960 - INFO - Screenshot 2 captured - Attempting validation...
2026-04-14 15:22:55,961 - INFO - 
================================================================================
2026-04-14 15:22:55,963 - INFO - STARTING COMPREHENSIVE POP-UP VALIDATION
2026-04-14 15:22:55,964 - INFO - ================================================================================
2026-04-14 15:22:55,994 - ERROR - VALIDATION FAILED: Pop-up element not found!
2026-04-14 15:22:57,304 - INFO - Screenshot captured: reports\RUN_20260414_152244\screenshots\03_Popup_Immediate_3_152256.png
2026-04-14 15:22:57,305 - INFO - Screenshot 3 captured - Attempting validation...
2026-04-14 15:22:57,306 - INFO - 
================================================================================
2026-04-14 15:22:57,306 - INFO - STARTING COMPREHENSIVE POP-UP VALIDATION
2026-04-14 15:22:57,307 - INFO - ================================================================================
2026-04-14 15:22:57,345 - ERROR - VALIDATION FAILED: Pop-up element not found!
2026-04-14 15:22:57,479 - INFO - Logging DOM elements AFTER login click (pop-up should appear here)...
2026-04-14 15:22:57,481 - INFO - 
================================================================================
2026-04-14 15:22:57,482 - INFO - DOM SNAPSHOT AT STAGE: After_Login_Click
2026-04-14 15:22:57,482 - INFO - ================================================================================
2026-04-14 15:22:57,515 - INFO - 
Searching for pop-up elements in page content...
2026-04-14 15:22:57,888 - WARNING - ⚠ No known pop-up selectors found. Checking all visible divs...
2026-04-14 15:22:57,957 - INFO - Total DIV elements on page: 28
2026-04-14 15:22:58,274 - INFO -   Visible DIV 1: class='header-right' id='no-id' text='English
French
Spanish
Quantum Toll Authority
supe'
2026-04-14 15:22:58,430 - INFO -   Visible DIV 2: class='nav-user' id='no-id' text='Quantum Toll Authority
superadmin_qm@yopmail.com'
2026-04-14 15:22:58,650 - INFO -   Visible DIV 3: class='nav-user-info' id='no-id' text='Quantum Toll Authority
superadmin_qm@yopmail.com'
2026-04-14 15:22:58,791 - INFO -   Visible DIV 4: class='uname' id='no-id' text='Quantum Toll Authority'
2026-04-14 15:22:58,893 - INFO -   Visible DIV 5: class='urole' id='no-id' text='superadmin_qm@yopmail.com'
2026-04-14 15:22:58,988 - INFO -   Visible DIV 6: class='main-container' id='no-id' text='dashboard_2
group
decimal_increase
admin_panel_set'
2026-04-14 15:22:59,080 - INFO -   Visible DIV 7: class='inner' id='no-id' text='dashboard_2'
2026-04-14 15:22:59,163 - INFO -   Visible DIV 8: class='inner' id='no-id' text='group'
2026-04-14 15:22:59,296 - INFO -   Visible DIV 9: class='inner' id='no-id' text='decimal_increase'
2026-04-14 15:22:59,405 - INFO -   Visible DIV 10: class='inner' id='no-id' text='admin_panel_settings'
2026-04-14 15:22:59,530 - INFO -   Visible DIV 11: class='inner' id='no-id' text='nest_doorbell_visitor'
2026-04-14 15:22:59,643 - INFO -   Visible DIV 12: class='inner' id='no-id' text='key_visualizer'
2026-04-14 15:22:59,659 - INFO - 
================================================================================

2026-04-14 15:22:59,989 - INFO - Screenshot captured: reports\RUN_20260414_152244\screenshots\02_Just_After_Login_Click_152259.png
2026-04-14 15:23:00,306 - INFO - Starting Onboarding Flow Test
2026-04-14 15:23:00,306 - INFO - Starting navigation to Onboard Customer page...
2026-04-14 15:23:00,306 - INFO - Clicking Workbench icon...
2026-04-14 15:23:00,888 - INFO - Workbench menu expanded.
2026-04-14 15:23:00,895 - INFO - Clicking 'Manage Accounts' sub-menu...
2026-04-14 15:23:01,485 - INFO - 'Manage Accounts' submenu expanded.
2026-04-14 15:23:01,486 - INFO - Clicking 'Onboard a Customer' link...
2026-04-14 15:23:04,422 - INFO - Successfully navigated to Onboard Customer page.
2026-04-14 15:23:05,024 - INFO - Screenshot captured: reports\RUN_20260414_152244\screenshots\02_Onboard_Customer_Landing_152304.png
2026-04-14 15:23:05,024 - INFO - Filling Onboarding details for United States...
2026-04-14 15:23:06,968 - INFO - Filled First Name: WyOcCjQqcpXW
2026-04-14 15:23:08,465 - INFO - Filled Last Name: UYtEflADa
2026-04-14 15:23:09,615 - INFO - Checked: Use Same for Billing
2026-04-14 15:23:10,699 - INFO - Checked: Use Same for Shipping
2026-04-14 15:23:11,815 - INFO - Checked: Primary Address
2026-04-14 15:23:16,355 - INFO - Filled Address: 123 Automation Way
2026-04-14 15:23:17,756 - INFO - Filled Zip Code: 12345
2026-04-14 15:23:19,717 - INFO - Filled Unique Phone Number: 7333990604
2026-04-14 15:23:21,177 - INFO - Filled Email: auto_wyoccjqqcpxw@test.com
2026-04-14 15:23:22,628 - INFO - Filled Confirm Email: auto_wyoccjqqcpxw@test.com
2026-04-14 15:23:22,628 - INFO - Clicking 'Save & Next'...
2026-04-14 15:23:24,247 - INFO - Successfully verified Step 1 completion.
2026-04-14 15:23:24,285 - INFO - Retrieved Temporary Account ID: 1000001816
2026-04-14 15:23:24,286 - INFO - Step 1 Success. ID: 1000001816
2026-04-14 15:23:24,287 - INFO - Starting Step 2: Adding 2 Vehicle(s)...
2026-04-14 15:23:25,673 - INFO - Filled Plate Number 1: QA4559GP
2026-04-14 15:23:31,857 - INFO - Filled Plate Start Date: 2026-04-14
2026-04-14 15:23:45,031 - INFO - Vehicle 1 added.
2026-04-14 15:23:46,368 - INFO - Filled Plate Number 2: QA6384GP
2026-04-14 15:23:52,533 - INFO - Filled Plate Start Date: 2026-04-14
2026-04-14 15:24:05,705 - INFO - Vehicle 2 added.
2026-04-14 15:24:06,270 - INFO - Step 2 complete successfully.
2026-04-14 15:24:06,271 - INFO - Starting Step 3: Payment Information...
2026-04-14 15:24:09,586 - INFO - Filled Name On Card: eANbeGEzXB
2026-04-14 15:24:11,000 - INFO - Filled Card Number: 5398912599631815
2026-04-14 15:24:12,489 - INFO - Filled Expiry Date: 04/28
2026-04-14 15:24:13,899 - INFO - Filled CVV Number: 287
2026-04-14 15:24:13,902 - INFO - Clicking 'Add Card' button...
2026-04-14 15:24:15,615 - INFO - ✅ Selected the Credit Card radio button.
2026-04-14 15:24:16,143 - INFO - Clicking 'Preview and Pay'...
2026-04-14 15:24:17,259 - INFO - Waiting for Payment Confirmation modal...
2026-04-14 15:24:32,285 - ERROR - Payment Modal Error: Timeout 15000ms exceeded.
2026-04-14 15:26:54,934 - INFO - Test Session Started.
2026-04-14 15:26:54,935 - INFO - Navigating to Login Page: http://operator-qa.qmaastech.com/
2026-04-14 15:26:54,936 - INFO - Navigating to: http://operator-qa.qmaastech.com/
2026-04-14 15:26:57,508 - INFO - Attempting login for user: superadmin_qm@yopmail.com
2026-04-14 15:26:59,163 - INFO - Logging DOM elements BEFORE login click...
2026-04-14 15:26:59,164 - INFO - 
================================================================================
2026-04-14 15:26:59,166 - INFO - DOM SNAPSHOT AT STAGE: Before_Login
2026-04-14 15:26:59,167 - INFO - ================================================================================
2026-04-14 15:26:59,192 - INFO - 
Searching for pop-up elements in page content...
2026-04-14 15:26:59,429 - WARNING - ⚠ No known pop-up selectors found. Checking all visible divs...
2026-04-14 15:26:59,467 - INFO - Total DIV elements on page: 20
2026-04-14 15:26:59,891 - INFO -   Visible DIV 1: class='hero-pills' id='no-id' text='bolt
Real-time
smart_toy
AI-driven
hub
Multi-agenc'
2026-04-14 15:26:59,987 - INFO -   Visible DIV 2: class='auth-panel' id='no-id' text='Welcome Back

Sign in to your account to continue
'
2026-04-14 15:27:00,076 - INFO -   Visible DIV 3: class='auth-card' id='no-id' text='Welcome Back

Sign in to your account to continue
'
2026-04-14 15:27:00,157 - INFO -   Visible DIV 4: class='auth-step' id='no-id' text='Welcome Back

Sign in to your account to continue
'
2026-04-14 15:27:00,256 - INFO -   Visible DIV 5: class='field-wrap' id='no-id' text='Email ID / Username *
person'
2026-04-14 15:27:00,329 - INFO -   Visible DIV 6: class='input-shell' id='no-id' text='person'
2026-04-14 15:27:00,399 - INFO -   Visible DIV 7: class='field-wrap' id='no-id' text='Password *
lock
visibility_off'
2026-04-14 15:27:00,460 - INFO -   Visible DIV 8: class='input-shell' id='no-id' text='lock
visibility_off'
2026-04-14 15:27:00,511 - INFO -   Visible DIV 9: class='auth-bottom-links' id='no-id' text='New user?  Access Account

Forgot password?'
2026-04-14 15:27:00,545 - INFO - 
================================================================================

2026-04-14 15:27:01,091 - INFO - Login button clicked.
2026-04-14 15:27:01,093 - INFO - Taking rapid screenshots and validating pop-up...
2026-04-14 15:27:01,725 - INFO - Screenshot captured: reports\RUN_20260414_152652\screenshots\03_Popup_Immediate_1_152701.png
2026-04-14 15:27:01,725 - INFO - Screenshot 1 captured - Attempting validation...
2026-04-14 15:27:01,727 - INFO - 
================================================================================
2026-04-14 15:27:01,727 - INFO - STARTING COMPREHENSIVE POP-UP VALIDATION
2026-04-14 15:27:01,727 - INFO - ================================================================================
2026-04-14 15:27:01,750 - INFO - 
[VALIDATION 1] Checking Pop-up Visibility...
2026-04-14 15:27:01,774 - INFO -   Visibility Status: True
2026-04-14 15:27:01,774 - INFO -   PASSED: Pop-up is visible
2026-04-14 15:27:01,774 - INFO - 
[VALIDATION 2] Extracting and Validating Text Content...
2026-04-14 15:27:01,795 - INFO -   Extracted Text: 'Login Successful'
2026-04-14 15:27:01,795 - INFO -   PASSED: Text matches exactly: 'Login Successful'
2026-04-14 15:27:01,795 - INFO - 
[VALIDATION 3] Checking for Typos...
2026-04-14 15:27:01,795 - INFO -   PASSED: No known typos detected
2026-04-14 15:27:01,795 - INFO - 
[VALIDATION 4] Extracting CSS Classes and Attributes...
2026-04-14 15:27:01,825 - INFO -   CSS Classes: snackbar success-snackbar
2026-04-14 15:27:01,825 - INFO -   PASSED: 'success' class is present
2026-04-14 15:27:01,826 - INFO - 
[VALIDATION 5] Checking Element Properties...
2026-04-14 15:27:01,901 - INFO -   ID: Not set
2026-04-14 15:27:01,901 - INFO -   Data-TestID: Not set
2026-04-14 15:27:01,902 - INFO -   Role: Not set
2026-04-14 15:27:01,902 - INFO -   ARIA Label: Not set
2026-04-14 15:27:01,903 - INFO - 
[VALIDATION 6] Checking Position and Size...
2026-04-14 15:27:01,918 - INFO -   X: 1230, Y: 20
2026-04-14 15:27:01,919 - INFO -   Width: 250, Height: 43.5
2026-04-14 15:27:01,919 - INFO -   PASSED: Element has valid dimensions
2026-04-14 15:27:01,920 - INFO - 
[VALIDATION 7] Checking Computed Styles...
2026-04-14 15:27:01,948 - INFO -   Display: block
2026-04-14 15:27:01,949 - INFO -   Opacity: 1
2026-04-14 15:27:01,950 - INFO -   PASSED: Element is displayed with proper opacity
2026-04-14 15:27:01,950 - INFO - 
================================================================================
2026-04-14 15:27:01,950 - INFO - POP-UP VALIDATION SUMMARY
2026-04-14 15:27:01,952 - INFO - ================================================================================
2026-04-14 15:27:01,952 - INFO -   Visibility: PASSED
2026-04-14 15:27:01,953 - INFO -   Text Match: PASSED
2026-04-14 15:27:01,953 - INFO -   Typo Check: PASSED
2026-04-14 15:27:01,954 - INFO -   CSS Classes: Present
2026-04-14 15:27:01,954 - INFO -   Position & Size: Valid
2026-04-14 15:27:01,954 - INFO -   Computed Styles: Valid
2026-04-14 15:27:01,955 - INFO - ================================================================================

2026-04-14 15:27:01,955 - INFO - ✓ ALL VALIDATIONS PASSED - Pop-up is working correctly!
2026-04-14 15:27:02,333 - INFO - Screenshot captured: reports\RUN_20260414_152652\screenshots\03_Popup_Immediate_2_152702.png
2026-04-14 15:27:02,334 - INFO - Screenshot 2 captured - Attempting validation...
2026-04-14 15:27:02,335 - INFO - 
================================================================================
2026-04-14 15:27:02,339 - INFO - STARTING COMPREHENSIVE POP-UP VALIDATION
2026-04-14 15:27:02,340 - INFO - ================================================================================
2026-04-14 15:27:02,368 - ERROR - VALIDATION FAILED: Pop-up element not found!
2026-04-14 15:27:03,644 - INFO - Screenshot captured: reports\RUN_20260414_152652\screenshots\03_Popup_Immediate_3_152702.png
2026-04-14 15:27:03,645 - INFO - Screenshot 3 captured - Attempting validation...
2026-04-14 15:27:03,645 - INFO - 
================================================================================
2026-04-14 15:27:03,646 - INFO - STARTING COMPREHENSIVE POP-UP VALIDATION
2026-04-14 15:27:03,646 - INFO - ================================================================================
2026-04-14 15:27:03,681 - ERROR - VALIDATION FAILED: Pop-up element not found!
2026-04-14 15:27:03,807 - INFO - Logging DOM elements AFTER login click (pop-up should appear here)...
2026-04-14 15:27:03,808 - INFO - 
================================================================================
2026-04-14 15:27:03,808 - INFO - DOM SNAPSHOT AT STAGE: After_Login_Click
2026-04-14 15:27:03,809 - INFO - ================================================================================
2026-04-14 15:27:03,829 - INFO - 
Searching for pop-up elements in page content...
2026-04-14 15:27:04,166 - WARNING - ⚠ No known pop-up selectors found. Checking all visible divs...
2026-04-14 15:27:04,239 - INFO - Total DIV elements on page: 28
2026-04-14 15:27:04,476 - INFO -   Visible DIV 1: class='header-right' id='no-id' text='English
French
Spanish
Quantum Toll Authority
supe'
2026-04-14 15:27:04,587 - INFO -   Visible DIV 2: class='nav-user' id='no-id' text='Quantum Toll Authority
superadmin_qm@yopmail.com'
2026-04-14 15:27:04,730 - INFO -   Visible DIV 3: class='nav-user-info' id='no-id' text='Quantum Toll Authority
superadmin_qm@yopmail.com'
2026-04-14 15:27:04,836 - INFO -   Visible DIV 4: class='uname' id='no-id' text='Quantum Toll Authority'
2026-04-14 15:27:04,924 - INFO -   Visible DIV 5: class='urole' id='no-id' text='superadmin_qm@yopmail.com'
2026-04-14 15:27:05,022 - INFO -   Visible DIV 6: class='main-container' id='no-id' text='dashboard_2
group
decimal_increase
admin_panel_set'
2026-04-14 15:27:05,122 - INFO -   Visible DIV 7: class='inner' id='no-id' text='dashboard_2'
2026-04-14 15:27:05,203 - INFO -   Visible DIV 8: class='inner' id='no-id' text='group'
2026-04-14 15:27:05,314 - INFO -   Visible DIV 9: class='inner' id='no-id' text='decimal_increase'
2026-04-14 15:27:05,422 - INFO -   Visible DIV 10: class='inner' id='no-id' text='admin_panel_settings'
2026-04-14 15:27:05,539 - INFO -   Visible DIV 11: class='inner' id='no-id' text='nest_doorbell_visitor'
2026-04-14 15:27:05,640 - INFO -   Visible DIV 12: class='inner' id='no-id' text='key_visualizer'
2026-04-14 15:27:05,664 - INFO - 
================================================================================

2026-04-14 15:27:05,964 - INFO - Screenshot captured: reports\RUN_20260414_152652\screenshots\02_Just_After_Login_Click_152705.png
2026-04-14 15:27:06,194 - INFO - Starting Onboarding Flow Test
2026-04-14 15:27:06,195 - INFO - Starting navigation to Onboard Customer page...
2026-04-14 15:27:06,196 - INFO - Clicking Workbench icon...
2026-04-14 15:27:06,776 - INFO - Workbench menu expanded.
2026-04-14 15:27:06,776 - INFO - Clicking 'Manage Accounts' sub-menu...
2026-04-14 15:27:07,339 - INFO - 'Manage Accounts' submenu expanded.
2026-04-14 15:27:07,339 - INFO - Clicking 'Onboard a Customer' link...
2026-04-14 15:27:08,279 - INFO - Successfully navigated to Onboard Customer page.
2026-04-14 15:27:08,609 - INFO - Screenshot captured: reports\RUN_20260414_152652\screenshots\02_Onboard_Customer_Landing_152708.png
2026-04-14 15:27:08,609 - INFO - Filling Onboarding details for United States...
2026-04-14 15:27:10,519 - INFO - Filled First Name: JCMjglhc
2026-04-14 15:27:11,916 - INFO - Filled Last Name: wXndodzQSCGAKoVDwiyTkoPfovPUoTezS
2026-04-14 15:27:13,018 - INFO - Checked: Use Same for Billing
2026-04-14 15:27:14,134 - INFO - Checked: Use Same for Shipping
2026-04-14 15:27:15,267 - INFO - Checked: Primary Address
2026-04-14 15:27:19,833 - INFO - Filled Address: 123 Automation Way
2026-04-14 15:27:21,136 - INFO - Filled Zip Code: 12345
2026-04-14 15:27:23,025 - INFO - Filled Unique Phone Number: 7170614098
2026-04-14 15:27:24,413 - INFO - Filled Email: auto_jcmjglhc@test.com
2026-04-14 15:27:25,920 - INFO - Filled Confirm Email: auto_jcmjglhc@test.com
2026-04-14 15:27:25,920 - INFO - Clicking 'Save & Next'...
2026-04-14 15:27:27,515 - INFO - Successfully verified Step 1 completion.
2026-04-14 15:27:27,544 - INFO - Retrieved Temporary Account ID: 1000001817
2026-04-14 15:27:27,544 - INFO - Step 1 Success. ID: 1000001817
2026-04-14 15:27:27,544 - INFO - Starting Step 2: Adding 2 Vehicle(s)...
2026-04-14 15:27:28,920 - INFO - Filled Plate Number 1: QA1010GP
2026-04-14 15:27:35,063 - INFO - Filled Plate Start Date: 2026-04-14
2026-04-14 15:27:48,151 - INFO - Vehicle 1 added.
2026-04-14 15:27:49,456 - INFO - Filled Plate Number 2: QA6965GP
2026-04-14 15:27:55,615 - INFO - Filled Plate Start Date: 2026-04-14
2026-04-14 15:28:08,688 - INFO - Vehicle 2 added.
2026-04-14 15:28:09,237 - INFO - Step 2 complete successfully.
2026-04-14 15:28:09,238 - INFO - Starting Step 3: Payment Information...
2026-04-14 15:28:12,445 - INFO - Filled Name On Card: mHoRxhfWyAWGpyKyUrzEG
2026-04-14 15:28:13,905 - INFO - Filled Card Number: 7278303604947170
2026-04-14 15:28:15,390 - INFO - Filled Expiry Date: 04/28
2026-04-14 15:28:16,785 - INFO - Filled CVV Number: 612
2026-04-14 15:28:16,786 - INFO - Clicking 'Add Card' button...
2026-04-14 15:28:18,416 - INFO - ✅ Selected the Credit Card radio button.
2026-04-14 15:28:18,943 - INFO - Clicking 'Preview and Pay'...
2026-04-14 15:28:19,523 - INFO - Waiting for Payment Confirmation modal...
2026-04-14 15:28:34,543 - ERROR - Payment Modal Error: Timeout 15000ms exceeded.
2026-04-14 15:33:53,908 - INFO - Test Session Started.
2026-04-14 15:33:53,910 - INFO - Navigating to Login Page: http://operator-qa.qmaastech.com/
2026-04-14 15:33:53,910 - INFO - Navigating to: http://operator-qa.qmaastech.com/
2026-04-14 15:33:56,120 - INFO - Attempting login for user: superadmin_qm@yopmail.com
2026-04-14 15:33:57,768 - INFO - Logging DOM elements BEFORE login click...
2026-04-14 15:33:57,768 - INFO - 
================================================================================
2026-04-14 15:33:57,768 - INFO - DOM SNAPSHOT AT STAGE: Before_Login
2026-04-14 15:33:57,768 - INFO - ================================================================================
2026-04-14 15:33:57,783 - INFO - 
Searching for pop-up elements in page content...
2026-04-14 15:33:58,044 - WARNING - ⚠ No known pop-up selectors found. Checking all visible divs...
2026-04-14 15:33:58,082 - INFO - Total DIV elements on page: 20
2026-04-14 15:33:58,461 - INFO -   Visible DIV 1: class='hero-pills' id='no-id' text='bolt
Real-time
smart_toy
AI-driven
hub
Multi-agenc'
2026-04-14 15:33:58,598 - INFO -   Visible DIV 2: class='auth-panel' id='no-id' text='Welcome Back

Sign in to your account to continue
'
2026-04-14 15:33:58,686 - INFO -   Visible DIV 3: class='auth-card' id='no-id' text='Welcome Back

Sign in to your account to continue
'
2026-04-14 15:33:58,786 - INFO -   Visible DIV 4: class='auth-step' id='no-id' text='Welcome Back

Sign in to your account to continue
'
2026-04-14 15:33:58,900 - INFO -   Visible DIV 5: class='field-wrap' id='no-id' text='Email ID / Username *
person'
2026-04-14 15:33:58,971 - INFO -   Visible DIV 6: class='input-shell' id='no-id' text='person'
2026-04-14 15:33:59,057 - INFO -   Visible DIV 7: class='field-wrap' id='no-id' text='Password *
lock
visibility_off'
2026-04-14 15:33:59,121 - INFO -   Visible DIV 8: class='input-shell' id='no-id' text='lock
visibility_off'
2026-04-14 15:33:59,198 - INFO -   Visible DIV 9: class='auth-bottom-links' id='no-id' text='New user?  Access Account

Forgot password?'
2026-04-14 15:33:59,247 - INFO - 
================================================================================

2026-04-14 15:33:59,809 - INFO - Login button clicked.
2026-04-14 15:33:59,814 - INFO - Taking rapid screenshots and validating pop-up...
2026-04-14 15:34:00,354 - INFO - Screenshot captured: reports\RUN_20260414_153351\screenshots\03_Popup_Immediate_1_153359.png
2026-04-14 15:34:00,354 - INFO - Screenshot 1 captured - Attempting validation...
2026-04-14 15:34:00,355 - INFO - 
================================================================================
2026-04-14 15:34:00,355 - INFO - STARTING COMPREHENSIVE POP-UP VALIDATION
2026-04-14 15:34:00,355 - INFO - ================================================================================
2026-04-14 15:34:00,382 - INFO - 
[VALIDATION 1] Checking Pop-up Visibility...
2026-04-14 15:34:00,408 - INFO -   Visibility Status: True
2026-04-14 15:34:00,409 - INFO -   PASSED: Pop-up is visible
2026-04-14 15:34:00,409 - INFO - 
[VALIDATION 2] Extracting and Validating Text Content...
2026-04-14 15:34:00,430 - INFO -   Extracted Text: 'Login Successful'
2026-04-14 15:34:00,431 - INFO -   PASSED: Text matches exactly: 'Login Successful'
2026-04-14 15:34:00,431 - INFO - 
[VALIDATION 3] Checking for Typos...
2026-04-14 15:34:00,431 - INFO -   PASSED: No known typos detected
2026-04-14 15:34:00,432 - INFO - 
[VALIDATION 4] Extracting CSS Classes and Attributes...
2026-04-14 15:34:00,453 - INFO -   CSS Classes: snackbar success-snackbar
2026-04-14 15:34:00,454 - INFO -   PASSED: 'success' class is present
2026-04-14 15:34:00,455 - INFO - 
[VALIDATION 5] Checking Element Properties...
2026-04-14 15:34:00,520 - INFO -   ID: Not set
2026-04-14 15:34:00,521 - INFO -   Data-TestID: Not set
2026-04-14 15:34:00,522 - INFO -   Role: Not set
2026-04-14 15:34:00,522 - INFO -   ARIA Label: Not set
2026-04-14 15:34:00,523 - INFO - 
[VALIDATION 6] Checking Position and Size...
2026-04-14 15:34:00,537 - INFO -   X: 1230, Y: 20
2026-04-14 15:34:00,537 - INFO -   Width: 250, Height: 43.5
2026-04-14 15:34:00,538 - INFO -   PASSED: Element has valid dimensions
2026-04-14 15:34:00,538 - INFO - 
[VALIDATION 7] Checking Computed Styles...
2026-04-14 15:34:00,569 - INFO -   Display: block
2026-04-14 15:34:00,570 - INFO -   Opacity: 1
2026-04-14 15:34:00,570 - INFO -   PASSED: Element is displayed with proper opacity
2026-04-14 15:34:00,571 - INFO - 
================================================================================
2026-04-14 15:34:00,571 - INFO - POP-UP VALIDATION SUMMARY
2026-04-14 15:34:00,571 - INFO - ================================================================================
2026-04-14 15:34:00,572 - INFO -   Visibility: PASSED
2026-04-14 15:34:00,572 - INFO -   Text Match: PASSED
2026-04-14 15:34:00,572 - INFO -   Typo Check: PASSED
2026-04-14 15:34:00,573 - INFO -   CSS Classes: Present
2026-04-14 15:34:00,573 - INFO -   Position & Size: Valid
2026-04-14 15:34:00,575 - INFO -   Computed Styles: Valid
2026-04-14 15:34:00,575 - INFO - ================================================================================

2026-04-14 15:34:00,575 - INFO - ✓ ALL VALIDATIONS PASSED - Pop-up is working correctly!
2026-04-14 15:34:00,969 - INFO - Screenshot captured: reports\RUN_20260414_153351\screenshots\03_Popup_Immediate_2_153400.png
2026-04-14 15:34:00,971 - INFO - Screenshot 2 captured - Attempting validation...
2026-04-14 15:34:00,973 - INFO - 
================================================================================
2026-04-14 15:34:00,974 - INFO - STARTING COMPREHENSIVE POP-UP VALIDATION
2026-04-14 15:34:00,974 - INFO - ================================================================================
2026-04-14 15:34:00,997 - ERROR - VALIDATION FAILED: Pop-up element not found!
2026-04-14 15:34:02,544 - INFO - Screenshot captured: reports\RUN_20260414_153351\screenshots\03_Popup_Immediate_3_153401.png
2026-04-14 15:34:02,546 - INFO - Screenshot 3 captured - Attempting validation...
2026-04-14 15:34:02,546 - INFO - 
================================================================================
2026-04-14 15:34:02,547 - INFO - STARTING COMPREHENSIVE POP-UP VALIDATION
2026-04-14 15:34:02,547 - INFO - ================================================================================
2026-04-14 15:34:02,578 - ERROR - VALIDATION FAILED: Pop-up element not found!
2026-04-14 15:34:02,696 - INFO - Logging DOM elements AFTER login click (pop-up should appear here)...
2026-04-14 15:34:02,697 - INFO - 
================================================================================
2026-04-14 15:34:02,698 - INFO - DOM SNAPSHOT AT STAGE: After_Login_Click
2026-04-14 15:34:02,698 - INFO - ================================================================================
2026-04-14 15:34:02,719 - INFO - 
Searching for pop-up elements in page content...
2026-04-14 15:34:02,970 - WARNING - ⚠ No known pop-up selectors found. Checking all visible divs...
2026-04-14 15:34:03,018 - INFO - Total DIV elements on page: 28
2026-04-14 15:34:03,230 - INFO -   Visible DIV 1: class='header-right' id='no-id' text='English
French
Spanish
Quantum Toll Authority
supe'
2026-04-14 15:34:03,344 - INFO -   Visible DIV 2: class='nav-user' id='no-id' text='Quantum Toll Authority
superadmin_qm@yopmail.com'
2026-04-14 15:34:03,526 - INFO -   Visible DIV 3: class='nav-user-info' id='no-id' text='Quantum Toll Authority
superadmin_qm@yopmail.com'
2026-04-14 15:34:03,615 - INFO -   Visible DIV 4: class='uname' id='no-id' text='Quantum Toll Authority'
2026-04-14 15:34:03,712 - INFO -   Visible DIV 5: class='urole' id='no-id' text='superadmin_qm@yopmail.com'
2026-04-14 15:34:03,807 - INFO -   Visible DIV 6: class='main-container' id='no-id' text='dashboard_2
group
decimal_increase
admin_panel_set'
2026-04-14 15:34:03,893 - INFO -   Visible DIV 7: class='inner' id='no-id' text='dashboard_2'
2026-04-14 15:34:03,992 - INFO -   Visible DIV 8: class='inner' id='no-id' text='group'
2026-04-14 15:34:04,105 - INFO -   Visible DIV 9: class='inner' id='no-id' text='decimal_increase'
2026-04-14 15:34:04,210 - INFO -   Visible DIV 10: class='inner' id='no-id' text='admin_panel_settings'
2026-04-14 15:34:04,313 - INFO -   Visible DIV 11: class='inner' id='no-id' text='nest_doorbell_visitor'
2026-04-14 15:34:04,442 - INFO -   Visible DIV 12: class='inner' id='no-id' text='key_visualizer'
2026-04-14 15:34:04,464 - INFO - 
================================================================================

2026-04-14 15:34:04,946 - INFO - Screenshot captured: reports\RUN_20260414_153351\screenshots\02_Just_After_Login_Click_153404.png
2026-04-14 15:34:05,173 - INFO - Starting Onboarding Flow Test
2026-04-14 15:34:05,174 - INFO - Starting navigation to Onboard Customer page...
2026-04-14 15:34:05,174 - INFO - Clicking Workbench icon...
2026-04-14 15:34:05,772 - INFO - Workbench menu expanded.
2026-04-14 15:34:05,773 - INFO - Clicking 'Manage Accounts' sub-menu...
2026-04-14 15:34:06,329 - INFO - 'Manage Accounts' submenu expanded.
2026-04-14 15:34:06,329 - INFO - Clicking 'Onboard a Customer' link...
2026-04-14 15:34:07,861 - INFO - Successfully navigated to Onboard Customer page.
2026-04-14 15:34:08,183 - INFO - Screenshot captured: reports\RUN_20260414_153351\screenshots\02_Onboard_Customer_Landing_153407.png
2026-04-14 15:34:08,185 - INFO - Filling Onboarding details for United States...
2026-04-14 15:34:10,124 - INFO - Filled First Name: RIDRCJRKOhmszTtXYVjdcKPBPgJkeDhujCJxcmMbZj
2026-04-14 15:34:11,504 - INFO - Filled Last Name: SiplIbfGHFrAzcnAgIjFJeWrXLhpUMyGtTTyZAWhPKWP
2026-04-14 15:34:12,684 - INFO - Checked: Use Same for Billing
2026-04-14 15:34:13,786 - INFO - Checked: Use Same for Shipping
2026-04-14 15:34:14,901 - INFO - Checked: Primary Address
2026-04-14 15:34:19,440 - INFO - Filled Address: 123 Automation Way
2026-04-14 15:34:20,755 - INFO - Filled Zip Code: 12345
2026-04-14 15:34:22,673 - INFO - Filled Unique Phone Number: 8060592266
2026-04-14 15:34:24,082 - INFO - Filled Email: auto_ridrcjrkohmszttxyvjdckpbpgjkedhujcjxcmmbzj@test.com
2026-04-14 15:34:25,521 - INFO - Filled Confirm Email: auto_ridrcjrkohmszttxyvjdckpbpgjkedhujcjxcmmbzj@test.com
2026-04-14 15:34:25,521 - INFO - Clicking 'Save & Next'...
2026-04-14 15:34:27,153 - INFO - Successfully verified Step 1 completion.
2026-04-14 15:34:27,250 - INFO - Retrieved Temporary Account ID: 1000001818
2026-04-14 15:34:27,250 - INFO - Step 1 Success. ID: 1000001818
2026-04-14 15:34:27,250 - INFO - Starting Step 2: Adding 2 Vehicle(s)...
2026-04-14 15:34:28,625 - INFO - Filled Plate Number 1: QA2549GP
2026-04-14 15:34:34,727 - INFO - Filled Plate Start Date: 2026-04-14
2026-04-14 15:34:47,763 - INFO - Vehicle 1 added.
2026-04-14 15:34:49,084 - INFO - Filled Plate Number 2: QA6335GP
2026-04-14 15:34:55,168 - INFO - Filled Plate Start Date: 2026-04-14
2026-04-14 15:35:08,326 - INFO - Vehicle 2 added.
2026-04-14 15:35:08,915 - INFO - Step 2 complete successfully.
2026-04-14 15:35:08,915 - INFO - Starting Step 3: Payment Information...
2026-04-14 15:35:38,932 - ERROR - Payment Modal Error: Timeout 30000ms exceeded.
2026-04-14 15:38:22,637 - INFO - Test Session Started.
2026-04-14 15:38:22,639 - INFO - Navigating to Login Page: http://operator-qa.qmaastech.com/
2026-04-14 15:38:22,640 - INFO - Navigating to: http://operator-qa.qmaastech.com/
2026-04-14 15:38:25,291 - INFO - Attempting login for user: superadmin_qm@yopmail.com
2026-04-14 15:38:26,957 - INFO - Logging DOM elements BEFORE login click...
2026-04-14 15:38:26,959 - INFO - 
================================================================================
2026-04-14 15:38:26,961 - INFO - DOM SNAPSHOT AT STAGE: Before_Login
2026-04-14 15:38:26,961 - INFO - ================================================================================
2026-04-14 15:38:27,005 - INFO - 
Searching for pop-up elements in page content...
2026-04-14 15:38:27,397 - WARNING - ⚠ No known pop-up selectors found. Checking all visible divs...
2026-04-14 15:38:27,446 - INFO - Total DIV elements on page: 20
2026-04-14 15:38:28,108 - INFO -   Visible DIV 1: class='hero-pills' id='no-id' text='bolt
Real-time
smart_toy
AI-driven
hub
Multi-agenc'
2026-04-14 15:38:28,277 - INFO -   Visible DIV 2: class='auth-panel' id='no-id' text='Welcome Back

Sign in to your account to continue
'
2026-04-14 15:38:28,400 - INFO -   Visible DIV 3: class='auth-card' id='no-id' text='Welcome Back

Sign in to your account to continue
'
2026-04-14 15:38:28,542 - INFO -   Visible DIV 4: class='auth-step' id='no-id' text='Welcome Back

Sign in to your account to continue
'
2026-04-14 15:38:28,747 - INFO -   Visible DIV 5: class='field-wrap' id='no-id' text='Email ID / Username *
person'
2026-04-14 15:38:28,945 - INFO -   Visible DIV 6: class='input-shell' id='no-id' text='person'
2026-04-14 15:38:29,143 - INFO -   Visible DIV 7: class='field-wrap' id='no-id' text='Password *
lock
visibility_off'
2026-04-14 15:38:29,279 - INFO -   Visible DIV 8: class='input-shell' id='no-id' text='lock
visibility_off'
2026-04-14 15:38:29,393 - INFO -   Visible DIV 9: class='auth-bottom-links' id='no-id' text='New user?  Access Account

Forgot password?'
2026-04-14 15:38:29,479 - INFO - 
================================================================================

2026-04-14 15:38:30,101 - INFO - Login button clicked.
2026-04-14 15:38:30,104 - INFO - Taking rapid screenshots and validating pop-up...
2026-04-14 15:38:31,443 - INFO - Screenshot captured: reports\RUN_20260414_153820\screenshots\03_Popup_Immediate_1_153830.png
2026-04-14 15:38:31,444 - INFO - Screenshot 1 captured - Attempting validation...
2026-04-14 15:38:31,445 - INFO - 
================================================================================
2026-04-14 15:38:31,447 - INFO - STARTING COMPREHENSIVE POP-UP VALIDATION
2026-04-14 15:38:31,449 - INFO - ================================================================================
2026-04-14 15:38:31,642 - ERROR - VALIDATION FAILED: Pop-up element not found!
2026-04-14 15:38:34,446 - INFO - Screenshot captured: reports\RUN_20260414_153820\screenshots\03_Popup_Immediate_2_153831.png
2026-04-14 15:38:34,447 - INFO - Screenshot 2 captured - Attempting validation...
2026-04-14 15:38:34,447 - INFO - 
================================================================================
2026-04-14 15:38:34,447 - INFO - STARTING COMPREHENSIVE POP-UP VALIDATION
2026-04-14 15:38:34,448 - INFO - ================================================================================
2026-04-14 15:38:34,470 - ERROR - VALIDATION FAILED: Pop-up element not found!
2026-04-14 15:38:35,406 - INFO - Screenshot captured: reports\RUN_20260414_153820\screenshots\03_Popup_Immediate_3_153834.png
2026-04-14 15:38:35,408 - INFO - Screenshot 3 captured - Attempting validation...
2026-04-14 15:38:35,412 - INFO - 
================================================================================
2026-04-14 15:38:35,415 - INFO - STARTING COMPREHENSIVE POP-UP VALIDATION
2026-04-14 15:38:35,416 - INFO - ================================================================================
2026-04-14 15:38:35,471 - ERROR - VALIDATION FAILED: Pop-up element not found!
2026-04-14 15:38:35,618 - INFO - Logging DOM elements AFTER login click (pop-up should appear here)...
2026-04-14 15:38:35,620 - INFO - 
================================================================================
2026-04-14 15:38:35,623 - INFO - DOM SNAPSHOT AT STAGE: After_Login_Click
2026-04-14 15:38:35,625 - INFO - ================================================================================
2026-04-14 15:38:35,724 - INFO - 
Searching for pop-up elements in page content...
2026-04-14 15:38:36,123 - WARNING - ⚠ No known pop-up selectors found. Checking all visible divs...
2026-04-14 15:38:36,180 - INFO - Total DIV elements on page: 28
2026-04-14 15:38:36,409 - INFO -   Visible DIV 1: class='header-right' id='no-id' text='English
French
Spanish
Quantum Toll Authority
supe'
2026-04-14 15:38:36,568 - INFO -   Visible DIV 2: class='nav-user' id='no-id' text='Quantum Toll Authority
superadmin_qm@yopmail.com'
2026-04-14 15:38:36,800 - INFO -   Visible DIV 3: class='nav-user-info' id='no-id' text='Quantum Toll Authority
superadmin_qm@yopmail.com'
2026-04-14 15:38:37,011 - INFO -   Visible DIV 4: class='uname' id='no-id' text='Quantum Toll Authority'
2026-04-14 15:38:37,149 - INFO -   Visible DIV 5: class='urole' id='no-id' text='superadmin_qm@yopmail.com'
2026-04-14 15:38:37,306 - INFO -   Visible DIV 6: class='main-container' id='no-id' text='dashboard_2
group
decimal_increase
admin_panel_set'
2026-04-14 15:38:37,579 - INFO -   Visible DIV 7: class='inner' id='no-id' text='dashboard_2'
2026-04-14 15:38:37,903 - INFO -   Visible DIV 8: class='inner' id='no-id' text='group'
2026-04-14 15:38:38,221 - INFO -   Visible DIV 9: class='inner' id='no-id' text='decimal_increase'
2026-04-14 15:38:38,555 - INFO -   Visible DIV 10: class='inner' id='no-id' text='admin_panel_settings'
2026-04-14 15:38:38,710 - INFO -   Visible DIV 11: class='inner' id='no-id' text='nest_doorbell_visitor'
2026-04-14 15:38:38,842 - INFO -   Visible DIV 12: class='inner' id='no-id' text='key_visualizer'
2026-04-14 15:38:38,895 - INFO - 
================================================================================

2026-04-14 15:38:39,247 - INFO - Screenshot captured: reports\RUN_20260414_153820\screenshots\02_Just_After_Login_Click_153838.png
2026-04-14 15:38:39,727 - INFO - Starting Onboarding Flow Test
2026-04-14 15:38:39,731 - INFO - Starting navigation to Onboard Customer page...
2026-04-14 15:38:39,733 - INFO - Clicking Workbench icon...
2026-04-14 15:38:40,492 - INFO - Workbench menu expanded.
2026-04-14 15:38:40,495 - INFO - Clicking 'Manage Accounts' sub-menu...
2026-04-14 15:38:41,118 - INFO - 'Manage Accounts' submenu expanded.
2026-04-14 15:38:41,120 - INFO - Clicking 'Onboard a Customer' link...
2026-04-14 15:38:42,670 - INFO - Successfully navigated to Onboard Customer page.
2026-04-14 15:38:43,010 - INFO - Screenshot captured: reports\RUN_20260414_153820\screenshots\02_Onboard_Customer_Landing_153842.png
2026-04-14 15:38:43,011 - INFO - Filling Onboarding details for United States...
2026-04-14 15:38:44,863 - INFO - Filled First Name: lpMmqERalV
2026-04-14 15:38:46,264 - INFO - Filled Last Name: wrRXWdADVekW
2026-04-14 15:38:47,397 - INFO - Checked: Use Same for Billing
2026-04-14 15:38:48,521 - INFO - Checked: Use Same for Shipping
2026-04-14 15:38:49,612 - INFO - Checked: Primary Address
2026-04-14 15:38:54,102 - INFO - Filled Address: 123 Automation Way
2026-04-14 15:38:55,469 - INFO - Filled Zip Code: 12345
2026-04-14 15:38:57,397 - INFO - Filled Unique Phone Number: 7659143718
2026-04-14 15:38:58,764 - INFO - Filled Email: auto_lpmmqeralv@test.com
2026-04-14 15:39:00,214 - INFO - Filled Confirm Email: auto_lpmmqeralv@test.com
2026-04-14 15:39:00,214 - INFO - Clicking 'Save & Next'...
2026-04-14 15:39:01,830 - INFO - Successfully verified Step 1 completion.
2026-04-14 15:39:01,866 - INFO - Retrieved Temporary Account ID: 1000001819
2026-04-14 15:39:01,866 - INFO - Step 1 Success. ID: 1000001819
2026-04-14 15:39:01,867 - INFO - Starting Step 2: Adding 2 Vehicle(s)...
2026-04-14 15:39:03,238 - INFO - Filled Plate Number 1: QA4168GP
2026-04-14 15:39:09,336 - INFO - Filled Plate Start Date: 2026-04-14
2026-04-14 15:39:22,413 - INFO - Vehicle 1 added.
2026-04-14 15:39:23,731 - INFO - Filled Plate Number 2: QA3014GP
2026-04-14 15:39:29,752 - INFO - Filled Plate Start Date: 2026-04-14
2026-04-14 15:39:42,885 - INFO - Vehicle 2 added.
2026-04-14 15:39:43,477 - INFO - Step 2 complete successfully.
2026-04-14 15:39:43,477 - INFO - Starting Step 3: Payment Information...
2026-04-14 15:40:13,491 - ERROR - Payment Modal Error: Timeout 30000ms exceeded.
2026-04-14 15:49:05,629 - INFO - Test Session Started.
2026-04-14 15:49:05,630 - INFO - Navigating to Login Page: http://operator-qa.qmaastech.com/
2026-04-14 15:49:05,631 - INFO - Navigating to: http://operator-qa.qmaastech.com/
2026-04-14 15:49:08,248 - INFO - Attempting login for user: superadmin_qm@yopmail.com
2026-04-14 15:49:09,921 - INFO - Logging DOM elements BEFORE login click...
2026-04-14 15:49:09,923 - INFO - 
================================================================================
2026-04-14 15:49:09,926 - INFO - DOM SNAPSHOT AT STAGE: Before_Login
2026-04-14 15:49:09,928 - INFO - ================================================================================
2026-04-14 15:49:10,099 - INFO - 
Searching for pop-up elements in page content...
2026-04-14 15:49:10,456 - WARNING - ⚠ No known pop-up selectors found. Checking all visible divs...
2026-04-14 15:49:10,475 - INFO - Total DIV elements on page: 20
2026-04-14 15:49:10,745 - INFO -   Visible DIV 1: class='hero-pills' id='no-id' text='bolt
Real-time
smart_toy
AI-driven
hub
Multi-agenc'
2026-04-14 15:49:10,862 - INFO -   Visible DIV 2: class='auth-panel' id='no-id' text='Welcome Back

Sign in to your account to continue
'
2026-04-14 15:49:10,918 - INFO -   Visible DIV 3: class='auth-card' id='no-id' text='Welcome Back

Sign in to your account to continue
'
2026-04-14 15:49:10,959 - INFO -   Visible DIV 4: class='auth-step' id='no-id' text='Welcome Back

Sign in to your account to continue
'
2026-04-14 15:49:11,033 - INFO -   Visible DIV 5: class='field-wrap' id='no-id' text='Email ID / Username *
person'
2026-04-14 15:49:11,133 - INFO -   Visible DIV 6: class='input-shell' id='no-id' text='person'
2026-04-14 15:49:11,239 - INFO -   Visible DIV 7: class='field-wrap' id='no-id' text='Password *
lock
visibility_off'
2026-04-14 15:49:11,352 - INFO -   Visible DIV 8: class='input-shell' id='no-id' text='lock
visibility_off'
2026-04-14 15:49:11,537 - INFO -   Visible DIV 9: class='auth-bottom-links' id='no-id' text='New user?  Access Account

Forgot password?'
2026-04-14 15:49:11,652 - INFO - 
================================================================================

2026-04-14 15:49:12,271 - INFO - Login button clicked.
2026-04-14 15:49:12,275 - INFO - Taking rapid screenshots and validating pop-up...
2026-04-14 15:49:12,940 - INFO - Screenshot captured: reports\RUN_20260414_154903\screenshots\03_Popup_Immediate_1_154912.png
2026-04-14 15:49:12,941 - INFO - Screenshot 1 captured - Attempting validation...
2026-04-14 15:49:12,942 - INFO - 
================================================================================
2026-04-14 15:49:12,942 - INFO - STARTING COMPREHENSIVE POP-UP VALIDATION
2026-04-14 15:49:12,944 - INFO - ================================================================================
2026-04-14 15:49:12,982 - INFO - 
[VALIDATION 1] Checking Pop-up Visibility...
2026-04-14 15:49:13,008 - INFO -   Visibility Status: True
2026-04-14 15:49:13,010 - INFO -   PASSED: Pop-up is visible
2026-04-14 15:49:13,011 - INFO - 
[VALIDATION 2] Extracting and Validating Text Content...
2026-04-14 15:49:13,041 - INFO -   Extracted Text: 'Login Successful'
2026-04-14 15:49:13,043 - INFO -   PASSED: Text matches exactly: 'Login Successful'
2026-04-14 15:49:13,044 - INFO - 
[VALIDATION 3] Checking for Typos...
2026-04-14 15:49:13,045 - INFO -   PASSED: No known typos detected
2026-04-14 15:49:13,045 - INFO - 
[VALIDATION 4] Extracting CSS Classes and Attributes...
2026-04-14 15:49:13,066 - INFO -   CSS Classes: snackbar success-snackbar
2026-04-14 15:49:13,066 - INFO -   PASSED: 'success' class is present
2026-04-14 15:49:13,068 - INFO - 
[VALIDATION 5] Checking Element Properties...
2026-04-14 15:49:13,161 - INFO -   ID: Not set
2026-04-14 15:49:13,162 - INFO -   Data-TestID: Not set
2026-04-14 15:49:13,163 - INFO -   Role: Not set
2026-04-14 15:49:13,163 - INFO -   ARIA Label: Not set
2026-04-14 15:49:13,164 - INFO - 
[VALIDATION 6] Checking Position and Size...
2026-04-14 15:49:13,184 - INFO -   X: 1230, Y: 20
2026-04-14 15:49:13,185 - INFO -   Width: 250, Height: 43.5
2026-04-14 15:49:13,185 - INFO -   PASSED: Element has valid dimensions
2026-04-14 15:49:13,186 - INFO - 
[VALIDATION 7] Checking Computed Styles...
2026-04-14 15:49:13,217 - INFO -   Display: block
2026-04-14 15:49:13,218 - INFO -   Opacity: 1
2026-04-14 15:49:13,218 - INFO -   PASSED: Element is displayed with proper opacity
2026-04-14 15:49:13,219 - INFO - 
================================================================================
2026-04-14 15:49:13,219 - INFO - POP-UP VALIDATION SUMMARY
2026-04-14 15:49:13,219 - INFO - ================================================================================
2026-04-14 15:49:13,219 - INFO -   Visibility: PASSED
2026-04-14 15:49:13,220 - INFO -   Text Match: PASSED
2026-04-14 15:49:13,220 - INFO -   Typo Check: PASSED
2026-04-14 15:49:13,220 - INFO -   CSS Classes: Present
2026-04-14 15:49:13,221 - INFO -   Position & Size: Valid
2026-04-14 15:49:13,221 - INFO -   Computed Styles: Valid
2026-04-14 15:49:13,222 - INFO - ================================================================================

2026-04-14 15:49:13,222 - INFO - ✓ ALL VALIDATIONS PASSED - Pop-up is working correctly!
2026-04-14 15:49:13,701 - INFO - Screenshot captured: reports\RUN_20260414_154903\screenshots\03_Popup_Immediate_2_154913.png
2026-04-14 15:49:13,702 - INFO - Screenshot 2 captured - Attempting validation...
2026-04-14 15:49:13,703 - INFO - 
================================================================================
2026-04-14 15:49:13,704 - INFO - STARTING COMPREHENSIVE POP-UP VALIDATION
2026-04-14 15:49:13,705 - INFO - ================================================================================
2026-04-14 15:49:13,737 - ERROR - VALIDATION FAILED: Pop-up element not found!
2026-04-14 15:49:14,910 - INFO - Screenshot captured: reports\RUN_20260414_154903\screenshots\03_Popup_Immediate_3_154913.png
2026-04-14 15:49:14,911 - INFO - Screenshot 3 captured - Attempting validation...
2026-04-14 15:49:14,912 - INFO - 
================================================================================
2026-04-14 15:49:14,913 - INFO - STARTING COMPREHENSIVE POP-UP VALIDATION
2026-04-14 15:49:14,913 - INFO - ================================================================================
2026-04-14 15:49:14,953 - ERROR - VALIDATION FAILED: Pop-up element not found!
2026-04-14 15:49:15,085 - INFO - Logging DOM elements AFTER login click (pop-up should appear here)...
2026-04-14 15:49:15,086 - INFO - 
================================================================================
2026-04-14 15:49:15,087 - INFO - DOM SNAPSHOT AT STAGE: After_Login_Click
2026-04-14 15:49:15,087 - INFO - ================================================================================
2026-04-14 15:49:15,118 - INFO - 
Searching for pop-up elements in page content...
2026-04-14 15:49:15,405 - WARNING - ⚠ No known pop-up selectors found. Checking all visible divs...
2026-04-14 15:49:15,479 - INFO - Total DIV elements on page: 28
2026-04-14 15:49:15,724 - INFO -   Visible DIV 1: class='header-right' id='no-id' text='English
French
Spanish
Quantum Toll Authority
supe'
2026-04-14 15:49:15,831 - INFO -   Visible DIV 2: class='nav-user' id='no-id' text='Quantum Toll Authority
superadmin_qm@yopmail.com'
2026-04-14 15:49:15,996 - INFO -   Visible DIV 3: class='nav-user-info' id='no-id' text='Quantum Toll Authority
superadmin_qm@yopmail.com'
2026-04-14 15:49:16,100 - INFO -   Visible DIV 4: class='uname' id='no-id' text='Quantum Toll Authority'
2026-04-14 15:49:16,220 - INFO -   Visible DIV 5: class='urole' id='no-id' text='superadmin_qm@yopmail.com'
2026-04-14 15:49:16,347 - INFO -   Visible DIV 6: class='main-container' id='no-id' text='dashboard_2
group
decimal_increase
admin_panel_set'
2026-04-14 15:49:16,455 - INFO -   Visible DIV 7: class='inner' id='no-id' text='dashboard_2'
2026-04-14 15:49:16,589 - INFO -   Visible DIV 8: class='inner' id='no-id' text='group'
2026-04-14 15:49:16,721 - INFO -   Visible DIV 9: class='inner' id='no-id' text='decimal_increase'
2026-04-14 15:49:16,841 - INFO -   Visible DIV 10: class='inner' id='no-id' text='admin_panel_settings'
2026-04-14 15:49:16,956 - INFO -   Visible DIV 11: class='inner' id='no-id' text='nest_doorbell_visitor'
2026-04-14 15:49:17,072 - INFO -   Visible DIV 12: class='inner' id='no-id' text='key_visualizer'
2026-04-14 15:49:17,101 - INFO - 
================================================================================

2026-04-14 15:49:17,532 - INFO - Screenshot captured: reports\RUN_20260414_154903\screenshots\02_Just_After_Login_Click_154917.png
2026-04-14 15:49:17,911 - INFO - Starting Onboarding Flow Test
2026-04-14 15:49:17,912 - INFO - Starting navigation to Onboard Customer page...
2026-04-14 15:49:17,913 - INFO - Clicking Workbench icon...
2026-04-14 15:49:18,510 - INFO - Workbench menu expanded.
2026-04-14 15:49:18,510 - INFO - Clicking 'Manage Accounts' sub-menu...
2026-04-14 15:49:19,076 - INFO - 'Manage Accounts' submenu expanded.
2026-04-14 15:49:19,078 - INFO - Clicking 'Onboard a Customer' link...
2026-04-14 15:49:20,014 - INFO - Successfully navigated to Onboard Customer page.
2026-04-14 15:49:20,398 - INFO - Screenshot captured: reports\RUN_20260414_154903\screenshots\02_Onboard_Customer_Landing_154920.png
2026-04-14 15:49:20,401 - INFO - Filling Onboarding details for United States...
2026-04-14 15:49:22,337 - INFO - Filled First Name: ULTlQwVlwgJSbuZokQNhDOASIPrwSuVeyEhDDSoXeIekIutbi
2026-04-14 15:49:23,894 - INFO - Filled Last Name: QkVNgEeHbAvarCksB
2026-04-14 15:49:25,059 - INFO - Checked: Use Same for Billing
2026-04-14 15:49:26,205 - INFO - Checked: Use Same for Shipping
2026-04-14 15:49:27,325 - INFO - Checked: Primary Address
2026-04-14 15:49:31,888 - INFO - Filled Address: 123 Automation Way
2026-04-14 15:49:33,281 - INFO - Filled Zip Code: 12345
2026-04-14 15:49:35,239 - INFO - Filled Unique Phone Number: 8601913346
2026-04-14 15:49:36,663 - INFO - Filled Email: auto_ultlqwvlwgjsbuzokqnhdoasiprwsuveyehddsoxeiekiutbi@test.com
2026-04-14 15:49:38,076 - INFO - Filled Confirm Email: auto_ultlqwvlwgjsbuzokqnhdoasiprwsuveyehddsoxeiekiutbi@test.com
2026-04-14 15:49:38,077 - INFO - Clicking 'Save & Next'...
2026-04-14 15:49:39,710 - INFO - Successfully verified Step 1 completion.
2026-04-14 15:49:39,761 - INFO - Retrieved Temporary Account ID: 1000001820
2026-04-14 15:49:39,761 - INFO - Step 1 Success. ID: 1000001820
2026-04-14 15:49:39,761 - INFO - Starting Step 2: Adding 2 Vehicle(s)...
2026-04-14 15:49:41,168 - INFO - Filled Plate Number 1: QA8448GP
2026-04-14 15:49:47,350 - INFO - Filled Plate Start Date: 2026-04-14
2026-04-14 15:50:00,515 - INFO - Vehicle 1 added.
2026-04-14 15:50:01,877 - INFO - Filled Plate Number 2: QA1923GP
2026-04-14 15:50:08,023 - INFO - Filled Plate Start Date: 2026-04-14
2026-04-14 15:50:21,258 - INFO - Vehicle 2 added.
2026-04-14 15:50:21,860 - INFO - Step 2 complete successfully.
2026-04-14 15:50:21,860 - INFO - Starting Step 3: Payment Information...
2026-04-14 15:50:21,861 - INFO - Opening 'Add Payment Method' modal...
2026-04-14 15:50:52,400 - ERROR - Payment Modal Error: Timeout 30000ms exceeded.
2026-04-14 15:57:15,518 - INFO - Test Session Started.
2026-04-14 15:57:15,520 - INFO - Navigating to Login Page: http://operator-qa.qmaastech.com/
2026-04-14 15:57:15,521 - INFO - Navigating to: http://operator-qa.qmaastech.com/
2026-04-14 15:57:18,108 - INFO - Attempting login for user: superadmin_qm@yopmail.com
2026-04-14 15:57:19,801 - INFO - Logging DOM elements BEFORE login click...
2026-04-14 15:57:19,801 - INFO - 
================================================================================
2026-04-14 15:57:19,803 - INFO - DOM SNAPSHOT AT STAGE: Before_Login
2026-04-14 15:57:19,803 - INFO - ================================================================================
2026-04-14 15:57:19,818 - INFO - 
Searching for pop-up elements in page content...
2026-04-14 15:57:20,060 - WARNING - ⚠ No known pop-up selectors found. Checking all visible divs...
2026-04-14 15:57:20,092 - INFO - Total DIV elements on page: 20
2026-04-14 15:57:20,569 - INFO -   Visible DIV 1: class='hero-pills' id='no-id' text='bolt
Real-time
smart_toy
AI-driven
hub
Multi-agenc'
2026-04-14 15:57:20,666 - INFO -   Visible DIV 2: class='auth-panel' id='no-id' text='Welcome Back

Sign in to your account to continue
'
2026-04-14 15:57:20,726 - INFO -   Visible DIV 3: class='auth-card' id='no-id' text='Welcome Back

Sign in to your account to continue
'
2026-04-14 15:57:20,794 - INFO -   Visible DIV 4: class='auth-step' id='no-id' text='Welcome Back

Sign in to your account to continue
'
2026-04-14 15:57:20,872 - INFO -   Visible DIV 5: class='field-wrap' id='no-id' text='Email ID / Username *
person'
2026-04-14 15:57:20,942 - INFO -   Visible DIV 6: class='input-shell' id='no-id' text='person'
2026-04-14 15:57:20,993 - INFO -   Visible DIV 7: class='field-wrap' id='no-id' text='Password *
lock
visibility_off'
2026-04-14 15:57:21,055 - INFO -   Visible DIV 8: class='input-shell' id='no-id' text='lock
visibility_off'
2026-04-14 15:57:21,123 - INFO -   Visible DIV 9: class='auth-bottom-links' id='no-id' text='New user?  Access Account

Forgot password?'
2026-04-14 15:57:21,163 - INFO - 
================================================================================

2026-04-14 15:57:21,726 - INFO - Login button clicked.
2026-04-14 15:57:21,730 - INFO - Taking rapid screenshots and validating pop-up...
2026-04-14 15:57:22,413 - INFO - Screenshot captured: reports\RUN_20260414_155713\screenshots\03_Popup_Immediate_1_155721.png
2026-04-14 15:57:22,413 - INFO - Screenshot 1 captured - Attempting validation...
2026-04-14 15:57:22,413 - INFO - 
================================================================================
2026-04-14 15:57:22,414 - INFO - STARTING COMPREHENSIVE POP-UP VALIDATION
2026-04-14 15:57:22,414 - INFO - ================================================================================
2026-04-14 15:57:22,444 - INFO - 
[VALIDATION 1] Checking Pop-up Visibility...
2026-04-14 15:57:22,470 - INFO -   Visibility Status: True
2026-04-14 15:57:22,471 - INFO -   PASSED: Pop-up is visible
2026-04-14 15:57:22,471 - INFO - 
[VALIDATION 2] Extracting and Validating Text Content...
2026-04-14 15:57:22,496 - INFO -   Extracted Text: 'Login Successful'
2026-04-14 15:57:22,496 - INFO -   PASSED: Text matches exactly: 'Login Successful'
2026-04-14 15:57:22,497 - INFO - 
[VALIDATION 3] Checking for Typos...
2026-04-14 15:57:22,499 - INFO -   PASSED: No known typos detected
2026-04-14 15:57:22,499 - INFO - 
[VALIDATION 4] Extracting CSS Classes and Attributes...
2026-04-14 15:57:22,518 - INFO -   CSS Classes: snackbar success-snackbar
2026-04-14 15:57:22,519 - INFO -   PASSED: 'success' class is present
2026-04-14 15:57:22,519 - INFO - 
[VALIDATION 5] Checking Element Properties...
2026-04-14 15:57:22,569 - INFO -   ID: Not set
2026-04-14 15:57:22,569 - INFO -   Data-TestID: Not set
2026-04-14 15:57:22,570 - INFO -   Role: Not set
2026-04-14 15:57:22,570 - INFO -   ARIA Label: Not set
2026-04-14 15:57:22,571 - INFO - 
[VALIDATION 6] Checking Position and Size...
2026-04-14 15:57:22,580 - INFO -   X: 1230, Y: 20
2026-04-14 15:57:22,580 - INFO -   Width: 250, Height: 43.5
2026-04-14 15:57:22,581 - INFO -   PASSED: Element has valid dimensions
2026-04-14 15:57:22,581 - INFO - 
[VALIDATION 7] Checking Computed Styles...
2026-04-14 15:57:22,610 - INFO -   Display: block
2026-04-14 15:57:22,611 - INFO -   Opacity: 1
2026-04-14 15:57:22,612 - INFO -   PASSED: Element is displayed with proper opacity
2026-04-14 15:57:22,613 - INFO - 
================================================================================
2026-04-14 15:57:22,613 - INFO - POP-UP VALIDATION SUMMARY
2026-04-14 15:57:22,614 - INFO - ================================================================================
2026-04-14 15:57:22,614 - INFO -   Visibility: PASSED
2026-04-14 15:57:22,614 - INFO -   Text Match: PASSED
2026-04-14 15:57:22,615 - INFO -   Typo Check: PASSED
2026-04-14 15:57:22,615 - INFO -   CSS Classes: Present
2026-04-14 15:57:22,615 - INFO -   Position & Size: Valid
2026-04-14 15:57:22,616 - INFO -   Computed Styles: Valid
2026-04-14 15:57:22,616 - INFO - ================================================================================

2026-04-14 15:57:22,616 - INFO - ✓ ALL VALIDATIONS PASSED - Pop-up is working correctly!
2026-04-14 15:57:23,037 - INFO - Screenshot captured: reports\RUN_20260414_155713\screenshots\03_Popup_Immediate_2_155722.png
2026-04-14 15:57:23,038 - INFO - Screenshot 2 captured - Attempting validation...
2026-04-14 15:57:23,038 - INFO - 
================================================================================
2026-04-14 15:57:23,039 - INFO - STARTING COMPREHENSIVE POP-UP VALIDATION
2026-04-14 15:57:23,039 - INFO - ================================================================================
2026-04-14 15:57:23,060 - ERROR - VALIDATION FAILED: Pop-up element not found!
2026-04-14 15:57:24,275 - INFO - Screenshot captured: reports\RUN_20260414_155713\screenshots\03_Popup_Immediate_3_155723.png
2026-04-14 15:57:24,275 - INFO - Screenshot 3 captured - Attempting validation...
2026-04-14 15:57:24,279 - INFO - 
================================================================================
2026-04-14 15:57:24,279 - INFO - STARTING COMPREHENSIVE POP-UP VALIDATION
2026-04-14 15:57:24,284 - INFO - ================================================================================
2026-04-14 15:57:24,309 - ERROR - VALIDATION FAILED: Pop-up element not found!
2026-04-14 15:57:24,453 - INFO - Logging DOM elements AFTER login click (pop-up should appear here)...
2026-04-14 15:57:24,453 - INFO - 
================================================================================
2026-04-14 15:57:24,453 - INFO - DOM SNAPSHOT AT STAGE: After_Login_Click
2026-04-14 15:57:24,453 - INFO - ================================================================================
2026-04-14 15:57:24,487 - INFO - 
Searching for pop-up elements in page content...
2026-04-14 15:57:24,906 - WARNING - ⚠ No known pop-up selectors found. Checking all visible divs...
2026-04-14 15:57:25,002 - INFO - Total DIV elements on page: 28
2026-04-14 15:57:25,268 - INFO -   Visible DIV 1: class='header-right' id='no-id' text='English
French
Spanish
Quantum Toll Authority
supe'
2026-04-14 15:57:25,382 - INFO -   Visible DIV 2: class='nav-user' id='no-id' text='Quantum Toll Authority
superadmin_qm@yopmail.com'
2026-04-14 15:57:25,563 - INFO -   Visible DIV 3: class='nav-user-info' id='no-id' text='Quantum Toll Authority
superadmin_qm@yopmail.com'
2026-04-14 15:57:25,669 - INFO -   Visible DIV 4: class='uname' id='no-id' text='Quantum Toll Authority'
2026-04-14 15:57:25,780 - INFO -   Visible DIV 5: class='urole' id='no-id' text='superadmin_qm@yopmail.com'
2026-04-14 15:57:25,884 - INFO -   Visible DIV 6: class='main-container' id='no-id' text='dashboard_2
group
decimal_increase
admin_panel_set'
2026-04-14 15:57:26,000 - INFO -   Visible DIV 7: class='inner' id='no-id' text='dashboard_2'
2026-04-14 15:57:26,118 - INFO -   Visible DIV 8: class='inner' id='no-id' text='group'
2026-04-14 15:57:26,254 - INFO -   Visible DIV 9: class='inner' id='no-id' text='decimal_increase'
2026-04-14 15:57:26,382 - INFO -   Visible DIV 10: class='inner' id='no-id' text='admin_panel_settings'
2026-04-14 15:57:26,512 - INFO -   Visible DIV 11: class='inner' id='no-id' text='nest_doorbell_visitor'
2026-04-14 15:57:26,607 - INFO -   Visible DIV 12: class='inner' id='no-id' text='key_visualizer'
2026-04-14 15:57:26,622 - INFO - 
================================================================================

2026-04-14 15:57:26,951 - INFO - Screenshot captured: reports\RUN_20260414_155713\screenshots\02_Just_After_Login_Click_155726.png
2026-04-14 15:57:27,252 - INFO - Starting Onboarding Flow Test
2026-04-14 15:57:27,257 - INFO - Starting navigation to Onboard Customer page...
2026-04-14 15:57:27,257 - INFO - Clicking Workbench icon...
2026-04-14 15:57:27,852 - INFO - Workbench menu expanded.
2026-04-14 15:57:27,853 - INFO - Clicking 'Manage Accounts' sub-menu...
2026-04-14 15:57:28,423 - INFO - 'Manage Accounts' submenu expanded.
2026-04-14 15:57:28,424 - INFO - Clicking 'Onboard a Customer' link...
2026-04-14 15:57:29,368 - INFO - Successfully navigated to Onboard Customer page.
2026-04-14 15:57:29,751 - INFO - Screenshot captured: reports\RUN_20260414_155713\screenshots\02_Onboard_Customer_Landing_155729.png
2026-04-14 15:57:29,752 - INFO - Filling Onboarding details for United States...
2026-04-14 15:57:31,733 - INFO - Filled First Name: gJHJMVwUlvFeqOsHbUhvxQRKgKEvrHyAWbaJs
2026-04-14 15:57:33,245 - INFO - Filled Last Name: nqSgIRkhXkDgeauLMS
2026-04-14 15:57:34,417 - INFO - Checked: Use Same for Billing
2026-04-14 15:57:35,566 - INFO - Checked: Use Same for Shipping
2026-04-14 15:57:36,685 - INFO - Checked: Primary Address
2026-04-14 15:57:41,278 - INFO - Filled Address: 123 Automation Way
2026-04-14 15:57:42,661 - INFO - Filled Zip Code: 12345
2026-04-14 15:57:44,609 - INFO - Filled Unique Phone Number: 7373033567
2026-04-14 15:57:45,959 - INFO - Filled Email: auto_gjhjmvwulvfeqoshbuhvxqrkgkevrhyawbajs@test.com
2026-04-14 15:57:47,336 - INFO - Filled Confirm Email: auto_gjhjmvwulvfeqoshbuhvxqrkgkevrhyawbajs@test.com
2026-04-14 15:57:47,336 - INFO - Clicking 'Save & Next'...
2026-04-14 15:57:48,998 - INFO - Successfully verified Step 1 completion.
2026-04-14 15:57:49,057 - INFO - Retrieved Temporary Account ID: 1000001821
2026-04-14 15:57:49,058 - INFO - Step 1 Success. ID: 1000001821
2026-04-14 15:57:49,058 - INFO - Starting Step 2: Adding 2 Vehicle(s)...
2026-04-14 15:57:50,426 - INFO - Filled Plate Number 1: QA1310GP
2026-04-14 15:57:56,607 - INFO - Filled Plate Start Date: 2026-04-14
2026-04-14 15:58:09,836 - INFO - Vehicle 1 added.
2026-04-14 15:58:11,167 - INFO - Filled Plate Number 2: QA7142GP
2026-04-14 15:58:17,198 - INFO - Filled Plate Start Date: 2026-04-14
2026-04-14 15:58:30,336 - INFO - Vehicle 2 added.
2026-04-14 15:58:30,912 - INFO - Step 2 complete successfully.
2026-04-14 15:58:30,913 - INFO - Starting Step 3: Payment Information...
2026-04-14 15:58:30,913 - INFO - Ensuring 'Save and Pay' tab is active...
2026-04-14 15:58:33,289 - INFO - Selecting 'Credit Card' from Payment Method dropdown...
2026-04-14 15:58:35,424 - INFO - Opening 'Add Payment Method' modal...
2026-04-14 15:58:37,489 - INFO - Filled Cardholder Name: QDnKDo
2026-04-14 15:58:38,952 - INFO - Filled Card Number: 0645553176760857
2026-04-14 15:58:40,418 - INFO - Filled Expiry Date: 04/28
2026-04-14 15:58:41,888 - INFO - Filled CVV: 121
2026-04-14 15:58:41,890 - INFO - Clicking 'Add Card' submit button...
2026-04-14 15:58:42,469 - INFO - Card added successfully.
2026-04-14 15:58:43,480 - INFO - Selecting the Credit Card from the list...
2026-04-14 15:58:44,584 - INFO - ✅ Selected the Credit Card radio button.
2026-04-14 15:58:44,585 - INFO - Clicking 'Preview and Pay'...
2026-04-14 15:58:45,678 - INFO - Waiting for Payment Confirmation modal...
2026-04-14 15:59:00,714 - ERROR - Payment Step Error: Timeout 15000ms exceeded.
2026-04-14 16:26:57,408 - INFO - Test Session Started.
2026-04-14 16:26:57,413 - INFO - Navigating to Login Page: http://operator-qa.qmaastech.com/
2026-04-14 16:26:57,415 - INFO - Navigating to: http://operator-qa.qmaastech.com/
2026-04-14 16:27:00,517 - INFO - Attempting login for user: superadmin_qm@yopmail.com
2026-04-14 16:27:02,373 - INFO - Logging DOM elements BEFORE login click...
2026-04-14 16:27:02,375 - INFO - 
================================================================================
2026-04-14 16:27:02,376 - INFO - DOM SNAPSHOT AT STAGE: Before_Login
2026-04-14 16:27:02,377 - INFO - ================================================================================
2026-04-14 16:27:02,453 - INFO - 
Searching for pop-up elements in page content...
2026-04-14 16:27:03,233 - WARNING - ⚠ No known pop-up selectors found. Checking all visible divs...
2026-04-14 16:27:03,288 - INFO - Total DIV elements on page: 20
2026-04-14 16:27:04,480 - INFO -   Visible DIV 1: class='hero-pills' id='no-id' text='bolt
Real-time
smart_toy
AI-driven
hub
Multi-agenc'
2026-04-14 16:27:04,765 - INFO -   Visible DIV 2: class='auth-panel' id='no-id' text='Welcome Back

Sign in to your account to continue
'
2026-04-14 16:27:04,947 - INFO -   Visible DIV 3: class='auth-card' id='no-id' text='Welcome Back

Sign in to your account to continue
'
2026-04-14 16:27:05,156 - INFO -   Visible DIV 4: class='auth-step' id='no-id' text='Welcome Back

Sign in to your account to continue
'
2026-04-14 16:27:05,413 - INFO -   Visible DIV 5: class='field-wrap' id='no-id' text='Email ID / Username *
person'
2026-04-14 16:27:05,536 - INFO -   Visible DIV 6: class='input-shell' id='no-id' text='person'
2026-04-14 16:27:05,713 - INFO -   Visible DIV 7: class='field-wrap' id='no-id' text='Password *
lock
visibility_off'
2026-04-14 16:27:05,847 - INFO -   Visible DIV 8: class='input-shell' id='no-id' text='lock
visibility_off'
2026-04-14 16:27:05,983 - INFO -   Visible DIV 9: class='auth-bottom-links' id='no-id' text='New user?  Access Account

Forgot password?'
2026-04-14 16:27:06,049 - INFO - 
================================================================================

2026-04-14 16:27:06,655 - INFO - Login button clicked.
2026-04-14 16:27:06,656 - INFO - Taking rapid screenshots and validating pop-up...
2026-04-14 16:27:07,627 - INFO - Screenshot captured: reports\RUN_20260414_162649\screenshots\03_Popup_Immediate_1_162706.png
2026-04-14 16:27:07,629 - INFO - Screenshot 1 captured - Attempting validation...
2026-04-14 16:27:07,632 - INFO - 
================================================================================
2026-04-14 16:27:07,634 - INFO - STARTING COMPREHENSIVE POP-UP VALIDATION
2026-04-14 16:27:07,635 - INFO - ================================================================================
2026-04-14 16:27:07,703 - INFO - 
[VALIDATION 1] Checking Pop-up Visibility...
2026-04-14 16:27:07,760 - INFO -   Visibility Status: True
2026-04-14 16:27:07,762 - INFO -   PASSED: Pop-up is visible
2026-04-14 16:27:07,763 - INFO - 
[VALIDATION 2] Extracting and Validating Text Content...
2026-04-14 16:27:07,813 - INFO -   Extracted Text: 'Login Successful'
2026-04-14 16:27:07,814 - INFO -   PASSED: Text matches exactly: 'Login Successful'
2026-04-14 16:27:07,815 - INFO - 
[VALIDATION 3] Checking for Typos...
2026-04-14 16:27:07,816 - INFO -   PASSED: No known typos detected
2026-04-14 16:27:07,819 - INFO - 
[VALIDATION 4] Extracting CSS Classes and Attributes...
2026-04-14 16:27:07,869 - INFO -   CSS Classes: snackbar success-snackbar
2026-04-14 16:27:07,871 - INFO -   PASSED: 'success' class is present
2026-04-14 16:27:07,872 - INFO - 
[VALIDATION 5] Checking Element Properties...
2026-04-14 16:27:08,269 - INFO -   ID: Not set
2026-04-14 16:27:08,270 - INFO -   Data-TestID: Not set
2026-04-14 16:27:08,271 - INFO -   Role: Not set
2026-04-14 16:27:08,272 - INFO -   ARIA Label: Not set
2026-04-14 16:27:08,272 - INFO - 
[VALIDATION 6] Checking Position and Size...
2026-04-14 16:27:08,336 - WARNING -   WARNING: Could not get bounding box
2026-04-14 16:27:08,338 - INFO - 
[VALIDATION 7] Checking Computed Styles...
2026-04-14 16:27:08,382 - ERROR - Validation error: TypeError: Failed to execute 'getComputedStyle' on 'Window': parameter 1 is not of type 'Element'.
    at eval (eval at evaluate (:226:30), <anonymous>:1:8)
    at eval (<anonymous>)
    at UtilityScript.evaluate (<anonymous>:226:30)
    at UtilityScript.<anonymous> (<anonymous>:1:44)
2026-04-14 16:27:08,384 - WARNING -   WARNING: Could not check computed styles - element may have disappeared
2026-04-14 16:27:08,384 - INFO - 
================================================================================
2026-04-14 16:27:08,386 - INFO - POP-UP VALIDATION SUMMARY
2026-04-14 16:27:08,388 - INFO - ================================================================================
2026-04-14 16:27:08,390 - INFO -   Visibility: PASSED
2026-04-14 16:27:08,390 - INFO -   Text Match: PASSED
2026-04-14 16:27:08,390 - INFO -   Typo Check: PASSED
2026-04-14 16:27:08,390 - INFO -   CSS Classes: Present
2026-04-14 16:27:08,390 - INFO -   Position & Size: Valid
2026-04-14 16:27:08,396 - INFO -   Computed Styles: Valid
2026-04-14 16:27:08,397 - INFO - ================================================================================

2026-04-14 16:27:08,397 - INFO - ✓ ALL VALIDATIONS PASSED - Pop-up is working correctly!
2026-04-14 16:27:10,927 - INFO - Screenshot captured: reports\RUN_20260414_162649\screenshots\03_Popup_Immediate_2_162708.png
2026-04-14 16:27:10,928 - INFO - Screenshot 2 captured - Attempting validation...
2026-04-14 16:27:10,928 - INFO - 
================================================================================
2026-04-14 16:27:10,929 - INFO - STARTING COMPREHENSIVE POP-UP VALIDATION
2026-04-14 16:27:10,931 - INFO - ================================================================================
2026-04-14 16:27:10,996 - ERROR - VALIDATION FAILED: Pop-up element not found!
2026-04-14 16:27:11,824 - INFO - Screenshot captured: reports\RUN_20260414_162649\screenshots\03_Popup_Immediate_3_162711.png
2026-04-14 16:27:11,824 - INFO - Screenshot 3 captured - Attempting validation...
2026-04-14 16:27:11,824 - INFO - 
================================================================================
2026-04-14 16:27:11,824 - INFO - STARTING COMPREHENSIVE POP-UP VALIDATION
2026-04-14 16:27:11,824 - INFO - ================================================================================
2026-04-14 16:27:11,872 - ERROR - VALIDATION FAILED: Pop-up element not found!
2026-04-14 16:27:12,016 - INFO - Logging DOM elements AFTER login click (pop-up should appear here)...
2026-04-14 16:27:12,018 - INFO - 
================================================================================
2026-04-14 16:27:12,019 - INFO - DOM SNAPSHOT AT STAGE: After_Login_Click
2026-04-14 16:27:12,020 - INFO - ================================================================================
2026-04-14 16:27:12,074 - INFO - 
Searching for pop-up elements in page content...
2026-04-14 16:27:12,697 - WARNING - ⚠ No known pop-up selectors found. Checking all visible divs...
2026-04-14 16:27:12,845 - INFO - Total DIV elements on page: 28
2026-04-14 16:27:13,412 - INFO -   Visible DIV 1: class='header-right' id='no-id' text='English
French
Spanish
Quantum Toll Authority
supe'
2026-04-14 16:27:13,611 - INFO -   Visible DIV 2: class='nav-user' id='no-id' text='Quantum Toll Authority
superadmin_qm@yopmail.com'
2026-04-14 16:27:14,075 - INFO -   Visible DIV 3: class='nav-user-info' id='no-id' text='Quantum Toll Authority
superadmin_qm@yopmail.com'
2026-04-14 16:27:14,374 - INFO -   Visible DIV 4: class='uname' id='no-id' text='Quantum Toll Authority'
2026-04-14 16:27:14,601 - INFO -   Visible DIV 5: class='urole' id='no-id' text='superadmin_qm@yopmail.com'
2026-04-14 16:27:14,796 - INFO -   Visible DIV 6: class='main-container' id='no-id' text='dashboard_2
group
decimal_increase
admin_panel_set'
2026-04-14 16:27:14,978 - INFO -   Visible DIV 7: class='inner' id='no-id' text='dashboard_2'
2026-04-14 16:27:15,206 - INFO -   Visible DIV 8: class='inner' id='no-id' text='group'
2026-04-14 16:27:15,488 - INFO -   Visible DIV 9: class='inner' id='no-id' text='decimal_increase'
2026-04-14 16:27:15,680 - INFO -   Visible DIV 10: class='inner' id='no-id' text='admin_panel_settings'
2026-04-14 16:27:15,830 - INFO -   Visible DIV 11: class='inner' id='no-id' text='nest_doorbell_visitor'
2026-04-14 16:27:16,031 - INFO -   Visible DIV 12: class='inner' id='no-id' text='key_visualizer'
2026-04-14 16:27:16,065 - INFO - 
================================================================================

2026-04-14 16:27:16,364 - INFO - Screenshot captured: reports\RUN_20260414_162649\screenshots\02_Just_After_Login_Click_162716.png
2026-04-14 16:27:16,830 - INFO - Starting Onboarding Flow Test
2026-04-14 16:27:16,833 - INFO - Starting navigation to Onboard Customer page...
2026-04-14 16:27:16,833 - INFO - Clicking Workbench icon...
2026-04-14 16:27:17,550 - INFO - Workbench menu expanded.
2026-04-14 16:27:17,552 - INFO - Clicking 'Manage Accounts' sub-menu...
2026-04-14 16:27:18,237 - INFO - 'Manage Accounts' submenu expanded.
2026-04-14 16:27:18,239 - INFO - Clicking 'Onboard a Customer' link...
2026-04-14 16:27:20,346 - INFO - Successfully navigated to Onboard Customer page.
2026-04-14 16:27:20,893 - INFO - Screenshot captured: reports\RUN_20260414_162649\screenshots\02_Onboard_Customer_Landing_162720.png
2026-04-14 16:27:20,896 - INFO - Filling Onboarding details for United States...
2026-04-14 16:27:23,067 - INFO - Filled First Name: LmIgbtUsfmnWZuylBAKblOaUn
2026-04-14 16:27:24,699 - INFO - Filled Last Name: VadsAtNGcqlENpJEnWrVVPo
2026-04-14 16:27:25,952 - INFO - Checked: Use Same for Billing
2026-04-14 16:27:27,198 - INFO - Checked: Use Same for Shipping
2026-04-14 16:27:28,368 - INFO - Checked: Primary Address
2026-04-14 16:27:33,143 - INFO - Filled Address: 123 Automation Way
2026-04-14 16:27:34,732 - INFO - Filled Zip Code: 12345
2026-04-14 16:27:36,904 - INFO - Filled Unique Phone Number: 7817502689
2026-04-14 16:27:38,471 - INFO - Filled Email: auto_lmigbtusfmnwzuylbakbloaun@test.com
2026-04-14 16:27:39,976 - INFO - Filled Confirm Email: auto_lmigbtusfmnwzuylbakbloaun@test.com
2026-04-14 16:27:39,983 - INFO - Clicking 'Save & Next'...
2026-04-14 16:27:41,745 - INFO - Successfully verified Step 1 completion.
2026-04-14 16:27:41,847 - INFO - Retrieved Temporary Account ID: 1000001823
2026-04-14 16:27:41,847 - INFO - Step 1 Success. ID: 1000001823
2026-04-14 16:27:41,849 - INFO - Starting Step 2: Adding 2 Vehicle(s)...
2026-04-14 16:27:43,384 - INFO - Filled Plate Number 1: QA3659GP
2026-04-14 16:27:49,769 - INFO - Filled Plate Start Date: 2026-04-14
2026-04-14 16:28:03,228 - INFO - Vehicle 1 added.
2026-04-14 16:28:04,704 - INFO - Filled Plate Number 2: QA6601GP
2026-04-14 16:28:11,083 - INFO - Filled Plate Start Date: 2026-04-14
2026-04-14 16:28:24,585 - INFO - Vehicle 2 added.
2026-04-14 16:28:25,175 - INFO - Step 2 complete successfully.
2026-04-14 16:28:25,176 - INFO - Starting Step 3: Payment Information...
2026-04-14 16:28:25,178 - INFO - Ensuring 'Save and Pay' tab is active...
2026-04-14 16:28:27,783 - INFO - Selecting 'Credit Card' from Payment Method dropdown...
2026-04-14 16:28:30,041 - INFO - Opening 'Add Payment Method' modal...
2026-04-14 16:28:32,297 - INFO - Filled Cardholder Name: JFyvhterNEhEqekwFrd
2026-04-14 16:28:33,984 - INFO - Filled Card Number: 1372405996267291
2026-04-14 16:28:35,662 - INFO - Filled Expiry Date: 04/28
2026-04-14 16:28:37,247 - INFO - Filled CVV: 554
2026-04-14 16:28:37,248 - INFO - Clicking 'Add Card' submit button...
2026-04-14 16:28:37,926 - INFO - Card added successfully.
2026-04-14 16:28:38,958 - INFO - Selecting the Credit Card from the list...
2026-04-14 16:28:40,120 - INFO - ✅ Selected the Credit Card radio button.
2026-04-14 16:28:40,120 - INFO - Clicking 'Preview and Pay'...
2026-04-14 16:28:40,791 - INFO - Waiting for Payment Confirmation modal...
2026-04-14 16:28:55,832 - ERROR - Payment Step Error: Locator expected to be visible
Actual value: None 
Call log:
LocatorAssertions.to_be_visible with timeout 15000ms
  - waiting for get_by_role("heading", name="Payment Confirmation")

2026-04-14 16:37:42,825 - INFO - Test Session Started.
2026-04-14 16:37:42,827 - INFO - Navigating to Login Page: http://operator-qa.qmaastech.com/
2026-04-14 16:37:42,827 - INFO - Navigating to: http://operator-qa.qmaastech.com/
2026-04-14 16:37:45,606 - INFO - Attempting login for user: superadmin_qm@yopmail.com
2026-04-14 16:37:47,280 - INFO - Logging DOM elements BEFORE login click...
2026-04-14 16:37:47,281 - INFO - 
================================================================================
2026-04-14 16:37:47,282 - INFO - DOM SNAPSHOT AT STAGE: Before_Login
2026-04-14 16:37:47,282 - INFO - ================================================================================
2026-04-14 16:37:47,303 - INFO - 
Searching for pop-up elements in page content...
2026-04-14 16:37:47,522 - WARNING - ⚠ No known pop-up selectors found. Checking all visible divs...
2026-04-14 16:37:47,552 - INFO - Total DIV elements on page: 20
2026-04-14 16:37:48,024 - INFO -   Visible DIV 1: class='hero-pills' id='no-id' text='bolt
Real-time
smart_toy
AI-driven
hub
Multi-agenc'
2026-04-14 16:37:48,160 - INFO -   Visible DIV 2: class='auth-panel' id='no-id' text='Welcome Back

Sign in to your account to continue
'
2026-04-14 16:37:48,240 - INFO -   Visible DIV 3: class='auth-card' id='no-id' text='Welcome Back

Sign in to your account to continue
'
2026-04-14 16:37:48,340 - INFO -   Visible DIV 4: class='auth-step' id='no-id' text='Welcome Back

Sign in to your account to continue
'
2026-04-14 16:37:48,457 - INFO -   Visible DIV 5: class='field-wrap' id='no-id' text='Email ID / Username *
person'
2026-04-14 16:37:48,549 - INFO -   Visible DIV 6: class='input-shell' id='no-id' text='person'
2026-04-14 16:37:48,656 - INFO -   Visible DIV 7: class='field-wrap' id='no-id' text='Password *
lock
visibility_off'
2026-04-14 16:37:48,722 - INFO -   Visible DIV 8: class='input-shell' id='no-id' text='lock
visibility_off'
2026-04-14 16:37:48,784 - INFO -   Visible DIV 9: class='auth-bottom-links' id='no-id' text='New user?  Access Account

Forgot password?'
2026-04-14 16:37:48,819 - INFO - 
================================================================================

2026-04-14 16:37:49,390 - INFO - Login button clicked.
2026-04-14 16:37:49,393 - INFO - Taking rapid screenshots and validating pop-up...
2026-04-14 16:37:49,928 - INFO - Screenshot captured: reports\RUN_20260414_163740\screenshots\03_Popup_Immediate_1_163749.png
2026-04-14 16:37:49,930 - INFO - Screenshot 1 captured - Attempting validation...
2026-04-14 16:37:49,930 - INFO - 
================================================================================
2026-04-14 16:37:49,932 - INFO - STARTING COMPREHENSIVE POP-UP VALIDATION
2026-04-14 16:37:49,932 - INFO - ================================================================================
2026-04-14 16:37:49,959 - INFO - 
[VALIDATION 1] Checking Pop-up Visibility...
2026-04-14 16:37:49,981 - INFO -   Visibility Status: True
2026-04-14 16:37:49,981 - INFO -   PASSED: Pop-up is visible
2026-04-14 16:37:49,981 - INFO - 
[VALIDATION 2] Extracting and Validating Text Content...
2026-04-14 16:37:49,993 - INFO -   Extracted Text: 'Login Successful'
2026-04-14 16:37:49,993 - INFO -   PASSED: Text matches exactly: 'Login Successful'
2026-04-14 16:37:50,004 - INFO - 
[VALIDATION 3] Checking for Typos...
2026-04-14 16:37:50,004 - INFO -   PASSED: No known typos detected
2026-04-14 16:37:50,004 - INFO - 
[VALIDATION 4] Extracting CSS Classes and Attributes...
2026-04-14 16:37:50,009 - INFO -   CSS Classes: snackbar success-snackbar
2026-04-14 16:37:50,009 - INFO -   PASSED: 'success' class is present
2026-04-14 16:37:50,025 - INFO - 
[VALIDATION 5] Checking Element Properties...
2026-04-14 16:37:50,088 - INFO -   ID: Not set
2026-04-14 16:37:50,089 - INFO -   Data-TestID: Not set
2026-04-14 16:37:50,089 - INFO -   Role: Not set
2026-04-14 16:37:50,090 - INFO -   ARIA Label: Not set
2026-04-14 16:37:50,090 - INFO - 
[VALIDATION 6] Checking Position and Size...
2026-04-14 16:37:50,107 - INFO -   X: 1230, Y: 20
2026-04-14 16:37:50,108 - INFO -   Width: 250, Height: 43.5
2026-04-14 16:37:50,109 - INFO -   PASSED: Element has valid dimensions
2026-04-14 16:37:50,109 - INFO - 
[VALIDATION 7] Checking Computed Styles...
2026-04-14 16:37:50,137 - INFO -   Display: block
2026-04-14 16:37:50,138 - INFO -   Opacity: 1
2026-04-14 16:37:50,138 - INFO -   PASSED: Element is displayed with proper opacity
2026-04-14 16:37:50,140 - INFO - 
================================================================================
2026-04-14 16:37:50,140 - INFO - POP-UP VALIDATION SUMMARY
2026-04-14 16:37:50,141 - INFO - ================================================================================
2026-04-14 16:37:50,141 - INFO -   Visibility: PASSED
2026-04-14 16:37:50,142 - INFO -   Text Match: PASSED
2026-04-14 16:37:50,142 - INFO -   Typo Check: PASSED
2026-04-14 16:37:50,143 - INFO -   CSS Classes: Present
2026-04-14 16:37:50,143 - INFO -   Position & Size: Valid
2026-04-14 16:37:50,143 - INFO -   Computed Styles: Valid
2026-04-14 16:37:50,144 - INFO - ================================================================================

2026-04-14 16:37:50,144 - INFO - ✓ ALL VALIDATIONS PASSED - Pop-up is working correctly!
2026-04-14 16:37:50,498 - INFO - Screenshot captured: reports\RUN_20260414_163740\screenshots\03_Popup_Immediate_2_163750.png
2026-04-14 16:37:50,499 - INFO - Screenshot 2 captured - Attempting validation...
2026-04-14 16:37:50,500 - INFO - 
================================================================================
2026-04-14 16:37:50,501 - INFO - STARTING COMPREHENSIVE POP-UP VALIDATION
2026-04-14 16:37:50,501 - INFO - ================================================================================
2026-04-14 16:37:50,522 - ERROR - VALIDATION FAILED: Pop-up element not found!
2026-04-14 16:37:51,977 - INFO - Screenshot captured: reports\RUN_20260414_163740\screenshots\03_Popup_Immediate_3_163750.png
2026-04-14 16:37:51,978 - INFO - Screenshot 3 captured - Attempting validation...
2026-04-14 16:37:51,979 - INFO - 
================================================================================
2026-04-14 16:37:51,979 - INFO - STARTING COMPREHENSIVE POP-UP VALIDATION
2026-04-14 16:37:51,980 - INFO - ================================================================================
2026-04-14 16:37:52,020 - ERROR - VALIDATION FAILED: Pop-up element not found!
2026-04-14 16:37:52,141 - INFO - Logging DOM elements AFTER login click (pop-up should appear here)...
2026-04-14 16:37:52,143 - INFO - 
================================================================================
2026-04-14 16:37:52,144 - INFO - DOM SNAPSHOT AT STAGE: After_Login_Click
2026-04-14 16:37:52,144 - INFO - ================================================================================
2026-04-14 16:37:52,166 - INFO - 
Searching for pop-up elements in page content...
2026-04-14 16:37:52,506 - WARNING - ⚠ No known pop-up selectors found. Checking all visible divs...
2026-04-14 16:37:52,552 - INFO - Total DIV elements on page: 28
2026-04-14 16:37:52,853 - INFO -   Visible DIV 1: class='header-right' id='no-id' text='English
French
Spanish
Quantum Toll Authority
supe'
2026-04-14 16:37:52,972 - INFO -   Visible DIV 2: class='nav-user' id='no-id' text='Quantum Toll Authority
superadmin_qm@yopmail.com'
2026-04-14 16:37:53,127 - INFO -   Visible DIV 3: class='nav-user-info' id='no-id' text='Quantum Toll Authority
superadmin_qm@yopmail.com'
2026-04-14 16:37:53,232 - INFO -   Visible DIV 4: class='uname' id='no-id' text='Quantum Toll Authority'
2026-04-14 16:37:53,334 - INFO -   Visible DIV 5: class='urole' id='no-id' text='superadmin_qm@yopmail.com'
2026-04-14 16:37:53,427 - INFO -   Visible DIV 6: class='main-container' id='no-id' text='dashboard_2
group
decimal_increase
admin_panel_set'
2026-04-14 16:37:53,526 - INFO -   Visible DIV 7: class='inner' id='no-id' text='dashboard_2'
2026-04-14 16:37:53,625 - INFO -   Visible DIV 8: class='inner' id='no-id' text='group'
2026-04-14 16:37:53,733 - INFO -   Visible DIV 9: class='inner' id='no-id' text='decimal_increase'
2026-04-14 16:37:53,840 - INFO -   Visible DIV 10: class='inner' id='no-id' text='admin_panel_settings'
2026-04-14 16:37:53,953 - INFO -   Visible DIV 11: class='inner' id='no-id' text='nest_doorbell_visitor'
2026-04-14 16:37:54,075 - INFO -   Visible DIV 12: class='inner' id='no-id' text='key_visualizer'
2026-04-14 16:37:54,095 - INFO - 
================================================================================

2026-04-14 16:37:54,462 - INFO - Screenshot captured: reports\RUN_20260414_163740\screenshots\02_Just_After_Login_Click_163754.png
2026-04-14 16:37:54,655 - INFO - Starting Onboarding Flow Test
2026-04-14 16:37:54,656 - INFO - Starting navigation to Onboard Customer page...
2026-04-14 16:37:54,656 - INFO - Clicking Workbench icon...
2026-04-14 16:37:55,264 - INFO - Workbench menu expanded.
2026-04-14 16:37:55,265 - INFO - Clicking 'Manage Accounts' sub-menu...
2026-04-14 16:37:55,809 - INFO - 'Manage Accounts' submenu expanded.
2026-04-14 16:37:55,809 - INFO - Clicking 'Onboard a Customer' link...
2026-04-14 16:37:56,785 - INFO - Successfully navigated to Onboard Customer page.
2026-04-14 16:37:57,143 - INFO - Screenshot captured: reports\RUN_20260414_163740\screenshots\02_Onboard_Customer_Landing_163756.png
2026-04-14 16:37:57,144 - INFO - Filling Onboarding details for United States...
2026-04-14 16:37:59,030 - INFO - Filled First Name: QjEbpMfjzxQkuPkxQEBpjqnVwopkEmHujzaFzDwx
2026-04-14 16:38:00,470 - INFO - Filled Last Name: sjIzRlowgildzXvByFUobjmlOJaPwTdecQKG
2026-04-14 16:38:01,637 - INFO - Checked: Use Same for Billing
2026-04-14 16:38:02,754 - INFO - Checked: Use Same for Shipping
2026-04-14 16:38:03,859 - INFO - Checked: Primary Address
2026-04-14 16:38:08,409 - INFO - Filled Address: 123 Automation Way
2026-04-14 16:38:09,781 - INFO - Filled Zip Code: 12345
2026-04-14 16:38:11,700 - INFO - Filled Unique Phone Number: 7606631808
2026-04-14 16:38:13,150 - INFO - Filled Email: auto_qjebpmfjzxqkupkxqebpjqnvwopkemhujzafzdwx@test.com
2026-04-14 16:38:14,565 - INFO - Filled Confirm Email: auto_qjebpmfjzxqkupkxqebpjqnvwopkemhujzafzdwx@test.com
2026-04-14 16:38:14,566 - INFO - Clicking 'Save & Next'...
2026-04-14 16:38:16,191 - INFO - Successfully verified Step 1 completion.
2026-04-14 16:38:16,222 - INFO - Retrieved Temporary Account ID: 1000001824
2026-04-14 16:38:16,223 - INFO - Step 1 Success. ID: 1000001824
2026-04-14 16:38:16,223 - INFO - Starting Step 2: Adding 2 Vehicle(s)...
2026-04-14 16:38:17,628 - INFO - Filled Plate Number 1: QA4213GP
2026-04-14 16:38:23,729 - INFO - Filled Plate Start Date: 2026-04-14
2026-04-14 16:38:36,818 - INFO - Vehicle 1 added.
2026-04-14 16:38:38,152 - INFO - Filled Plate Number 2: QA9308GP
2026-04-14 16:38:44,236 - INFO - Filled Plate Start Date: 2026-04-14
2026-04-14 16:38:57,330 - INFO - Vehicle 2 added.
2026-04-14 16:38:57,888 - INFO - Step 2 complete successfully.
2026-04-14 16:38:57,888 - INFO - Starting Step 3: Payment Information...
2026-04-14 16:38:57,888 - INFO - Ensuring 'Save and Pay' tab is active...
2026-04-14 16:39:00,136 - INFO - Selecting 'Credit Card' from Payment Method dropdown...
2026-04-14 16:39:02,289 - INFO - Opening 'Add Payment Method' modal...
2026-04-14 16:39:04,279 - INFO - Filled Cardholder Name: NiWfnDLcWkYfbs
2026-04-14 16:39:05,697 - INFO - Filled Card Number: 8592694409005502
2026-04-14 16:39:07,178 - INFO - Filled Expiry Date: 04/28
2026-04-14 16:39:08,644 - INFO - Filled CVV: 428
2026-04-14 16:39:08,645 - INFO - Clicking 'Add Card' submit button...
2026-04-14 16:39:09,220 - INFO - Card added successfully.
2026-04-14 16:39:10,237 - INFO - Selecting the Credit Card from the list...
2026-04-14 16:39:11,348 - INFO - ✅ Selected the Credit Card radio button.
2026-04-14 16:39:11,349 - INFO - Clicking 'Preview and Pay'...
2026-04-14 16:39:11,923 - INFO - Waiting for Payment Confirmation modal...
2026-04-14 16:39:26,947 - ERROR - Payment Step Error: Locator expected to be visible
Actual value: None 
Call log:
LocatorAssertions.to_be_visible with timeout 15000ms
  - waiting for get_by_role("heading").filter(has_text=re.compile(r"Payment Confirmation", re.IGNORECASE))

2026-04-14 16:52:52,873 - INFO - Test Session Started.
2026-04-14 16:52:52,877 - INFO - Navigating to Login Page: http://operator-qa.qmaastech.com/
2026-04-14 16:52:52,878 - INFO - Navigating to: http://operator-qa.qmaastech.com/
2026-04-14 16:52:56,031 - INFO - Attempting login for user: superadmin_qm@yopmail.com
2026-04-14 16:52:57,702 - INFO - Logging DOM elements BEFORE login click...
2026-04-14 16:52:57,703 - INFO - 
================================================================================
2026-04-14 16:52:57,704 - INFO - DOM SNAPSHOT AT STAGE: Before_Login
2026-04-14 16:52:57,705 - INFO - ================================================================================
2026-04-14 16:52:57,729 - INFO - 
Searching for pop-up elements in page content...
2026-04-14 16:52:58,033 - WARNING - ⚠ No known pop-up selectors found. Checking all visible divs...
2026-04-14 16:52:58,089 - INFO - Total DIV elements on page: 20
2026-04-14 16:52:58,645 - INFO -   Visible DIV 1: class='hero-pills' id='no-id' text='bolt
Real-time
smart_toy
AI-driven
hub
Multi-agenc'
2026-04-14 16:52:58,829 - INFO -   Visible DIV 2: class='auth-panel' id='no-id' text='Welcome Back

Sign in to your account to continue
'
2026-04-14 16:52:58,976 - INFO -   Visible DIV 3: class='auth-card' id='no-id' text='Welcome Back

Sign in to your account to continue
'
2026-04-14 16:52:59,057 - INFO -   Visible DIV 4: class='auth-step' id='no-id' text='Welcome Back

Sign in to your account to continue
'
2026-04-14 16:52:59,192 - INFO -   Visible DIV 5: class='field-wrap' id='no-id' text='Email ID / Username *
person'
2026-04-14 16:52:59,266 - INFO -   Visible DIV 6: class='input-shell' id='no-id' text='person'
2026-04-14 16:52:59,361 - INFO -   Visible DIV 7: class='field-wrap' id='no-id' text='Password *
lock
visibility_off'
2026-04-14 16:52:59,492 - INFO -   Visible DIV 8: class='input-shell' id='no-id' text='lock
visibility_off'
2026-04-14 16:52:59,577 - INFO -   Visible DIV 9: class='auth-bottom-links' id='no-id' text='New user?  Access Account

Forgot password?'
2026-04-14 16:52:59,613 - INFO - 
================================================================================

2026-04-14 16:53:00,174 - INFO - Login button clicked.
2026-04-14 16:53:00,178 - INFO - Taking rapid screenshots and validating pop-up...
2026-04-14 16:53:00,859 - INFO - Screenshot captured: reports\RUN_20260414_165249\screenshots\03_Popup_Immediate_1_165300.png
2026-04-14 16:53:00,865 - INFO - Screenshot 1 captured - Attempting validation...
2026-04-14 16:53:00,865 - INFO - 
================================================================================
2026-04-14 16:53:00,865 - INFO - STARTING COMPREHENSIVE POP-UP VALIDATION
2026-04-14 16:53:00,869 - INFO - ================================================================================
2026-04-14 16:53:00,905 - INFO - 
[VALIDATION 1] Checking Pop-up Visibility...
2026-04-14 16:53:00,940 - INFO -   Visibility Status: True
2026-04-14 16:53:00,940 - INFO -   PASSED: Pop-up is visible
2026-04-14 16:53:00,941 - INFO - 
[VALIDATION 2] Extracting and Validating Text Content...
2026-04-14 16:53:00,976 - INFO -   Extracted Text: 'Login Successful'
2026-04-14 16:53:00,976 - INFO -   PASSED: Text matches exactly: 'Login Successful'
2026-04-14 16:53:00,977 - INFO - 
[VALIDATION 3] Checking for Typos...
2026-04-14 16:53:00,977 - INFO -   PASSED: No known typos detected
2026-04-14 16:53:00,978 - INFO - 
[VALIDATION 4] Extracting CSS Classes and Attributes...
2026-04-14 16:53:01,004 - INFO -   CSS Classes: snackbar success-snackbar
2026-04-14 16:53:01,005 - INFO -   PASSED: 'success' class is present
2026-04-14 16:53:01,005 - INFO - 
[VALIDATION 5] Checking Element Properties...
2026-04-14 16:53:01,095 - INFO -   ID: Not set
2026-04-14 16:53:01,095 - INFO -   Data-TestID: Not set
2026-04-14 16:53:01,096 - INFO -   Role: Not set
2026-04-14 16:53:01,096 - INFO -   ARIA Label: Not set
2026-04-14 16:53:01,097 - INFO - 
[VALIDATION 6] Checking Position and Size...
2026-04-14 16:53:01,120 - INFO -   X: 1230, Y: 20
2026-04-14 16:53:01,121 - INFO -   Width: 250, Height: 43.5
2026-04-14 16:53:01,121 - INFO -   PASSED: Element has valid dimensions
2026-04-14 16:53:01,123 - INFO - 
[VALIDATION 7] Checking Computed Styles...
2026-04-14 16:53:01,164 - INFO -   Display: block
2026-04-14 16:53:01,165 - INFO -   Opacity: 1
2026-04-14 16:53:01,166 - INFO -   PASSED: Element is displayed with proper opacity
2026-04-14 16:53:01,166 - INFO - 
================================================================================
2026-04-14 16:53:01,167 - INFO - POP-UP VALIDATION SUMMARY
2026-04-14 16:53:01,168 - INFO - ================================================================================
2026-04-14 16:53:01,168 - INFO -   Visibility: PASSED
2026-04-14 16:53:01,168 - INFO -   Text Match: PASSED
2026-04-14 16:53:01,169 - INFO -   Typo Check: PASSED
2026-04-14 16:53:01,169 - INFO -   CSS Classes: Present
2026-04-14 16:53:01,170 - INFO -   Position & Size: Valid
2026-04-14 16:53:01,170 - INFO -   Computed Styles: Valid
2026-04-14 16:53:01,171 - INFO - ================================================================================

2026-04-14 16:53:01,171 - INFO - ✓ ALL VALIDATIONS PASSED - Pop-up is working correctly!
2026-04-14 16:53:01,677 - INFO - Screenshot captured: reports\RUN_20260414_165249\screenshots\03_Popup_Immediate_2_165301.png
2026-04-14 16:53:01,679 - INFO - Screenshot 2 captured - Attempting validation...
2026-04-14 16:53:01,680 - INFO - 
================================================================================
2026-04-14 16:53:01,681 - INFO - STARTING COMPREHENSIVE POP-UP VALIDATION
2026-04-14 16:53:01,682 - INFO - ================================================================================
2026-04-14 16:53:01,720 - ERROR - VALIDATION FAILED: Pop-up element not found!
2026-04-14 16:53:03,170 - INFO - Screenshot captured: reports\RUN_20260414_165249\screenshots\03_Popup_Immediate_3_165301.png
2026-04-14 16:53:03,172 - INFO - Screenshot 3 captured - Attempting validation...
2026-04-14 16:53:03,173 - INFO - 
================================================================================
2026-04-14 16:53:03,174 - INFO - STARTING COMPREHENSIVE POP-UP VALIDATION
2026-04-14 16:53:03,175 - INFO - ================================================================================
2026-04-14 16:53:03,227 - ERROR - VALIDATION FAILED: Pop-up element not found!
2026-04-14 16:53:03,372 - INFO - Logging DOM elements AFTER login click (pop-up should appear here)...
2026-04-14 16:53:03,374 - INFO - 
================================================================================
2026-04-14 16:53:03,375 - INFO - DOM SNAPSHOT AT STAGE: After_Login_Click
2026-04-14 16:53:03,375 - INFO - ================================================================================
2026-04-14 16:53:03,410 - INFO - 
Searching for pop-up elements in page content...
2026-04-14 16:53:03,924 - WARNING - ⚠ No known pop-up selectors found. Checking all visible divs...
2026-04-14 16:53:04,001 - INFO - Total DIV elements on page: 28
2026-04-14 16:53:04,309 - INFO -   Visible DIV 1: class='header-right' id='no-id' text='English
French
Spanish
Quantum Toll Authority
supe'
2026-04-14 16:53:04,462 - INFO -   Visible DIV 2: class='nav-user' id='no-id' text='Quantum Toll Authority
superadmin_qm@yopmail.com'
2026-04-14 16:53:04,708 - INFO -   Visible DIV 3: class='nav-user-info' id='no-id' text='Quantum Toll Authority
superadmin_qm@yopmail.com'
2026-04-14 16:53:04,853 - INFO -   Visible DIV 4: class='uname' id='no-id' text='Quantum Toll Authority'
2026-04-14 16:53:04,997 - INFO -   Visible DIV 5: class='urole' id='no-id' text='superadmin_qm@yopmail.com'
2026-04-14 16:53:05,143 - INFO -   Visible DIV 6: class='main-container' id='no-id' text='dashboard_2
group
decimal_increase
admin_panel_set'
2026-04-14 16:53:05,271 - INFO -   Visible DIV 7: class='inner' id='no-id' text='dashboard_2'
2026-04-14 16:53:05,396 - INFO -   Visible DIV 8: class='inner' id='no-id' text='group'
2026-04-14 16:53:05,557 - INFO -   Visible DIV 9: class='inner' id='no-id' text='decimal_increase'
2026-04-14 16:53:05,715 - INFO -   Visible DIV 10: class='inner' id='no-id' text='admin_panel_settings'
2026-04-14 16:53:05,877 - INFO -   Visible DIV 11: class='inner' id='no-id' text='nest_doorbell_visitor'
2026-04-14 16:53:06,045 - INFO -   Visible DIV 12: class='inner' id='no-id' text='key_visualizer'
2026-04-14 16:53:06,077 - INFO - 
================================================================================

2026-04-14 16:53:06,776 - INFO - Screenshot captured: reports\RUN_20260414_165249\screenshots\02_Just_After_Login_Click_165306.png
2026-04-14 16:53:07,151 - INFO - Starting Onboarding Flow Test
2026-04-14 16:53:07,152 - INFO - Starting navigation to Onboard Customer page...
2026-04-14 16:53:07,153 - INFO - Clicking Workbench icon...
2026-04-14 16:53:07,794 - INFO - Workbench menu expanded.
2026-04-14 16:53:07,796 - INFO - Clicking 'Manage Accounts' sub-menu...
2026-04-14 16:53:08,405 - INFO - 'Manage Accounts' submenu expanded.
2026-04-14 16:53:08,406 - INFO - Clicking 'Onboard a Customer' link...
2026-04-14 16:53:10,228 - INFO - Successfully navigated to Onboard Customer page.
2026-04-14 16:53:10,738 - INFO - Screenshot captured: reports\RUN_20260414_165249\screenshots\02_Onboard_Customer_Landing_165310.png
2026-04-14 16:53:10,740 - INFO - Filling Onboarding details for United States...
2026-04-14 16:53:12,716 - INFO - Filled First Name: szqoVQPIRBqdyATauAjxLGvcYniJfxjbDjFy
2026-04-14 16:53:14,182 - INFO - Filled Last Name: eJRLqibjrErOpKPdWmbEBXzIIZIZeUio
2026-04-14 16:53:15,320 - INFO - Checked: Use Same for Billing
2026-04-14 16:53:16,504 - INFO - Checked: Use Same for Shipping
2026-04-14 16:53:17,660 - INFO - Checked: Primary Address
2026-04-14 16:53:22,208 - INFO - Filled Address: 123 Automation Way
2026-04-14 16:53:23,686 - INFO - Filled Zip Code: 12345
2026-04-14 16:53:25,634 - INFO - Filled Unique Phone Number: 8090609018
2026-04-14 16:53:27,034 - INFO - Filled Email: auto_szqovqpirbqdyatauajxlgvcynijfxjbdjfy@test.com
2026-04-14 16:53:28,424 - INFO - Filled Confirm Email: auto_szqovqpirbqdyatauajxlgvcynijfxjbdjfy@test.com
2026-04-14 16:53:28,426 - INFO - Clicking 'Save & Next'...
2026-04-14 16:53:30,105 - INFO - Successfully verified Step 1 completion.
2026-04-14 16:53:30,177 - INFO - Retrieved Temporary Account ID: 1000001825
2026-04-14 16:53:30,177 - INFO - Step 1 Success. ID: 1000001825
2026-04-14 16:53:30,177 - INFO - Starting Step 2: Adding 2 Vehicle(s)...
2026-04-14 16:53:31,554 - INFO - Filled Plate Number 1: QA7857GP
2026-04-14 16:53:37,651 - INFO - Filled Plate Start Date: 2026-04-14
2026-04-14 16:53:50,790 - INFO - Vehicle 1 added.
2026-04-14 16:53:52,171 - INFO - Filled Plate Number 2: QA6542GP
2026-04-14 16:53:58,242 - INFO - Filled Plate Start Date: 2026-04-14
2026-04-14 16:54:11,399 - INFO - Vehicle 2 added.
2026-04-14 16:54:11,977 - INFO - Step 2 complete successfully.
2026-04-14 16:54:11,979 - INFO - Starting Step 3: Payment Information...
2026-04-14 16:54:11,979 - INFO - Ensuring 'Save and Pay' tab is active...
2026-04-14 16:54:14,466 - INFO - Selecting 'Credit Card' from Payment Method dropdown...
2026-04-14 16:54:16,704 - INFO - Opening 'Add Payment Method' modal...
2026-04-14 16:54:18,882 - INFO - Filled Cardholder Name: tQUrdvqqEMnqBIOfebmZLw
2026-04-14 16:54:20,425 - INFO - Filled Card Number: 9621146935196338
2026-04-14 16:54:21,936 - INFO - Filled Expiry Date: 04/28
2026-04-14 16:54:23,434 - INFO - Filled CVV: 942
2026-04-14 16:54:23,434 - INFO - Clicking 'Add Card' submit button...
2026-04-14 16:54:24,022 - INFO - Card added successfully.
2026-04-14 16:54:25,041 - INFO - Selecting the Credit Card from the list...
2026-04-14 16:54:26,212 - INFO - ✅ Selected the Credit Card radio button.
2026-04-14 16:54:26,213 - INFO - Clicking 'Preview and Pay'...
2026-04-14 16:54:26,816 - INFO - Waiting for Payment Confirmation modal...
2026-04-14 16:54:41,848 - ERROR - Payment Step Error: Locator expected to be visible
Actual value: None 
Call log:
LocatorAssertions.to_be_visible with timeout 15000ms
  - waiting for get_by_role("heading").filter(has_text=re.compile(r"Payment Confirmation", re.IGNORECASE))

2026-04-14 17:15:07,176 - INFO - Test Session Started.
2026-04-14 17:15:07,180 - INFO - Navigating to Login Page: http://operator-qa.qmaastech.com/
2026-04-14 17:15:07,181 - INFO - Navigating to: http://operator-qa.qmaastech.com/
2026-04-14 17:15:09,771 - INFO - Attempting login for user: superadmin_qm@yopmail.com
2026-04-14 17:15:11,554 - INFO - Logging DOM elements BEFORE login click...
2026-04-14 17:15:11,555 - INFO - 
================================================================================
2026-04-14 17:15:11,561 - INFO - DOM SNAPSHOT AT STAGE: Before_Login
2026-04-14 17:15:11,562 - INFO - ================================================================================
2026-04-14 17:15:11,591 - INFO - 
Searching for pop-up elements in page content...
2026-04-14 17:15:11,951 - WARNING - ⚠ No known pop-up selectors found. Checking all visible divs...
2026-04-14 17:15:12,025 - INFO - Total DIV elements on page: 20
2026-04-14 17:15:12,599 - INFO -   Visible DIV 1: class='hero-pills' id='no-id' text='bolt
Real-time
smart_toy
AI-driven
hub
Multi-agenc'
2026-04-14 17:15:12,782 - INFO -   Visible DIV 2: class='auth-panel' id='no-id' text='Welcome Back

Sign in to your account to continue
'
2026-04-14 17:15:12,897 - INFO -   Visible DIV 3: class='auth-card' id='no-id' text='Welcome Back

Sign in to your account to continue
'
2026-04-14 17:15:12,994 - INFO -   Visible DIV 4: class='auth-step' id='no-id' text='Welcome Back

Sign in to your account to continue
'
2026-04-14 17:15:13,185 - INFO -   Visible DIV 5: class='field-wrap' id='no-id' text='Email ID / Username *
person'
2026-04-14 17:15:13,306 - INFO -   Visible DIV 6: class='input-shell' id='no-id' text='person'
2026-04-14 17:15:13,424 - INFO -   Visible DIV 7: class='field-wrap' id='no-id' text='Password *
lock
visibility_off'
2026-04-14 17:15:13,520 - INFO -   Visible DIV 8: class='input-shell' id='no-id' text='lock
visibility_off'
2026-04-14 17:15:13,631 - INFO -   Visible DIV 9: class='auth-bottom-links' id='no-id' text='New user?  Access Account

Forgot password?'
2026-04-14 17:15:13,689 - INFO - 
================================================================================

2026-04-14 17:15:14,256 - INFO - Login button clicked.
2026-04-14 17:15:14,257 - INFO - Taking rapid screenshots and validating pop-up...
2026-04-14 17:15:14,996 - INFO - Screenshot captured: reports\RUN_20260414_171503\screenshots\03_Popup_Immediate_1_171514.png
2026-04-14 17:15:14,997 - INFO - Screenshot 1 captured - Attempting validation...
2026-04-14 17:15:14,998 - INFO - 
================================================================================
2026-04-14 17:15:15,000 - INFO - STARTING COMPREHENSIVE POP-UP VALIDATION
2026-04-14 17:15:15,003 - INFO - ================================================================================
2026-04-14 17:15:15,048 - INFO - 
[VALIDATION 1] Checking Pop-up Visibility...
2026-04-14 17:15:15,078 - INFO -   Visibility Status: True
2026-04-14 17:15:15,081 - INFO -   PASSED: Pop-up is visible
2026-04-14 17:15:15,082 - INFO - 
[VALIDATION 2] Extracting and Validating Text Content...
2026-04-14 17:15:15,106 - INFO -   Extracted Text: 'Login Successful'
2026-04-14 17:15:15,107 - INFO -   PASSED: Text matches exactly: 'Login Successful'
2026-04-14 17:15:15,107 - INFO - 
[VALIDATION 3] Checking for Typos...
2026-04-14 17:15:15,108 - INFO -   PASSED: No known typos detected
2026-04-14 17:15:15,108 - INFO - 
[VALIDATION 4] Extracting CSS Classes and Attributes...
2026-04-14 17:15:15,127 - INFO -   CSS Classes: snackbar success-snackbar
2026-04-14 17:15:15,127 - INFO -   PASSED: 'success' class is present
2026-04-14 17:15:15,127 - INFO - 
[VALIDATION 5] Checking Element Properties...
2026-04-14 17:15:15,348 - INFO -   ID: Not set
2026-04-14 17:15:15,351 - INFO -   Data-TestID: Not set
2026-04-14 17:15:15,352 - INFO -   Role: Not set
2026-04-14 17:15:15,353 - INFO -   ARIA Label: Not set
2026-04-14 17:15:15,354 - INFO - 
[VALIDATION 6] Checking Position and Size...
2026-04-14 17:15:15,381 - WARNING -   WARNING: Could not get bounding box
2026-04-14 17:15:15,382 - INFO - 
[VALIDATION 7] Checking Computed Styles...
2026-04-14 17:15:15,416 - ERROR - Validation error: TypeError: Failed to execute 'getComputedStyle' on 'Window': parameter 1 is not of type 'Element'.
    at eval (eval at evaluate (:226:30), <anonymous>:1:8)
    at eval (<anonymous>)
    at UtilityScript.evaluate (<anonymous>:226:30)
    at UtilityScript.<anonymous> (<anonymous>:1:44)
2026-04-14 17:15:15,418 - WARNING -   WARNING: Could not check computed styles - element may have disappeared
2026-04-14 17:15:15,418 - INFO - 
================================================================================
2026-04-14 17:15:15,419 - INFO - POP-UP VALIDATION SUMMARY
2026-04-14 17:15:15,420 - INFO - ================================================================================
2026-04-14 17:15:15,420 - INFO -   Visibility: PASSED
2026-04-14 17:15:15,421 - INFO -   Text Match: PASSED
2026-04-14 17:15:15,421 - INFO -   Typo Check: PASSED
2026-04-14 17:15:15,422 - INFO -   CSS Classes: Present
2026-04-14 17:15:15,423 - INFO -   Position & Size: Valid
2026-04-14 17:15:15,424 - INFO -   Computed Styles: Valid
2026-04-14 17:15:15,425 - INFO - ================================================================================

2026-04-14 17:15:15,425 - INFO - ✓ ALL VALIDATIONS PASSED - Pop-up is working correctly!
2026-04-14 17:15:17,170 - INFO - Screenshot captured: reports\RUN_20260414_171503\screenshots\03_Popup_Immediate_2_171515.png
2026-04-14 17:15:17,174 - INFO - Screenshot 2 captured - Attempting validation...
2026-04-14 17:15:17,177 - INFO - 
================================================================================
2026-04-14 17:15:17,178 - INFO - STARTING COMPREHENSIVE POP-UP VALIDATION
2026-04-14 17:15:17,180 - INFO - ================================================================================
2026-04-14 17:15:17,213 - ERROR - VALIDATION FAILED: Pop-up element not found!
2026-04-14 17:15:18,033 - INFO - Screenshot captured: reports\RUN_20260414_171503\screenshots\03_Popup_Immediate_3_171517.png
2026-04-14 17:15:18,038 - INFO - Screenshot 3 captured - Attempting validation...
2026-04-14 17:15:18,050 - INFO - 
================================================================================
2026-04-14 17:15:18,053 - INFO - STARTING COMPREHENSIVE POP-UP VALIDATION
2026-04-14 17:15:18,056 - INFO - ================================================================================
2026-04-14 17:15:18,106 - ERROR - VALIDATION FAILED: Pop-up element not found!
2026-04-14 17:15:18,246 - INFO - Logging DOM elements AFTER login click (pop-up should appear here)...
2026-04-14 17:15:18,255 - INFO - 
================================================================================
2026-04-14 17:15:18,256 - INFO - DOM SNAPSHOT AT STAGE: After_Login_Click
2026-04-14 17:15:18,258 - INFO - ================================================================================
2026-04-14 17:15:18,303 - INFO - 
Searching for pop-up elements in page content...
2026-04-14 17:15:18,717 - WARNING - ⚠ No known pop-up selectors found. Checking all visible divs...
2026-04-14 17:15:18,787 - INFO - Total DIV elements on page: 28
2026-04-14 17:15:19,053 - INFO -   Visible DIV 1: class='header-right' id='no-id' text='English
French
Spanish
Quantum Toll Authority
supe'
2026-04-14 17:15:19,188 - INFO -   Visible DIV 2: class='nav-user' id='no-id' text='Quantum Toll Authority
superadmin_qm@yopmail.com'
2026-04-14 17:15:19,404 - INFO -   Visible DIV 3: class='nav-user-info' id='no-id' text='Quantum Toll Authority
superadmin_qm@yopmail.com'
2026-04-14 17:15:19,535 - INFO -   Visible DIV 4: class='uname' id='no-id' text='Quantum Toll Authority'
2026-04-14 17:15:19,669 - INFO -   Visible DIV 5: class='urole' id='no-id' text='superadmin_qm@yopmail.com'
2026-04-14 17:15:19,807 - INFO -   Visible DIV 6: class='main-container' id='no-id' text='dashboard_2
group
decimal_increase
admin_panel_set'
2026-04-14 17:15:19,947 - INFO -   Visible DIV 7: class='inner' id='no-id' text='dashboard_2'
2026-04-14 17:15:20,067 - INFO -   Visible DIV 8: class='inner' id='no-id' text='group'
2026-04-14 17:15:20,222 - INFO -   Visible DIV 9: class='inner' id='no-id' text='decimal_increase'
2026-04-14 17:15:20,381 - INFO -   Visible DIV 10: class='inner' id='no-id' text='admin_panel_settings'
2026-04-14 17:15:20,498 - INFO -   Visible DIV 11: class='inner' id='no-id' text='nest_doorbell_visitor'
2026-04-14 17:15:20,604 - INFO -   Visible DIV 12: class='inner' id='no-id' text='key_visualizer'
2026-04-14 17:15:20,617 - INFO - 
================================================================================

2026-04-14 17:15:20,813 - INFO - Screenshot captured: reports\RUN_20260414_171503\screenshots\02_Just_After_Login_Click_171520.png
2026-04-14 17:15:21,104 - INFO - Starting Onboarding Flow Test
2026-04-14 17:15:21,104 - INFO - Starting navigation to Onboard Customer page...
2026-04-14 17:15:21,104 - INFO - Clicking Workbench icon...
2026-04-14 17:15:21,734 - INFO - Workbench menu expanded.
2026-04-14 17:15:21,735 - INFO - Clicking 'Manage Accounts' sub-menu...
2026-04-14 17:15:22,348 - INFO - 'Manage Accounts' submenu expanded.
2026-04-14 17:15:22,349 - INFO - Clicking 'Onboard a Customer' link...
2026-04-14 17:15:24,169 - INFO - Successfully navigated to Onboard Customer page.
2026-04-14 17:15:24,648 - INFO - Screenshot captured: reports\RUN_20260414_171503\screenshots\02_Onboard_Customer_Landing_171524.png
2026-04-14 17:15:24,650 - INFO - Filling Onboarding details for United States...
2026-04-14 17:15:26,659 - INFO - Filled First Name: BnrnpJVRtgfHdxDpDtyprYXupxWaOe
2026-04-14 17:15:28,098 - INFO - Filled Last Name: GgtEECUfcxOuermuzHjbGBUBBchtXKEmHyXnZcNidibR
2026-04-14 17:15:29,231 - INFO - Checked: Use Same for Billing
2026-04-14 17:15:30,357 - INFO - Checked: Use Same for Shipping
2026-04-14 17:15:31,495 - INFO - Checked: Primary Address
2026-04-14 17:15:36,086 - INFO - Filled Address: 123 Automation Way
2026-04-14 17:15:37,550 - INFO - Filled Zip Code: 12345
2026-04-14 17:15:39,589 - INFO - Filled Unique Phone Number: 7106128151
2026-04-14 17:15:41,104 - INFO - Filled Email: auto_bnrnpjvrtgfhdxdpdtypryxupxwaoe@test.com
2026-04-14 17:15:42,528 - INFO - Filled Confirm Email: auto_bnrnpjvrtgfhdxdpdtypryxupxwaoe@test.com
2026-04-14 17:15:42,529 - INFO - Clicking 'Save & Next'...
2026-04-14 17:15:44,268 - INFO - Successfully verified Step 1 completion.
2026-04-14 17:15:44,324 - INFO - Retrieved Temporary Account ID: 1000001826
2026-04-14 17:15:44,325 - INFO - Step 1 Success. ID: 1000001826
2026-04-14 17:15:44,326 - INFO - Starting Step 2: Adding 2 Vehicle(s)...
2026-04-14 17:15:45,752 - INFO - Filled Plate Number 1: QA4081GP
2026-04-14 17:15:51,876 - INFO - Filled Plate Start Date: 2026-04-14
2026-04-14 17:16:05,636 - INFO - Vehicle 1 added.
2026-04-14 17:16:07,034 - INFO - Filled Plate Number 2: QA3429GP
2026-04-14 17:16:13,179 - INFO - Filled Plate Start Date: 2026-04-14
2026-04-14 17:16:26,336 - INFO - Vehicle 2 added.
2026-04-14 17:16:26,955 - INFO - Step 2 complete successfully.
2026-04-14 17:16:26,956 - INFO - Starting Step 3: Payment Information...
2026-04-14 17:16:26,957 - INFO - Ensuring 'Save and Pay' tab is active...
2026-04-14 17:16:29,448 - INFO - Selecting 'Credit Card' from Payment Method dropdown...
2026-04-14 17:16:31,628 - INFO - Opening 'Add Payment Method' modal...
2026-04-14 17:16:33,665 - INFO - Filled Cardholder Name: noUKBLbQFozvlmGejJHlYkGJpAZaXNyqc
2026-04-14 17:16:35,127 - INFO - Filled Card Number: 0569317220000773
2026-04-14 17:16:36,569 - INFO - Filled Expiry Date: 04/28
2026-04-14 17:16:38,042 - INFO - Filled CVV: 856
2026-04-14 17:16:38,042 - INFO - Clicking 'Add Card' submit button...
2026-04-14 17:16:38,637 - INFO - Card added successfully.
2026-04-14 17:16:39,665 - INFO - Selecting the Credit Card from the list...
2026-04-14 17:16:40,775 - INFO - ✅ Selected the Credit Card radio button.
2026-04-14 17:16:40,776 - INFO - Clicking 'Preview and Pay'...
2026-04-14 17:16:42,423 - INFO - Waiting for Payment Confirmation modal...
2026-04-14 17:16:57,441 - WARNING - Heading not found as text, trying to find any element with that text...
2026-04-14 17:17:02,472 - ERROR - Payment Step Error: Timeout 5000ms exceeded.
2026-04-14 17:24:34,891 - INFO - Test Session Started.
2026-04-14 17:24:34,892 - INFO - Navigating to Login Page: http://operator-qa.qmaastech.com/
2026-04-14 17:24:34,894 - INFO - Navigating to: http://operator-qa.qmaastech.com/
2026-04-14 17:24:37,757 - INFO - Attempting login for user: superadmin_qm@yopmail.com
2026-04-14 17:24:39,529 - INFO - Logging DOM elements BEFORE login click...
2026-04-14 17:24:39,530 - INFO - 
================================================================================
2026-04-14 17:24:39,532 - INFO - DOM SNAPSHOT AT STAGE: Before_Login
2026-04-14 17:24:39,533 - INFO - ================================================================================
2026-04-14 17:24:39,570 - INFO - 
Searching for pop-up elements in page content...
2026-04-14 17:24:39,942 - WARNING - ⚠ No known pop-up selectors found. Checking all visible divs...
2026-04-14 17:24:39,998 - INFO - Total DIV elements on page: 20
2026-04-14 17:24:40,907 - INFO -   Visible DIV 1: class='hero-pills' id='no-id' text='bolt
Real-time
smart_toy
AI-driven
hub
Multi-agenc'
2026-04-14 17:24:41,212 - INFO -   Visible DIV 2: class='auth-panel' id='no-id' text='Welcome Back

Sign in to your account to continue
'
2026-04-14 17:24:41,366 - INFO -   Visible DIV 3: class='auth-card' id='no-id' text='Welcome Back

Sign in to your account to continue
'
2026-04-14 17:24:41,506 - INFO -   Visible DIV 4: class='auth-step' id='no-id' text='Welcome Back

Sign in to your account to continue
'
2026-04-14 17:24:41,694 - INFO -   Visible DIV 5: class='field-wrap' id='no-id' text='Email ID / Username *
person'
2026-04-14 17:24:41,827 - INFO -   Visible DIV 6: class='input-shell' id='no-id' text='person'
2026-04-14 17:24:41,994 - INFO -   Visible DIV 7: class='field-wrap' id='no-id' text='Password *
lock
visibility_off'
2026-04-14 17:24:42,136 - INFO -   Visible DIV 8: class='input-shell' id='no-id' text='lock
visibility_off'
2026-04-14 17:24:42,256 - INFO -   Visible DIV 9: class='auth-bottom-links' id='no-id' text='New user?  Access Account

Forgot password?'
2026-04-14 17:24:42,332 - INFO - 
================================================================================

2026-04-14 17:24:42,943 - INFO - Login button clicked.
2026-04-14 17:24:42,945 - INFO - Taking rapid screenshots and validating pop-up...
2026-04-14 17:24:43,761 - INFO - Screenshot captured: reports\RUN_20260414_172431\screenshots\03_Popup_Immediate_1_172442.png
2026-04-14 17:24:43,762 - INFO - Screenshot 1 captured - Attempting validation...
2026-04-14 17:24:43,763 - INFO - 
================================================================================
2026-04-14 17:24:43,765 - INFO - STARTING COMPREHENSIVE POP-UP VALIDATION
2026-04-14 17:24:43,767 - INFO - ================================================================================
2026-04-14 17:24:43,840 - INFO - 
[VALIDATION 1] Checking Pop-up Visibility...
2026-04-14 17:24:43,879 - INFO -   Visibility Status: True
2026-04-14 17:24:43,879 - INFO -   PASSED: Pop-up is visible
2026-04-14 17:24:43,881 - INFO - 
[VALIDATION 2] Extracting and Validating Text Content...
2026-04-14 17:24:43,917 - INFO -   Extracted Text: 'Login Successful'
2026-04-14 17:24:43,918 - INFO -   PASSED: Text matches exactly: 'Login Successful'
2026-04-14 17:24:43,919 - INFO - 
[VALIDATION 3] Checking for Typos...
2026-04-14 17:24:43,920 - INFO -   PASSED: No known typos detected
2026-04-14 17:24:43,920 - INFO - 
[VALIDATION 4] Extracting CSS Classes and Attributes...
2026-04-14 17:24:43,950 - INFO -   CSS Classes: snackbar success-snackbar
2026-04-14 17:24:43,951 - INFO -   PASSED: 'success' class is present
2026-04-14 17:24:43,952 - INFO - 
[VALIDATION 5] Checking Element Properties...
2026-04-14 17:24:44,236 - INFO -   ID: Not set
2026-04-14 17:24:44,236 - INFO -   Data-TestID: Not set
2026-04-14 17:24:44,236 - INFO -   Role: Not set
2026-04-14 17:24:44,236 - INFO -   ARIA Label: Not set
2026-04-14 17:24:44,236 - INFO - 
[VALIDATION 6] Checking Position and Size...
2026-04-14 17:24:44,277 - WARNING -   WARNING: Could not get bounding box
2026-04-14 17:24:44,278 - INFO - 
[VALIDATION 7] Checking Computed Styles...
2026-04-14 17:24:44,314 - ERROR - Validation error: TypeError: Failed to execute 'getComputedStyle' on 'Window': parameter 1 is not of type 'Element'.
    at eval (eval at evaluate (:226:30), <anonymous>:1:8)
    at eval (<anonymous>)
    at UtilityScript.evaluate (<anonymous>:226:30)
    at UtilityScript.<anonymous> (<anonymous>:1:44)
2026-04-14 17:24:44,315 - WARNING -   WARNING: Could not check computed styles - element may have disappeared
2026-04-14 17:24:44,315 - INFO - 
================================================================================
2026-04-14 17:24:44,317 - INFO - POP-UP VALIDATION SUMMARY
2026-04-14 17:24:44,318 - INFO - ================================================================================
2026-04-14 17:24:44,318 - INFO -   Visibility: PASSED
2026-04-14 17:24:44,319 - INFO -   Text Match: PASSED
2026-04-14 17:24:44,319 - INFO -   Typo Check: PASSED
2026-04-14 17:24:44,320 - INFO -   CSS Classes: Present
2026-04-14 17:24:44,320 - INFO -   Position & Size: Valid
2026-04-14 17:24:44,321 - INFO -   Computed Styles: Valid
2026-04-14 17:24:44,321 - INFO - ================================================================================

2026-04-14 17:24:44,322 - INFO - ✓ ALL VALIDATIONS PASSED - Pop-up is working correctly!
2026-04-14 17:24:46,010 - INFO - Screenshot captured: reports\RUN_20260414_172431\screenshots\03_Popup_Immediate_2_172444.png
2026-04-14 17:24:46,010 - INFO - Screenshot 2 captured - Attempting validation...
2026-04-14 17:24:46,012 - INFO - 
================================================================================
2026-04-14 17:24:46,012 - INFO - STARTING COMPREHENSIVE POP-UP VALIDATION
2026-04-14 17:24:46,012 - INFO - ================================================================================
2026-04-14 17:24:46,042 - ERROR - VALIDATION FAILED: Pop-up element not found!
2026-04-14 17:24:46,564 - INFO - Screenshot captured: reports\RUN_20260414_172431\screenshots\03_Popup_Immediate_3_172446.png
2026-04-14 17:24:46,567 - INFO - Screenshot 3 captured - Attempting validation...
2026-04-14 17:24:46,568 - INFO - 
================================================================================
2026-04-14 17:24:46,569 - INFO - STARTING COMPREHENSIVE POP-UP VALIDATION
2026-04-14 17:24:46,570 - INFO - ================================================================================
2026-04-14 17:24:46,613 - ERROR - VALIDATION FAILED: Pop-up element not found!
2026-04-14 17:24:46,740 - INFO - Logging DOM elements AFTER login click (pop-up should appear here)...
2026-04-14 17:24:46,744 - INFO - 
================================================================================
2026-04-14 17:24:46,746 - INFO - DOM SNAPSHOT AT STAGE: After_Login_Click
2026-04-14 17:24:46,750 - INFO - ================================================================================
2026-04-14 17:24:46,796 - INFO - 
Searching for pop-up elements in page content...
2026-04-14 17:24:47,247 - WARNING - ⚠ No known pop-up selectors found. Checking all visible divs...
2026-04-14 17:24:47,344 - INFO - Total DIV elements on page: 28
2026-04-14 17:24:47,646 - INFO -   Visible DIV 1: class='header-right' id='no-id' text='English
French
Spanish
Quantum Toll Authority
supe'
2026-04-14 17:24:47,819 - INFO -   Visible DIV 2: class='nav-user' id='no-id' text='Quantum Toll Authority
superadmin_qm@yopmail.com'
2026-04-14 17:24:48,046 - INFO -   Visible DIV 3: class='nav-user-info' id='no-id' text='Quantum Toll Authority
superadmin_qm@yopmail.com'
2026-04-14 17:24:48,209 - INFO -   Visible DIV 4: class='uname' id='no-id' text='Quantum Toll Authority'
2026-04-14 17:24:48,380 - INFO -   Visible DIV 5: class='urole' id='no-id' text='superadmin_qm@yopmail.com'
2026-04-14 17:24:48,514 - INFO -   Visible DIV 6: class='main-container' id='no-id' text='dashboard_2
group
decimal_increase
admin_panel_set'
2026-04-14 17:24:48,645 - INFO -   Visible DIV 7: class='inner' id='no-id' text='dashboard_2'
2026-04-14 17:24:48,768 - INFO -   Visible DIV 8: class='inner' id='no-id' text='group'
2026-04-14 17:24:48,914 - INFO -   Visible DIV 9: class='inner' id='no-id' text='decimal_increase'
2026-04-14 17:24:49,052 - INFO -   Visible DIV 10: class='inner' id='no-id' text='admin_panel_settings'
2026-04-14 17:24:49,185 - INFO -   Visible DIV 11: class='inner' id='no-id' text='nest_doorbell_visitor'
2026-04-14 17:24:49,370 - INFO -   Visible DIV 12: class='inner' id='no-id' text='key_visualizer'
2026-04-14 17:24:49,402 - INFO - 
================================================================================

2026-04-14 17:24:49,621 - INFO - Screenshot captured: reports\RUN_20260414_172431\screenshots\02_Just_After_Login_Click_172449.png
2026-04-14 17:24:49,916 - INFO - Starting Onboarding Flow Test
2026-04-14 17:24:49,917 - INFO - Starting navigation to Onboard Customer page...
2026-04-14 17:24:49,918 - INFO - Clicking Workbench icon...
2026-04-14 17:24:50,555 - INFO - Workbench menu expanded.
2026-04-14 17:24:50,556 - INFO - Clicking 'Manage Accounts' sub-menu...
2026-04-14 17:24:51,181 - INFO - 'Manage Accounts' submenu expanded.
2026-04-14 17:24:51,182 - INFO - Clicking 'Onboard a Customer' link...
2026-04-14 17:24:52,539 - INFO - Successfully navigated to Onboard Customer page.
2026-04-14 17:24:53,068 - INFO - Screenshot captured: reports\RUN_20260414_172431\screenshots\02_Onboard_Customer_Landing_172452.png
2026-04-14 17:24:53,069 - INFO - Filling Onboarding details for United States...
2026-04-14 17:24:55,235 - INFO - Filled First Name: QPwaldjvvqbgWdhLEgRvIixwbMaqsajKRRHQrhqXiuEqIBY
2026-04-14 17:24:56,706 - INFO - Filled Last Name: nhAaNCeDvAqMZEKZDJMrECjjM
2026-04-14 17:24:57,906 - INFO - Checked: Use Same for Billing
2026-04-14 17:24:59,044 - INFO - Checked: Use Same for Shipping
2026-04-14 17:25:00,170 - INFO - Checked: Primary Address
2026-04-14 17:25:04,717 - INFO - Filled Address: 123 Automation Way
2026-04-14 17:25:06,166 - INFO - Filled Zip Code: 12345
2026-04-14 17:25:08,172 - INFO - Filled Unique Phone Number: 7423742606
2026-04-14 17:25:09,576 - INFO - Filled Email: auto_qpwaldjvvqbgwdhlegrviixwbmaqsajkrrhqrhqxiueqiby@test.com
2026-04-14 17:25:10,999 - INFO - Filled Confirm Email: auto_qpwaldjvvqbgwdhlegrviixwbmaqsajkrrhqrhqxiueqiby@test.com
2026-04-14 17:25:10,999 - INFO - Clicking 'Save & Next'...
2026-04-14 17:25:12,663 - INFO - Successfully verified Step 1 completion.
2026-04-14 17:25:12,754 - INFO - Retrieved Temporary Account ID: 1000001828
2026-04-14 17:25:12,754 - INFO - Step 1 Success. ID: 1000001828
2026-04-14 17:25:12,754 - INFO - Starting Step 2: Adding 2 Vehicle(s)...
2026-04-14 17:25:14,152 - INFO - Filled Plate Number 1: QA9294GP
2026-04-14 17:25:20,335 - INFO - Filled Plate Start Date: 2026-04-14
2026-04-14 17:25:33,464 - INFO - Vehicle 1 added.
2026-04-14 17:25:34,852 - INFO - Filled Plate Number 2: QA4001GP
2026-04-14 17:25:41,015 - INFO - Filled Plate Start Date: 2026-04-14
2026-04-14 17:25:54,182 - INFO - Vehicle 2 added.
2026-04-14 17:25:54,768 - INFO - Step 2 complete successfully.
2026-04-14 17:25:54,770 - INFO - Starting Step 3: Payment Information...
2026-04-14 17:25:54,770 - INFO - Ensuring 'Save and Pay' tab is active...
2026-04-14 17:25:57,344 - INFO - Selecting 'Credit Card' from Payment Method dropdown...
2026-04-14 17:25:59,543 - INFO - Opening 'Add Payment Method' modal...
2026-04-14 17:26:01,542 - INFO - Filled Cardholder Name: HBzokzpLQiqpDHcSGQVUHvxHjTWClvBRHLiVQQj
2026-04-14 17:26:03,075 - INFO - Filled Card Number: 9014460919855285
2026-04-14 17:26:04,536 - INFO - Filled Expiry Date: 04/28
2026-04-14 17:26:06,028 - INFO - Filled CVV: 129
2026-04-14 17:26:06,029 - INFO - Clicking 'Add Card' submit button...
2026-04-14 17:26:06,622 - INFO - Card added successfully.
2026-04-14 17:26:07,652 - INFO - Selecting the Credit Card from the list...
2026-04-14 17:26:08,750 - INFO - ✅ Selected the Credit Card radio button.
2026-04-14 17:26:08,751 - INFO - Clicking 'Preview and Pay'...
2026-04-14 17:26:09,336 - INFO - Waiting for Step 3 transition (Modal or Summary page)...
2026-04-14 17:26:09,390 - INFO - ✅ Reached Payment Summary page successfully.
2026-04-14 17:26:09,390 - INFO - Starting Step 4: Final Preview and Payment...
2026-04-14 17:26:09,469 - INFO - Clicking the final 'PAY' button in the Summary Card...
2026-04-14 17:26:13,635 - INFO - ✅ Account onboarding completed successfully.
2026-04-14 17:26:13,636 - INFO - Test completed successfully.
2026-04-14 17:38:37,190 - INFO - Test Session Started.
2026-04-14 17:38:37,198 - INFO - Navigating to Login Page: http://operator-qa.qmaastech.com/
2026-04-14 17:38:37,202 - INFO - Navigating to: http://operator-qa.qmaastech.com/
2026-04-14 17:38:40,960 - INFO - Attempting login for user: superadmin_qm@yopmail.com
2026-04-14 17:38:42,930 - INFO - Logging DOM elements BEFORE login click...
2026-04-14 17:38:42,931 - INFO - 
================================================================================
2026-04-14 17:38:42,934 - INFO - DOM SNAPSHOT AT STAGE: Before_Login
2026-04-14 17:38:42,935 - INFO - ================================================================================
2026-04-14 17:38:43,020 - INFO - 
Searching for pop-up elements in page content...
2026-04-14 17:38:43,906 - WARNING - ⚠ No known pop-up selectors found. Checking all visible divs...
2026-04-14 17:38:44,064 - INFO - Total DIV elements on page: 20
2026-04-14 17:38:45,321 - INFO -   Visible DIV 1: class='hero-pills' id='no-id' text='bolt
Real-time
smart_toy
AI-driven
hub
Multi-agenc'
2026-04-14 17:38:45,657 - INFO -   Visible DIV 2: class='auth-panel' id='no-id' text='Welcome Back

Sign in to your account to continue
'
2026-04-14 17:38:45,879 - INFO -   Visible DIV 3: class='auth-card' id='no-id' text='Welcome Back

Sign in to your account to continue
'
2026-04-14 17:38:46,097 - INFO -   Visible DIV 4: class='auth-step' id='no-id' text='Welcome Back

Sign in to your account to continue
'
2026-04-14 17:38:46,528 - INFO -   Visible DIV 5: class='field-wrap' id='no-id' text='Email ID / Username *
person'
2026-04-14 17:38:46,823 - INFO -   Visible DIV 6: class='input-shell' id='no-id' text='person'
2026-04-14 17:38:47,060 - INFO -   Visible DIV 7: class='field-wrap' id='no-id' text='Password *
lock
visibility_off'
2026-04-14 17:38:47,289 - INFO -   Visible DIV 8: class='input-shell' id='no-id' text='lock
visibility_off'
2026-04-14 17:38:47,435 - INFO -   Visible DIV 9: class='auth-bottom-links' id='no-id' text='New user?  Access Account

Forgot password?'
2026-04-14 17:38:47,522 - INFO - 
================================================================================

2026-04-14 17:38:48,152 - INFO - Login button clicked.
2026-04-14 17:38:48,155 - INFO - Taking rapid screenshots and validating pop-up...
2026-04-14 17:38:49,489 - INFO - Screenshot captured: reports\RUN_20260414_173833\screenshots\03_Popup_Immediate_1_173848.png
2026-04-14 17:38:49,490 - INFO - Screenshot 1 captured - Attempting validation...
2026-04-14 17:38:49,491 - INFO - 
================================================================================
2026-04-14 17:38:49,495 - INFO - STARTING COMPREHENSIVE POP-UP VALIDATION
2026-04-14 17:38:49,497 - INFO - ================================================================================
2026-04-14 17:38:49,792 - ERROR - VALIDATION FAILED: Pop-up element not found!
2026-04-14 17:38:52,172 - INFO - Screenshot captured: reports\RUN_20260414_173833\screenshots\03_Popup_Immediate_2_173849.png
2026-04-14 17:38:52,175 - INFO - Screenshot 2 captured - Attempting validation...
2026-04-14 17:38:52,176 - INFO - 
================================================================================
2026-04-14 17:38:52,177 - INFO - STARTING COMPREHENSIVE POP-UP VALIDATION
2026-04-14 17:38:52,178 - INFO - ================================================================================
2026-04-14 17:38:52,228 - ERROR - VALIDATION FAILED: Pop-up element not found!
2026-04-14 17:38:53,639 - INFO - Screenshot captured: reports\RUN_20260414_173833\screenshots\03_Popup_Immediate_3_173852.png
2026-04-14 17:38:53,643 - INFO - Screenshot 3 captured - Attempting validation...
2026-04-14 17:38:53,643 - INFO - 
================================================================================
2026-04-14 17:38:53,645 - INFO - STARTING COMPREHENSIVE POP-UP VALIDATION
2026-04-14 17:38:53,647 - INFO - ================================================================================
2026-04-14 17:38:53,704 - ERROR - VALIDATION FAILED: Pop-up element not found!
2026-04-14 17:38:53,888 - INFO - Logging DOM elements AFTER login click (pop-up should appear here)...
2026-04-14 17:38:53,889 - INFO - 
================================================================================
2026-04-14 17:38:53,890 - INFO - DOM SNAPSHOT AT STAGE: After_Login_Click
2026-04-14 17:38:53,891 - INFO - ================================================================================
2026-04-14 17:38:53,966 - INFO - 
Searching for pop-up elements in page content...
2026-04-14 17:38:54,923 - WARNING - ⚠ No known pop-up selectors found. Checking all visible divs...
2026-04-14 17:38:55,124 - INFO - Total DIV elements on page: 28
2026-04-14 17:38:55,744 - INFO -   Visible DIV 1: class='header-right' id='no-id' text='English
French
Spanish
Quantum Toll Authority
supe'
2026-04-14 17:38:56,036 - INFO -   Visible DIV 2: class='nav-user' id='no-id' text='Quantum Toll Authority
superadmin_qm@yopmail.com'
2026-04-14 17:38:56,542 - INFO -   Visible DIV 3: class='nav-user-info' id='no-id' text='Quantum Toll Authority
superadmin_qm@yopmail.com'
2026-04-14 17:38:56,765 - INFO -   Visible DIV 4: class='uname' id='no-id' text='Quantum Toll Authority'
2026-04-14 17:38:57,028 - INFO -   Visible DIV 5: class='urole' id='no-id' text='superadmin_qm@yopmail.com'
2026-04-14 17:38:57,276 - INFO -   Visible DIV 6: class='main-container' id='no-id' text='dashboard_2
group
decimal_increase
admin_panel_set'
2026-04-14 17:38:57,503 - INFO -   Visible DIV 7: class='inner' id='no-id' text='dashboard_2'
2026-04-14 17:38:57,777 - INFO -   Visible DIV 8: class='inner' id='no-id' text='group'
2026-04-14 17:38:57,997 - INFO -   Visible DIV 9: class='inner' id='no-id' text='decimal_increase'
2026-04-14 17:38:58,232 - INFO -   Visible DIV 10: class='inner' id='no-id' text='admin_panel_settings'
2026-04-14 17:38:58,464 - INFO -   Visible DIV 11: class='inner' id='no-id' text='nest_doorbell_visitor'
2026-04-14 17:38:58,672 - INFO -   Visible DIV 12: class='inner' id='no-id' text='key_visualizer'
2026-04-14 17:38:58,709 - INFO - 
================================================================================

2026-04-14 17:38:59,045 - INFO - Screenshot captured: reports\RUN_20260414_173833\screenshots\02_Just_After_Login_Click_173858.png
2026-04-14 17:38:59,757 - INFO - Starting Onboarding Flow Test
2026-04-14 17:38:59,758 - INFO - Starting navigation to Onboard Customer page...
2026-04-14 17:38:59,760 - INFO - Clicking Workbench icon...
2026-04-14 17:39:00,540 - INFO - Workbench menu expanded.
2026-04-14 17:39:00,542 - INFO - Clicking 'Manage Accounts' sub-menu...
2026-04-14 17:39:01,186 - INFO - 'Manage Accounts' submenu expanded.
2026-04-14 17:39:01,188 - INFO - Clicking 'Onboard a Customer' link...
2026-04-14 17:39:02,954 - INFO - Successfully navigated to Onboard Customer page.
2026-04-14 17:39:03,875 - INFO - Screenshot captured: reports\RUN_20260414_173833\screenshots\02_Onboard_Customer_Landing_173902.png
2026-04-14 17:39:03,879 - INFO - Filling Onboarding details for United States...
2026-04-14 17:39:06,215 - INFO - Filled First Name: lqboFQFOuQtHUuEzwgYBZMDeedoRQOjf
2026-04-14 17:39:07,908 - INFO - Filled Last Name: aNADyTvsgwvflHGBdebIuHspMNZIXdGfoVvl
2026-04-14 17:39:09,242 - INFO - Checked: Use Same for Billing
2026-04-14 17:39:10,497 - INFO - Checked: Use Same for Shipping
2026-04-14 17:39:11,739 - INFO - Checked: Primary Address
2026-04-14 17:39:16,626 - INFO - Filled Address: 123 Automation Way
2026-04-14 17:39:18,230 - INFO - Filled Zip Code: 12345
2026-04-14 17:39:20,432 - INFO - Filled Unique Phone Number: 9300032560
2026-04-14 17:39:22,022 - INFO - Filled Email: auto_lqbofqfouqthuuezwgybzmdeedorqojf@test.com
2026-04-14 17:39:23,645 - INFO - Filled Confirm Email: auto_lqbofqfouqthuuezwgybzmdeedorqojf@test.com
2026-04-14 17:39:23,647 - INFO - Clicking 'Save & Next'...
2026-04-14 17:39:25,610 - INFO - Successfully verified Step 1 completion.
2026-04-14 17:39:25,736 - INFO - Retrieved Temporary Account ID: 1000001829
2026-04-14 17:39:25,737 - INFO - Step 1 Success. ID: 1000001829
2026-04-14 17:39:25,739 - INFO - Starting Step 2: Adding 2 Vehicle(s)...
2026-04-14 17:39:27,309 - INFO - Filled Plate Number 1: QA8748GP
2026-04-14 17:39:33,903 - INFO - Filled Plate Start Date: 2026-04-14
2026-04-14 17:39:47,454 - INFO - Vehicle 1 added.
2026-04-14 17:39:48,961 - INFO - Filled Plate Number 2: QA5451GP
2026-04-14 17:39:55,342 - INFO - Filled Plate Start Date: 2026-04-14
2026-04-14 17:40:08,955 - INFO - Vehicle 2 added.
2026-04-14 17:40:09,629 - INFO - Step 2 complete successfully.
2026-04-14 17:40:09,630 - INFO - Starting Step 3: Payment Information...
2026-04-14 17:40:09,633 - INFO - Ensuring 'Save and Pay' tab is active...
2026-04-14 17:40:12,205 - INFO - Selecting 'Credit Card' from Payment Method dropdown...
2026-04-14 17:40:14,504 - INFO - Opening 'Add Payment Method' modal...
2026-04-14 17:40:16,816 - INFO - Filled Cardholder Name: CdAvRS
2026-04-14 17:40:18,525 - INFO - Filled Card Number: 7168468001149466
2026-04-14 17:40:20,305 - INFO - Filled Expiry Date: 04/28
2026-04-14 17:40:22,045 - INFO - Filled CVV: 367
2026-04-14 17:40:22,047 - INFO - Clicking 'Add Card' submit button...
2026-04-14 17:40:22,709 - INFO - Card added successfully.
2026-04-14 17:40:23,743 - INFO - Selecting the Credit Card from the list...
2026-04-14 17:40:24,936 - INFO - ✅ Selected the Credit Card radio button.
2026-04-14 17:40:24,936 - INFO - Clicking 'Preview and Pay'...
2026-04-14 17:40:25,616 - INFO - Waiting for Step 3 transition (Modal or Summary page)...
2026-04-14 17:40:25,752 - INFO - ✅ Reached Payment Summary page successfully.
2026-04-14 17:40:25,753 - INFO - Starting Step 4: Final Preview and Payment...
2026-04-14 17:40:25,868 - INFO - Clicking the final 'PAY' button in the Summary Card...
2026-04-14 17:40:30,131 - INFO - ✅ Account onboarding completed successfully.
2026-04-14 17:40:30,132 - INFO - Test completed successfully.
