2026-05-06 11:18:17,960 - INFO - Navigating to Login Page: http://operator-qa.qmaastech.com/
2026-05-06 11:18:20,609 - INFO - Attempting login for user: superadmin_qm@yopmail.com
2026-05-06 11:18:22,270 - INFO - Logging DOM elements BEFORE login click...
2026-05-06 11:18:22,279 - INFO - 
================================================================================
2026-05-06 11:18:22,280 - INFO - DOM SNAPSHOT AT STAGE: Before_Login
2026-05-06 11:18:22,281 - INFO - ================================================================================
2026-05-06 11:18:22,340 - INFO - 
Searching for pop-up elements in page content...
2026-05-06 11:18:22,609 - WARNING - ⚠ No known pop-up selectors found. Checking all visible divs...
2026-05-06 11:18:22,662 - INFO - Total DIV elements on page: 21
2026-05-06 11:18:23,329 - INFO -   Visible DIV 1: class='hero-pills' id='no-id' text='bolt
Real-time
smart_toy
AI-driven
hub
Multi-agenc'
2026-05-06 11:18:23,466 - INFO -   Visible DIV 2: class='auth-panel' id='no-id' text='Welcome Back

Sign in to your account to continue
'
2026-05-06 11:18:23,549 - INFO -   Visible DIV 3: class='auth-card' id='no-id' text='Welcome Back

Sign in to your account to continue
'
2026-05-06 11:18:23,649 - INFO -   Visible DIV 4: class='auth-step' id='no-id' text='Welcome Back

Sign in to your account to continue
'
2026-05-06 11:18:23,769 - INFO -   Visible DIV 5: class='field-wrap' id='no-id' text='Email ID / Username *
person'
2026-05-06 11:18:23,861 - INFO -   Visible DIV 6: class='input-shell' id='no-id' text='person'
2026-05-06 11:18:23,975 - INFO -   Visible DIV 7: class='field-wrap' id='no-id' text='Password *
lock
visibility_off'
2026-05-06 11:18:24,059 - INFO -   Visible DIV 8: class='input-shell' id='no-id' text='lock
visibility_off'
2026-05-06 11:18:24,147 - INFO -   Visible DIV 9: class='auth-bottom-links' id='no-id' text='New user?  Access Account

Forgot password?'
2026-05-06 11:18:24,190 - INFO - 
================================================================================

2026-05-06 11:18:24,776 - INFO - Login button clicked.
2026-05-06 11:18:24,778 - INFO - Taking rapid screenshots and validating pop-up...
2026-05-06 11:18:25,325 - INFO - Screenshot 1 captured - Attempting validation...
2026-05-06 11:18:25,325 - INFO - 
================================================================================
2026-05-06 11:18:25,325 - INFO - STARTING COMPREHENSIVE POP-UP VALIDATION
2026-05-06 11:18:25,325 - INFO - ================================================================================
2026-05-06 11:18:25,350 - INFO - 
[VALIDATION 1] Checking Pop-up Visibility...
2026-05-06 11:18:25,374 - INFO -   Visibility Status: True
2026-05-06 11:18:25,374 - INFO -   PASSED: Pop-up is visible
2026-05-06 11:18:25,374 - INFO - 
[VALIDATION 2] Extracting and Validating Text Content...
2026-05-06 11:18:25,389 - INFO -   Extracted Text: 'Login Successful'
2026-05-06 11:18:25,389 - INFO -   PASSED: Text matches exactly: 'Login Successful'
2026-05-06 11:18:25,389 - INFO - 
[VALIDATION 3] Checking for Typos...
2026-05-06 11:18:25,389 - INFO -   PASSED: No known typos detected
2026-05-06 11:18:25,399 - INFO - 
[VALIDATION 4] Extracting CSS Classes and Attributes...
2026-05-06 11:18:25,419 - INFO -   CSS Classes: snackbar success-snackbar
2026-05-06 11:18:25,419 - INFO -   PASSED: 'success' class is present
2026-05-06 11:18:25,419 - INFO - 
[VALIDATION 5] Checking Element Properties...
2026-05-06 11:18:25,519 - INFO -   ID: Not set
2026-05-06 11:18:25,519 - INFO -   Data-TestID: Not set
2026-05-06 11:18:25,519 - INFO -   Role: Not set
2026-05-06 11:18:25,519 - INFO -   ARIA Label: Not set
2026-05-06 11:18:25,519 - INFO - 
[VALIDATION 6] Checking Position and Size...
2026-05-06 11:18:25,539 - INFO -   X: 1230, Y: 20
2026-05-06 11:18:25,539 - INFO -   Width: 250, Height: 43.5
2026-05-06 11:18:25,539 - INFO -   PASSED: Element has valid dimensions
2026-05-06 11:18:25,539 - INFO - 
[VALIDATION 7] Checking Computed Styles...
2026-05-06 11:18:25,570 - INFO -   Display: block
2026-05-06 11:18:25,570 - INFO -   Opacity: 1
2026-05-06 11:18:25,570 - INFO -   PASSED: Element is displayed with proper opacity
2026-05-06 11:18:25,570 - INFO - 
================================================================================
2026-05-06 11:18:25,570 - INFO - POP-UP VALIDATION SUMMARY
2026-05-06 11:18:25,579 - INFO - ================================================================================
2026-05-06 11:18:25,579 - INFO -   Visibility: PASSED
2026-05-06 11:18:25,579 - INFO -   Text Match: PASSED
2026-05-06 11:18:25,579 - INFO -   Typo Check: PASSED
2026-05-06 11:18:25,579 - INFO -   CSS Classes: Present
2026-05-06 11:18:25,579 - INFO -   Position & Size: Valid
2026-05-06 11:18:25,579 - INFO -   Computed Styles: Valid
2026-05-06 11:18:25,579 - INFO - ================================================================================

2026-05-06 11:18:25,582 - INFO - ✓ ALL VALIDATIONS PASSED - Pop-up is working correctly!
2026-05-06 11:18:25,935 - INFO - Screenshot 2 captured - Attempting validation...
2026-05-06 11:18:25,936 - INFO - 
================================================================================
2026-05-06 11:18:25,937 - INFO - STARTING COMPREHENSIVE POP-UP VALIDATION
2026-05-06 11:18:25,939 - INFO - ================================================================================
2026-05-06 11:18:26,046 - ERROR - VALIDATION FAILED: Pop-up element not found!
2026-05-06 11:18:27,659 - INFO - Screenshot 3 captured - Attempting validation...
2026-05-06 11:18:27,660 - INFO - 
================================================================================
2026-05-06 11:18:27,660 - INFO - STARTING COMPREHENSIVE POP-UP VALIDATION
2026-05-06 11:18:27,660 - INFO - ================================================================================
2026-05-06 11:18:27,679 - ERROR - VALIDATION FAILED: Pop-up element not found!
2026-05-06 11:18:27,797 - INFO - Logging DOM elements AFTER login click (pop-up should appear here)...
2026-05-06 11:18:27,798 - INFO - 
================================================================================
2026-05-06 11:18:27,799 - INFO - DOM SNAPSHOT AT STAGE: After_Login_Click
2026-05-06 11:18:27,800 - INFO - ================================================================================
2026-05-06 11:18:27,824 - INFO - 
Searching for pop-up elements in page content...
2026-05-06 11:18:28,163 - WARNING - ⚠ No known pop-up selectors found. Checking all visible divs...
2026-05-06 11:18:28,213 - INFO - Total DIV elements on page: 29
2026-05-06 11:18:28,420 - INFO -   Visible DIV 1: class='header-right' id='no-id' text='English
French
Spanish
Quantum Toll Authority
supe'
2026-05-06 11:18:28,526 - INFO -   Visible DIV 2: class='nav-user' id='no-id' text='Quantum Toll Authority
superadmin_qm@yopmail.com'
2026-05-06 11:18:28,677 - INFO -   Visible DIV 3: class='nav-user-info' id='no-id' text='Quantum Toll Authority
superadmin_qm@yopmail.com'
2026-05-06 11:18:28,776 - INFO -   Visible DIV 4: class='uname' id='no-id' text='Quantum Toll Authority'
2026-05-06 11:18:28,888 - INFO -   Visible DIV 5: class='urole' id='no-id' text='superadmin_qm@yopmail.com'
2026-05-06 11:18:29,007 - INFO -   Visible DIV 6: class='main-container' id='no-id' text='dashboard_2
group
decimal_increase
admin_panel_set'
2026-05-06 11:18:29,128 - INFO -   Visible DIV 7: class='inner' id='no-id' text='dashboard_2'
2026-05-06 11:18:29,246 - INFO -   Visible DIV 8: class='inner' id='no-id' text='group'
2026-05-06 11:18:29,429 - INFO -   Visible DIV 9: class='inner' id='no-id' text='decimal_increase'
2026-05-06 11:18:29,570 - INFO -   Visible DIV 10: class='inner' id='no-id' text='admin_panel_settings'
2026-05-06 11:18:29,709 - INFO -   Visible DIV 11: class='inner' id='no-id' text='nest_doorbell_visitor'
2026-05-06 11:18:29,830 - INFO -   Visible DIV 12: class='inner' id='no-id' text='key_visualizer'
2026-05-06 11:18:29,855 - INFO - 
================================================================================

2026-05-06 11:18:30,291 - INFO - Waiting for dashboard URL...
2026-05-06 11:18:30,292 - INFO - 
================================================================================
2026-05-06 11:18:30,292 - INFO - DOM SNAPSHOT AT STAGE: Before_Dashboard_Navigation
2026-05-06 11:18:30,293 - INFO - ================================================================================
2026-05-06 11:18:30,318 - INFO - 
Searching for pop-up elements in page content...
2026-05-06 11:18:30,549 - WARNING - ⚠ No known pop-up selectors found. Checking all visible divs...
2026-05-06 11:18:30,589 - INFO - Total DIV elements on page: 29
2026-05-06 11:18:30,754 - INFO -   Visible DIV 1: class='header-right' id='no-id' text='English
French
Spanish
Quantum Toll Authority
supe'
2026-05-06 11:18:30,829 - INFO -   Visible DIV 2: class='nav-user' id='no-id' text='Quantum Toll Authority
superadmin_qm@yopmail.com'
2026-05-06 11:18:30,950 - INFO -   Visible DIV 3: class='nav-user-info' id='no-id' text='Quantum Toll Authority
superadmin_qm@yopmail.com'
2026-05-06 11:18:31,019 - INFO -   Visible DIV 4: class='uname' id='no-id' text='Quantum Toll Authority'
2026-05-06 11:18:31,101 - INFO -   Visible DIV 5: class='urole' id='no-id' text='superadmin_qm@yopmail.com'
2026-05-06 11:18:31,189 - INFO -   Visible DIV 6: class='main-container' id='no-id' text='dashboard_2
group
decimal_increase
admin_panel_set'
2026-05-06 11:18:31,274 - INFO -   Visible DIV 7: class='inner' id='no-id' text='dashboard_2'
2026-05-06 11:18:31,359 - INFO -   Visible DIV 8: class='inner' id='no-id' text='group'
2026-05-06 11:18:31,470 - INFO -   Visible DIV 9: class='inner' id='no-id' text='decimal_increase'
2026-05-06 11:18:31,574 - INFO -   Visible DIV 10: class='inner' id='no-id' text='admin_panel_settings'
2026-05-06 11:18:31,674 - INFO -   Visible DIV 11: class='inner' id='no-id' text='nest_doorbell_visitor'
2026-05-06 11:18:31,784 - INFO -   Visible DIV 12: class='inner' id='no-id' text='key_visualizer'
2026-05-06 11:18:31,808 - INFO - 
================================================================================

2026-05-06 11:18:31,841 - INFO - Login SUCCESS: Dashboard URL reached.
2026-05-06 11:18:32,369 - INFO - 
================================================================================
2026-05-06 11:18:32,369 - INFO - DOM SNAPSHOT AT STAGE: After_Dashboard_Loaded
2026-05-06 11:18:32,369 - INFO - ================================================================================
2026-05-06 11:18:32,401 - INFO - 
Searching for pop-up elements in page content...
2026-05-06 11:18:32,642 - WARNING - ⚠ No known pop-up selectors found. Checking all visible divs...
2026-05-06 11:18:32,702 - INFO - Total DIV elements on page: 29
2026-05-06 11:18:32,890 - INFO -   Visible DIV 1: class='header-right' id='no-id' text='English
French
Spanish
Quantum Toll Authority
supe'
2026-05-06 11:18:32,987 - INFO -   Visible DIV 2: class='nav-user' id='no-id' text='Quantum Toll Authority
superadmin_qm@yopmail.com'
2026-05-06 11:18:33,139 - INFO -   Visible DIV 3: class='nav-user-info' id='no-id' text='Quantum Toll Authority
superadmin_qm@yopmail.com'
2026-05-06 11:18:33,446 - INFO -   Visible DIV 4: class='uname' id='no-id' text='Quantum Toll Authority'
2026-05-06 11:18:33,585 - INFO -   Visible DIV 5: class='urole' id='no-id' text='superadmin_qm@yopmail.com'
2026-05-06 11:18:33,762 - INFO -   Visible DIV 6: class='main-container' id='no-id' text='dashboard_2
group
decimal_increase
admin_panel_set'
2026-05-06 11:18:33,914 - INFO -   Visible DIV 7: class='inner' id='no-id' text='dashboard_2'
2026-05-06 11:18:34,064 - INFO -   Visible DIV 8: class='inner' id='no-id' text='group'
2026-05-06 11:18:34,274 - INFO -   Visible DIV 9: class='inner' id='no-id' text='decimal_increase'
2026-05-06 11:18:34,418 - INFO -   Visible DIV 10: class='inner' id='no-id' text='admin_panel_settings'
2026-05-06 11:18:34,559 - INFO -   Visible DIV 11: class='inner' id='no-id' text='nest_doorbell_visitor'
2026-05-06 11:18:34,701 - INFO -   Visible DIV 12: class='inner' id='no-id' text='key_visualizer'
2026-05-06 11:18:34,725 - INFO - 
================================================================================

2026-05-06 11:18:34,729 - INFO - Checking for dashboard header 'Welcome to QM Toll portal!'...
2026-05-06 11:18:34,833 - INFO - ✅ Dashboard header found with selector: h4:has-text("Welcome to QM Toll portal!")
2026-05-06 11:18:34,833 - INFO -    Header text: 'Welcome to QM Toll portal!'
2026-05-06 11:18:34,836 - INFO - ✅ DASHBOARD VALIDATION PASSED: 'Welcome to QM Toll portal!' header found
2026-05-06 11:18:35,502 - INFO - Step 1: Navigating and Starting Onboarding...
2026-05-06 11:18:35,502 - INFO - Executing Sidebar Navigation Sequence...
2026-05-06 11:18:38,410 - INFO - Filling Step 1: Account Details...
2026-05-06 11:18:42,096 - INFO - Filled First Name: Armaan
2026-05-06 11:18:43,281 - INFO - Filled Middle Name: QA Team
2026-05-06 11:18:44,450 - INFO - Filled Last Name: Sankaran
2026-05-06 11:18:45,597 - INFO - Checked: Use Same for Billing
2026-05-06 11:18:46,753 - INFO - Checked: Use Same for Shipping
2026-05-06 11:18:47,961 - INFO - Checked: Primary Address
2026-05-06 11:18:51,893 - INFO - Filled Address: 123 Automation Blvd
2026-05-06 11:18:53,119 - INFO - Filled Zip Code: 12345
2026-05-06 11:18:54,891 - INFO - Filled Phone: 8644504294
2026-05-06 11:18:56,161 - INFO - Filled Email: armaan.sankaran54@testmail.com
2026-05-06 11:18:57,406 - INFO - Filled Confirm Email: armaan.sankaran54@testmail.com
2026-05-06 11:18:57,408 - INFO - Clicking Save & Next...
2026-05-06 11:18:57,455 - INFO - Chatbot elements hidden via CSS injection.
2026-05-06 11:18:59,347 - INFO - Step 1 Submitted.
2026-05-06 11:18:59,347 - INFO - Adding 1 Vehicle(s)...
2026-05-06 11:18:59,807 - INFO - Step 2 loaded successfully.
2026-05-06 11:18:59,831 - INFO - Chatbot elements hidden via CSS injection.
2026-05-06 11:19:01,125 - INFO - Filled Plate 1: QA8568GP
2026-05-06 11:19:05,713 - INFO - Filled Plate Start Date: 2026-05-06
2026-05-06 11:19:16,966 - INFO - Clicking 'Add' button for Vehicle 1...
2026-05-06 11:19:16,992 - INFO - Chatbot elements hidden via CSS injection.
2026-05-06 11:19:20,279 - INFO - Vehicle 1 added successfully.
2026-05-06 11:19:21,818 - INFO - Highlighting and clicking 'Next' button...
2026-05-06 11:19:21,850 - INFO - Chatbot elements hidden via CSS injection.
2026-05-06 11:19:24,626 - INFO - Captured Permanent Account Number: 2000011517
2026-05-06 11:19:24,626 - INFO - Account 2000011517 saved to SharedData.
2026-05-06 11:19:24,628 - INFO - Starting Step 3: Payment Information...
2026-05-06 11:19:24,651 - INFO - Chatbot elements hidden via CSS injection.
2026-05-06 11:19:29,092 - INFO - Filled Cardholder Name: mIMmhFiPfvK
2026-05-06 11:19:30,664 - INFO - Filled Card Number: 8445664015742648
2026-05-06 11:19:32,227 - INFO - Filled Expiry Date: 05/28
2026-05-06 11:19:33,865 - INFO - Filled CVV: 100
2026-05-06 11:19:36,373 - INFO - Clicking 'Preview and Pay'...
2026-05-06 11:19:36,392 - INFO - Chatbot elements hidden via CSS injection.
2026-05-06 11:19:37,064 - INFO - Waiting for Payment Summary card...
2026-05-06 11:19:38,506 - INFO - Starting Final Confirmation Modal...
2026-05-06 11:19:39,797 - INFO - ✅ Account onboarding completed successfully.
2026-05-06 11:19:39,803 - INFO - Finalizing process: Clicking 'Account Summary' button...
2026-05-06 11:19:40,045 - INFO - Step 2: Creating case for account: 2000011517
2026-05-06 11:26:47,677 - INFO - Navigating to Login Page: http://operator-qa.qmaastech.com/
2026-05-06 11:26:50,351 - INFO - Attempting login for user: superadmin_qm@yopmail.com
2026-05-06 11:26:52,137 - INFO - Logging DOM elements BEFORE login click...
2026-05-06 11:26:52,137 - INFO - 
================================================================================
2026-05-06 11:26:52,137 - INFO - DOM SNAPSHOT AT STAGE: Before_Login
2026-05-06 11:26:52,137 - INFO - ================================================================================
2026-05-06 11:26:52,169 - INFO - 
Searching for pop-up elements in page content...
2026-05-06 11:26:52,419 - WARNING - ⚠ No known pop-up selectors found. Checking all visible divs...
2026-05-06 11:26:52,484 - INFO - Total DIV elements on page: 21
2026-05-06 11:26:52,978 - INFO -   Visible DIV 1: class='hero-pills' id='no-id' text='bolt
Real-time
smart_toy
AI-driven
hub
Multi-agenc'
2026-05-06 11:26:53,110 - INFO -   Visible DIV 2: class='auth-panel' id='no-id' text='Welcome Back

Sign in to your account to continue
'
2026-05-06 11:26:53,193 - INFO -   Visible DIV 3: class='auth-card' id='no-id' text='Welcome Back

Sign in to your account to continue
'
2026-05-06 11:26:53,278 - INFO -   Visible DIV 4: class='auth-step' id='no-id' text='Welcome Back

Sign in to your account to continue
'
2026-05-06 11:26:53,390 - INFO -   Visible DIV 5: class='field-wrap' id='no-id' text='Email ID / Username *
person'
2026-05-06 11:26:53,483 - INFO -   Visible DIV 6: class='input-shell' id='no-id' text='person'
2026-05-06 11:26:53,543 - INFO -   Visible DIV 7: class='field-wrap' id='no-id' text='Password *
lock
visibility_off'
2026-05-06 11:26:53,644 - INFO -   Visible DIV 8: class='input-shell' id='no-id' text='lock
visibility_off'
2026-05-06 11:26:53,739 - INFO -   Visible DIV 9: class='auth-bottom-links' id='no-id' text='New user?  Access Account

Forgot password?'
2026-05-06 11:26:53,786 - INFO - 
================================================================================

2026-05-06 11:26:54,366 - INFO - Login button clicked.
2026-05-06 11:26:54,366 - INFO - Taking rapid screenshots and validating pop-up...
2026-05-06 11:26:54,947 - INFO - Screenshot 1 captured - Attempting validation...
2026-05-06 11:26:54,947 - INFO - 
================================================================================
2026-05-06 11:26:54,947 - INFO - STARTING COMPREHENSIVE POP-UP VALIDATION
2026-05-06 11:26:54,947 - INFO - ================================================================================
2026-05-06 11:26:54,980 - INFO - 
[VALIDATION 1] Checking Pop-up Visibility...
2026-05-06 11:26:55,002 - INFO -   Visibility Status: True
2026-05-06 11:26:55,002 - INFO -   PASSED: Pop-up is visible
2026-05-06 11:26:55,011 - INFO - 
[VALIDATION 2] Extracting and Validating Text Content...
2026-05-06 11:26:55,030 - INFO -   Extracted Text: 'Login Successful'
2026-05-06 11:26:55,030 - INFO -   PASSED: Text matches exactly: 'Login Successful'
2026-05-06 11:26:55,030 - INFO - 
[VALIDATION 3] Checking for Typos...
2026-05-06 11:26:55,030 - INFO -   PASSED: No known typos detected
2026-05-06 11:26:55,030 - INFO - 
[VALIDATION 4] Extracting CSS Classes and Attributes...
2026-05-06 11:26:55,063 - INFO -   CSS Classes: snackbar success-snackbar
2026-05-06 11:26:55,063 - INFO -   PASSED: 'success' class is present
2026-05-06 11:26:55,063 - INFO - 
[VALIDATION 5] Checking Element Properties...
2026-05-06 11:26:55,162 - INFO -   ID: Not set
2026-05-06 11:26:55,162 - INFO -   Data-TestID: Not set
2026-05-06 11:26:55,162 - INFO -   Role: Not set
2026-05-06 11:26:55,162 - INFO -   ARIA Label: Not set
2026-05-06 11:26:55,162 - INFO - 
[VALIDATION 6] Checking Position and Size...
2026-05-06 11:26:55,197 - INFO -   X: 1230, Y: 20
2026-05-06 11:26:55,197 - INFO -   Width: 250, Height: 43.5
2026-05-06 11:26:55,197 - INFO -   PASSED: Element has valid dimensions
2026-05-06 11:26:55,197 - INFO - 
[VALIDATION 7] Checking Computed Styles...
2026-05-06 11:26:55,247 - INFO -   Display: block
2026-05-06 11:26:55,247 - INFO -   Opacity: 1
2026-05-06 11:26:55,247 - INFO -   PASSED: Element is displayed with proper opacity
2026-05-06 11:26:55,247 - INFO - 
================================================================================
2026-05-06 11:26:55,247 - INFO - POP-UP VALIDATION SUMMARY
2026-05-06 11:26:55,247 - INFO - ================================================================================
2026-05-06 11:26:55,261 - INFO -   Visibility: PASSED
2026-05-06 11:26:55,262 - INFO -   Text Match: PASSED
2026-05-06 11:26:55,263 - INFO -   Typo Check: PASSED
2026-05-06 11:26:55,263 - INFO -   CSS Classes: Present
2026-05-06 11:26:55,263 - INFO -   Position & Size: Valid
2026-05-06 11:26:55,263 - INFO -   Computed Styles: Valid
2026-05-06 11:26:55,263 - INFO - ================================================================================

2026-05-06 11:26:55,263 - INFO - ✓ ALL VALIDATIONS PASSED - Pop-up is working correctly!
2026-05-06 11:26:55,697 - INFO - Screenshot 2 captured - Attempting validation...
2026-05-06 11:26:55,697 - INFO - 
================================================================================
2026-05-06 11:26:55,699 - INFO - STARTING COMPREHENSIVE POP-UP VALIDATION
2026-05-06 11:26:55,699 - INFO - ================================================================================
2026-05-06 11:26:55,720 - ERROR - VALIDATION FAILED: Pop-up element not found!
2026-05-06 11:26:57,018 - INFO - Screenshot 3 captured - Attempting validation...
2026-05-06 11:26:57,018 - INFO - 
================================================================================
2026-05-06 11:26:57,018 - INFO - STARTING COMPREHENSIVE POP-UP VALIDATION
2026-05-06 11:26:57,018 - INFO - ================================================================================
2026-05-06 11:26:57,052 - ERROR - VALIDATION FAILED: Pop-up element not found!
2026-05-06 11:26:57,180 - INFO - Logging DOM elements AFTER login click (pop-up should appear here)...
2026-05-06 11:26:57,181 - INFO - 
================================================================================
2026-05-06 11:26:57,183 - INFO - DOM SNAPSHOT AT STAGE: After_Login_Click
2026-05-06 11:26:57,183 - INFO - ================================================================================
2026-05-06 11:26:57,212 - INFO - 
Searching for pop-up elements in page content...
2026-05-06 11:26:57,507 - WARNING - ⚠ No known pop-up selectors found. Checking all visible divs...
2026-05-06 11:26:57,567 - INFO - Total DIV elements on page: 29
2026-05-06 11:26:57,798 - INFO -   Visible DIV 1: class='header-right' id='no-id' text='English
French
Spanish
Quantum Toll Authority
supe'
2026-05-06 11:26:57,905 - INFO -   Visible DIV 2: class='nav-user' id='no-id' text='Quantum Toll Authority
superadmin_qm@yopmail.com'
2026-05-06 11:26:58,057 - INFO -   Visible DIV 3: class='nav-user-info' id='no-id' text='Quantum Toll Authority
superadmin_qm@yopmail.com'
2026-05-06 11:26:58,148 - INFO -   Visible DIV 4: class='uname' id='no-id' text='Quantum Toll Authority'
2026-05-06 11:26:58,239 - INFO -   Visible DIV 5: class='urole' id='no-id' text='superadmin_qm@yopmail.com'
2026-05-06 11:26:58,340 - INFO -   Visible DIV 6: class='main-container' id='no-id' text='dashboard_2
group
decimal_increase
admin_panel_set'
2026-05-06 11:26:58,448 - INFO -   Visible DIV 7: class='inner' id='no-id' text='dashboard_2'
2026-05-06 11:26:58,542 - INFO -   Visible DIV 8: class='inner' id='no-id' text='group'
2026-05-06 11:26:58,656 - INFO -   Visible DIV 9: class='inner' id='no-id' text='decimal_increase'
2026-05-06 11:26:58,923 - INFO -   Visible DIV 10: class='inner' id='no-id' text='admin_panel_settings'
2026-05-06 11:26:59,205 - INFO -   Visible DIV 11: class='inner' id='no-id' text='nest_doorbell_visitor'
2026-05-06 11:26:59,321 - INFO -   Visible DIV 12: class='inner' id='no-id' text='key_visualizer'
2026-05-06 11:26:59,348 - INFO - 
================================================================================

2026-05-06 11:26:59,663 - INFO - Waiting for dashboard URL...
2026-05-06 11:26:59,665 - INFO - 
================================================================================
2026-05-06 11:26:59,666 - INFO - DOM SNAPSHOT AT STAGE: Before_Dashboard_Navigation
2026-05-06 11:26:59,667 - INFO - ================================================================================
2026-05-06 11:26:59,698 - INFO - 
Searching for pop-up elements in page content...
2026-05-06 11:26:59,940 - WARNING - ⚠ No known pop-up selectors found. Checking all visible divs...
2026-05-06 11:26:59,979 - INFO - Total DIV elements on page: 29
2026-05-06 11:27:00,283 - INFO -   Visible DIV 1: class='header-right' id='no-id' text='English
French
Spanish
Quantum Toll Authority
supe'
2026-05-06 11:27:00,411 - INFO -   Visible DIV 2: class='nav-user' id='no-id' text='Quantum Toll Authority
superadmin_qm@yopmail.com'
2026-05-06 11:27:00,562 - INFO -   Visible DIV 3: class='nav-user-info' id='no-id' text='Quantum Toll Authority
superadmin_qm@yopmail.com'
2026-05-06 11:27:00,679 - INFO -   Visible DIV 4: class='uname' id='no-id' text='Quantum Toll Authority'
2026-05-06 11:27:00,812 - INFO -   Visible DIV 5: class='urole' id='no-id' text='superadmin_qm@yopmail.com'
2026-05-06 11:27:00,974 - INFO -   Visible DIV 6: class='main-container' id='no-id' text='dashboard_2
group
decimal_increase
admin_panel_set'
2026-05-06 11:27:01,125 - INFO -   Visible DIV 7: class='inner' id='no-id' text='dashboard_2'
2026-05-06 11:27:01,245 - INFO -   Visible DIV 8: class='inner' id='no-id' text='group'
2026-05-06 11:27:01,367 - INFO -   Visible DIV 9: class='inner' id='no-id' text='decimal_increase'
2026-05-06 11:27:01,531 - INFO -   Visible DIV 10: class='inner' id='no-id' text='admin_panel_settings'
2026-05-06 11:27:01,664 - INFO -   Visible DIV 11: class='inner' id='no-id' text='nest_doorbell_visitor'
2026-05-06 11:27:01,776 - INFO -   Visible DIV 12: class='inner' id='no-id' text='key_visualizer'
2026-05-06 11:27:01,795 - INFO - 
================================================================================

2026-05-06 11:27:01,826 - INFO - Login SUCCESS: Dashboard URL reached.
2026-05-06 11:27:02,341 - INFO - 
================================================================================
2026-05-06 11:27:02,345 - INFO - DOM SNAPSHOT AT STAGE: After_Dashboard_Loaded
2026-05-06 11:27:02,347 - INFO - ================================================================================
2026-05-06 11:27:02,389 - INFO - 
Searching for pop-up elements in page content...
2026-05-06 11:27:02,699 - WARNING - ⚠ No known pop-up selectors found. Checking all visible divs...
2026-05-06 11:27:02,746 - INFO - Total DIV elements on page: 29
2026-05-06 11:27:03,006 - INFO -   Visible DIV 1: class='header-right' id='no-id' text='English
French
Spanish
Quantum Toll Authority
supe'
2026-05-06 11:27:03,154 - INFO -   Visible DIV 2: class='nav-user' id='no-id' text='Quantum Toll Authority
superadmin_qm@yopmail.com'
2026-05-06 11:27:03,344 - INFO -   Visible DIV 3: class='nav-user-info' id='no-id' text='Quantum Toll Authority
superadmin_qm@yopmail.com'
2026-05-06 11:27:03,527 - INFO -   Visible DIV 4: class='uname' id='no-id' text='Quantum Toll Authority'
2026-05-06 11:27:03,674 - INFO -   Visible DIV 5: class='urole' id='no-id' text='superadmin_qm@yopmail.com'
2026-05-06 11:27:03,788 - INFO -   Visible DIV 6: class='main-container' id='no-id' text='dashboard_2
group
decimal_increase
admin_panel_set'
2026-05-06 11:27:03,900 - INFO -   Visible DIV 7: class='inner' id='no-id' text='dashboard_2'
2026-05-06 11:27:04,000 - INFO -   Visible DIV 8: class='inner' id='no-id' text='group'
2026-05-06 11:27:04,196 - INFO -   Visible DIV 9: class='inner' id='no-id' text='decimal_increase'
2026-05-06 11:27:04,365 - INFO -   Visible DIV 10: class='inner' id='no-id' text='admin_panel_settings'
2026-05-06 11:27:04,504 - INFO -   Visible DIV 11: class='inner' id='no-id' text='nest_doorbell_visitor'
2026-05-06 11:27:04,641 - INFO -   Visible DIV 12: class='inner' id='no-id' text='key_visualizer'
2026-05-06 11:27:04,673 - INFO - 
================================================================================

2026-05-06 11:27:04,673 - INFO - Checking for dashboard header 'Welcome to QM Toll portal!'...
2026-05-06 11:27:04,746 - INFO - ✅ Dashboard header found with selector: h4:has-text("Welcome to QM Toll portal!")
2026-05-06 11:27:04,746 - INFO -    Header text: 'Welcome to QM Toll portal!'
2026-05-06 11:27:04,746 - INFO - ✅ DASHBOARD VALIDATION PASSED: 'Welcome to QM Toll portal!' header found
2026-05-06 11:27:05,412 - INFO - Step 1: Navigating and Starting Onboarding...
2026-05-06 11:27:05,412 - INFO - Executing Sidebar Navigation Sequence...
2026-05-06 11:27:08,346 - INFO - Filling Step 1: Account Details...
2026-05-06 11:27:12,282 - INFO - Filled First Name: Divij
2026-05-06 11:27:13,498 - INFO - Filled Middle Name: QA Team
2026-05-06 11:27:14,752 - INFO - Filled Last Name: Rana
2026-05-06 11:27:15,990 - INFO - Checked: Use Same for Billing
2026-05-06 11:27:17,251 - INFO - Checked: Use Same for Shipping
2026-05-06 11:27:18,510 - INFO - Checked: Primary Address
2026-05-06 11:27:22,401 - INFO - Filled Address: 123 Automation Blvd
2026-05-06 11:27:23,580 - INFO - Filled Zip Code: 12345
2026-05-06 11:27:25,312 - INFO - Filled Phone: 7526784634
2026-05-06 11:27:26,543 - INFO - Filled Email: divij.rana26@testmail.com
2026-05-06 11:27:27,773 - INFO - Filled Confirm Email: divij.rana26@testmail.com
2026-05-06 11:27:27,773 - INFO - Clicking Save & Next...
2026-05-06 11:27:27,805 - INFO - Chatbot elements hidden via CSS injection.
2026-05-06 11:27:29,664 - INFO - Step 1 Submitted.
2026-05-06 11:27:29,664 - INFO - Adding 1 Vehicle(s)...
2026-05-06 11:27:30,125 - INFO - Step 2 loaded successfully.
2026-05-06 11:27:30,164 - INFO - Chatbot elements hidden via CSS injection.
2026-05-06 11:27:31,461 - INFO - Filled Plate 1: QA2621GP
2026-05-06 11:27:35,976 - INFO - Filled Plate Start Date: 2026-05-06
2026-05-06 11:27:47,291 - INFO - Clicking 'Add' button for Vehicle 1...
2026-05-06 11:27:47,306 - INFO - Chatbot elements hidden via CSS injection.
2026-05-06 11:27:50,552 - INFO - Vehicle 1 added successfully.
2026-05-06 11:27:52,093 - INFO - Highlighting and clicking 'Next' button...
2026-05-06 11:27:52,114 - INFO - Chatbot elements hidden via CSS injection.
2026-05-06 11:27:54,858 - INFO - Captured Permanent Account Number: 2000011518
2026-05-06 11:27:54,858 - INFO - Account 2000011518 saved to SharedData.
2026-05-06 11:27:54,858 - INFO - Starting Step 3: Payment Information...
2026-05-06 11:27:54,894 - INFO - Chatbot elements hidden via CSS injection.
2026-05-06 11:27:59,280 - INFO - Filled Cardholder Name: FfjRDeOODwSbRmVfNcPyfnEoaSPkXpU
2026-05-06 11:28:01,033 - INFO - Filled Card Number: 8664356448379866
2026-05-06 11:28:02,709 - INFO - Filled Expiry Date: 05/28
2026-05-06 11:28:04,276 - INFO - Filled CVV: 913
2026-05-06 11:28:06,657 - INFO - Clicking 'Preview and Pay'...
2026-05-06 11:28:06,675 - INFO - Chatbot elements hidden via CSS injection.
2026-05-06 11:28:07,402 - INFO - Waiting for Payment Summary card...
2026-05-06 11:28:08,888 - INFO - Starting Final Confirmation Modal...
2026-05-06 11:28:10,107 - INFO - ✅ Account onboarding completed successfully.
2026-05-06 11:28:10,107 - INFO - Finalizing process: Clicking 'Account Summary' button...
2026-05-06 11:28:10,358 - INFO - Step 2: Creating case for account: 2000011518
2026-05-06 11:39:18,413 - INFO - Navigating to Login Page: http://operator-qa.qmaastech.com/
2026-05-06 11:39:21,341 - INFO - Attempting login for user: superadmin_qm@yopmail.com
2026-05-06 11:39:23,064 - INFO - Logging DOM elements BEFORE login click...
2026-05-06 11:39:23,065 - INFO - 
================================================================================
2026-05-06 11:39:23,067 - INFO - DOM SNAPSHOT AT STAGE: Before_Login
2026-05-06 11:39:23,067 - INFO - ================================================================================
2026-05-06 11:39:23,113 - INFO - 
Searching for pop-up elements in page content...
2026-05-06 11:39:23,472 - WARNING - ⚠ No known pop-up selectors found. Checking all visible divs...
2026-05-06 11:39:23,549 - INFO - Total DIV elements on page: 21
2026-05-06 11:39:24,146 - INFO -   Visible DIV 1: class='hero-pills' id='no-id' text='bolt
Real-time
smart_toy
AI-driven
hub
Multi-agenc'
2026-05-06 11:39:24,314 - INFO -   Visible DIV 2: class='auth-panel' id='no-id' text='Welcome Back

Sign in to your account to continue
'
2026-05-06 11:39:24,466 - INFO -   Visible DIV 3: class='auth-card' id='no-id' text='Welcome Back

Sign in to your account to continue
'
2026-05-06 11:39:24,616 - INFO -   Visible DIV 4: class='auth-step' id='no-id' text='Welcome Back

Sign in to your account to continue
'
2026-05-06 11:39:24,751 - INFO -   Visible DIV 5: class='field-wrap' id='no-id' text='Email ID / Username *
person'
2026-05-06 11:39:24,873 - INFO -   Visible DIV 6: class='input-shell' id='no-id' text='person'
2026-05-06 11:39:24,979 - INFO -   Visible DIV 7: class='field-wrap' id='no-id' text='Password *
lock
visibility_off'
2026-05-06 11:39:25,064 - INFO -   Visible DIV 8: class='input-shell' id='no-id' text='lock
visibility_off'
2026-05-06 11:39:25,180 - INFO -   Visible DIV 9: class='auth-bottom-links' id='no-id' text='New user?  Access Account

Forgot password?'
2026-05-06 11:39:25,229 - INFO - 
================================================================================

2026-05-06 11:39:25,815 - INFO - Login button clicked.
2026-05-06 11:39:25,815 - INFO - Taking rapid screenshots and validating pop-up...
2026-05-06 11:39:26,534 - INFO - Screenshot 1 captured - Attempting validation...
2026-05-06 11:39:26,534 - INFO - 
================================================================================
2026-05-06 11:39:26,534 - INFO - STARTING COMPREHENSIVE POP-UP VALIDATION
2026-05-06 11:39:26,534 - INFO - ================================================================================
2026-05-06 11:39:26,569 - INFO - 
[VALIDATION 1] Checking Pop-up Visibility...
2026-05-06 11:39:26,600 - INFO -   Visibility Status: True
2026-05-06 11:39:26,600 - INFO -   PASSED: Pop-up is visible
2026-05-06 11:39:26,600 - INFO - 
[VALIDATION 2] Extracting and Validating Text Content...
2026-05-06 11:39:26,630 - INFO -   Extracted Text: 'Login Successful'
2026-05-06 11:39:26,630 - INFO -   PASSED: Text matches exactly: 'Login Successful'
2026-05-06 11:39:26,630 - INFO - 
[VALIDATION 3] Checking for Typos...
2026-05-06 11:39:26,630 - INFO -   PASSED: No known typos detected
2026-05-06 11:39:26,630 - INFO - 
[VALIDATION 4] Extracting CSS Classes and Attributes...
2026-05-06 11:39:26,666 - INFO -   CSS Classes: snackbar success-snackbar
2026-05-06 11:39:26,666 - INFO -   PASSED: 'success' class is present
2026-05-06 11:39:26,666 - INFO - 
[VALIDATION 5] Checking Element Properties...
2026-05-06 11:39:26,766 - INFO -   ID: Not set
2026-05-06 11:39:26,766 - INFO -   Data-TestID: Not set
2026-05-06 11:39:26,766 - INFO -   Role: Not set
2026-05-06 11:39:26,766 - INFO -   ARIA Label: Not set
2026-05-06 11:39:26,766 - INFO - 
[VALIDATION 6] Checking Position and Size...
2026-05-06 11:39:26,796 - INFO -   X: 1230, Y: 20
2026-05-06 11:39:26,796 - INFO -   Width: 250, Height: 43.5
2026-05-06 11:39:26,796 - INFO -   PASSED: Element has valid dimensions
2026-05-06 11:39:26,796 - INFO - 
[VALIDATION 7] Checking Computed Styles...
2026-05-06 11:39:26,932 - ERROR - Validation error: TypeError: Failed to execute 'getComputedStyle' on 'Window': parameter 1 is not of type 'Element'.
    at eval (eval at evaluate (:226:30), <anonymous>:1:8)
    at eval (<anonymous>)
    at UtilityScript.evaluate (<anonymous>:226:30)
    at UtilityScript.<anonymous> (<anonymous>:1:44)
2026-05-06 11:39:26,932 - WARNING -   WARNING: Could not check computed styles - element may have disappeared
2026-05-06 11:39:26,932 - INFO - 
================================================================================
2026-05-06 11:39:26,936 - INFO - POP-UP VALIDATION SUMMARY
2026-05-06 11:39:26,936 - INFO - ================================================================================
2026-05-06 11:39:26,937 - INFO -   Visibility: PASSED
2026-05-06 11:39:26,937 - INFO -   Text Match: PASSED
2026-05-06 11:39:26,937 - INFO -   Typo Check: PASSED
2026-05-06 11:39:26,937 - INFO -   CSS Classes: Present
2026-05-06 11:39:26,939 - INFO -   Position & Size: Valid
2026-05-06 11:39:26,939 - INFO -   Computed Styles: Valid
2026-05-06 11:39:26,939 - INFO - ================================================================================

2026-05-06 11:39:26,939 - INFO - ✓ ALL VALIDATIONS PASSED - Pop-up is working correctly!
2026-05-06 11:39:28,598 - INFO - Screenshot 2 captured - Attempting validation...
2026-05-06 11:39:28,600 - INFO - 
================================================================================
2026-05-06 11:39:28,602 - INFO - STARTING COMPREHENSIVE POP-UP VALIDATION
2026-05-06 11:39:28,602 - INFO - ================================================================================
2026-05-06 11:39:28,644 - ERROR - VALIDATION FAILED: Pop-up element not found!
2026-05-06 11:39:29,056 - INFO - Screenshot 3 captured - Attempting validation...
2026-05-06 11:39:29,058 - INFO - 
================================================================================
2026-05-06 11:39:29,058 - INFO - STARTING COMPREHENSIVE POP-UP VALIDATION
2026-05-06 11:39:29,059 - INFO - ================================================================================
2026-05-06 11:39:29,087 - ERROR - VALIDATION FAILED: Pop-up element not found!
2026-05-06 11:39:29,214 - INFO - Logging DOM elements AFTER login click (pop-up should appear here)...
2026-05-06 11:39:29,214 - INFO - 
================================================================================
2026-05-06 11:39:29,218 - INFO - DOM SNAPSHOT AT STAGE: After_Login_Click
2026-05-06 11:39:29,219 - INFO - ================================================================================
2026-05-06 11:39:29,264 - INFO - 
Searching for pop-up elements in page content...
2026-05-06 11:39:29,641 - WARNING - ⚠ No known pop-up selectors found. Checking all visible divs...
2026-05-06 11:39:29,690 - INFO - Total DIV elements on page: 29
2026-05-06 11:39:29,939 - INFO -   Visible DIV 1: class='header-right' id='no-id' text='English
French
Spanish
Quantum Toll Authority
supe'
2026-05-06 11:39:30,055 - INFO -   Visible DIV 2: class='nav-user' id='no-id' text='Quantum Toll Authority
superadmin_qm@yopmail.com'
2026-05-06 11:39:30,218 - INFO -   Visible DIV 3: class='nav-user-info' id='no-id' text='Quantum Toll Authority
superadmin_qm@yopmail.com'
2026-05-06 11:39:30,326 - INFO -   Visible DIV 4: class='uname' id='no-id' text='Quantum Toll Authority'
2026-05-06 11:39:30,445 - INFO -   Visible DIV 5: class='urole' id='no-id' text='superadmin_qm@yopmail.com'
2026-05-06 11:39:30,571 - INFO -   Visible DIV 6: class='main-container' id='no-id' text='dashboard_2
group
decimal_increase
admin_panel_set'
2026-05-06 11:39:30,687 - INFO -   Visible DIV 7: class='inner' id='no-id' text='dashboard_2'
2026-05-06 11:39:30,800 - INFO -   Visible DIV 8: class='inner' id='no-id' text='group'
2026-05-06 11:39:30,920 - INFO -   Visible DIV 9: class='inner' id='no-id' text='decimal_increase'
2026-05-06 11:39:31,047 - INFO -   Visible DIV 10: class='inner' id='no-id' text='admin_panel_settings'
2026-05-06 11:39:31,181 - INFO -   Visible DIV 11: class='inner' id='no-id' text='nest_doorbell_visitor'
2026-05-06 11:39:31,293 - INFO -   Visible DIV 12: class='inner' id='no-id' text='key_visualizer'
2026-05-06 11:39:31,318 - INFO - 
================================================================================

2026-05-06 11:39:31,485 - INFO - Waiting for dashboard URL...
2026-05-06 11:39:31,485 - INFO - 
================================================================================
2026-05-06 11:39:31,487 - INFO - DOM SNAPSHOT AT STAGE: Before_Dashboard_Navigation
2026-05-06 11:39:31,487 - INFO - ================================================================================
2026-05-06 11:39:31,512 - INFO - 
Searching for pop-up elements in page content...
2026-05-06 11:39:31,681 - WARNING - ⚠ No known pop-up selectors found. Checking all visible divs...
2026-05-06 11:39:31,715 - INFO - Total DIV elements on page: 29
2026-05-06 11:39:31,836 - INFO -   Visible DIV 1: class='header-right' id='no-id' text='English
French
Spanish
Quantum Toll Authority
supe'
2026-05-06 11:39:31,906 - INFO -   Visible DIV 2: class='nav-user' id='no-id' text='Quantum Toll Authority
superadmin_qm@yopmail.com'
2026-05-06 11:39:32,008 - INFO -   Visible DIV 3: class='nav-user-info' id='no-id' text='Quantum Toll Authority
superadmin_qm@yopmail.com'
2026-05-06 11:39:32,065 - INFO -   Visible DIV 4: class='uname' id='no-id' text='Quantum Toll Authority'
2026-05-06 11:39:32,131 - INFO -   Visible DIV 5: class='urole' id='no-id' text='superadmin_qm@yopmail.com'
2026-05-06 11:39:32,206 - INFO -   Visible DIV 6: class='main-container' id='no-id' text='dashboard_2
group
decimal_increase
admin_panel_set'
2026-05-06 11:39:32,275 - INFO -   Visible DIV 7: class='inner' id='no-id' text='dashboard_2'
2026-05-06 11:39:32,353 - INFO -   Visible DIV 8: class='inner' id='no-id' text='group'
2026-05-06 11:39:32,462 - INFO -   Visible DIV 9: class='inner' id='no-id' text='decimal_increase'
2026-05-06 11:39:32,591 - INFO -   Visible DIV 10: class='inner' id='no-id' text='admin_panel_settings'
2026-05-06 11:39:32,677 - INFO -   Visible DIV 11: class='inner' id='no-id' text='nest_doorbell_visitor'
2026-05-06 11:39:32,775 - INFO -   Visible DIV 12: class='inner' id='no-id' text='key_visualizer'
2026-05-06 11:39:32,781 - INFO - 
================================================================================

2026-05-06 11:39:32,801 - INFO - Login SUCCESS: Dashboard URL reached.
2026-05-06 11:39:33,329 - INFO - 
================================================================================
2026-05-06 11:39:33,329 - INFO - DOM SNAPSHOT AT STAGE: After_Dashboard_Loaded
2026-05-06 11:39:33,332 - INFO - ================================================================================
2026-05-06 11:39:33,364 - INFO - 
Searching for pop-up elements in page content...
2026-05-06 11:39:33,712 - WARNING - ⚠ No known pop-up selectors found. Checking all visible divs...
2026-05-06 11:39:33,796 - INFO - Total DIV elements on page: 29
2026-05-06 11:39:34,059 - INFO -   Visible DIV 1: class='header-right' id='no-id' text='English
French
Spanish
Quantum Toll Authority
supe'
2026-05-06 11:39:34,223 - INFO -   Visible DIV 2: class='nav-user' id='no-id' text='Quantum Toll Authority
superadmin_qm@yopmail.com'
2026-05-06 11:39:34,465 - INFO -   Visible DIV 3: class='nav-user-info' id='no-id' text='Quantum Toll Authority
superadmin_qm@yopmail.com'
2026-05-06 11:39:34,598 - INFO -   Visible DIV 4: class='uname' id='no-id' text='Quantum Toll Authority'
2026-05-06 11:39:34,743 - INFO -   Visible DIV 5: class='urole' id='no-id' text='superadmin_qm@yopmail.com'
2026-05-06 11:39:34,904 - INFO -   Visible DIV 6: class='main-container' id='no-id' text='dashboard_2
group
decimal_increase
admin_panel_set'
2026-05-06 11:39:35,039 - INFO -   Visible DIV 7: class='inner' id='no-id' text='dashboard_2'
2026-05-06 11:39:35,155 - INFO -   Visible DIV 8: class='inner' id='no-id' text='group'
2026-05-06 11:39:35,342 - INFO -   Visible DIV 9: class='inner' id='no-id' text='decimal_increase'
2026-05-06 11:39:35,485 - INFO -   Visible DIV 10: class='inner' id='no-id' text='admin_panel_settings'
2026-05-06 11:39:35,645 - INFO -   Visible DIV 11: class='inner' id='no-id' text='nest_doorbell_visitor'
2026-05-06 11:39:35,788 - INFO -   Visible DIV 12: class='inner' id='no-id' text='key_visualizer'
2026-05-06 11:39:35,820 - INFO - 
================================================================================

2026-05-06 11:39:35,820 - INFO - Checking for dashboard header 'Welcome to QM Toll portal!'...
2026-05-06 11:39:35,915 - INFO - ✅ Dashboard header found with selector: h4:has-text("Welcome to QM Toll portal!")
2026-05-06 11:39:35,915 - INFO -    Header text: 'Welcome to QM Toll portal!'
2026-05-06 11:39:35,915 - INFO - ✅ DASHBOARD VALIDATION PASSED: 'Welcome to QM Toll portal!' header found
2026-05-06 11:39:36,546 - INFO - Step 1: Navigating and Starting Onboarding...
2026-05-06 11:39:36,546 - INFO - Executing Sidebar Navigation Sequence...
2026-05-06 11:39:39,516 - INFO - Filling Step 1: Account Details...
2026-05-06 11:39:43,364 - INFO - Filled First Name: Hrishita
2026-05-06 11:39:44,564 - INFO - Filled Middle Name: QA Team
2026-05-06 11:39:45,800 - INFO - Filled Last Name: Reddy
2026-05-06 11:39:47,032 - INFO - Checked: Use Same for Billing
2026-05-06 11:39:48,292 - INFO - Checked: Use Same for Shipping
2026-05-06 11:39:49,555 - INFO - Checked: Primary Address
2026-05-06 11:39:53,496 - INFO - Filled Address: 123 Automation Blvd
2026-05-06 11:39:54,796 - INFO - Filled Zip Code: 12345
2026-05-06 11:39:56,572 - INFO - Filled Phone: 7649443389
2026-05-06 11:39:57,741 - INFO - Filled Email: hrishita.reddy77@testmail.com
2026-05-06 11:39:58,945 - INFO - Filled Confirm Email: hrishita.reddy77@testmail.com
2026-05-06 11:39:58,947 - INFO - Clicking Save & Next...
2026-05-06 11:39:58,977 - INFO - Chatbot elements hidden via CSS injection.
2026-05-06 11:40:00,891 - INFO - Step 1 Submitted.
2026-05-06 11:40:00,891 - INFO - Adding 1 Vehicle(s)...
2026-05-06 11:40:01,435 - INFO - Step 2 loaded successfully.
2026-05-06 11:40:01,482 - INFO - Chatbot elements hidden via CSS injection.
2026-05-06 11:40:02,692 - INFO - Filled Plate 1: QA9112GP
2026-05-06 11:40:07,281 - INFO - Filled Plate Start Date: 2026-05-06
2026-05-06 11:40:18,710 - INFO - Clicking 'Add' button for Vehicle 1...
2026-05-06 11:40:18,821 - INFO - Chatbot elements hidden via CSS injection.
2026-05-06 11:40:22,110 - INFO - Vehicle 1 added successfully.
2026-05-06 11:40:23,657 - INFO - Highlighting and clicking 'Next' button...
2026-05-06 11:40:23,689 - INFO - Chatbot elements hidden via CSS injection.
2026-05-06 11:40:26,492 - INFO - Captured Permanent Account Number: 2000011519
2026-05-06 11:40:26,492 - INFO - Account 2000011519 saved to SharedData.
2026-05-06 11:40:26,492 - INFO - Starting Step 3: Payment Information...
2026-05-06 11:40:26,512 - INFO - Chatbot elements hidden via CSS injection.
2026-05-06 11:40:30,781 - INFO - Filled Cardholder Name: hnOkGgsZAe
2026-05-06 11:40:32,332 - INFO - Filled Card Number: 1132016939434534
2026-05-06 11:40:33,882 - INFO - Filled Expiry Date: 05/28
2026-05-06 11:40:35,516 - INFO - Filled CVV: 619
2026-05-06 11:40:37,867 - INFO - Clicking 'Preview and Pay'...
2026-05-06 11:40:37,890 - INFO - Chatbot elements hidden via CSS injection.
2026-05-06 11:40:38,610 - INFO - Waiting for Payment Summary card...
2026-05-06 11:40:40,080 - INFO - Starting Final Confirmation Modal...
2026-05-06 11:40:41,365 - INFO - ✅ Account onboarding completed successfully.
2026-05-06 11:40:41,365 - INFO - Finalizing process: Clicking 'Account Summary' button...
2026-05-06 11:40:41,627 - INFO - Step 2: Creating case for account: 2000011519
2026-05-06 11:46:06,323 - INFO - Navigating to Login Page: http://operator-qa.qmaastech.com/
2026-05-06 11:46:09,233 - INFO - Attempting login for user: superadmin_qm@yopmail.com
2026-05-06 11:46:10,949 - INFO - Logging DOM elements BEFORE login click...
2026-05-06 11:46:10,949 - INFO - 
================================================================================
2026-05-06 11:46:10,949 - INFO - DOM SNAPSHOT AT STAGE: Before_Login
2026-05-06 11:46:10,949 - INFO - ================================================================================
2026-05-06 11:46:10,996 - INFO - 
Searching for pop-up elements in page content...
2026-05-06 11:46:11,410 - WARNING - ⚠ No known pop-up selectors found. Checking all visible divs...
2026-05-06 11:46:11,474 - INFO - Total DIV elements on page: 21
2026-05-06 11:46:12,189 - INFO -   Visible DIV 1: class='hero-pills' id='no-id' text='bolt
Real-time
smart_toy
AI-driven
hub
Multi-agenc'
2026-05-06 11:46:12,360 - INFO -   Visible DIV 2: class='auth-panel' id='no-id' text='Welcome Back

Sign in to your account to continue
'
2026-05-06 11:46:12,469 - INFO -   Visible DIV 3: class='auth-card' id='no-id' text='Welcome Back

Sign in to your account to continue
'
2026-05-06 11:46:12,565 - INFO -   Visible DIV 4: class='auth-step' id='no-id' text='Welcome Back

Sign in to your account to continue
'
2026-05-06 11:46:12,702 - INFO -   Visible DIV 5: class='field-wrap' id='no-id' text='Email ID / Username *
person'
2026-05-06 11:46:12,813 - INFO -   Visible DIV 6: class='input-shell' id='no-id' text='person'
2026-05-06 11:46:12,909 - INFO -   Visible DIV 7: class='field-wrap' id='no-id' text='Password *
lock
visibility_off'
2026-05-06 11:46:13,005 - INFO -   Visible DIV 8: class='input-shell' id='no-id' text='lock
visibility_off'
2026-05-06 11:46:13,100 - INFO -   Visible DIV 9: class='auth-bottom-links' id='no-id' text='New user?  Access Account

Forgot password?'
2026-05-06 11:46:13,148 - INFO - 
================================================================================

2026-05-06 11:46:13,758 - INFO - Login button clicked.
2026-05-06 11:46:13,758 - INFO - Taking rapid screenshots and validating pop-up...
2026-05-06 11:46:14,460 - INFO - Screenshot 1 captured - Attempting validation...
2026-05-06 11:46:14,460 - INFO - 
================================================================================
2026-05-06 11:46:14,460 - INFO - STARTING COMPREHENSIVE POP-UP VALIDATION
2026-05-06 11:46:14,460 - INFO - ================================================================================
2026-05-06 11:46:14,488 - INFO - 
[VALIDATION 1] Checking Pop-up Visibility...
2026-05-06 11:46:14,509 - INFO -   Visibility Status: True
2026-05-06 11:46:14,509 - INFO -   PASSED: Pop-up is visible
2026-05-06 11:46:14,509 - INFO - 
[VALIDATION 2] Extracting and Validating Text Content...
2026-05-06 11:46:14,541 - INFO -   Extracted Text: 'Login Successful'
2026-05-06 11:46:14,541 - INFO -   PASSED: Text matches exactly: 'Login Successful'
2026-05-06 11:46:14,541 - INFO - 
[VALIDATION 3] Checking for Typos...
2026-05-06 11:46:14,541 - INFO -   PASSED: No known typos detected
2026-05-06 11:46:14,541 - INFO - 
[VALIDATION 4] Extracting CSS Classes and Attributes...
2026-05-06 11:46:14,567 - INFO -   CSS Classes: snackbar success-snackbar
2026-05-06 11:46:14,567 - INFO -   PASSED: 'success' class is present
2026-05-06 11:46:14,567 - INFO - 
[VALIDATION 5] Checking Element Properties...
2026-05-06 11:46:14,660 - INFO -   ID: Not set
2026-05-06 11:46:14,660 - INFO -   Data-TestID: Not set
2026-05-06 11:46:14,660 - INFO -   Role: Not set
2026-05-06 11:46:14,660 - INFO -   ARIA Label: Not set
2026-05-06 11:46:14,660 - INFO - 
[VALIDATION 6] Checking Position and Size...
2026-05-06 11:46:14,675 - INFO -   X: 1230, Y: 20
2026-05-06 11:46:14,675 - INFO -   Width: 250, Height: 43.5
2026-05-06 11:46:14,675 - INFO -   PASSED: Element has valid dimensions
2026-05-06 11:46:14,675 - INFO - 
[VALIDATION 7] Checking Computed Styles...
2026-05-06 11:46:14,724 - INFO -   Display: block
2026-05-06 11:46:14,724 - INFO -   Opacity: 1
2026-05-06 11:46:14,724 - INFO -   PASSED: Element is displayed with proper opacity
2026-05-06 11:46:14,724 - INFO - 
================================================================================
2026-05-06 11:46:14,724 - INFO - POP-UP VALIDATION SUMMARY
2026-05-06 11:46:14,724 - INFO - ================================================================================
2026-05-06 11:46:14,724 - INFO -   Visibility: PASSED
2026-05-06 11:46:14,724 - INFO -   Text Match: PASSED
2026-05-06 11:46:14,724 - INFO -   Typo Check: PASSED
2026-05-06 11:46:14,724 - INFO -   CSS Classes: Present
2026-05-06 11:46:14,724 - INFO -   Position & Size: Valid
2026-05-06 11:46:14,724 - INFO -   Computed Styles: Valid
2026-05-06 11:46:14,732 - INFO - ================================================================================

2026-05-06 11:46:14,732 - INFO - ✓ ALL VALIDATIONS PASSED - Pop-up is working correctly!
2026-05-06 11:46:15,079 - INFO - Screenshot 2 captured - Attempting validation...
2026-05-06 11:46:15,079 - INFO - 
================================================================================
2026-05-06 11:46:15,082 - INFO - STARTING COMPREHENSIVE POP-UP VALIDATION
2026-05-06 11:46:15,082 - INFO - ================================================================================
2026-05-06 11:46:15,107 - ERROR - VALIDATION FAILED: Pop-up element not found!
2026-05-06 11:46:16,547 - INFO - Screenshot 3 captured - Attempting validation...
2026-05-06 11:46:16,547 - INFO - 
================================================================================
2026-05-06 11:46:16,547 - INFO - STARTING COMPREHENSIVE POP-UP VALIDATION
2026-05-06 11:46:16,554 - INFO - ================================================================================
2026-05-06 11:46:16,578 - ERROR - VALIDATION FAILED: Pop-up element not found!
2026-05-06 11:46:16,718 - INFO - Logging DOM elements AFTER login click (pop-up should appear here)...
2026-05-06 11:46:16,718 - INFO - 
================================================================================
2026-05-06 11:46:16,718 - INFO - DOM SNAPSHOT AT STAGE: After_Login_Click
2026-05-06 11:46:16,718 - INFO - ================================================================================
2026-05-06 11:46:16,750 - INFO - 
Searching for pop-up elements in page content...
2026-05-06 11:46:17,114 - WARNING - ⚠ No known pop-up selectors found. Checking all visible divs...
2026-05-06 11:46:17,197 - INFO - Total DIV elements on page: 29
2026-05-06 11:46:17,447 - INFO -   Visible DIV 1: class='header-right' id='no-id' text='English
French
Spanish
Quantum Toll Authority
supe'
2026-05-06 11:46:17,569 - INFO -   Visible DIV 2: class='nav-user' id='no-id' text='Quantum Toll Authority
superadmin_qm@yopmail.com'
2026-05-06 11:46:17,744 - INFO -   Visible DIV 3: class='nav-user-info' id='no-id' text='Quantum Toll Authority
superadmin_qm@yopmail.com'
2026-05-06 11:46:17,886 - INFO -   Visible DIV 4: class='uname' id='no-id' text='Quantum Toll Authority'
2026-05-06 11:46:17,998 - INFO -   Visible DIV 5: class='urole' id='no-id' text='superadmin_qm@yopmail.com'
2026-05-06 11:46:18,113 - INFO -   Visible DIV 6: class='main-container' id='no-id' text='dashboard_2
group
decimal_increase
admin_panel_set'
2026-05-06 11:46:18,247 - INFO -   Visible DIV 7: class='inner' id='no-id' text='dashboard_2'
2026-05-06 11:46:18,345 - INFO -   Visible DIV 8: class='inner' id='no-id' text='group'
2026-05-06 11:46:18,509 - INFO -   Visible DIV 9: class='inner' id='no-id' text='decimal_increase'
2026-05-06 11:46:18,630 - INFO -   Visible DIV 10: class='inner' id='no-id' text='admin_panel_settings'
2026-05-06 11:46:18,765 - INFO -   Visible DIV 11: class='inner' id='no-id' text='nest_doorbell_visitor'
2026-05-06 11:46:18,910 - INFO -   Visible DIV 12: class='inner' id='no-id' text='key_visualizer'
2026-05-06 11:46:18,944 - INFO - 
================================================================================

2026-05-06 11:46:19,186 - INFO - Waiting for dashboard URL...
2026-05-06 11:46:19,186 - INFO - 
================================================================================
2026-05-06 11:46:19,186 - INFO - DOM SNAPSHOT AT STAGE: Before_Dashboard_Navigation
2026-05-06 11:46:19,186 - INFO - ================================================================================
2026-05-06 11:46:19,211 - INFO - 
Searching for pop-up elements in page content...
2026-05-06 11:46:19,418 - WARNING - ⚠ No known pop-up selectors found. Checking all visible divs...
2026-05-06 11:46:19,443 - INFO - Total DIV elements on page: 29
2026-05-06 11:46:19,574 - INFO -   Visible DIV 1: class='header-right' id='no-id' text='English
French
Spanish
Quantum Toll Authority
supe'
2026-05-06 11:46:19,641 - INFO -   Visible DIV 2: class='nav-user' id='no-id' text='Quantum Toll Authority
superadmin_qm@yopmail.com'
2026-05-06 11:46:19,755 - INFO -   Visible DIV 3: class='nav-user-info' id='no-id' text='Quantum Toll Authority
superadmin_qm@yopmail.com'
2026-05-06 11:46:19,854 - INFO -   Visible DIV 4: class='uname' id='no-id' text='Quantum Toll Authority'
2026-05-06 11:46:19,919 - INFO -   Visible DIV 5: class='urole' id='no-id' text='superadmin_qm@yopmail.com'
2026-05-06 11:46:19,992 - INFO -   Visible DIV 6: class='main-container' id='no-id' text='dashboard_2
group
decimal_increase
admin_panel_set'
2026-05-06 11:46:20,097 - INFO -   Visible DIV 7: class='inner' id='no-id' text='dashboard_2'
2026-05-06 11:46:20,191 - INFO -   Visible DIV 8: class='inner' id='no-id' text='group'
2026-05-06 11:46:20,297 - INFO -   Visible DIV 9: class='inner' id='no-id' text='decimal_increase'
2026-05-06 11:46:20,424 - INFO -   Visible DIV 10: class='inner' id='no-id' text='admin_panel_settings'
2026-05-06 11:46:20,550 - INFO -   Visible DIV 11: class='inner' id='no-id' text='nest_doorbell_visitor'
2026-05-06 11:46:20,657 - INFO -   Visible DIV 12: class='inner' id='no-id' text='key_visualizer'
2026-05-06 11:46:20,684 - INFO - 
================================================================================

2026-05-06 11:46:20,708 - INFO - Login SUCCESS: Dashboard URL reached.
2026-05-06 11:46:21,234 - INFO - 
================================================================================
2026-05-06 11:46:21,234 - INFO - DOM SNAPSHOT AT STAGE: After_Dashboard_Loaded
2026-05-06 11:46:21,234 - INFO - ================================================================================
2026-05-06 11:46:21,259 - INFO - 
Searching for pop-up elements in page content...
2026-05-06 11:46:21,491 - WARNING - ⚠ No known pop-up selectors found. Checking all visible divs...
2026-05-06 11:46:21,565 - INFO - Total DIV elements on page: 29
2026-05-06 11:46:21,799 - INFO -   Visible DIV 1: class='header-right' id='no-id' text='English
French
Spanish
Quantum Toll Authority
supe'
2026-05-06 11:46:21,927 - INFO -   Visible DIV 2: class='nav-user' id='no-id' text='Quantum Toll Authority
superadmin_qm@yopmail.com'
2026-05-06 11:46:22,104 - INFO -   Visible DIV 3: class='nav-user-info' id='no-id' text='Quantum Toll Authority
superadmin_qm@yopmail.com'
2026-05-06 11:46:22,242 - INFO -   Visible DIV 4: class='uname' id='no-id' text='Quantum Toll Authority'
2026-05-06 11:46:22,367 - INFO -   Visible DIV 5: class='urole' id='no-id' text='superadmin_qm@yopmail.com'
2026-05-06 11:46:22,494 - INFO -   Visible DIV 6: class='main-container' id='no-id' text='dashboard_2
group
decimal_increase
admin_panel_set'
2026-05-06 11:46:22,624 - INFO -   Visible DIV 7: class='inner' id='no-id' text='dashboard_2'
2026-05-06 11:46:22,775 - INFO -   Visible DIV 8: class='inner' id='no-id' text='group'
2026-05-06 11:46:22,991 - INFO -   Visible DIV 9: class='inner' id='no-id' text='decimal_increase'
2026-05-06 11:46:23,112 - INFO -   Visible DIV 10: class='inner' id='no-id' text='admin_panel_settings'
2026-05-06 11:46:23,233 - INFO -   Visible DIV 11: class='inner' id='no-id' text='nest_doorbell_visitor'
2026-05-06 11:46:23,339 - INFO -   Visible DIV 12: class='inner' id='no-id' text='key_visualizer'
2026-05-06 11:46:23,363 - INFO - 
================================================================================

2026-05-06 11:46:23,363 - INFO - Checking for dashboard header 'Welcome to QM Toll portal!'...
2026-05-06 11:46:23,420 - INFO - ✅ Dashboard header found with selector: h4:has-text("Welcome to QM Toll portal!")
2026-05-06 11:46:23,422 - INFO -    Header text: 'Welcome to QM Toll portal!'
2026-05-06 11:46:23,422 - INFO - ✅ DASHBOARD VALIDATION PASSED: 'Welcome to QM Toll portal!' header found
2026-05-06 11:46:23,941 - INFO - Step 1: Navigating and Starting Onboarding...
2026-05-06 11:46:23,941 - INFO - Executing Sidebar Navigation Sequence...
2026-05-06 11:46:26,905 - INFO - Filling Step 1: Account Details...
2026-05-06 11:46:30,900 - INFO - Filled First Name: Farhan
2026-05-06 11:46:32,089 - INFO - Filled Middle Name: QA Team
2026-05-06 11:46:33,332 - INFO - Filled Last Name: Andra
2026-05-06 11:46:34,534 - INFO - Checked: Use Same for Billing
2026-05-06 11:46:35,718 - INFO - Checked: Use Same for Shipping
2026-05-06 11:46:36,986 - INFO - Checked: Primary Address
2026-05-06 11:46:40,850 - INFO - Filled Address: 123 Automation Blvd
2026-05-06 11:46:42,074 - INFO - Filled Zip Code: 12345
2026-05-06 11:46:43,804 - INFO - Filled Phone: 9881150970
2026-05-06 11:46:45,029 - INFO - Filled Email: farhan.andra87@testmail.com
2026-05-06 11:46:46,191 - INFO - Filled Confirm Email: farhan.andra87@testmail.com
2026-05-06 11:46:46,191 - INFO - Clicking Save & Next...
2026-05-06 11:46:46,228 - INFO - Chatbot elements hidden via CSS injection.
2026-05-06 11:46:48,037 - INFO - Step 1 Submitted.
2026-05-06 11:46:48,040 - INFO - Adding 1 Vehicle(s)...
2026-05-06 11:46:48,469 - INFO - Step 2 loaded successfully.
2026-05-06 11:46:48,499 - INFO - Chatbot elements hidden via CSS injection.
2026-05-06 11:46:49,715 - INFO - Filled Plate 1: QA6645GP
2026-05-06 11:46:54,246 - INFO - Filled Plate Start Date: 2026-05-06
2026-05-06 11:47:05,569 - INFO - Clicking 'Add' button for Vehicle 1...
2026-05-06 11:47:05,600 - INFO - Chatbot elements hidden via CSS injection.
2026-05-06 11:47:08,862 - INFO - Vehicle 1 added successfully.
2026-05-06 11:47:10,399 - INFO - Highlighting and clicking 'Next' button...
2026-05-06 11:47:10,415 - INFO - Chatbot elements hidden via CSS injection.
2026-05-06 11:47:13,200 - INFO - Captured Permanent Account Number: 2000011520
2026-05-06 11:47:13,200 - INFO - Account 2000011520 saved to SharedData.
2026-05-06 11:47:13,209 - INFO - Starting Step 3: Payment Information...
2026-05-06 11:47:13,232 - INFO - Chatbot elements hidden via CSS injection.
2026-05-06 11:47:17,544 - INFO - Filled Cardholder Name: EPXLgUgqRBheNIjkvASZgLRKPqcogza
2026-05-06 11:47:19,133 - INFO - Filled Card Number: 5088952312592715
2026-05-06 11:47:20,666 - INFO - Filled Expiry Date: 05/28
2026-05-06 11:47:22,252 - INFO - Filled CVV: 589
2026-05-06 11:47:24,614 - INFO - Clicking 'Preview and Pay'...
2026-05-06 11:47:24,630 - INFO - Chatbot elements hidden via CSS injection.
2026-05-06 11:47:25,350 - INFO - Waiting for Payment Summary card...
2026-05-06 11:47:26,888 - INFO - Starting Final Confirmation Modal...
2026-05-06 11:47:28,134 - INFO - ✅ Account onboarding completed successfully.
2026-05-06 11:47:28,136 - INFO - Finalizing process: Clicking 'Account Summary' button...
2026-05-06 11:47:28,399 - INFO - Step 2: Creating case for account: 2000011520
2026-05-06 11:50:25,623 - INFO - Navigating to Login Page: http://operator-qa.qmaastech.com/
2026-05-06 11:50:28,398 - INFO - Attempting login for user: superadmin_qm@yopmail.com
2026-05-06 11:50:30,133 - INFO - Logging DOM elements BEFORE login click...
2026-05-06 11:50:30,133 - INFO - 
================================================================================
2026-05-06 11:50:30,133 - INFO - DOM SNAPSHOT AT STAGE: Before_Login
2026-05-06 11:50:30,133 - INFO - ================================================================================
2026-05-06 11:50:30,165 - INFO - 
Searching for pop-up elements in page content...
2026-05-06 11:50:30,446 - WARNING - ⚠ No known pop-up selectors found. Checking all visible divs...
2026-05-06 11:50:30,485 - INFO - Total DIV elements on page: 21
2026-05-06 11:50:31,221 - INFO -   Visible DIV 1: class='hero-pills' id='no-id' text='bolt
Real-time
smart_toy
AI-driven
hub
Multi-agenc'
2026-05-06 11:50:31,413 - INFO -   Visible DIV 2: class='auth-panel' id='no-id' text='Welcome Back

Sign in to your account to continue
'
2026-05-06 11:50:31,551 - INFO -   Visible DIV 3: class='auth-card' id='no-id' text='Welcome Back

Sign in to your account to continue
'
2026-05-06 11:50:31,668 - INFO -   Visible DIV 4: class='auth-step' id='no-id' text='Welcome Back

Sign in to your account to continue
'
2026-05-06 11:50:31,822 - INFO -   Visible DIV 5: class='field-wrap' id='no-id' text='Email ID / Username *
person'
2026-05-06 11:50:31,925 - INFO -   Visible DIV 6: class='input-shell' id='no-id' text='person'
2026-05-06 11:50:32,039 - INFO -   Visible DIV 7: class='field-wrap' id='no-id' text='Password *
lock
visibility_off'
2026-05-06 11:50:32,140 - INFO -   Visible DIV 8: class='input-shell' id='no-id' text='lock
visibility_off'
2026-05-06 11:50:32,243 - INFO -   Visible DIV 9: class='auth-bottom-links' id='no-id' text='New user?  Access Account

Forgot password?'
2026-05-06 11:50:32,311 - INFO - 
================================================================================

2026-05-06 11:50:32,892 - INFO - Login button clicked.
2026-05-06 11:50:32,896 - INFO - Taking rapid screenshots and validating pop-up...
2026-05-06 11:50:33,613 - INFO - Screenshot 1 captured - Attempting validation...
2026-05-06 11:50:33,613 - INFO - 
================================================================================
2026-05-06 11:50:33,613 - INFO - STARTING COMPREHENSIVE POP-UP VALIDATION
2026-05-06 11:50:33,613 - INFO - ================================================================================
2026-05-06 11:50:33,631 - INFO - 
[VALIDATION 1] Checking Pop-up Visibility...
2026-05-06 11:50:33,664 - INFO -   Visibility Status: True
2026-05-06 11:50:33,664 - INFO -   PASSED: Pop-up is visible
2026-05-06 11:50:33,664 - INFO - 
[VALIDATION 2] Extracting and Validating Text Content...
2026-05-06 11:50:33,697 - INFO -   Extracted Text: 'Login Successful'
2026-05-06 11:50:33,697 - INFO -   PASSED: Text matches exactly: 'Login Successful'
2026-05-06 11:50:33,697 - INFO - 
[VALIDATION 3] Checking for Typos...
2026-05-06 11:50:33,697 - INFO -   PASSED: No known typos detected
2026-05-06 11:50:33,697 - INFO - 
[VALIDATION 4] Extracting CSS Classes and Attributes...
2026-05-06 11:50:33,725 - INFO -   CSS Classes: snackbar success-snackbar
2026-05-06 11:50:33,725 - INFO -   PASSED: 'success' class is present
2026-05-06 11:50:33,725 - INFO - 
[VALIDATION 5] Checking Element Properties...
2026-05-06 11:50:33,794 - INFO -   ID: Not set
2026-05-06 11:50:33,794 - INFO -   Data-TestID: Not set
2026-05-06 11:50:33,794 - INFO -   Role: Not set
2026-05-06 11:50:33,797 - INFO -   ARIA Label: Not set
2026-05-06 11:50:33,797 - INFO - 
[VALIDATION 6] Checking Position and Size...
2026-05-06 11:50:33,817 - INFO -   X: 1230, Y: 20
2026-05-06 11:50:33,817 - INFO -   Width: 250, Height: 43.5
2026-05-06 11:50:33,817 - INFO -   PASSED: Element has valid dimensions
2026-05-06 11:50:33,822 - INFO - 
[VALIDATION 7] Checking Computed Styles...
2026-05-06 11:50:33,961 - ERROR - Validation error: TypeError: Failed to execute 'getComputedStyle' on 'Window': parameter 1 is not of type 'Element'.
    at eval (eval at evaluate (:226:30), <anonymous>:1:8)
    at eval (<anonymous>)
    at UtilityScript.evaluate (<anonymous>:226:30)
    at UtilityScript.<anonymous> (<anonymous>:1:44)
2026-05-06 11:50:33,961 - WARNING -   WARNING: Could not check computed styles - element may have disappeared
2026-05-06 11:50:33,963 - INFO - 
================================================================================
2026-05-06 11:50:33,963 - INFO - POP-UP VALIDATION SUMMARY
2026-05-06 11:50:33,963 - INFO - ================================================================================
2026-05-06 11:50:33,963 - INFO -   Visibility: PASSED
2026-05-06 11:50:33,965 - INFO -   Text Match: PASSED
2026-05-06 11:50:33,965 - INFO -   Typo Check: PASSED
2026-05-06 11:50:33,965 - INFO -   CSS Classes: Present
2026-05-06 11:50:33,966 - INFO -   Position & Size: Valid
2026-05-06 11:50:33,966 - INFO -   Computed Styles: Valid
2026-05-06 11:50:33,966 - INFO - ================================================================================

2026-05-06 11:50:33,966 - INFO - ✓ ALL VALIDATIONS PASSED - Pop-up is working correctly!
2026-05-06 11:50:35,631 - INFO - Screenshot 2 captured - Attempting validation...
2026-05-06 11:50:35,631 - INFO - 
================================================================================
2026-05-06 11:50:35,631 - INFO - STARTING COMPREHENSIVE POP-UP VALIDATION
2026-05-06 11:50:35,631 - INFO - ================================================================================
2026-05-06 11:50:35,665 - ERROR - VALIDATION FAILED: Pop-up element not found!
2026-05-06 11:50:36,028 - INFO - Screenshot 3 captured - Attempting validation...
2026-05-06 11:50:36,029 - INFO - 
================================================================================
2026-05-06 11:50:36,029 - INFO - STARTING COMPREHENSIVE POP-UP VALIDATION
2026-05-06 11:50:36,029 - INFO - ================================================================================
2026-05-06 11:50:36,069 - ERROR - VALIDATION FAILED: Pop-up element not found!
2026-05-06 11:50:36,209 - INFO - Logging DOM elements AFTER login click (pop-up should appear here)...
2026-05-06 11:50:36,209 - INFO - 
================================================================================
2026-05-06 11:50:36,211 - INFO - DOM SNAPSHOT AT STAGE: After_Login_Click
2026-05-06 11:50:36,211 - INFO - ================================================================================
2026-05-06 11:50:36,251 - INFO - 
Searching for pop-up elements in page content...
2026-05-06 11:50:36,677 - WARNING - ⚠ No known pop-up selectors found. Checking all visible divs...
2026-05-06 11:50:36,748 - INFO - Total DIV elements on page: 29
2026-05-06 11:50:37,018 - INFO -   Visible DIV 1: class='header-right' id='no-id' text='English
French
Spanish
Quantum Toll Authority
supe'
2026-05-06 11:50:37,136 - INFO -   Visible DIV 2: class='nav-user' id='no-id' text='Quantum Toll Authority
superadmin_qm@yopmail.com'
2026-05-06 11:50:37,301 - INFO -   Visible DIV 3: class='nav-user-info' id='no-id' text='Quantum Toll Authority
superadmin_qm@yopmail.com'
2026-05-06 11:50:37,408 - INFO -   Visible DIV 4: class='uname' id='no-id' text='Quantum Toll Authority'
2026-05-06 11:50:37,536 - INFO -   Visible DIV 5: class='urole' id='no-id' text='superadmin_qm@yopmail.com'
2026-05-06 11:50:37,652 - INFO -   Visible DIV 6: class='main-container' id='no-id' text='dashboard_2
group
decimal_increase
admin_panel_set'
2026-05-06 11:50:37,734 - INFO -   Visible DIV 7: class='inner' id='no-id' text='dashboard_2'
2026-05-06 11:50:37,831 - INFO -   Visible DIV 8: class='inner' id='no-id' text='group'
2026-05-06 11:50:37,962 - INFO -   Visible DIV 9: class='inner' id='no-id' text='decimal_increase'
2026-05-06 11:50:38,095 - INFO -   Visible DIV 10: class='inner' id='no-id' text='admin_panel_settings'
2026-05-06 11:50:38,223 - INFO -   Visible DIV 11: class='inner' id='no-id' text='nest_doorbell_visitor'
2026-05-06 11:50:38,332 - INFO -   Visible DIV 12: class='inner' id='no-id' text='key_visualizer'
2026-05-06 11:50:38,346 - INFO - 
================================================================================

2026-05-06 11:50:38,501 - INFO - Waiting for dashboard URL...
2026-05-06 11:50:38,503 - INFO - 
================================================================================
2026-05-06 11:50:38,503 - INFO - DOM SNAPSHOT AT STAGE: Before_Dashboard_Navigation
2026-05-06 11:50:38,503 - INFO - ================================================================================
2026-05-06 11:50:38,538 - INFO - 
Searching for pop-up elements in page content...
2026-05-06 11:50:38,732 - WARNING - ⚠ No known pop-up selectors found. Checking all visible divs...
2026-05-06 11:50:38,778 - INFO - Total DIV elements on page: 29
2026-05-06 11:50:38,929 - INFO -   Visible DIV 1: class='header-right' id='no-id' text='English
French
Spanish
Quantum Toll Authority
supe'
2026-05-06 11:50:38,995 - INFO -   Visible DIV 2: class='nav-user' id='no-id' text='Quantum Toll Authority
superadmin_qm@yopmail.com'
2026-05-06 11:50:39,087 - INFO -   Visible DIV 3: class='nav-user-info' id='no-id' text='Quantum Toll Authority
superadmin_qm@yopmail.com'
2026-05-06 11:50:39,164 - INFO -   Visible DIV 4: class='uname' id='no-id' text='Quantum Toll Authority'
2026-05-06 11:50:39,247 - INFO -   Visible DIV 5: class='urole' id='no-id' text='superadmin_qm@yopmail.com'
2026-05-06 11:50:39,338 - INFO -   Visible DIV 6: class='main-container' id='no-id' text='dashboard_2
group
decimal_increase
admin_panel_set'
2026-05-06 11:50:39,445 - INFO -   Visible DIV 7: class='inner' id='no-id' text='dashboard_2'
2026-05-06 11:50:39,529 - INFO -   Visible DIV 8: class='inner' id='no-id' text='group'
2026-05-06 11:50:39,647 - INFO -   Visible DIV 9: class='inner' id='no-id' text='decimal_increase'
2026-05-06 11:50:39,743 - INFO -   Visible DIV 10: class='inner' id='no-id' text='admin_panel_settings'
2026-05-06 11:50:39,829 - INFO -   Visible DIV 11: class='inner' id='no-id' text='nest_doorbell_visitor'
2026-05-06 11:50:39,909 - INFO -   Visible DIV 12: class='inner' id='no-id' text='key_visualizer'
2026-05-06 11:50:39,913 - INFO - 
================================================================================

2026-05-06 11:50:39,934 - INFO - Login SUCCESS: Dashboard URL reached.
2026-05-06 11:50:40,457 - INFO - 
================================================================================
2026-05-06 11:50:40,458 - INFO - DOM SNAPSHOT AT STAGE: After_Dashboard_Loaded
2026-05-06 11:50:40,458 - INFO - ================================================================================
2026-05-06 11:50:40,485 - INFO - 
Searching for pop-up elements in page content...
2026-05-06 11:50:40,841 - WARNING - ⚠ No known pop-up selectors found. Checking all visible divs...
2026-05-06 11:50:40,962 - INFO - Total DIV elements on page: 29
2026-05-06 11:50:41,272 - INFO -   Visible DIV 1: class='header-right' id='no-id' text='English
French
Spanish
Quantum Toll Authority
supe'
2026-05-06 11:50:41,404 - INFO -   Visible DIV 2: class='nav-user' id='no-id' text='Quantum Toll Authority
superadmin_qm@yopmail.com'
2026-05-06 11:50:41,609 - INFO -   Visible DIV 3: class='nav-user-info' id='no-id' text='Quantum Toll Authority
superadmin_qm@yopmail.com'
2026-05-06 11:50:41,738 - INFO -   Visible DIV 4: class='uname' id='no-id' text='Quantum Toll Authority'
2026-05-06 11:50:41,849 - INFO -   Visible DIV 5: class='urole' id='no-id' text='superadmin_qm@yopmail.com'
2026-05-06 11:50:41,990 - INFO -   Visible DIV 6: class='main-container' id='no-id' text='dashboard_2
group
decimal_increase
admin_panel_set'
2026-05-06 11:50:42,150 - INFO -   Visible DIV 7: class='inner' id='no-id' text='dashboard_2'
2026-05-06 11:50:42,273 - INFO -   Visible DIV 8: class='inner' id='no-id' text='group'
2026-05-06 11:50:42,467 - INFO -   Visible DIV 9: class='inner' id='no-id' text='decimal_increase'
2026-05-06 11:50:42,637 - INFO -   Visible DIV 10: class='inner' id='no-id' text='admin_panel_settings'
2026-05-06 11:50:42,831 - INFO -   Visible DIV 11: class='inner' id='no-id' text='nest_doorbell_visitor'
2026-05-06 11:50:42,968 - INFO -   Visible DIV 12: class='inner' id='no-id' text='key_visualizer'
2026-05-06 11:50:42,986 - INFO - 
================================================================================

2026-05-06 11:50:42,986 - INFO - Checking for dashboard header 'Welcome to QM Toll portal!'...
2026-05-06 11:50:43,058 - INFO - ✅ Dashboard header found with selector: h4:has-text("Welcome to QM Toll portal!")
2026-05-06 11:50:43,058 - INFO -    Header text: 'Welcome to QM Toll portal!'
2026-05-06 11:50:43,058 - INFO - ✅ DASHBOARD VALIDATION PASSED: 'Welcome to QM Toll portal!' header found
2026-05-06 11:50:43,781 - INFO - Step 1: Navigating and Starting Onboarding...
2026-05-06 11:50:43,781 - INFO - Executing Sidebar Navigation Sequence...
2026-05-06 11:50:46,711 - INFO - Filling Step 1: Account Details...
2026-05-06 11:50:50,557 - INFO - Filled First Name: Riya
2026-05-06 11:50:51,789 - INFO - Filled Middle Name: QA Team
2026-05-06 11:50:53,074 - INFO - Filled Last Name: Badami
2026-05-06 11:50:54,313 - INFO - Checked: Use Same for Billing
2026-05-06 11:50:55,535 - INFO - Checked: Use Same for Shipping
2026-05-06 11:50:56,747 - INFO - Checked: Primary Address
2026-05-06 11:51:00,659 - INFO - Filled Address: 123 Automation Blvd
2026-05-06 11:51:01,915 - INFO - Filled Zip Code: 12345
2026-05-06 11:51:03,690 - INFO - Filled Phone: 7609701466
2026-05-06 11:51:04,905 - INFO - Filled Email: riya.badami38@testmail.com
2026-05-06 11:51:06,109 - INFO - Filled Confirm Email: riya.badami38@testmail.com
2026-05-06 11:51:06,125 - INFO - Clicking Save & Next...
2026-05-06 11:51:06,145 - INFO - Chatbot elements hidden via CSS injection.
2026-05-06 11:51:07,932 - INFO - Step 1 Submitted.
2026-05-06 11:51:07,932 - INFO - Adding 1 Vehicle(s)...
2026-05-06 11:51:08,373 - INFO - Step 2 loaded successfully.
2026-05-06 11:51:08,400 - INFO - Chatbot elements hidden via CSS injection.
2026-05-06 11:51:09,614 - INFO - Filled Plate 1: QA6972GP
2026-05-06 11:51:14,024 - INFO - Filled Plate Start Date: 2026-05-06
2026-05-06 11:51:25,312 - INFO - Clicking 'Add' button for Vehicle 1...
2026-05-06 11:51:25,330 - INFO - Chatbot elements hidden via CSS injection.
2026-05-06 11:51:28,559 - INFO - Vehicle 1 added successfully.
2026-05-06 11:51:30,074 - INFO - Highlighting and clicking 'Next' button...
2026-05-06 11:51:30,106 - INFO - Chatbot elements hidden via CSS injection.
2026-05-06 11:51:32,878 - INFO - Captured Permanent Account Number: 2000011521
2026-05-06 11:51:32,878 - INFO - Account 2000011521 saved to SharedData.
2026-05-06 11:51:32,878 - INFO - Starting Step 3: Payment Information...
2026-05-06 11:51:32,894 - INFO - Chatbot elements hidden via CSS injection.
2026-05-06 11:51:37,251 - INFO - Filled Cardholder Name: dSMIZyTFCDQbJSq
2026-05-06 11:51:38,833 - INFO - Filled Card Number: 7922062768919099
2026-05-06 11:51:40,484 - INFO - Filled Expiry Date: 05/28
2026-05-06 11:51:42,076 - INFO - Filled CVV: 704
2026-05-06 11:51:44,457 - INFO - Clicking 'Preview and Pay'...
2026-05-06 11:51:44,473 - INFO - Chatbot elements hidden via CSS injection.
2026-05-06 11:51:45,173 - INFO - Waiting for Payment Summary card...
2026-05-06 11:51:46,674 - INFO - Starting Final Confirmation Modal...
2026-05-06 11:51:47,980 - INFO - ✅ Account onboarding completed successfully.
2026-05-06 11:51:47,985 - INFO - Finalizing process: Clicking 'Account Summary' button...
2026-05-06 11:51:48,224 - INFO - Step 2: Creating case for account: 2000011521
2026-05-06 12:00:04,614 - INFO - Navigating to Login Page: http://operator-qa.qmaastech.com/
2026-05-06 12:00:07,634 - INFO - Attempting login for user: superadmin_qm@yopmail.com
2026-05-06 12:00:09,478 - INFO - Logging DOM elements BEFORE login click...
2026-05-06 12:00:09,480 - INFO - 
================================================================================
2026-05-06 12:00:09,480 - INFO - DOM SNAPSHOT AT STAGE: Before_Login
2026-05-06 12:00:09,480 - INFO - ================================================================================
2026-05-06 12:00:09,545 - INFO - 
Searching for pop-up elements in page content...
2026-05-06 12:00:09,878 - WARNING - ⚠ No known pop-up selectors found. Checking all visible divs...
2026-05-06 12:00:09,930 - INFO - Total DIV elements on page: 21
2026-05-06 12:00:10,487 - INFO -   Visible DIV 1: class='hero-pills' id='no-id' text='bolt
Real-time
smart_toy
AI-driven
hub
Multi-agenc'
2026-05-06 12:00:10,682 - INFO -   Visible DIV 2: class='auth-panel' id='no-id' text='Welcome Back

Sign in to your account to continue
'
2026-05-06 12:00:10,866 - INFO -   Visible DIV 3: class='auth-card' id='no-id' text='Welcome Back

Sign in to your account to continue
'
2026-05-06 12:00:11,044 - INFO -   Visible DIV 4: class='auth-step' id='no-id' text='Welcome Back

Sign in to your account to continue
'
2026-05-06 12:00:11,200 - INFO -   Visible DIV 5: class='field-wrap' id='no-id' text='Email ID / Username *
person'
2026-05-06 12:00:11,326 - INFO -   Visible DIV 6: class='input-shell' id='no-id' text='person'
2026-05-06 12:00:11,429 - INFO -   Visible DIV 7: class='field-wrap' id='no-id' text='Password *
lock
visibility_off'
2026-05-06 12:00:11,528 - INFO -   Visible DIV 8: class='input-shell' id='no-id' text='lock
visibility_off'
2026-05-06 12:00:11,626 - INFO -   Visible DIV 9: class='auth-bottom-links' id='no-id' text='New user?  Access Account

Forgot password?'
2026-05-06 12:00:11,677 - INFO - 
================================================================================

2026-05-06 12:00:12,271 - INFO - Login button clicked.
2026-05-06 12:00:12,271 - INFO - Taking rapid screenshots and validating pop-up...
2026-05-06 12:00:13,049 - INFO - Screenshot 1 captured - Attempting validation...
2026-05-06 12:00:13,049 - INFO - 
================================================================================
2026-05-06 12:00:13,049 - INFO - STARTING COMPREHENSIVE POP-UP VALIDATION
2026-05-06 12:00:13,049 - INFO - ================================================================================
2026-05-06 12:00:13,094 - INFO - 
[VALIDATION 1] Checking Pop-up Visibility...
2026-05-06 12:00:13,126 - INFO -   Visibility Status: True
2026-05-06 12:00:13,129 - INFO -   PASSED: Pop-up is visible
2026-05-06 12:00:13,129 - INFO - 
[VALIDATION 2] Extracting and Validating Text Content...
2026-05-06 12:00:13,166 - INFO -   Extracted Text: 'Login Successful'
2026-05-06 12:00:13,168 - INFO -   PASSED: Text matches exactly: 'Login Successful'
2026-05-06 12:00:13,168 - INFO - 
[VALIDATION 3] Checking for Typos...
2026-05-06 12:00:13,168 - INFO -   PASSED: No known typos detected
2026-05-06 12:00:13,168 - INFO - 
[VALIDATION 4] Extracting CSS Classes and Attributes...
2026-05-06 12:00:13,196 - INFO -   CSS Classes: snackbar success-snackbar
2026-05-06 12:00:13,196 - INFO -   PASSED: 'success' class is present
2026-05-06 12:00:13,206 - INFO - 
[VALIDATION 5] Checking Element Properties...
2026-05-06 12:00:13,318 - INFO -   ID: Not set
2026-05-06 12:00:13,318 - INFO -   Data-TestID: Not set
2026-05-06 12:00:13,318 - INFO -   Role: Not set
2026-05-06 12:00:13,318 - INFO -   ARIA Label: Not set
2026-05-06 12:00:13,318 - INFO - 
[VALIDATION 6] Checking Position and Size...
2026-05-06 12:00:13,342 - INFO -   X: 1230, Y: 20
2026-05-06 12:00:13,342 - INFO -   Width: 250, Height: 43.5
2026-05-06 12:00:13,344 - INFO -   PASSED: Element has valid dimensions
2026-05-06 12:00:13,344 - INFO - 
[VALIDATION 7] Checking Computed Styles...
2026-05-06 12:00:13,488 - ERROR - Validation error: TypeError: Failed to execute 'getComputedStyle' on 'Window': parameter 1 is not of type 'Element'.
    at eval (eval at evaluate (:226:30), <anonymous>:1:8)
    at eval (<anonymous>)
    at UtilityScript.evaluate (<anonymous>:226:30)
    at UtilityScript.<anonymous> (<anonymous>:1:44)
2026-05-06 12:00:13,488 - WARNING -   WARNING: Could not check computed styles - element may have disappeared
2026-05-06 12:00:13,488 - INFO - 
================================================================================
2026-05-06 12:00:13,488 - INFO - POP-UP VALIDATION SUMMARY
2026-05-06 12:00:13,488 - INFO - ================================================================================
2026-05-06 12:00:13,488 - INFO -   Visibility: PASSED
2026-05-06 12:00:13,488 - INFO -   Text Match: PASSED
2026-05-06 12:00:13,492 - INFO -   Typo Check: PASSED
2026-05-06 12:00:13,492 - INFO -   CSS Classes: Present
2026-05-06 12:00:13,492 - INFO -   Position & Size: Valid
2026-05-06 12:00:13,492 - INFO -   Computed Styles: Valid
2026-05-06 12:00:13,492 - INFO - ================================================================================

2026-05-06 12:00:13,495 - INFO - ✓ ALL VALIDATIONS PASSED - Pop-up is working correctly!
2026-05-06 12:00:15,155 - INFO - Screenshot 2 captured - Attempting validation...
2026-05-06 12:00:15,155 - INFO - 
================================================================================
2026-05-06 12:00:15,157 - INFO - STARTING COMPREHENSIVE POP-UP VALIDATION
2026-05-06 12:00:15,157 - INFO - ================================================================================
2026-05-06 12:00:15,185 - ERROR - VALIDATION FAILED: Pop-up element not found!
2026-05-06 12:00:15,614 - INFO - Screenshot 3 captured - Attempting validation...
2026-05-06 12:00:15,614 - INFO - 
================================================================================
2026-05-06 12:00:15,614 - INFO - STARTING COMPREHENSIVE POP-UP VALIDATION
2026-05-06 12:00:15,614 - INFO - ================================================================================
2026-05-06 12:00:15,657 - ERROR - VALIDATION FAILED: Pop-up element not found!
2026-05-06 12:00:15,792 - INFO - Logging DOM elements AFTER login click (pop-up should appear here)...
2026-05-06 12:00:15,792 - INFO - 
================================================================================
2026-05-06 12:00:15,795 - INFO - DOM SNAPSHOT AT STAGE: After_Login_Click
2026-05-06 12:00:15,795 - INFO - ================================================================================
2026-05-06 12:00:15,835 - INFO - 
Searching for pop-up elements in page content...
2026-05-06 12:00:16,275 - WARNING - ⚠ No known pop-up selectors found. Checking all visible divs...
2026-05-06 12:00:16,362 - INFO - Total DIV elements on page: 29
2026-05-06 12:00:16,600 - INFO -   Visible DIV 1: class='header-right' id='no-id' text='English
French
Spanish
Quantum Toll Authority
supe'
2026-05-06 12:00:16,720 - INFO -   Visible DIV 2: class='nav-user' id='no-id' text='Quantum Toll Authority
superadmin_qm@yopmail.com'
2026-05-06 12:00:16,925 - INFO -   Visible DIV 3: class='nav-user-info' id='no-id' text='Quantum Toll Authority
superadmin_qm@yopmail.com'
2026-05-06 12:00:17,032 - INFO -   Visible DIV 4: class='uname' id='no-id' text='Quantum Toll Authority'
2026-05-06 12:00:17,166 - INFO -   Visible DIV 5: class='urole' id='no-id' text='superadmin_qm@yopmail.com'
2026-05-06 12:00:17,316 - INFO -   Visible DIV 6: class='main-container' id='no-id' text='dashboard_2
group
decimal_increase
admin_panel_set'
2026-05-06 12:00:17,427 - INFO -   Visible DIV 7: class='inner' id='no-id' text='dashboard_2'
2026-05-06 12:00:17,542 - INFO -   Visible DIV 8: class='inner' id='no-id' text='group'
2026-05-06 12:00:17,725 - INFO -   Visible DIV 9: class='inner' id='no-id' text='decimal_increase'
2026-05-06 12:00:17,875 - INFO -   Visible DIV 10: class='inner' id='no-id' text='admin_panel_settings'
2026-05-06 12:00:18,045 - INFO -   Visible DIV 11: class='inner' id='no-id' text='nest_doorbell_visitor'
2026-05-06 12:00:18,153 - INFO -   Visible DIV 12: class='inner' id='no-id' text='key_visualizer'
2026-05-06 12:00:18,178 - INFO - 
================================================================================

2026-05-06 12:00:18,337 - INFO - Waiting for dashboard URL...
2026-05-06 12:00:18,338 - INFO - 
================================================================================
2026-05-06 12:00:18,338 - INFO - DOM SNAPSHOT AT STAGE: Before_Dashboard_Navigation
2026-05-06 12:00:18,339 - INFO - ================================================================================
2026-05-06 12:00:18,366 - INFO - 
Searching for pop-up elements in page content...
2026-05-06 12:00:18,658 - WARNING - ⚠ No known pop-up selectors found. Checking all visible divs...
2026-05-06 12:00:18,745 - INFO - Total DIV elements on page: 29
2026-05-06 12:00:18,994 - INFO -   Visible DIV 1: class='header-right' id='no-id' text='English
French
Spanish
Quantum Toll Authority
supe'
2026-05-06 12:00:19,061 - INFO -   Visible DIV 2: class='nav-user' id='no-id' text='Quantum Toll Authority
superadmin_qm@yopmail.com'
2026-05-06 12:00:19,211 - INFO -   Visible DIV 3: class='nav-user-info' id='no-id' text='Quantum Toll Authority
superadmin_qm@yopmail.com'
2026-05-06 12:00:19,323 - INFO -   Visible DIV 4: class='uname' id='no-id' text='Quantum Toll Authority'
2026-05-06 12:00:19,425 - INFO -   Visible DIV 5: class='urole' id='no-id' text='superadmin_qm@yopmail.com'
2026-05-06 12:00:19,560 - INFO -   Visible DIV 6: class='main-container' id='no-id' text='dashboard_2
group
decimal_increase
admin_panel_set'
2026-05-06 12:00:19,708 - INFO -   Visible DIV 7: class='inner' id='no-id' text='dashboard_2'
2026-05-06 12:00:19,870 - INFO -   Visible DIV 8: class='inner' id='no-id' text='group'
2026-05-06 12:00:20,064 - INFO -   Visible DIV 9: class='inner' id='no-id' text='decimal_increase'
2026-05-06 12:00:20,376 - INFO -   Visible DIV 10: class='inner' id='no-id' text='admin_panel_settings'
2026-05-06 12:00:20,538 - INFO -   Visible DIV 11: class='inner' id='no-id' text='nest_doorbell_visitor'
2026-05-06 12:00:20,754 - INFO -   Visible DIV 12: class='inner' id='no-id' text='key_visualizer'
2026-05-06 12:00:20,793 - INFO - 
================================================================================

2026-05-06 12:00:20,854 - INFO - Login SUCCESS: Dashboard URL reached.
2026-05-06 12:00:21,399 - INFO - 
================================================================================
2026-05-06 12:00:21,399 - INFO - DOM SNAPSHOT AT STAGE: After_Dashboard_Loaded
2026-05-06 12:00:21,399 - INFO - ================================================================================
2026-05-06 12:00:21,441 - INFO - 
Searching for pop-up elements in page content...
2026-05-06 12:00:21,834 - WARNING - ⚠ No known pop-up selectors found. Checking all visible divs...
2026-05-06 12:00:21,898 - INFO - Total DIV elements on page: 29
2026-05-06 12:00:22,100 - INFO -   Visible DIV 1: class='header-right' id='no-id' text='English
French
Spanish
Quantum Toll Authority
supe'
2026-05-06 12:00:22,211 - INFO -   Visible DIV 2: class='nav-user' id='no-id' text='Quantum Toll Authority
superadmin_qm@yopmail.com'
2026-05-06 12:00:22,322 - INFO -   Visible DIV 3: class='nav-user-info' id='no-id' text='Quantum Toll Authority
superadmin_qm@yopmail.com'
2026-05-06 12:00:22,434 - INFO -   Visible DIV 4: class='uname' id='no-id' text='Quantum Toll Authority'
2026-05-06 12:00:22,564 - INFO -   Visible DIV 5: class='urole' id='no-id' text='superadmin_qm@yopmail.com'
2026-05-06 12:00:22,677 - INFO -   Visible DIV 6: class='main-container' id='no-id' text='dashboard_2
group
decimal_increase
admin_panel_set'
2026-05-06 12:00:22,815 - INFO -   Visible DIV 7: class='inner' id='no-id' text='dashboard_2'
2026-05-06 12:00:22,943 - INFO -   Visible DIV 8: class='inner' id='no-id' text='group'
2026-05-06 12:00:23,154 - INFO -   Visible DIV 9: class='inner' id='no-id' text='decimal_increase'
2026-05-06 12:00:23,313 - INFO -   Visible DIV 10: class='inner' id='no-id' text='admin_panel_settings'
2026-05-06 12:00:23,450 - INFO -   Visible DIV 11: class='inner' id='no-id' text='nest_doorbell_visitor'
2026-05-06 12:00:23,591 - INFO -   Visible DIV 12: class='inner' id='no-id' text='key_visualizer'
2026-05-06 12:00:23,627 - INFO - 
================================================================================

2026-05-06 12:00:23,627 - INFO - Checking for dashboard header 'Welcome to QM Toll portal!'...
2026-05-06 12:00:23,703 - INFO - ✅ Dashboard header found with selector: h4:has-text("Welcome to QM Toll portal!")
2026-05-06 12:00:23,718 - INFO -    Header text: 'Welcome to QM Toll portal!'
2026-05-06 12:00:23,718 - INFO - ✅ DASHBOARD VALIDATION PASSED: 'Welcome to QM Toll portal!' header found
2026-05-06 12:00:24,276 - INFO - Step 1: Navigating and Starting Onboarding...
2026-05-06 12:00:24,278 - INFO - Executing Sidebar Navigation Sequence...
2026-05-06 12:00:27,306 - INFO - Filling Step 1: Account Details...
2026-05-06 12:00:31,314 - INFO - Filled First Name: Vihaan
2026-05-06 12:00:32,599 - INFO - Filled Middle Name: QA Team
2026-05-06 12:00:33,872 - INFO - Filled Last Name: Reddy
2026-05-06 12:00:35,198 - INFO - Checked: Use Same for Billing
2026-05-06 12:00:36,445 - INFO - Checked: Use Same for Shipping
2026-05-06 12:00:37,686 - INFO - Checked: Primary Address
2026-05-06 12:00:41,583 - INFO - Filled Address: 123 Automation Blvd
2026-05-06 12:00:42,766 - INFO - Filled Zip Code: 12345
2026-05-06 12:00:44,513 - INFO - Filled Phone: 8043098047
2026-05-06 12:00:45,774 - INFO - Filled Email: vihaan.reddy49@testmail.com
2026-05-06 12:00:46,989 - INFO - Filled Confirm Email: vihaan.reddy49@testmail.com
2026-05-06 12:00:46,989 - INFO - Clicking Save & Next...
2026-05-06 12:00:47,016 - INFO - Chatbot elements hidden via CSS injection.
2026-05-06 12:00:48,821 - INFO - Step 1 Submitted.
2026-05-06 12:00:48,822 - INFO - Adding 1 Vehicle(s)...
2026-05-06 12:00:49,167 - INFO - Step 2 loaded successfully.
2026-05-06 12:00:49,271 - INFO - Chatbot elements hidden via CSS injection.
2026-05-06 12:00:50,592 - INFO - Filled Plate 1: QA5093GP
2026-05-06 12:00:55,184 - INFO - Filled Plate Start Date: 2026-05-06
2026-05-06 12:01:06,858 - INFO - Clicking 'Add' button for Vehicle 1...
2026-05-06 12:01:06,898 - INFO - Chatbot elements hidden via CSS injection.
2026-05-06 12:01:10,228 - INFO - Vehicle 1 added successfully.
2026-05-06 12:01:11,753 - INFO - Highlighting and clicking 'Next' button...
2026-05-06 12:01:11,785 - INFO - Chatbot elements hidden via CSS injection.
2026-05-06 12:01:15,102 - INFO - Captured Permanent Account Number: 2000011522
2026-05-06 12:01:15,102 - INFO - Account 2000011522 saved to SharedData.
2026-05-06 12:01:15,102 - INFO - Starting Step 3: Payment Information...
2026-05-06 12:01:15,134 - INFO - Chatbot elements hidden via CSS injection.
2026-05-06 12:01:19,577 - INFO - Filled Cardholder Name: UXyIaQSHAlFdvOVhg
2026-05-06 12:01:21,243 - INFO - Filled Card Number: 6308866741149497
2026-05-06 12:01:22,892 - INFO - Filled Expiry Date: 05/28
2026-05-06 12:01:24,552 - INFO - Filled CVV: 820
2026-05-06 12:01:27,025 - INFO - Clicking 'Preview and Pay'...
2026-05-06 12:01:27,055 - INFO - Chatbot elements hidden via CSS injection.
2026-05-06 12:01:27,764 - INFO - Waiting for Payment Summary card...
2026-05-06 12:01:29,355 - INFO - Starting Final Confirmation Modal...
2026-05-06 12:01:30,735 - INFO - ✅ Account onboarding completed successfully.
2026-05-06 12:01:30,744 - INFO - Finalizing process: Clicking 'Account Summary' button...
2026-05-06 12:01:31,119 - INFO - Step 2: Creating case for account: 2000011522
2026-05-06 12:05:39,330 - INFO - Navigating to Login Page: http://operator-qa.qmaastech.com/
2026-05-06 12:05:42,192 - INFO - Attempting login for user: superadmin_qm@yopmail.com
2026-05-06 12:05:43,933 - INFO - Logging DOM elements BEFORE login click...
2026-05-06 12:05:43,933 - INFO - 
================================================================================
2026-05-06 12:05:43,933 - INFO - DOM SNAPSHOT AT STAGE: Before_Login
2026-05-06 12:05:43,933 - INFO - ================================================================================
2026-05-06 12:05:43,980 - INFO - 
Searching for pop-up elements in page content...
2026-05-06 12:05:44,323 - WARNING - ⚠ No known pop-up selectors found. Checking all visible divs...
2026-05-06 12:05:44,389 - INFO - Total DIV elements on page: 21
2026-05-06 12:05:45,096 - INFO -   Visible DIV 1: class='hero-pills' id='no-id' text='bolt
Real-time
smart_toy
AI-driven
hub
Multi-agenc'
2026-05-06 12:05:45,284 - INFO -   Visible DIV 2: class='auth-panel' id='no-id' text='Welcome Back

Sign in to your account to continue
'
2026-05-06 12:05:45,437 - INFO -   Visible DIV 3: class='auth-card' id='no-id' text='Welcome Back

Sign in to your account to continue
'
2026-05-06 12:05:45,549 - INFO -   Visible DIV 4: class='auth-step' id='no-id' text='Welcome Back

Sign in to your account to continue
'
2026-05-06 12:05:45,674 - INFO -   Visible DIV 5: class='field-wrap' id='no-id' text='Email ID / Username *
person'
2026-05-06 12:05:45,754 - INFO -   Visible DIV 6: class='input-shell' id='no-id' text='person'
2026-05-06 12:05:45,865 - INFO -   Visible DIV 7: class='field-wrap' id='no-id' text='Password *
lock
visibility_off'
2026-05-06 12:05:45,977 - INFO -   Visible DIV 8: class='input-shell' id='no-id' text='lock
visibility_off'
2026-05-06 12:05:46,099 - INFO -   Visible DIV 9: class='auth-bottom-links' id='no-id' text='New user?  Access Account

Forgot password?'
2026-05-06 12:05:46,163 - INFO - 
================================================================================

2026-05-06 12:05:46,756 - INFO - Login button clicked.
2026-05-06 12:05:46,756 - INFO - Taking rapid screenshots and validating pop-up...
2026-05-06 12:05:47,434 - INFO - Screenshot 1 captured - Attempting validation...
2026-05-06 12:05:47,435 - INFO - 
================================================================================
2026-05-06 12:05:47,435 - INFO - STARTING COMPREHENSIVE POP-UP VALIDATION
2026-05-06 12:05:47,436 - INFO - ================================================================================
2026-05-06 12:05:47,461 - INFO - 
[VALIDATION 1] Checking Pop-up Visibility...
2026-05-06 12:05:47,493 - INFO -   Visibility Status: True
2026-05-06 12:05:47,494 - INFO -   PASSED: Pop-up is visible
2026-05-06 12:05:47,494 - INFO - 
[VALIDATION 2] Extracting and Validating Text Content...
2026-05-06 12:05:47,518 - INFO -   Extracted Text: 'Login Successful'
2026-05-06 12:05:47,518 - INFO -   PASSED: Text matches exactly: 'Login Successful'
2026-05-06 12:05:47,518 - INFO - 
[VALIDATION 3] Checking for Typos...
2026-05-06 12:05:47,518 - INFO -   PASSED: No known typos detected
2026-05-06 12:05:47,518 - INFO - 
[VALIDATION 4] Extracting CSS Classes and Attributes...
2026-05-06 12:05:47,551 - INFO -   CSS Classes: snackbar success-snackbar
2026-05-06 12:05:47,551 - INFO -   PASSED: 'success' class is present
2026-05-06 12:05:47,551 - INFO - 
[VALIDATION 5] Checking Element Properties...
2026-05-06 12:05:47,650 - INFO -   ID: Not set
2026-05-06 12:05:47,654 - INFO -   Data-TestID: Not set
2026-05-06 12:05:47,654 - INFO -   Role: Not set
2026-05-06 12:05:47,654 - INFO -   ARIA Label: Not set
2026-05-06 12:05:47,654 - INFO - 
[VALIDATION 6] Checking Position and Size...
2026-05-06 12:05:47,667 - INFO -   X: 1230, Y: 20
2026-05-06 12:05:47,667 - INFO -   Width: 250, Height: 43.5
2026-05-06 12:05:47,667 - INFO -   PASSED: Element has valid dimensions
2026-05-06 12:05:47,675 - INFO - 
[VALIDATION 7] Checking Computed Styles...
2026-05-06 12:05:47,713 - INFO -   Display: block
2026-05-06 12:05:47,713 - INFO -   Opacity: 1
2026-05-06 12:05:47,715 - INFO -   PASSED: Element is displayed with proper opacity
2026-05-06 12:05:47,715 - INFO - 
================================================================================
2026-05-06 12:05:47,715 - INFO - POP-UP VALIDATION SUMMARY
2026-05-06 12:05:47,715 - INFO - ================================================================================
2026-05-06 12:05:47,716 - INFO -   Visibility: PASSED
2026-05-06 12:05:47,717 - INFO -   Text Match: PASSED
2026-05-06 12:05:47,717 - INFO -   Typo Check: PASSED
2026-05-06 12:05:47,717 - INFO -   CSS Classes: Present
2026-05-06 12:05:47,717 - INFO -   Position & Size: Valid
2026-05-06 12:05:47,717 - INFO -   Computed Styles: Valid
2026-05-06 12:05:47,717 - INFO - ================================================================================

2026-05-06 12:05:47,717 - INFO - ✓ ALL VALIDATIONS PASSED - Pop-up is working correctly!
2026-05-06 12:05:48,103 - INFO - Screenshot 2 captured - Attempting validation...
2026-05-06 12:05:48,107 - INFO - 
================================================================================
2026-05-06 12:05:48,107 - INFO - STARTING COMPREHENSIVE POP-UP VALIDATION
2026-05-06 12:05:48,108 - INFO - ================================================================================
2026-05-06 12:05:48,154 - ERROR - VALIDATION FAILED: Pop-up element not found!
2026-05-06 12:05:49,582 - INFO - Screenshot 3 captured - Attempting validation...
2026-05-06 12:05:49,588 - INFO - 
================================================================================
2026-05-06 12:05:49,591 - INFO - STARTING COMPREHENSIVE POP-UP VALIDATION
2026-05-06 12:05:49,592 - INFO - ================================================================================
2026-05-06 12:05:49,633 - ERROR - VALIDATION FAILED: Pop-up element not found!
2026-05-06 12:05:49,762 - INFO - Logging DOM elements AFTER login click (pop-up should appear here)...
2026-05-06 12:05:49,762 - INFO - 
================================================================================
2026-05-06 12:05:49,762 - INFO - DOM SNAPSHOT AT STAGE: After_Login_Click
2026-05-06 12:05:49,765 - INFO - ================================================================================
2026-05-06 12:05:49,799 - INFO - 
Searching for pop-up elements in page content...
2026-05-06 12:05:50,215 - WARNING - ⚠ No known pop-up selectors found. Checking all visible divs...
2026-05-06 12:05:50,291 - INFO - Total DIV elements on page: 29
2026-05-06 12:05:50,560 - INFO -   Visible DIV 1: class='header-right' id='no-id' text='English
French
Spanish
Quantum Toll Authority
supe'
2026-05-06 12:05:50,691 - INFO -   Visible DIV 2: class='nav-user' id='no-id' text='Quantum Toll Authority
superadmin_qm@yopmail.com'
2026-05-06 12:05:50,939 - INFO -   Visible DIV 3: class='nav-user-info' id='no-id' text='Quantum Toll Authority
superadmin_qm@yopmail.com'
2026-05-06 12:05:51,077 - INFO -   Visible DIV 4: class='uname' id='no-id' text='Quantum Toll Authority'
2026-05-06 12:05:51,201 - INFO -   Visible DIV 5: class='urole' id='no-id' text='superadmin_qm@yopmail.com'
2026-05-06 12:05:51,324 - INFO -   Visible DIV 6: class='main-container' id='no-id' text='dashboard_2
group
decimal_increase
admin_panel_set'
2026-05-06 12:05:51,456 - INFO -   Visible DIV 7: class='inner' id='no-id' text='dashboard_2'
2026-05-06 12:05:51,613 - INFO -   Visible DIV 8: class='inner' id='no-id' text='group'
2026-05-06 12:05:51,800 - INFO -   Visible DIV 9: class='inner' id='no-id' text='decimal_increase'
2026-05-06 12:05:51,945 - INFO -   Visible DIV 10: class='inner' id='no-id' text='admin_panel_settings'
2026-05-06 12:05:52,106 - INFO -   Visible DIV 11: class='inner' id='no-id' text='nest_doorbell_visitor'
2026-05-06 12:05:52,250 - INFO -   Visible DIV 12: class='inner' id='no-id' text='key_visualizer'
2026-05-06 12:05:52,289 - INFO - 
================================================================================

2026-05-06 12:05:52,575 - INFO - Waiting for dashboard URL...
2026-05-06 12:05:52,579 - INFO - 
================================================================================
2026-05-06 12:05:52,579 - INFO - DOM SNAPSHOT AT STAGE: Before_Dashboard_Navigation
2026-05-06 12:05:52,581 - INFO - ================================================================================
2026-05-06 12:05:52,628 - INFO - 
Searching for pop-up elements in page content...
2026-05-06 12:05:52,887 - WARNING - ⚠ No known pop-up selectors found. Checking all visible divs...
2026-05-06 12:05:52,938 - INFO - Total DIV elements on page: 29
2026-05-06 12:05:53,154 - INFO -   Visible DIV 1: class='header-right' id='no-id' text='English
French
Spanish
Quantum Toll Authority
supe'
2026-05-06 12:05:53,235 - INFO -   Visible DIV 2: class='nav-user' id='no-id' text='Quantum Toll Authority
superadmin_qm@yopmail.com'
2026-05-06 12:05:53,410 - INFO -   Visible DIV 3: class='nav-user-info' id='no-id' text='Quantum Toll Authority
superadmin_qm@yopmail.com'
2026-05-06 12:05:53,498 - INFO -   Visible DIV 4: class='uname' id='no-id' text='Quantum Toll Authority'
2026-05-06 12:05:53,583 - INFO -   Visible DIV 5: class='urole' id='no-id' text='superadmin_qm@yopmail.com'
2026-05-06 12:05:53,700 - INFO -   Visible DIV 6: class='main-container' id='no-id' text='dashboard_2
group
decimal_increase
admin_panel_set'
2026-05-06 12:05:53,789 - INFO -   Visible DIV 7: class='inner' id='no-id' text='dashboard_2'
2026-05-06 12:05:53,900 - INFO -   Visible DIV 8: class='inner' id='no-id' text='group'
2026-05-06 12:05:54,043 - INFO -   Visible DIV 9: class='inner' id='no-id' text='decimal_increase'
2026-05-06 12:05:54,214 - INFO -   Visible DIV 10: class='inner' id='no-id' text='admin_panel_settings'
2026-05-06 12:05:54,351 - INFO -   Visible DIV 11: class='inner' id='no-id' text='nest_doorbell_visitor'
2026-05-06 12:05:54,550 - INFO -   Visible DIV 12: class='inner' id='no-id' text='key_visualizer'
2026-05-06 12:05:54,585 - INFO - 
================================================================================

2026-05-06 12:05:54,643 - INFO - Login SUCCESS: Dashboard URL reached.
2026-05-06 12:05:55,190 - INFO - 
================================================================================
2026-05-06 12:05:55,190 - INFO - DOM SNAPSHOT AT STAGE: After_Dashboard_Loaded
2026-05-06 12:05:55,190 - INFO - ================================================================================
2026-05-06 12:05:55,228 - INFO - 
Searching for pop-up elements in page content...
2026-05-06 12:05:55,780 - WARNING - ⚠ No known pop-up selectors found. Checking all visible divs...
2026-05-06 12:05:55,877 - INFO - Total DIV elements on page: 29
2026-05-06 12:05:56,126 - INFO -   Visible DIV 1: class='header-right' id='no-id' text='English
French
Spanish
Quantum Toll Authority
supe'
2026-05-06 12:05:56,243 - INFO -   Visible DIV 2: class='nav-user' id='no-id' text='Quantum Toll Authority
superadmin_qm@yopmail.com'
2026-05-06 12:05:56,416 - INFO -   Visible DIV 3: class='nav-user-info' id='no-id' text='Quantum Toll Authority
superadmin_qm@yopmail.com'
2026-05-06 12:05:56,533 - INFO -   Visible DIV 4: class='uname' id='no-id' text='Quantum Toll Authority'
2026-05-06 12:05:56,671 - INFO -   Visible DIV 5: class='urole' id='no-id' text='superadmin_qm@yopmail.com'
2026-05-06 12:05:56,785 - INFO -   Visible DIV 6: class='main-container' id='no-id' text='dashboard_2
group
decimal_increase
admin_panel_set'
2026-05-06 12:05:56,873 - INFO -   Visible DIV 7: class='inner' id='no-id' text='dashboard_2'
2026-05-06 12:05:56,984 - INFO -   Visible DIV 8: class='inner' id='no-id' text='group'
2026-05-06 12:05:57,161 - INFO -   Visible DIV 9: class='inner' id='no-id' text='decimal_increase'
2026-05-06 12:05:57,266 - INFO -   Visible DIV 10: class='inner' id='no-id' text='admin_panel_settings'
2026-05-06 12:05:57,411 - INFO -   Visible DIV 11: class='inner' id='no-id' text='nest_doorbell_visitor'
2026-05-06 12:05:57,546 - INFO -   Visible DIV 12: class='inner' id='no-id' text='key_visualizer'
2026-05-06 12:05:57,567 - INFO - 
================================================================================

2026-05-06 12:05:57,567 - INFO - Checking for dashboard header 'Welcome to QM Toll portal!'...
2026-05-06 12:05:57,666 - INFO - ✅ Dashboard header found with selector: h4:has-text("Welcome to QM Toll portal!")
2026-05-06 12:05:57,666 - INFO -    Header text: 'Welcome to QM Toll portal!'
2026-05-06 12:05:57,666 - INFO - ✅ DASHBOARD VALIDATION PASSED: 'Welcome to QM Toll portal!' header found
2026-05-06 12:05:58,263 - INFO - Step 1: Navigating and Starting Onboarding...
2026-05-06 12:05:58,264 - INFO - Executing Sidebar Navigation Sequence...
2026-05-06 12:06:01,252 - INFO - Filling Step 1: Account Details...
2026-05-06 12:06:05,273 - INFO - Filled First Name: Faiyaz
2026-05-06 12:06:06,463 - INFO - Filled Middle Name: QA Team
2026-05-06 12:06:07,732 - INFO - Filled Last Name: Borde
2026-05-06 12:06:08,906 - INFO - Checked: Use Same for Billing
2026-05-06 12:06:10,132 - INFO - Checked: Use Same for Shipping
2026-05-06 12:06:11,330 - INFO - Checked: Primary Address
2026-05-06 12:06:15,169 - INFO - Filled Address: 123 Automation Blvd
2026-05-06 12:06:16,390 - INFO - Filled Zip Code: 12345
2026-05-06 12:06:18,162 - INFO - Filled Phone: 8492475850
2026-05-06 12:06:19,387 - INFO - Filled Email: faiyaz.borde20@testmail.com
2026-05-06 12:06:20,588 - INFO - Filled Confirm Email: faiyaz.borde20@testmail.com
2026-05-06 12:06:20,591 - INFO - Clicking Save & Next...
2026-05-06 12:06:20,629 - INFO - Chatbot elements hidden via CSS injection.
2026-05-06 12:06:22,456 - INFO - Step 1 Submitted.
2026-05-06 12:06:22,465 - INFO - Adding 1 Vehicle(s)...
2026-05-06 12:06:22,905 - INFO - Step 2 loaded successfully.
2026-05-06 12:06:22,945 - INFO - Chatbot elements hidden via CSS injection.
2026-05-06 12:06:24,191 - INFO - Filled Plate 1: QA8307GP
2026-05-06 12:06:28,894 - INFO - Filled Plate Start Date: 2026-05-06
2026-05-06 12:06:40,280 - INFO - Clicking 'Add' button for Vehicle 1...
2026-05-06 12:06:40,311 - INFO - Chatbot elements hidden via CSS injection.
2026-05-06 12:06:43,546 - INFO - Vehicle 1 added successfully.
2026-05-06 12:06:45,071 - INFO - Highlighting and clicking 'Next' button...
2026-05-06 12:06:45,100 - INFO - Chatbot elements hidden via CSS injection.
2026-05-06 12:06:47,847 - INFO - Captured Permanent Account Number: 2000011523
2026-05-06 12:06:47,847 - INFO - Account 2000011523 saved to SharedData.
2026-05-06 12:06:47,847 - INFO - Starting Step 3: Payment Information...
2026-05-06 12:06:47,870 - INFO - Chatbot elements hidden via CSS injection.
2026-05-06 12:06:51,943 - INFO - Filled Cardholder Name: JwjFWTFfKpjJBLTanqklkBcKXUwGRaAWjdzCiFscUdaLh
2026-05-06 12:06:53,536 - INFO - Filled Card Number: 6087546308257614
2026-05-06 12:06:55,168 - INFO - Filled Expiry Date: 05/28
2026-05-06 12:06:56,835 - INFO - Filled CVV: 790
2026-05-06 12:06:59,195 - INFO - Clicking 'Preview and Pay'...
2026-05-06 12:06:59,228 - INFO - Chatbot elements hidden via CSS injection.
2026-05-06 12:06:59,959 - INFO - Waiting for Payment Summary card...
2026-05-06 12:07:01,497 - INFO - Starting Final Confirmation Modal...
2026-05-06 12:07:02,747 - INFO - ✅ Account onboarding completed successfully.
2026-05-06 12:07:02,753 - INFO - Finalizing process: Clicking 'Account Summary' button...
2026-05-06 12:07:03,041 - INFO - Step 2: Creating case for account: 2000011523
2026-05-06 12:11:03,526 - INFO - Navigating to Login Page: http://operator-qa.qmaastech.com/
2026-05-06 12:11:06,325 - INFO - Attempting login for user: superadmin_qm@yopmail.com
2026-05-06 12:11:08,050 - INFO - Logging DOM elements BEFORE login click...
2026-05-06 12:11:08,050 - INFO - 
================================================================================
2026-05-06 12:11:08,050 - INFO - DOM SNAPSHOT AT STAGE: Before_Login
2026-05-06 12:11:08,054 - INFO - ================================================================================
2026-05-06 12:11:08,096 - INFO - 
Searching for pop-up elements in page content...
2026-05-06 12:11:08,393 - WARNING - ⚠ No known pop-up selectors found. Checking all visible divs...
2026-05-06 12:11:08,466 - INFO - Total DIV elements on page: 21
2026-05-06 12:11:09,138 - INFO -   Visible DIV 1: class='hero-pills' id='no-id' text='bolt
Real-time
smart_toy
AI-driven
hub
Multi-agenc'
2026-05-06 12:11:09,345 - INFO -   Visible DIV 2: class='auth-panel' id='no-id' text='Welcome Back

Sign in to your account to continue
'
2026-05-06 12:11:09,603 - INFO -   Visible DIV 3: class='auth-card' id='no-id' text='Welcome Back

Sign in to your account to continue
'
2026-05-06 12:11:09,736 - INFO -   Visible DIV 4: class='auth-step' id='no-id' text='Welcome Back

Sign in to your account to continue
'
2026-05-06 12:11:09,864 - INFO -   Visible DIV 5: class='field-wrap' id='no-id' text='Email ID / Username *
person'
2026-05-06 12:11:09,974 - INFO -   Visible DIV 6: class='input-shell' id='no-id' text='person'
2026-05-06 12:11:10,085 - INFO -   Visible DIV 7: class='field-wrap' id='no-id' text='Password *
lock
visibility_off'
2026-05-06 12:11:10,201 - INFO -   Visible DIV 8: class='input-shell' id='no-id' text='lock
visibility_off'
2026-05-06 12:11:10,296 - INFO -   Visible DIV 9: class='auth-bottom-links' id='no-id' text='New user?  Access Account

Forgot password?'
2026-05-06 12:11:10,343 - INFO - 
================================================================================

2026-05-06 12:11:10,924 - INFO - Login button clicked.
2026-05-06 12:11:10,924 - INFO - Taking rapid screenshots and validating pop-up...
2026-05-06 12:11:12,699 - INFO - Screenshot 1 captured - Attempting validation...
2026-05-06 12:11:12,699 - INFO - 
================================================================================
2026-05-06 12:11:12,709 - INFO - STARTING COMPREHENSIVE POP-UP VALIDATION
2026-05-06 12:11:12,709 - INFO - ================================================================================
2026-05-06 12:11:13,084 - ERROR - VALIDATION FAILED: Pop-up element not found!
2026-05-06 12:11:18,979 - INFO - Screenshot 2 captured - Attempting validation...
2026-05-06 12:11:18,992 - INFO - 
================================================================================
2026-05-06 12:11:19,003 - INFO - STARTING COMPREHENSIVE POP-UP VALIDATION
2026-05-06 12:11:19,012 - INFO - ================================================================================
2026-05-06 12:11:19,227 - ERROR - VALIDATION FAILED: Pop-up element not found!
2026-05-06 12:11:23,973 - INFO - Screenshot 3 captured - Attempting validation...
2026-05-06 12:11:23,973 - INFO - 
================================================================================
2026-05-06 12:11:23,982 - INFO - STARTING COMPREHENSIVE POP-UP VALIDATION
2026-05-06 12:11:23,982 - INFO - ================================================================================
2026-05-06 12:11:24,052 - ERROR - VALIDATION FAILED: Pop-up element not found!
2026-05-06 12:11:24,223 - INFO - Logging DOM elements AFTER login click (pop-up should appear here)...
2026-05-06 12:11:24,225 - INFO - 
================================================================================
2026-05-06 12:11:24,225 - INFO - DOM SNAPSHOT AT STAGE: After_Login_Click
2026-05-06 12:11:24,232 - INFO - ================================================================================
2026-05-06 12:11:24,309 - INFO - 
Searching for pop-up elements in page content...
2026-05-06 12:11:25,129 - WARNING - ⚠ No known pop-up selectors found. Checking all visible divs...
2026-05-06 12:11:25,292 - INFO - Total DIV elements on page: 29
2026-05-06 12:11:25,799 - INFO -   Visible DIV 1: class='header-right' id='no-id' text='English
French
Spanish
Quantum Toll Authority
supe'
2026-05-06 12:11:26,081 - INFO -   Visible DIV 2: class='nav-user' id='no-id' text='Quantum Toll Authority
superadmin_qm@yopmail.com'
2026-05-06 12:11:26,464 - INFO -   Visible DIV 3: class='nav-user-info' id='no-id' text='Quantum Toll Authority
superadmin_qm@yopmail.com'
2026-05-06 12:11:26,723 - INFO -   Visible DIV 4: class='uname' id='no-id' text='Quantum Toll Authority'
2026-05-06 12:11:26,956 - INFO -   Visible DIV 5: class='urole' id='no-id' text='superadmin_qm@yopmail.com'
2026-05-06 12:11:27,197 - INFO -   Visible DIV 6: class='main-container' id='no-id' text='dashboard_2
group
decimal_increase
admin_panel_set'
2026-05-06 12:11:27,430 - INFO -   Visible DIV 7: class='inner' id='no-id' text='dashboard_2'
2026-05-06 12:11:27,702 - INFO -   Visible DIV 8: class='inner' id='no-id' text='group'
2026-05-06 12:11:28,034 - INFO -   Visible DIV 9: class='inner' id='no-id' text='decimal_increase'
2026-05-06 12:11:28,240 - INFO -   Visible DIV 10: class='inner' id='no-id' text='admin_panel_settings'
2026-05-06 12:11:28,564 - INFO -   Visible DIV 11: class='inner' id='no-id' text='nest_doorbell_visitor'
2026-05-06 12:11:28,880 - INFO -   Visible DIV 12: class='inner' id='no-id' text='key_visualizer'
2026-05-06 12:11:28,947 - INFO - 
================================================================================

2026-05-06 12:11:29,355 - INFO - Waiting for dashboard URL...
2026-05-06 12:11:29,355 - INFO - 
================================================================================
2026-05-06 12:11:29,355 - INFO - DOM SNAPSHOT AT STAGE: Before_Dashboard_Navigation
2026-05-06 12:11:29,355 - INFO - ================================================================================
2026-05-06 12:11:29,450 - INFO - 
Searching for pop-up elements in page content...
2026-05-06 12:11:30,194 - WARNING - ⚠ No known pop-up selectors found. Checking all visible divs...
2026-05-06 12:11:30,318 - INFO - Total DIV elements on page: 29
2026-05-06 12:11:30,791 - INFO -   Visible DIV 1: class='header-right' id='no-id' text='English
French
Spanish
Quantum Toll Authority
supe'
2026-05-06 12:11:31,033 - INFO -   Visible DIV 2: class='nav-user' id='no-id' text='Quantum Toll Authority
superadmin_qm@yopmail.com'
2026-05-06 12:11:31,399 - INFO -   Visible DIV 3: class='nav-user-info' id='no-id' text='Quantum Toll Authority
superadmin_qm@yopmail.com'
2026-05-06 12:11:31,683 - INFO -   Visible DIV 4: class='uname' id='no-id' text='Quantum Toll Authority'
2026-05-06 12:11:31,950 - INFO -   Visible DIV 5: class='urole' id='no-id' text='superadmin_qm@yopmail.com'
2026-05-06 12:11:32,223 - INFO -   Visible DIV 6: class='main-container' id='no-id' text='dashboard_2
group
decimal_increase
admin_panel_set'
2026-05-06 12:11:32,482 - INFO -   Visible DIV 7: class='inner' id='no-id' text='dashboard_2'
2026-05-06 12:11:32,748 - INFO -   Visible DIV 8: class='inner' id='no-id' text='group'
2026-05-06 12:11:33,057 - INFO -   Visible DIV 9: class='inner' id='no-id' text='decimal_increase'
2026-05-06 12:11:33,367 - INFO -   Visible DIV 10: class='inner' id='no-id' text='admin_panel_settings'
2026-05-06 12:11:33,883 - INFO -   Visible DIV 11: class='inner' id='no-id' text='nest_doorbell_visitor'
2026-05-06 12:11:34,525 - INFO -   Visible DIV 12: class='inner' id='no-id' text='key_visualizer'
2026-05-06 12:11:34,649 - INFO - 
================================================================================

2026-05-06 12:11:34,806 - INFO - Login SUCCESS: Dashboard URL reached.
2026-05-06 12:11:35,387 - INFO - 
================================================================================
2026-05-06 12:11:35,387 - INFO - DOM SNAPSHOT AT STAGE: After_Dashboard_Loaded
2026-05-06 12:11:35,394 - INFO - ================================================================================
2026-05-06 12:11:35,469 - INFO - 
Searching for pop-up elements in page content...
2026-05-06 12:11:36,331 - WARNING - ⚠ No known pop-up selectors found. Checking all visible divs...
2026-05-06 12:11:36,500 - INFO - Total DIV elements on page: 29
2026-05-06 12:11:37,029 - INFO -   Visible DIV 1: class='header-right' id='no-id' text='English
French
Spanish
Quantum Toll Authority
supe'
2026-05-06 12:11:37,322 - INFO -   Visible DIV 2: class='nav-user' id='no-id' text='Quantum Toll Authority
superadmin_qm@yopmail.com'
2026-05-06 12:11:37,681 - INFO -   Visible DIV 3: class='nav-user-info' id='no-id' text='Quantum Toll Authority
superadmin_qm@yopmail.com'
2026-05-06 12:11:37,862 - INFO -   Visible DIV 4: class='uname' id='no-id' text='Quantum Toll Authority'
2026-05-06 12:11:38,121 - INFO -   Visible DIV 5: class='urole' id='no-id' text='superadmin_qm@yopmail.com'
2026-05-06 12:11:38,383 - INFO -   Visible DIV 6: class='main-container' id='no-id' text='dashboard_2
group
decimal_increase
admin_panel_set'
2026-05-06 12:11:38,586 - INFO -   Visible DIV 7: class='inner' id='no-id' text='dashboard_2'
2026-05-06 12:11:38,850 - INFO -   Visible DIV 8: class='inner' id='no-id' text='group'
2026-05-06 12:11:39,184 - INFO -   Visible DIV 9: class='inner' id='no-id' text='decimal_increase'
2026-05-06 12:11:39,511 - INFO -   Visible DIV 10: class='inner' id='no-id' text='admin_panel_settings'
2026-05-06 12:11:39,876 - INFO -   Visible DIV 11: class='inner' id='no-id' text='nest_doorbell_visitor'
2026-05-06 12:11:40,139 - INFO -   Visible DIV 12: class='inner' id='no-id' text='key_visualizer'
2026-05-06 12:11:40,189 - INFO - 
================================================================================

2026-05-06 12:11:40,189 - INFO - Checking for dashboard header 'Welcome to QM Toll portal!'...
2026-05-06 12:11:40,373 - INFO - ✅ Dashboard header found with selector: h4:has-text("Welcome to QM Toll portal!")
2026-05-06 12:11:40,373 - INFO -    Header text: 'Welcome to QM Toll portal!'
2026-05-06 12:11:40,373 - INFO - ✅ DASHBOARD VALIDATION PASSED: 'Welcome to QM Toll portal!' header found
2026-05-06 12:11:41,420 - INFO - Step 1: Navigating and Starting Onboarding...
2026-05-06 12:11:41,420 - INFO - Executing Sidebar Navigation Sequence...
2026-05-06 12:11:45,073 - INFO - Filling Step 1: Account Details...
2026-05-06 12:11:51,017 - INFO - Filled First Name: Zaina
2026-05-06 12:11:52,439 - INFO - Filled Middle Name: QA Team
2026-05-06 12:11:53,805 - INFO - Filled Last Name: Deep
2026-05-06 12:11:55,140 - INFO - Checked: Use Same for Billing
2026-05-06 12:11:56,415 - INFO - Checked: Use Same for Shipping
2026-05-06 12:11:57,655 - INFO - Checked: Primary Address
2026-05-06 12:12:01,583 - INFO - Filled Address: 123 Automation Blvd
2026-05-06 12:12:02,799 - INFO - Filled Zip Code: 12345
2026-05-06 12:12:04,647 - INFO - Filled Phone: 7886555232
2026-05-06 12:12:05,917 - INFO - Filled Email: zaina.deep80@testmail.com
2026-05-06 12:12:07,193 - INFO - Filled Confirm Email: zaina.deep80@testmail.com
2026-05-06 12:12:07,195 - INFO - Clicking Save & Next...
2026-05-06 12:12:07,236 - INFO - Chatbot elements hidden via CSS injection.
2026-05-06 12:12:09,205 - INFO - Step 1 Submitted.
2026-05-06 12:12:09,206 - INFO - Adding 1 Vehicle(s)...
2026-05-06 12:12:09,720 - INFO - Step 2 loaded successfully.
2026-05-06 12:12:09,770 - INFO - Chatbot elements hidden via CSS injection.
2026-05-06 12:12:11,123 - INFO - Filled Plate 1: QA1210GP
2026-05-06 12:12:15,834 - INFO - Filled Plate Start Date: 2026-05-06
2026-05-06 12:12:27,594 - INFO - Clicking 'Add' button for Vehicle 1...
2026-05-06 12:12:27,652 - INFO - Chatbot elements hidden via CSS injection.
2026-05-06 12:12:31,052 - INFO - Vehicle 1 added successfully.
2026-05-06 12:12:32,608 - INFO - Highlighting and clicking 'Next' button...
2026-05-06 12:12:32,664 - INFO - Chatbot elements hidden via CSS injection.
2026-05-06 12:12:35,597 - INFO - Captured Permanent Account Number: 2000011524
2026-05-06 12:12:35,604 - INFO - Account 2000011524 saved to SharedData.
2026-05-06 12:12:35,604 - INFO - Starting Step 3: Payment Information...
2026-05-06 12:12:35,647 - INFO - Chatbot elements hidden via CSS injection.
2026-05-06 12:12:40,216 - INFO - Filled Cardholder Name: GQoOnEfTfsBn
2026-05-06 12:12:41,869 - INFO - Filled Card Number: 6869909391137535
2026-05-06 12:12:43,558 - INFO - Filled Expiry Date: 05/28
2026-05-06 12:12:45,292 - INFO - Filled CVV: 887
2026-05-06 12:12:47,779 - INFO - Clicking 'Preview and Pay'...
2026-05-06 12:12:47,818 - INFO - Chatbot elements hidden via CSS injection.
2026-05-06 12:12:48,622 - INFO - Waiting for Payment Summary card...
2026-05-06 12:12:50,244 - INFO - Starting Final Confirmation Modal...
2026-05-06 12:12:51,795 - INFO - ✅ Account onboarding completed successfully.
2026-05-06 12:12:51,795 - INFO - Finalizing process: Clicking 'Account Summary' button...
2026-05-06 12:12:52,124 - INFO - Step 2: Creating case for account: 2000011524
2026-05-06 12:14:05,628 - INFO - Navigating to Login Page: http://operator-qa.qmaastech.com/
2026-05-06 12:14:08,677 - INFO - Attempting login for user: superadmin_qm@yopmail.com
2026-05-06 12:14:10,371 - INFO - Logging DOM elements BEFORE login click...
2026-05-06 12:14:10,371 - INFO - 
================================================================================
2026-05-06 12:14:10,371 - INFO - DOM SNAPSHOT AT STAGE: Before_Login
2026-05-06 12:14:10,374 - INFO - ================================================================================
2026-05-06 12:14:10,393 - INFO - 
Searching for pop-up elements in page content...
2026-05-06 12:14:10,807 - WARNING - ⚠ No known pop-up selectors found. Checking all visible divs...
2026-05-06 12:14:10,850 - INFO - Total DIV elements on page: 21
2026-05-06 12:14:11,409 - INFO -   Visible DIV 1: class='hero-pills' id='no-id' text='bolt
Real-time
smart_toy
AI-driven
hub
Multi-agenc'
2026-05-06 12:14:11,568 - INFO -   Visible DIV 2: class='auth-panel' id='no-id' text='Welcome Back

Sign in to your account to continue
'
2026-05-06 12:14:11,705 - INFO -   Visible DIV 3: class='auth-card' id='no-id' text='Welcome Back

Sign in to your account to continue
'
2026-05-06 12:14:11,816 - INFO -   Visible DIV 4: class='auth-step' id='no-id' text='Welcome Back

Sign in to your account to continue
'
2026-05-06 12:14:11,974 - INFO -   Visible DIV 5: class='field-wrap' id='no-id' text='Email ID / Username *
person'
2026-05-06 12:14:12,080 - INFO -   Visible DIV 6: class='input-shell' id='no-id' text='person'
2026-05-06 12:14:12,174 - INFO -   Visible DIV 7: class='field-wrap' id='no-id' text='Password *
lock
visibility_off'
2026-05-06 12:14:12,301 - INFO -   Visible DIV 8: class='input-shell' id='no-id' text='lock
visibility_off'
2026-05-06 12:14:12,379 - INFO -   Visible DIV 9: class='auth-bottom-links' id='no-id' text='New user?  Access Account

Forgot password?'
2026-05-06 12:14:12,436 - INFO - 
================================================================================

2026-05-06 12:14:13,017 - INFO - Login button clicked.
2026-05-06 12:14:13,017 - INFO - Taking rapid screenshots and validating pop-up...
2026-05-06 12:14:13,623 - INFO - Screenshot 1 captured - Attempting validation...
2026-05-06 12:14:13,623 - INFO - 
================================================================================
2026-05-06 12:14:13,628 - INFO - STARTING COMPREHENSIVE POP-UP VALIDATION
2026-05-06 12:14:13,628 - INFO - ================================================================================
2026-05-06 12:14:13,648 - INFO - 
[VALIDATION 1] Checking Pop-up Visibility...
2026-05-06 12:14:13,672 - INFO -   Visibility Status: True
2026-05-06 12:14:13,678 - INFO -   PASSED: Pop-up is visible
2026-05-06 12:14:13,678 - INFO - 
[VALIDATION 2] Extracting and Validating Text Content...
2026-05-06 12:14:13,780 - INFO -   Extracted Text: 'Login Successful'
2026-05-06 12:14:13,780 - INFO -   PASSED: Text matches exactly: 'Login Successful'
2026-05-06 12:14:13,782 - INFO - 
[VALIDATION 3] Checking for Typos...
2026-05-06 12:14:13,782 - INFO -   PASSED: No known typos detected
2026-05-06 12:14:13,784 - INFO - 
[VALIDATION 4] Extracting CSS Classes and Attributes...
2026-05-06 12:14:13,798 - INFO -   CSS Classes: snackbar success-snackbar
2026-05-06 12:14:13,810 - INFO -   PASSED: 'success' class is present
2026-05-06 12:14:13,811 - INFO - 
[VALIDATION 5] Checking Element Properties...
2026-05-06 12:14:13,912 - INFO -   ID: Not set
2026-05-06 12:14:13,912 - INFO -   Data-TestID: Not set
2026-05-06 12:14:13,912 - INFO -   Role: Not set
2026-05-06 12:14:13,914 - INFO -   ARIA Label: Not set
2026-05-06 12:14:13,914 - INFO - 
[VALIDATION 6] Checking Position and Size...
2026-05-06 12:14:13,929 - INFO -   X: 1230, Y: 20
2026-05-06 12:14:13,929 - INFO -   Width: 250, Height: 43.5
2026-05-06 12:14:13,929 - INFO -   PASSED: Element has valid dimensions
2026-05-06 12:14:13,929 - INFO - 
[VALIDATION 7] Checking Computed Styles...
2026-05-06 12:14:14,068 - ERROR - Validation error: TypeError: Failed to execute 'getComputedStyle' on 'Window': parameter 1 is not of type 'Element'.
    at eval (eval at evaluate (:226:30), <anonymous>:1:8)
    at eval (<anonymous>)
    at UtilityScript.evaluate (<anonymous>:226:30)
    at UtilityScript.<anonymous> (<anonymous>:1:44)
2026-05-06 12:14:14,068 - WARNING -   WARNING: Could not check computed styles - element may have disappeared
2026-05-06 12:14:14,068 - INFO - 
================================================================================
2026-05-06 12:14:14,068 - INFO - POP-UP VALIDATION SUMMARY
2026-05-06 12:14:14,068 - INFO - ================================================================================
2026-05-06 12:14:14,068 - INFO -   Visibility: PASSED
2026-05-06 12:14:14,068 - INFO -   Text Match: PASSED
2026-05-06 12:14:14,068 - INFO -   Typo Check: PASSED
2026-05-06 12:14:14,068 - INFO -   CSS Classes: Present
2026-05-06 12:14:14,068 - INFO -   Position & Size: Valid
2026-05-06 12:14:14,075 - INFO -   Computed Styles: Valid
2026-05-06 12:14:14,075 - INFO - ================================================================================

2026-05-06 12:14:14,076 - INFO - ✓ ALL VALIDATIONS PASSED - Pop-up is working correctly!
2026-05-06 12:14:15,692 - INFO - Screenshot 2 captured - Attempting validation...
2026-05-06 12:14:15,692 - INFO - 
================================================================================
2026-05-06 12:14:15,696 - INFO - STARTING COMPREHENSIVE POP-UP VALIDATION
2026-05-06 12:14:15,696 - INFO - ================================================================================
2026-05-06 12:14:15,734 - ERROR - VALIDATION FAILED: Pop-up element not found!
2026-05-06 12:14:16,153 - INFO - Screenshot 3 captured - Attempting validation...
2026-05-06 12:14:16,153 - INFO - 
================================================================================
2026-05-06 12:14:16,153 - INFO - STARTING COMPREHENSIVE POP-UP VALIDATION
2026-05-06 12:14:16,153 - INFO - ================================================================================
2026-05-06 12:14:16,184 - ERROR - VALIDATION FAILED: Pop-up element not found!
2026-05-06 12:14:16,328 - INFO - Logging DOM elements AFTER login click (pop-up should appear here)...
2026-05-06 12:14:16,328 - INFO - 
================================================================================
2026-05-06 12:14:16,328 - INFO - DOM SNAPSHOT AT STAGE: After_Login_Click
2026-05-06 12:14:16,328 - INFO - ================================================================================
2026-05-06 12:14:16,384 - INFO - 
Searching for pop-up elements in page content...
2026-05-06 12:14:16,766 - WARNING - ⚠ No known pop-up selectors found. Checking all visible divs...
2026-05-06 12:14:16,811 - INFO - Total DIV elements on page: 29
2026-05-06 12:14:17,034 - INFO -   Visible DIV 1: class='header-right' id='no-id' text='English
French
Spanish
Quantum Toll Authority
supe'
2026-05-06 12:14:17,160 - INFO -   Visible DIV 2: class='nav-user' id='no-id' text='Quantum Toll Authority
superadmin_qm@yopmail.com'
2026-05-06 12:14:17,318 - INFO -   Visible DIV 3: class='nav-user-info' id='no-id' text='Quantum Toll Authority
superadmin_qm@yopmail.com'
2026-05-06 12:14:17,433 - INFO -   Visible DIV 4: class='uname' id='no-id' text='Quantum Toll Authority'
2026-05-06 12:14:17,533 - INFO -   Visible DIV 5: class='urole' id='no-id' text='superadmin_qm@yopmail.com'
2026-05-06 12:14:17,657 - INFO -   Visible DIV 6: class='main-container' id='no-id' text='dashboard_2
group
decimal_increase
admin_panel_set'
2026-05-06 12:14:17,785 - INFO -   Visible DIV 7: class='inner' id='no-id' text='dashboard_2'
2026-05-06 12:14:17,901 - INFO -   Visible DIV 8: class='inner' id='no-id' text='group'
2026-05-06 12:14:18,019 - INFO -   Visible DIV 9: class='inner' id='no-id' text='decimal_increase'
2026-05-06 12:14:18,157 - INFO -   Visible DIV 10: class='inner' id='no-id' text='admin_panel_settings'
2026-05-06 12:14:18,302 - INFO -   Visible DIV 11: class='inner' id='no-id' text='nest_doorbell_visitor'
2026-05-06 12:14:18,417 - INFO -   Visible DIV 12: class='inner' id='no-id' text='key_visualizer'
2026-05-06 12:14:18,433 - INFO - 
================================================================================

2026-05-06 12:14:18,621 - INFO - Waiting for dashboard URL...
2026-05-06 12:14:18,621 - INFO - 
================================================================================
2026-05-06 12:14:18,621 - INFO - DOM SNAPSHOT AT STAGE: Before_Dashboard_Navigation
2026-05-06 12:14:18,621 - INFO - ================================================================================
2026-05-06 12:14:18,649 - INFO - 
Searching for pop-up elements in page content...
2026-05-06 12:14:18,935 - WARNING - ⚠ No known pop-up selectors found. Checking all visible divs...
2026-05-06 12:14:18,969 - INFO - Total DIV elements on page: 29
2026-05-06 12:14:19,166 - INFO -   Visible DIV 1: class='header-right' id='no-id' text='English
French
Spanish
Quantum Toll Authority
supe'
2026-05-06 12:14:19,249 - INFO -   Visible DIV 2: class='nav-user' id='no-id' text='Quantum Toll Authority
superadmin_qm@yopmail.com'
2026-05-06 12:14:19,375 - INFO -   Visible DIV 3: class='nav-user-info' id='no-id' text='Quantum Toll Authority
superadmin_qm@yopmail.com'
2026-05-06 12:14:19,437 - INFO -   Visible DIV 4: class='uname' id='no-id' text='Quantum Toll Authority'
2026-05-06 12:14:19,511 - INFO -   Visible DIV 5: class='urole' id='no-id' text='superadmin_qm@yopmail.com'
2026-05-06 12:14:19,581 - INFO -   Visible DIV 6: class='main-container' id='no-id' text='dashboard_2
group
decimal_increase
admin_panel_set'
2026-05-06 12:14:19,647 - INFO -   Visible DIV 7: class='inner' id='no-id' text='dashboard_2'
2026-05-06 12:14:19,714 - INFO -   Visible DIV 8: class='inner' id='no-id' text='group'
2026-05-06 12:14:19,824 - INFO -   Visible DIV 9: class='inner' id='no-id' text='decimal_increase'
2026-05-06 12:14:19,918 - INFO -   Visible DIV 10: class='inner' id='no-id' text='admin_panel_settings'
2026-05-06 12:14:20,010 - INFO -   Visible DIV 11: class='inner' id='no-id' text='nest_doorbell_visitor'
2026-05-06 12:14:20,143 - INFO -   Visible DIV 12: class='inner' id='no-id' text='key_visualizer'
2026-05-06 12:14:20,158 - INFO - 
================================================================================

2026-05-06 12:14:20,182 - INFO - Login SUCCESS: Dashboard URL reached.
2026-05-06 12:14:20,709 - INFO - 
================================================================================
2026-05-06 12:14:20,709 - INFO - DOM SNAPSHOT AT STAGE: After_Dashboard_Loaded
2026-05-06 12:14:20,711 - INFO - ================================================================================
2026-05-06 12:14:20,732 - INFO - 
Searching for pop-up elements in page content...
2026-05-06 12:14:21,171 - WARNING - ⚠ No known pop-up selectors found. Checking all visible divs...
2026-05-06 12:14:21,260 - INFO - Total DIV elements on page: 29
2026-05-06 12:14:21,572 - INFO -   Visible DIV 1: class='header-right' id='no-id' text='English
French
Spanish
Quantum Toll Authority
supe'
2026-05-06 12:14:21,704 - INFO -   Visible DIV 2: class='nav-user' id='no-id' text='Quantum Toll Authority
superadmin_qm@yopmail.com'
2026-05-06 12:14:21,909 - INFO -   Visible DIV 3: class='nav-user-info' id='no-id' text='Quantum Toll Authority
superadmin_qm@yopmail.com'
2026-05-06 12:14:22,083 - INFO -   Visible DIV 4: class='uname' id='no-id' text='Quantum Toll Authority'
2026-05-06 12:14:22,230 - INFO -   Visible DIV 5: class='urole' id='no-id' text='superadmin_qm@yopmail.com'
2026-05-06 12:14:22,355 - INFO -   Visible DIV 6: class='main-container' id='no-id' text='dashboard_2
group
decimal_increase
admin_panel_set'
2026-05-06 12:14:22,476 - INFO -   Visible DIV 7: class='inner' id='no-id' text='dashboard_2'
2026-05-06 12:14:22,571 - INFO -   Visible DIV 8: class='inner' id='no-id' text='group'
2026-05-06 12:14:22,740 - INFO -   Visible DIV 9: class='inner' id='no-id' text='decimal_increase'
2026-05-06 12:14:22,881 - INFO -   Visible DIV 10: class='inner' id='no-id' text='admin_panel_settings'
2026-05-06 12:14:23,021 - INFO -   Visible DIV 11: class='inner' id='no-id' text='nest_doorbell_visitor'
2026-05-06 12:14:23,143 - INFO -   Visible DIV 12: class='inner' id='no-id' text='key_visualizer'
2026-05-06 12:14:23,164 - INFO - 
================================================================================

2026-05-06 12:14:23,164 - INFO - Checking for dashboard header 'Welcome to QM Toll portal!'...
2026-05-06 12:14:23,246 - INFO - ✅ Dashboard header found with selector: h4:has-text("Welcome to QM Toll portal!")
2026-05-06 12:14:23,246 - INFO -    Header text: 'Welcome to QM Toll portal!'
2026-05-06 12:14:23,246 - INFO - ✅ DASHBOARD VALIDATION PASSED: 'Welcome to QM Toll portal!' header found
2026-05-06 12:14:23,789 - INFO - Step 1: Navigating and Starting Onboarding...
2026-05-06 12:14:23,789 - INFO - Executing Sidebar Navigation Sequence...
2026-05-06 12:14:26,870 - INFO - Filling Step 1: Account Details...
2026-05-06 12:14:30,826 - INFO - Filled First Name: Zaina
2026-05-06 12:14:32,098 - INFO - Filled Middle Name: QA Team
2026-05-06 12:14:33,386 - INFO - Filled Last Name: Iyengar
2026-05-06 12:14:34,633 - INFO - Checked: Use Same for Billing
2026-05-06 12:14:35,880 - INFO - Checked: Use Same for Shipping
2026-05-06 12:14:37,119 - INFO - Checked: Primary Address
2026-05-06 12:14:41,038 - INFO - Filled Address: 123 Automation Blvd
2026-05-06 12:14:42,257 - INFO - Filled Zip Code: 12345
2026-05-06 12:14:44,003 - INFO - Filled Phone: 7475160089
2026-05-06 12:14:45,264 - INFO - Filled Email: zaina.iyengar30@testmail.com
2026-05-06 12:14:46,507 - INFO - Filled Confirm Email: zaina.iyengar30@testmail.com
2026-05-06 12:14:46,507 - INFO - Clicking Save & Next...
2026-05-06 12:14:46,530 - INFO - Chatbot elements hidden via CSS injection.
2026-05-06 12:14:48,344 - INFO - Step 1 Submitted.
2026-05-06 12:14:48,344 - INFO - Adding 1 Vehicle(s)...
2026-05-06 12:14:48,803 - INFO - Step 2 loaded successfully.
2026-05-06 12:14:48,820 - INFO - Chatbot elements hidden via CSS injection.
2026-05-06 12:14:50,054 - INFO - Filled Plate 1: QA7328GP
2026-05-06 12:14:54,692 - INFO - Filled Plate Start Date: 2026-05-06
2026-05-06 12:15:06,061 - INFO - Clicking 'Add' button for Vehicle 1...
2026-05-06 12:15:06,081 - INFO - Chatbot elements hidden via CSS injection.
2026-05-06 12:15:09,327 - INFO - Vehicle 1 added successfully.
2026-05-06 12:15:10,893 - INFO - Highlighting and clicking 'Next' button...
2026-05-06 12:15:10,931 - INFO - Chatbot elements hidden via CSS injection.
2026-05-06 12:15:13,687 - INFO - Captured Permanent Account Number: 2000011525
2026-05-06 12:15:13,687 - INFO - Account 2000011525 saved to SharedData.
2026-05-06 12:15:13,687 - INFO - Starting Step 3: Payment Information...
2026-05-06 12:15:13,719 - INFO - Chatbot elements hidden via CSS injection.
2026-05-06 12:15:18,124 - INFO - Filled Cardholder Name: SnCfMXVjeZOiSPnDdczkWZhGQrVBTTBpSlaLKXIKr
2026-05-06 12:15:19,689 - INFO - Filled Card Number: 7973631882208773
2026-05-06 12:15:21,310 - INFO - Filled Expiry Date: 05/28
2026-05-06 12:15:22,820 - INFO - Filled CVV: 869
2026-05-06 12:15:25,199 - INFO - Clicking 'Preview and Pay'...
2026-05-06 12:15:25,224 - INFO - Chatbot elements hidden via CSS injection.
2026-05-06 12:15:25,948 - INFO - Waiting for Payment Summary card...
2026-05-06 12:15:27,489 - INFO - Starting Final Confirmation Modal...
2026-05-06 12:15:28,779 - INFO - ✅ Account onboarding completed successfully.
2026-05-06 12:15:28,781 - INFO - Finalizing process: Clicking 'Account Summary' button...
2026-05-06 12:15:29,131 - INFO - Step 2: Creating case for account: 2000011525
2026-05-06 12:25:01,698 - INFO - Navigating to Login Page: http://operator-qa.qmaastech.com/
2026-05-06 12:25:04,547 - INFO - Attempting login for user: superadmin_qm@yopmail.com
2026-05-06 12:25:06,285 - INFO - Logging DOM elements BEFORE login click...
2026-05-06 12:25:06,285 - INFO - 
================================================================================
2026-05-06 12:25:06,285 - INFO - DOM SNAPSHOT AT STAGE: Before_Login
2026-05-06 12:25:06,285 - INFO - ================================================================================
2026-05-06 12:25:06,311 - INFO - 
Searching for pop-up elements in page content...
2026-05-06 12:25:06,496 - WARNING - ⚠ No known pop-up selectors found. Checking all visible divs...
2026-05-06 12:25:06,535 - INFO - Total DIV elements on page: 21
2026-05-06 12:25:07,112 - INFO -   Visible DIV 1: class='hero-pills' id='no-id' text='bolt
Real-time
smart_toy
AI-driven
hub
Multi-agenc'
2026-05-06 12:25:07,278 - INFO -   Visible DIV 2: class='auth-panel' id='no-id' text='Welcome Back

Sign in to your account to continue
'
2026-05-06 12:25:07,386 - INFO -   Visible DIV 3: class='auth-card' id='no-id' text='Welcome Back

Sign in to your account to continue
'
2026-05-06 12:25:07,509 - INFO -   Visible DIV 4: class='auth-step' id='no-id' text='Welcome Back

Sign in to your account to continue
'
2026-05-06 12:25:07,699 - INFO -   Visible DIV 5: class='field-wrap' id='no-id' text='Email ID / Username *
person'
2026-05-06 12:25:07,857 - INFO -   Visible DIV 6: class='input-shell' id='no-id' text='person'
2026-05-06 12:25:07,952 - INFO -   Visible DIV 7: class='field-wrap' id='no-id' text='Password *
lock
visibility_off'
2026-05-06 12:25:08,047 - INFO -   Visible DIV 8: class='input-shell' id='no-id' text='lock
visibility_off'
2026-05-06 12:25:08,162 - INFO -   Visible DIV 9: class='auth-bottom-links' id='no-id' text='New user?  Access Account

Forgot password?'
2026-05-06 12:25:08,221 - INFO - 
================================================================================

2026-05-06 12:25:08,802 - INFO - Login button clicked.
2026-05-06 12:25:08,810 - INFO - Taking rapid screenshots and validating pop-up...
2026-05-06 12:25:09,451 - INFO - Screenshot 1 captured - Attempting validation...
2026-05-06 12:25:09,452 - INFO - 
================================================================================
2026-05-06 12:25:09,453 - INFO - STARTING COMPREHENSIVE POP-UP VALIDATION
2026-05-06 12:25:09,455 - INFO - ================================================================================
2026-05-06 12:25:09,488 - INFO - 
[VALIDATION 1] Checking Pop-up Visibility...
2026-05-06 12:25:09,512 - INFO -   Visibility Status: True
2026-05-06 12:25:09,512 - INFO -   PASSED: Pop-up is visible
2026-05-06 12:25:09,512 - INFO - 
[VALIDATION 2] Extracting and Validating Text Content...
2026-05-06 12:25:09,532 - INFO -   Extracted Text: 'Login Successful'
2026-05-06 12:25:09,532 - INFO -   PASSED: Text matches exactly: 'Login Successful'
2026-05-06 12:25:09,532 - INFO - 
[VALIDATION 3] Checking for Typos...
2026-05-06 12:25:09,532 - INFO -   PASSED: No known typos detected
2026-05-06 12:25:09,532 - INFO - 
[VALIDATION 4] Extracting CSS Classes and Attributes...
2026-05-06 12:25:09,547 - INFO -   CSS Classes: snackbar success-snackbar
2026-05-06 12:25:09,547 - INFO -   PASSED: 'success' class is present
2026-05-06 12:25:09,547 - INFO - 
[VALIDATION 5] Checking Element Properties...
2026-05-06 12:25:09,623 - INFO -   ID: Not set
2026-05-06 12:25:09,623 - INFO -   Data-TestID: Not set
2026-05-06 12:25:09,623 - INFO -   Role: Not set
2026-05-06 12:25:09,623 - INFO -   ARIA Label: Not set
2026-05-06 12:25:09,623 - INFO - 
[VALIDATION 6] Checking Position and Size...
2026-05-06 12:25:09,643 - INFO -   X: 1230, Y: 20
2026-05-06 12:25:09,645 - INFO -   Width: 250, Height: 43.5
2026-05-06 12:25:09,645 - INFO -   PASSED: Element has valid dimensions
2026-05-06 12:25:09,645 - INFO - 
[VALIDATION 7] Checking Computed Styles...
2026-05-06 12:25:09,671 - INFO -   Display: block
2026-05-06 12:25:09,671 - INFO -   Opacity: 1
2026-05-06 12:25:09,671 - INFO -   PASSED: Element is displayed with proper opacity
2026-05-06 12:25:09,671 - INFO - 
================================================================================
2026-05-06 12:25:09,671 - INFO - POP-UP VALIDATION SUMMARY
2026-05-06 12:25:09,671 - INFO - ================================================================================
2026-05-06 12:25:09,671 - INFO -   Visibility: PASSED
2026-05-06 12:25:09,671 - INFO -   Text Match: PASSED
2026-05-06 12:25:09,676 - INFO -   Typo Check: PASSED
2026-05-06 12:25:09,676 - INFO -   CSS Classes: Present
2026-05-06 12:25:09,676 - INFO -   Position & Size: Valid
2026-05-06 12:25:09,677 - INFO -   Computed Styles: Valid
2026-05-06 12:25:09,677 - INFO - ================================================================================

2026-05-06 12:25:09,677 - INFO - ✓ ALL VALIDATIONS PASSED - Pop-up is working correctly!
2026-05-06 12:25:10,047 - INFO - Screenshot 2 captured - Attempting validation...
2026-05-06 12:25:10,050 - INFO - 
================================================================================
2026-05-06 12:25:10,050 - INFO - STARTING COMPREHENSIVE POP-UP VALIDATION
2026-05-06 12:25:10,050 - INFO - ================================================================================
2026-05-06 12:25:10,171 - ERROR - VALIDATION FAILED: Pop-up element not found!
2026-05-06 12:25:11,849 - INFO - Screenshot 3 captured - Attempting validation...
2026-05-06 12:25:11,849 - INFO - 
================================================================================
2026-05-06 12:25:11,851 - INFO - STARTING COMPREHENSIVE POP-UP VALIDATION
2026-05-06 12:25:11,852 - INFO - ================================================================================
2026-05-06 12:25:11,883 - ERROR - VALIDATION FAILED: Pop-up element not found!
2026-05-06 12:25:12,007 - INFO - Logging DOM elements AFTER login click (pop-up should appear here)...
2026-05-06 12:25:12,007 - INFO - 
================================================================================
2026-05-06 12:25:12,007 - INFO - DOM SNAPSHOT AT STAGE: After_Login_Click
2026-05-06 12:25:12,011 - INFO - ================================================================================
2026-05-06 12:25:12,050 - INFO - 
Searching for pop-up elements in page content...
2026-05-06 12:25:12,519 - WARNING - ⚠ No known pop-up selectors found. Checking all visible divs...
2026-05-06 12:25:12,630 - INFO - Total DIV elements on page: 29
2026-05-06 12:25:12,918 - INFO -   Visible DIV 1: class='header-right' id='no-id' text='English
French
Spanish
Quantum Toll Authority
supe'
2026-05-06 12:25:13,085 - INFO -   Visible DIV 2: class='nav-user' id='no-id' text='Quantum Toll Authority
superadmin_qm@yopmail.com'
2026-05-06 12:25:13,323 - INFO -   Visible DIV 3: class='nav-user-info' id='no-id' text='Quantum Toll Authority
superadmin_qm@yopmail.com'
2026-05-06 12:25:13,470 - INFO -   Visible DIV 4: class='uname' id='no-id' text='Quantum Toll Authority'
2026-05-06 12:25:13,652 - INFO -   Visible DIV 5: class='urole' id='no-id' text='superadmin_qm@yopmail.com'
2026-05-06 12:25:13,785 - INFO -   Visible DIV 6: class='main-container' id='no-id' text='dashboard_2
group
decimal_increase
admin_panel_set'
2026-05-06 12:25:13,920 - INFO -   Visible DIV 7: class='inner' id='no-id' text='dashboard_2'
2026-05-06 12:25:14,069 - INFO -   Visible DIV 8: class='inner' id='no-id' text='group'
2026-05-06 12:25:14,285 - INFO -   Visible DIV 9: class='inner' id='no-id' text='decimal_increase'
2026-05-06 12:25:14,459 - INFO -   Visible DIV 10: class='inner' id='no-id' text='admin_panel_settings'
2026-05-06 12:25:14,586 - INFO -   Visible DIV 11: class='inner' id='no-id' text='nest_doorbell_visitor'
2026-05-06 12:25:14,719 - INFO -   Visible DIV 12: class='inner' id='no-id' text='key_visualizer'
2026-05-06 12:25:14,748 - INFO - 
================================================================================

2026-05-06 12:25:14,960 - INFO - Waiting for dashboard URL...
2026-05-06 12:25:14,960 - INFO - 
================================================================================
2026-05-06 12:25:14,962 - INFO - DOM SNAPSHOT AT STAGE: Before_Dashboard_Navigation
2026-05-06 12:25:14,962 - INFO - ================================================================================
2026-05-06 12:25:14,994 - INFO - 
Searching for pop-up elements in page content...
2026-05-06 12:25:15,212 - WARNING - ⚠ No known pop-up selectors found. Checking all visible divs...
2026-05-06 12:25:15,244 - INFO - Total DIV elements on page: 29
2026-05-06 12:25:15,412 - INFO -   Visible DIV 1: class='header-right' id='no-id' text='English
French
Spanish
Quantum Toll Authority
supe'
2026-05-06 12:25:15,477 - INFO -   Visible DIV 2: class='nav-user' id='no-id' text='Quantum Toll Authority
superadmin_qm@yopmail.com'
2026-05-06 12:25:15,596 - INFO -   Visible DIV 3: class='nav-user-info' id='no-id' text='Quantum Toll Authority
superadmin_qm@yopmail.com'
2026-05-06 12:25:15,694 - INFO -   Visible DIV 4: class='uname' id='no-id' text='Quantum Toll Authority'
2026-05-06 12:25:15,764 - INFO -   Visible DIV 5: class='urole' id='no-id' text='superadmin_qm@yopmail.com'
2026-05-06 12:25:15,871 - INFO -   Visible DIV 6: class='main-container' id='no-id' text='dashboard_2
group
decimal_increase
admin_panel_set'
2026-05-06 12:25:15,929 - INFO -   Visible DIV 7: class='inner' id='no-id' text='dashboard_2'
2026-05-06 12:25:16,010 - INFO -   Visible DIV 8: class='inner' id='no-id' text='group'
2026-05-06 12:25:16,112 - INFO -   Visible DIV 9: class='inner' id='no-id' text='decimal_increase'
2026-05-06 12:25:16,230 - INFO -   Visible DIV 10: class='inner' id='no-id' text='admin_panel_settings'
2026-05-06 12:25:16,320 - INFO -   Visible DIV 11: class='inner' id='no-id' text='nest_doorbell_visitor'
2026-05-06 12:25:16,407 - INFO -   Visible DIV 12: class='inner' id='no-id' text='key_visualizer'
2026-05-06 12:25:16,429 - INFO - 
================================================================================

2026-05-06 12:25:16,446 - INFO - Login SUCCESS: Dashboard URL reached.
2026-05-06 12:25:16,963 - INFO - 
================================================================================
2026-05-06 12:25:16,963 - INFO - DOM SNAPSHOT AT STAGE: After_Dashboard_Loaded
2026-05-06 12:25:16,963 - INFO - ================================================================================
2026-05-06 12:25:16,998 - INFO - 
Searching for pop-up elements in page content...
2026-05-06 12:25:17,409 - WARNING - ⚠ No known pop-up selectors found. Checking all visible divs...
2026-05-06 12:25:17,476 - INFO - Total DIV elements on page: 29
2026-05-06 12:25:17,746 - INFO -   Visible DIV 1: class='header-right' id='no-id' text='English
French
Spanish
Quantum Toll Authority
supe'
2026-05-06 12:25:17,883 - INFO -   Visible DIV 2: class='nav-user' id='no-id' text='Quantum Toll Authority
superadmin_qm@yopmail.com'
2026-05-06 12:25:18,097 - INFO -   Visible DIV 3: class='nav-user-info' id='no-id' text='Quantum Toll Authority
superadmin_qm@yopmail.com'
2026-05-06 12:25:18,238 - INFO -   Visible DIV 4: class='uname' id='no-id' text='Quantum Toll Authority'
2026-05-06 12:25:18,478 - INFO -   Visible DIV 5: class='urole' id='no-id' text='superadmin_qm@yopmail.com'
2026-05-06 12:25:18,651 - INFO -   Visible DIV 6: class='main-container' id='no-id' text='dashboard_2
group
decimal_increase
admin_panel_set'
2026-05-06 12:25:18,810 - INFO -   Visible DIV 7: class='inner' id='no-id' text='dashboard_2'
2026-05-06 12:25:18,930 - INFO -   Visible DIV 8: class='inner' id='no-id' text='group'
2026-05-06 12:25:19,073 - INFO -   Visible DIV 9: class='inner' id='no-id' text='decimal_increase'
2026-05-06 12:25:19,146 - INFO -   Visible DIV 10: class='inner' id='no-id' text='admin_panel_settings'
2026-05-06 12:25:19,221 - INFO -   Visible DIV 11: class='inner' id='no-id' text='nest_doorbell_visitor'
2026-05-06 12:25:19,295 - INFO -   Visible DIV 12: class='inner' id='no-id' text='key_visualizer'
2026-05-06 12:25:19,307 - INFO - 
================================================================================

2026-05-06 12:25:19,307 - INFO - Checking for dashboard header 'Welcome to QM Toll portal!'...
2026-05-06 12:25:19,360 - INFO - ✅ Dashboard header found with selector: h4:has-text("Welcome to QM Toll portal!")
2026-05-06 12:25:19,363 - INFO -    Header text: 'Welcome to QM Toll portal!'
2026-05-06 12:25:19,363 - INFO - ✅ DASHBOARD VALIDATION PASSED: 'Welcome to QM Toll portal!' header found
2026-05-06 12:25:20,022 - INFO - Step 1: Navigating and Starting Onboarding...
2026-05-06 12:25:20,022 - INFO - Executing Sidebar Navigation Sequence...
2026-05-06 12:25:22,920 - INFO - Filling Step 1: Account Details...
2026-05-06 12:25:26,627 - INFO - Filled First Name: Aarav
2026-05-06 12:25:27,820 - INFO - Filled Middle Name: QA Team
2026-05-06 12:25:29,105 - INFO - Filled Last Name: Jayaraman
2026-05-06 12:25:30,296 - INFO - Checked: Use Same for Billing
2026-05-06 12:25:31,539 - INFO - Checked: Use Same for Shipping
2026-05-06 12:25:32,750 - INFO - Checked: Primary Address
2026-05-06 12:25:36,623 - INFO - Filled Address: 123 Automation Blvd
2026-05-06 12:25:37,859 - INFO - Filled Zip Code: 12345
2026-05-06 12:25:39,588 - INFO - Filled Phone: 8671702266
2026-05-06 12:25:40,798 - INFO - Filled Email: aarav.jayaraman32@testmail.com
2026-05-06 12:25:41,991 - INFO - Filled Confirm Email: aarav.jayaraman32@testmail.com
2026-05-06 12:25:41,996 - INFO - Clicking Save & Next...
2026-05-06 12:25:42,027 - INFO - Chatbot elements hidden via CSS injection.
2026-05-06 12:25:43,819 - INFO - Step 1 Submitted.
2026-05-06 12:25:43,819 - INFO - Adding 1 Vehicle(s)...
2026-05-06 12:25:44,323 - INFO - Step 2 loaded successfully.
2026-05-06 12:25:44,356 - INFO - Chatbot elements hidden via CSS injection.
2026-05-06 12:25:45,584 - INFO - Filled Plate 1: QA5026GP
2026-05-06 12:25:50,009 - INFO - Filled Plate Start Date: 2026-05-06
2026-05-06 12:26:01,364 - INFO - Clicking 'Add' button for Vehicle 1...
2026-05-06 12:26:01,386 - INFO - Chatbot elements hidden via CSS injection.
2026-05-06 12:26:04,635 - INFO - Vehicle 1 added successfully.
2026-05-06 12:26:06,214 - INFO - Highlighting and clicking 'Next' button...
2026-05-06 12:26:06,231 - INFO - Chatbot elements hidden via CSS injection.
2026-05-06 12:26:08,995 - INFO - Captured Permanent Account Number: 2000011526
2026-05-06 12:26:08,995 - INFO - Account 2000011526 saved to SharedData.
2026-05-06 12:26:08,995 - INFO - Starting Step 3: Payment Information...
2026-05-06 12:26:09,026 - INFO - Chatbot elements hidden via CSS injection.
2026-05-06 12:26:13,245 - INFO - Filled Cardholder Name: ZdMMmEchkqYQFfYHYgCviWjuVFgF
2026-05-06 12:26:14,848 - INFO - Filled Card Number: 9385005903478791
2026-05-06 12:26:16,428 - INFO - Filled Expiry Date: 05/28
2026-05-06 12:26:18,089 - INFO - Filled CVV: 161
2026-05-06 12:26:20,425 - INFO - Clicking 'Preview and Pay'...
2026-05-06 12:26:20,461 - INFO - Chatbot elements hidden via CSS injection.
2026-05-06 12:26:21,180 - INFO - Waiting for Payment Summary card...
2026-05-06 12:26:22,684 - INFO - Starting Final Confirmation Modal...
2026-05-06 12:26:24,022 - INFO - ✅ Account onboarding completed successfully.
2026-05-06 12:26:24,029 - INFO - Finalizing process: Clicking 'Account Summary' button...
2026-05-06 12:26:24,277 - INFO - Step 2: Creating case for account: 2000011526
2026-05-06 12:26:42,048 - INFO - ✅ Full Flow Success!
2026-05-06 12:32:02,930 - INFO - Navigating to Login Page: http://operator-qa.qmaastech.com/
2026-05-06 12:32:05,922 - INFO - Attempting login for user: superadmin_qm@yopmail.com
2026-05-06 12:32:07,684 - INFO - Logging DOM elements BEFORE login click...
2026-05-06 12:32:07,684 - INFO - 
================================================================================
2026-05-06 12:32:07,688 - INFO - DOM SNAPSHOT AT STAGE: Before_Login
2026-05-06 12:32:07,688 - INFO - ================================================================================
2026-05-06 12:32:07,732 - INFO - 
Searching for pop-up elements in page content...
2026-05-06 12:32:08,222 - WARNING - ⚠ No known pop-up selectors found. Checking all visible divs...
2026-05-06 12:32:08,317 - INFO - Total DIV elements on page: 21
2026-05-06 12:32:08,946 - INFO -   Visible DIV 1: class='hero-pills' id='no-id' text='bolt
Real-time
smart_toy
AI-driven
hub
Multi-agenc'
2026-05-06 12:32:09,097 - INFO -   Visible DIV 2: class='auth-panel' id='no-id' text='Welcome Back

Sign in to your account to continue
'
2026-05-06 12:32:09,203 - INFO -   Visible DIV 3: class='auth-card' id='no-id' text='Welcome Back

Sign in to your account to continue
'
2026-05-06 12:32:09,320 - INFO -   Visible DIV 4: class='auth-step' id='no-id' text='Welcome Back

Sign in to your account to continue
'
2026-05-06 12:32:09,495 - INFO -   Visible DIV 5: class='field-wrap' id='no-id' text='Email ID / Username *
person'
2026-05-06 12:32:09,587 - INFO -   Visible DIV 6: class='input-shell' id='no-id' text='person'
2026-05-06 12:32:09,696 - INFO -   Visible DIV 7: class='field-wrap' id='no-id' text='Password *
lock
visibility_off'
2026-05-06 12:32:09,809 - INFO -   Visible DIV 8: class='input-shell' id='no-id' text='lock
visibility_off'
2026-05-06 12:32:09,918 - INFO -   Visible DIV 9: class='auth-bottom-links' id='no-id' text='New user?  Access Account

Forgot password?'
2026-05-06 12:32:09,998 - INFO - 
================================================================================

2026-05-06 12:32:10,604 - INFO - Login button clicked.
2026-05-06 12:32:10,608 - INFO - Taking rapid screenshots and validating pop-up...
2026-05-06 12:32:11,337 - INFO - Screenshot 1 captured - Attempting validation...
2026-05-06 12:32:11,338 - INFO - 
================================================================================
2026-05-06 12:32:11,338 - INFO - STARTING COMPREHENSIVE POP-UP VALIDATION
2026-05-06 12:32:11,338 - INFO - ================================================================================
2026-05-06 12:32:11,368 - INFO - 
[VALIDATION 1] Checking Pop-up Visibility...
2026-05-06 12:32:11,390 - INFO -   Visibility Status: True
2026-05-06 12:32:11,390 - INFO -   PASSED: Pop-up is visible
2026-05-06 12:32:11,390 - INFO - 
[VALIDATION 2] Extracting and Validating Text Content...
2026-05-06 12:32:11,423 - INFO -   Extracted Text: 'Login Successful'
2026-05-06 12:32:11,423 - INFO -   PASSED: Text matches exactly: 'Login Successful'
2026-05-06 12:32:11,423 - INFO - 
[VALIDATION 3] Checking for Typos...
2026-05-06 12:32:11,423 - INFO -   PASSED: No known typos detected
2026-05-06 12:32:11,423 - INFO - 
[VALIDATION 4] Extracting CSS Classes and Attributes...
2026-05-06 12:32:11,455 - INFO -   CSS Classes: snackbar success-snackbar
2026-05-06 12:32:11,455 - INFO -   PASSED: 'success' class is present
2026-05-06 12:32:11,455 - INFO - 
[VALIDATION 5] Checking Element Properties...
2026-05-06 12:32:11,556 - INFO -   ID: Not set
2026-05-06 12:32:11,556 - INFO -   Data-TestID: Not set
2026-05-06 12:32:11,556 - INFO -   Role: Not set
2026-05-06 12:32:11,556 - INFO -   ARIA Label: Not set
2026-05-06 12:32:11,556 - INFO - 
[VALIDATION 6] Checking Position and Size...
2026-05-06 12:32:11,688 - WARNING -   WARNING: Could not get bounding box
2026-05-06 12:32:11,688 - INFO - 
[VALIDATION 7] Checking Computed Styles...
2026-05-06 12:32:11,726 - ERROR - Validation error: TypeError: Failed to execute 'getComputedStyle' on 'Window': parameter 1 is not of type 'Element'.
    at eval (eval at evaluate (:226:30), <anonymous>:1:8)
    at eval (<anonymous>)
    at UtilityScript.evaluate (<anonymous>:226:30)
    at UtilityScript.<anonymous> (<anonymous>:1:44)
2026-05-06 12:32:11,726 - WARNING -   WARNING: Could not check computed styles - element may have disappeared
2026-05-06 12:32:11,726 - INFO - 
================================================================================
2026-05-06 12:32:11,726 - INFO - POP-UP VALIDATION SUMMARY
2026-05-06 12:32:11,728 - INFO - ================================================================================
2026-05-06 12:32:11,728 - INFO -   Visibility: PASSED
2026-05-06 12:32:11,728 - INFO -   Text Match: PASSED
2026-05-06 12:32:11,728 - INFO -   Typo Check: PASSED
2026-05-06 12:32:11,732 - INFO -   CSS Classes: Present
2026-05-06 12:32:11,732 - INFO -   Position & Size: Valid
2026-05-06 12:32:11,732 - INFO -   Computed Styles: Valid
2026-05-06 12:32:11,732 - INFO - ================================================================================

2026-05-06 12:32:11,734 - INFO - ✓ ALL VALIDATIONS PASSED - Pop-up is working correctly!
2026-05-06 12:32:13,437 - INFO - Screenshot 2 captured - Attempting validation...
2026-05-06 12:32:13,442 - INFO - 
================================================================================
2026-05-06 12:32:13,442 - INFO - STARTING COMPREHENSIVE POP-UP VALIDATION
2026-05-06 12:32:13,442 - INFO - ================================================================================
2026-05-06 12:32:13,480 - ERROR - VALIDATION FAILED: Pop-up element not found!
2026-05-06 12:32:13,924 - INFO - Screenshot 3 captured - Attempting validation...
2026-05-06 12:32:13,924 - INFO - 
================================================================================
2026-05-06 12:32:13,924 - INFO - STARTING COMPREHENSIVE POP-UP VALIDATION
2026-05-06 12:32:13,928 - INFO - ================================================================================
2026-05-06 12:32:13,970 - ERROR - VALIDATION FAILED: Pop-up element not found!
2026-05-06 12:32:14,112 - INFO - Logging DOM elements AFTER login click (pop-up should appear here)...
2026-05-06 12:32:14,114 - INFO - 
================================================================================
2026-05-06 12:32:14,114 - INFO - DOM SNAPSHOT AT STAGE: After_Login_Click
2026-05-06 12:32:14,114 - INFO - ================================================================================
2026-05-06 12:32:14,189 - INFO - 
Searching for pop-up elements in page content...
2026-05-06 12:32:14,762 - WARNING - ⚠ No known pop-up selectors found. Checking all visible divs...
2026-05-06 12:32:14,854 - INFO - Total DIV elements on page: 29
2026-05-06 12:32:15,151 - INFO -   Visible DIV 1: class='header-right' id='no-id' text='English
French
Spanish
Quantum Toll Authority
supe'
2026-05-06 12:32:15,273 - INFO -   Visible DIV 2: class='nav-user' id='no-id' text='Quantum Toll Authority
superadmin_qm@yopmail.com'
2026-05-06 12:32:15,475 - INFO -   Visible DIV 3: class='nav-user-info' id='no-id' text='Quantum Toll Authority
superadmin_qm@yopmail.com'
2026-05-06 12:32:15,570 - INFO -   Visible DIV 4: class='uname' id='no-id' text='Quantum Toll Authority'
2026-05-06 12:32:15,692 - INFO -   Visible DIV 5: class='urole' id='no-id' text='superadmin_qm@yopmail.com'
2026-05-06 12:32:15,854 - INFO -   Visible DIV 6: class='main-container' id='no-id' text='dashboard_2
group
decimal_increase
admin_panel_set'
2026-05-06 12:32:15,962 - INFO -   Visible DIV 7: class='inner' id='no-id' text='dashboard_2'
2026-05-06 12:32:16,069 - INFO -   Visible DIV 8: class='inner' id='no-id' text='group'
2026-05-06 12:32:16,210 - INFO -   Visible DIV 9: class='inner' id='no-id' text='decimal_increase'
2026-05-06 12:32:16,349 - INFO -   Visible DIV 10: class='inner' id='no-id' text='admin_panel_settings'
2026-05-06 12:32:16,477 - INFO -   Visible DIV 11: class='inner' id='no-id' text='nest_doorbell_visitor'
2026-05-06 12:32:16,596 - INFO -   Visible DIV 12: class='inner' id='no-id' text='key_visualizer'
2026-05-06 12:32:16,620 - INFO - 
================================================================================

2026-05-06 12:32:16,783 - INFO - Waiting for dashboard URL...
2026-05-06 12:32:16,783 - INFO - 
================================================================================
2026-05-06 12:32:16,787 - INFO - DOM SNAPSHOT AT STAGE: Before_Dashboard_Navigation
2026-05-06 12:32:16,787 - INFO - ================================================================================
2026-05-06 12:32:16,808 - INFO - 
Searching for pop-up elements in page content...
2026-05-06 12:32:17,073 - WARNING - ⚠ No known pop-up selectors found. Checking all visible divs...
2026-05-06 12:32:17,119 - INFO - Total DIV elements on page: 29
2026-05-06 12:32:17,298 - INFO -   Visible DIV 1: class='header-right' id='no-id' text='English
French
Spanish
Quantum Toll Authority
supe'
2026-05-06 12:32:17,373 - INFO -   Visible DIV 2: class='nav-user' id='no-id' text='Quantum Toll Authority
superadmin_qm@yopmail.com'
2026-05-06 12:32:17,540 - INFO -   Visible DIV 3: class='nav-user-info' id='no-id' text='Quantum Toll Authority
superadmin_qm@yopmail.com'
2026-05-06 12:32:17,705 - INFO -   Visible DIV 4: class='uname' id='no-id' text='Quantum Toll Authority'
2026-05-06 12:32:17,831 - INFO -   Visible DIV 5: class='urole' id='no-id' text='superadmin_qm@yopmail.com'
2026-05-06 12:32:17,959 - INFO -   Visible DIV 6: class='main-container' id='no-id' text='dashboard_2
group
decimal_increase
admin_panel_set'
2026-05-06 12:32:18,054 - INFO -   Visible DIV 7: class='inner' id='no-id' text='dashboard_2'
2026-05-06 12:32:18,269 - INFO -   Visible DIV 8: class='inner' id='no-id' text='group'
2026-05-06 12:32:18,446 - INFO -   Visible DIV 9: class='inner' id='no-id' text='decimal_increase'
2026-05-06 12:32:18,619 - INFO -   Visible DIV 10: class='inner' id='no-id' text='admin_panel_settings'
2026-05-06 12:32:18,886 - INFO -   Visible DIV 11: class='inner' id='no-id' text='nest_doorbell_visitor'
2026-05-06 12:32:19,082 - INFO -   Visible DIV 12: class='inner' id='no-id' text='key_visualizer'
2026-05-06 12:32:19,121 - INFO - 
================================================================================

2026-05-06 12:32:19,160 - INFO - Login SUCCESS: Dashboard URL reached.
2026-05-06 12:32:19,690 - INFO - 
================================================================================
2026-05-06 12:32:19,690 - INFO - DOM SNAPSHOT AT STAGE: After_Dashboard_Loaded
2026-05-06 12:32:19,690 - INFO - ================================================================================
2026-05-06 12:32:19,725 - INFO - 
Searching for pop-up elements in page content...
2026-05-06 12:32:20,073 - WARNING - ⚠ No known pop-up selectors found. Checking all visible divs...
2026-05-06 12:32:20,168 - INFO - Total DIV elements on page: 29
2026-05-06 12:32:20,404 - INFO -   Visible DIV 1: class='header-right' id='no-id' text='English
French
Spanish
Quantum Toll Authority
supe'
2026-05-06 12:32:20,500 - INFO -   Visible DIV 2: class='nav-user' id='no-id' text='Quantum Toll Authority
superadmin_qm@yopmail.com'
2026-05-06 12:32:20,659 - INFO -   Visible DIV 3: class='nav-user-info' id='no-id' text='Quantum Toll Authority
superadmin_qm@yopmail.com'
2026-05-06 12:32:20,776 - INFO -   Visible DIV 4: class='uname' id='no-id' text='Quantum Toll Authority'
2026-05-06 12:32:20,899 - INFO -   Visible DIV 5: class='urole' id='no-id' text='superadmin_qm@yopmail.com'
2026-05-06 12:32:21,010 - INFO -   Visible DIV 6: class='main-container' id='no-id' text='dashboard_2
group
decimal_increase
admin_panel_set'
2026-05-06 12:32:21,118 - INFO -   Visible DIV 7: class='inner' id='no-id' text='dashboard_2'
2026-05-06 12:32:21,226 - INFO -   Visible DIV 8: class='inner' id='no-id' text='group'
2026-05-06 12:32:21,381 - INFO -   Visible DIV 9: class='inner' id='no-id' text='decimal_increase'
2026-05-06 12:32:21,545 - INFO -   Visible DIV 10: class='inner' id='no-id' text='admin_panel_settings'
2026-05-06 12:32:21,676 - INFO -   Visible DIV 11: class='inner' id='no-id' text='nest_doorbell_visitor'
2026-05-06 12:32:21,782 - INFO -   Visible DIV 12: class='inner' id='no-id' text='key_visualizer'
2026-05-06 12:32:21,815 - INFO - 
================================================================================

2026-05-06 12:32:21,815 - INFO - Checking for dashboard header 'Welcome to QM Toll portal!'...
2026-05-06 12:32:21,894 - INFO - ✅ Dashboard header found with selector: h4:has-text("Welcome to QM Toll portal!")
2026-05-06 12:32:21,910 - INFO -    Header text: 'Welcome to QM Toll portal!'
2026-05-06 12:32:21,910 - INFO - ✅ DASHBOARD VALIDATION PASSED: 'Welcome to QM Toll portal!' header found
2026-05-06 12:32:22,456 - INFO - Step 1: Navigating and Starting Onboarding...
2026-05-06 12:32:22,456 - INFO - Executing Sidebar Navigation Sequence...
2026-05-06 12:32:25,408 - INFO - Filling Step 1: Account Details...
2026-05-06 12:32:29,350 - INFO - Filled First Name: Jivin
2026-05-06 12:32:30,605 - INFO - Filled Middle Name: QA Team
2026-05-06 12:32:31,914 - INFO - Filled Last Name: Sama
2026-05-06 12:32:33,175 - INFO - Checked: Use Same for Billing
2026-05-06 12:32:34,416 - INFO - Checked: Use Same for Shipping
2026-05-06 12:32:35,668 - INFO - Checked: Primary Address
2026-05-06 12:32:39,655 - INFO - Filled Address: 123 Automation Blvd
2026-05-06 12:32:40,892 - INFO - Filled Zip Code: 12345
2026-05-06 12:32:42,641 - INFO - Filled Phone: 7817082694
2026-05-06 12:32:43,857 - INFO - Filled Email: jivin.sama93@testmail.com
2026-05-06 12:32:45,142 - INFO - Filled Confirm Email: jivin.sama93@testmail.com
2026-05-06 12:32:45,145 - INFO - Clicking Save & Next...
2026-05-06 12:32:45,190 - INFO - Chatbot elements hidden via CSS injection.
2026-05-06 12:32:47,099 - INFO - Step 1 Submitted.
2026-05-06 12:32:47,099 - INFO - Adding 1 Vehicle(s)...
2026-05-06 12:32:47,490 - INFO - Step 2 loaded successfully.
2026-05-06 12:32:47,522 - INFO - Chatbot elements hidden via CSS injection.
2026-05-06 12:32:48,999 - INFO - Filled Plate 1: QA6897GP
2026-05-06 12:32:53,669 - INFO - Filled Plate Start Date: 2026-05-06
2026-05-06 12:33:05,003 - INFO - Clicking 'Add' button for Vehicle 1...
2026-05-06 12:33:05,019 - INFO - Chatbot elements hidden via CSS injection.
2026-05-06 12:33:08,283 - INFO - Vehicle 1 added successfully.
2026-05-06 12:33:09,802 - INFO - Highlighting and clicking 'Next' button...
2026-05-06 12:33:09,834 - INFO - Chatbot elements hidden via CSS injection.
2026-05-06 12:33:12,724 - INFO - Captured Permanent Account Number: 2000011527
2026-05-06 12:33:12,724 - INFO - Account 2000011527 saved to SharedData.
2026-05-06 12:33:12,724 - INFO - Starting Step 3: Payment Information...
2026-05-06 12:33:12,742 - INFO - Chatbot elements hidden via CSS injection.
2026-05-06 12:33:17,061 - INFO - Filled Cardholder Name: EzulVZfwwHUUpasQGUpg
2026-05-06 12:33:18,661 - INFO - Filled Card Number: 6078150880544152
2026-05-06 12:33:20,263 - INFO - Filled Expiry Date: 05/28
2026-05-06 12:33:21,780 - INFO - Filled CVV: 563
2026-05-06 12:33:24,077 - INFO - Clicking 'Preview and Pay'...
2026-05-06 12:33:24,163 - INFO - Chatbot elements hidden via CSS injection.
2026-05-06 12:33:25,095 - INFO - Waiting for Payment Summary card...
2026-05-06 12:33:26,713 - INFO - Starting Final Confirmation Modal...
2026-05-06 12:33:28,115 - INFO - ✅ Account onboarding completed successfully.
2026-05-06 12:33:28,115 - INFO - Finalizing process: Clicking 'Account Summary' button...
2026-05-06 12:33:28,391 - INFO - Step 2: Creating case for account: 2000011527
2026-05-06 12:33:46,845 - INFO - ✅ Full Flow Success!
2026-05-06 13:51:32,175 - INFO - Navigating to Login Page: http://operator-qa.qmaastech.com/
2026-05-06 13:51:34,691 - INFO - Attempting login for user: superadmin_qm@yopmail.com
2026-05-06 13:51:36,439 - INFO - Logging DOM elements BEFORE login click...
2026-05-06 13:51:36,439 - INFO - 
================================================================================
2026-05-06 13:51:36,439 - INFO - DOM SNAPSHOT AT STAGE: Before_Login
2026-05-06 13:51:36,439 - INFO - ================================================================================
2026-05-06 13:51:36,472 - INFO - 
Searching for pop-up elements in page content...
2026-05-06 13:51:36,935 - WARNING - ⚠ No known pop-up selectors found. Checking all visible divs...
2026-05-06 13:51:36,985 - INFO - Total DIV elements on page: 21
2026-05-06 13:51:37,585 - INFO -   Visible DIV 1: class='hero-pills' id='no-id' text='bolt
Real-time
smart_toy
AI-driven
hub
Multi-agenc'
2026-05-06 13:51:37,719 - INFO -   Visible DIV 2: class='auth-panel' id='no-id' text='Welcome Back

Sign in to your account to continue
'
2026-05-06 13:51:37,828 - INFO -   Visible DIV 3: class='auth-card' id='no-id' text='Welcome Back

Sign in to your account to continue
'
2026-05-06 13:51:37,919 - INFO -   Visible DIV 4: class='auth-step' id='no-id' text='Welcome Back

Sign in to your account to continue
'
2026-05-06 13:51:38,070 - INFO -   Visible DIV 5: class='field-wrap' id='no-id' text='Email ID / Username *
person'
2026-05-06 13:51:38,185 - INFO -   Visible DIV 6: class='input-shell' id='no-id' text='person'
2026-05-06 13:51:38,289 - INFO -   Visible DIV 7: class='field-wrap' id='no-id' text='Password *
lock
visibility_off'
2026-05-06 13:51:38,401 - INFO -   Visible DIV 8: class='input-shell' id='no-id' text='lock
visibility_off'
2026-05-06 13:51:38,502 - INFO -   Visible DIV 9: class='auth-bottom-links' id='no-id' text='New user?  Access Account

Forgot password?'
2026-05-06 13:51:38,596 - INFO - 
================================================================================

2026-05-06 13:51:39,215 - INFO - Login button clicked.
2026-05-06 13:51:39,222 - INFO - Taking rapid screenshots and validating pop-up...
2026-05-06 13:51:39,891 - INFO - Screenshot 1 captured - Attempting validation...
2026-05-06 13:51:39,891 - INFO - 
================================================================================
2026-05-06 13:51:39,891 - INFO - STARTING COMPREHENSIVE POP-UP VALIDATION
2026-05-06 13:51:39,891 - INFO - ================================================================================
2026-05-06 13:51:39,920 - INFO - 
[VALIDATION 1] Checking Pop-up Visibility...
2026-05-06 13:51:39,952 - INFO -   Visibility Status: True
2026-05-06 13:51:39,952 - INFO -   PASSED: Pop-up is visible
2026-05-06 13:51:39,952 - INFO - 
[VALIDATION 2] Extracting and Validating Text Content...
2026-05-06 13:51:39,982 - INFO -   Extracted Text: 'Login Successful'
2026-05-06 13:51:39,982 - INFO -   PASSED: Text matches exactly: 'Login Successful'
2026-05-06 13:51:39,982 - INFO - 
[VALIDATION 3] Checking for Typos...
2026-05-06 13:51:39,982 - INFO -   PASSED: No known typos detected
2026-05-06 13:51:39,982 - INFO - 
[VALIDATION 4] Extracting CSS Classes and Attributes...
2026-05-06 13:51:40,002 - INFO -   CSS Classes: snackbar success-snackbar
2026-05-06 13:51:40,002 - INFO -   PASSED: 'success' class is present
2026-05-06 13:51:40,002 - INFO - 
[VALIDATION 5] Checking Element Properties...
2026-05-06 13:51:40,101 - INFO -   ID: Not set
2026-05-06 13:51:40,102 - INFO -   Data-TestID: Not set
2026-05-06 13:51:40,102 - INFO -   Role: Not set
2026-05-06 13:51:40,102 - INFO -   ARIA Label: Not set
2026-05-06 13:51:40,102 - INFO - 
[VALIDATION 6] Checking Position and Size...
2026-05-06 13:51:40,119 - INFO -   X: 1230, Y: 20
2026-05-06 13:51:40,119 - INFO -   Width: 250, Height: 43.5
2026-05-06 13:51:40,119 - INFO -   PASSED: Element has valid dimensions
2026-05-06 13:51:40,128 - INFO - 
[VALIDATION 7] Checking Computed Styles...
2026-05-06 13:51:40,170 - INFO -   Display: block
2026-05-06 13:51:40,170 - INFO -   Opacity: 1
2026-05-06 13:51:40,170 - INFO -   PASSED: Element is displayed with proper opacity
2026-05-06 13:51:40,170 - INFO - 
================================================================================
2026-05-06 13:51:40,170 - INFO - POP-UP VALIDATION SUMMARY
2026-05-06 13:51:40,170 - INFO - ================================================================================
2026-05-06 13:51:40,170 - INFO -   Visibility: PASSED
2026-05-06 13:51:40,170 - INFO -   Text Match: PASSED
2026-05-06 13:51:40,170 - INFO -   Typo Check: PASSED
2026-05-06 13:51:40,170 - INFO -   CSS Classes: Present
2026-05-06 13:51:40,170 - INFO -   Position & Size: Valid
2026-05-06 13:51:40,170 - INFO -   Computed Styles: Valid
2026-05-06 13:51:40,170 - INFO - ================================================================================

2026-05-06 13:51:40,170 - INFO - ✓ ALL VALIDATIONS PASSED - Pop-up is working correctly!
2026-05-06 13:51:40,642 - INFO - Screenshot 2 captured - Attempting validation...
2026-05-06 13:51:40,642 - INFO - 
================================================================================
2026-05-06 13:51:40,642 - INFO - STARTING COMPREHENSIVE POP-UP VALIDATION
2026-05-06 13:51:40,642 - INFO - ================================================================================
2026-05-06 13:51:40,671 - ERROR - VALIDATION FAILED: Pop-up element not found!
2026-05-06 13:51:42,201 - INFO - Screenshot 3 captured - Attempting validation...
2026-05-06 13:51:42,202 - INFO - 
================================================================================
2026-05-06 13:51:42,202 - INFO - STARTING COMPREHENSIVE POP-UP VALIDATION
2026-05-06 13:51:42,203 - INFO - ================================================================================
2026-05-06 13:51:42,252 - ERROR - VALIDATION FAILED: Pop-up element not found!
2026-05-06 13:51:42,386 - INFO - Logging DOM elements AFTER login click (pop-up should appear here)...
2026-05-06 13:51:42,389 - INFO - 
================================================================================
2026-05-06 13:51:42,389 - INFO - DOM SNAPSHOT AT STAGE: After_Login_Click
2026-05-06 13:51:42,390 - INFO - ================================================================================
2026-05-06 13:51:42,423 - INFO - 
Searching for pop-up elements in page content...
2026-05-06 13:51:42,779 - WARNING - ⚠ No known pop-up selectors found. Checking all visible divs...
2026-05-06 13:51:42,841 - INFO - Total DIV elements on page: 29
2026-05-06 13:51:43,113 - INFO -   Visible DIV 1: class='header-right' id='no-id' text='English
French
Spanish
Quantum Toll Authority
supe'
2026-05-06 13:51:43,248 - INFO -   Visible DIV 2: class='nav-user' id='no-id' text='Quantum Toll Authority
superadmin_qm@yopmail.com'
2026-05-06 13:51:43,444 - INFO -   Visible DIV 3: class='nav-user-info' id='no-id' text='Quantum Toll Authority
superadmin_qm@yopmail.com'
2026-05-06 13:51:43,580 - INFO -   Visible DIV 4: class='uname' id='no-id' text='Quantum Toll Authority'
2026-05-06 13:51:43,714 - INFO -   Visible DIV 5: class='urole' id='no-id' text='superadmin_qm@yopmail.com'
2026-05-06 13:51:43,829 - INFO -   Visible DIV 6: class='main-container' id='no-id' text='dashboard_2
group
decimal_increase
admin_panel_set'
2026-05-06 13:51:43,946 - INFO -   Visible DIV 7: class='inner' id='no-id' text='dashboard_2'
2026-05-06 13:51:44,056 - INFO -   Visible DIV 8: class='inner' id='no-id' text='group'
2026-05-06 13:51:44,212 - INFO -   Visible DIV 9: class='inner' id='no-id' text='decimal_increase'
2026-05-06 13:51:44,364 - INFO -   Visible DIV 10: class='inner' id='no-id' text='admin_panel_settings'
2026-05-06 13:51:44,512 - INFO -   Visible DIV 11: class='inner' id='no-id' text='nest_doorbell_visitor'
2026-05-06 13:51:44,658 - INFO -   Visible DIV 12: class='inner' id='no-id' text='key_visualizer'
2026-05-06 13:51:44,684 - INFO - 
================================================================================

2026-05-06 13:51:45,214 - INFO - Waiting for dashboard URL...
2026-05-06 13:51:45,215 - INFO - 
================================================================================
2026-05-06 13:51:45,215 - INFO - DOM SNAPSHOT AT STAGE: Before_Dashboard_Navigation
2026-05-06 13:51:45,216 - INFO - ================================================================================
2026-05-06 13:51:45,253 - INFO - 
Searching for pop-up elements in page content...
2026-05-06 13:51:45,526 - WARNING - ⚠ No known pop-up selectors found. Checking all visible divs...
2026-05-06 13:51:45,572 - INFO - Total DIV elements on page: 29
2026-05-06 13:51:45,755 - INFO -   Visible DIV 1: class='header-right' id='no-id' text='English
French
Spanish
Quantum Toll Authority
supe'
2026-05-06 13:51:45,872 - INFO -   Visible DIV 2: class='nav-user' id='no-id' text='Quantum Toll Authority
superadmin_qm@yopmail.com'
2026-05-06 13:51:46,039 - INFO -   Visible DIV 3: class='nav-user-info' id='no-id' text='Quantum Toll Authority
superadmin_qm@yopmail.com'
2026-05-06 13:51:46,145 - INFO -   Visible DIV 4: class='uname' id='no-id' text='Quantum Toll Authority'
2026-05-06 13:51:46,237 - INFO -   Visible DIV 5: class='urole' id='no-id' text='superadmin_qm@yopmail.com'
2026-05-06 13:51:46,354 - INFO -   Visible DIV 6: class='main-container' id='no-id' text='dashboard_2
group
decimal_increase
admin_panel_set'
2026-05-06 13:51:46,455 - INFO -   Visible DIV 7: class='inner' id='no-id' text='dashboard_2'
2026-05-06 13:51:46,569 - INFO -   Visible DIV 8: class='inner' id='no-id' text='group'
2026-05-06 13:51:46,705 - INFO -   Visible DIV 9: class='inner' id='no-id' text='decimal_increase'
2026-05-06 13:51:46,854 - INFO -   Visible DIV 10: class='inner' id='no-id' text='admin_panel_settings'
2026-05-06 13:51:46,990 - INFO -   Visible DIV 11: class='inner' id='no-id' text='nest_doorbell_visitor'
2026-05-06 13:51:47,118 - INFO -   Visible DIV 12: class='inner' id='no-id' text='key_visualizer'
2026-05-06 13:51:47,140 - INFO - 
================================================================================

2026-05-06 13:51:47,170 - INFO - Login SUCCESS: Dashboard URL reached.
2026-05-06 13:51:47,703 - INFO - 
================================================================================
2026-05-06 13:51:47,714 - INFO - DOM SNAPSHOT AT STAGE: After_Dashboard_Loaded
2026-05-06 13:51:47,714 - INFO - ================================================================================
2026-05-06 13:51:47,754 - INFO - 
Searching for pop-up elements in page content...
2026-05-06 13:51:48,105 - WARNING - ⚠ No known pop-up selectors found. Checking all visible divs...
2026-05-06 13:51:48,170 - INFO - Total DIV elements on page: 29
2026-05-06 13:51:48,404 - INFO -   Visible DIV 1: class='header-right' id='no-id' text='English
French
Spanish
Quantum Toll Authority
supe'
2026-05-06 13:51:48,520 - INFO -   Visible DIV 2: class='nav-user' id='no-id' text='Quantum Toll Authority
superadmin_qm@yopmail.com'
2026-05-06 13:51:48,685 - INFO -   Visible DIV 3: class='nav-user-info' id='no-id' text='Quantum Toll Authority
superadmin_qm@yopmail.com'
2026-05-06 13:51:48,778 - INFO -   Visible DIV 4: class='uname' id='no-id' text='Quantum Toll Authority'
2026-05-06 13:51:48,870 - INFO -   Visible DIV 5: class='urole' id='no-id' text='superadmin_qm@yopmail.com'
2026-05-06 13:51:48,977 - INFO -   Visible DIV 6: class='main-container' id='no-id' text='dashboard_2
group
decimal_increase
admin_panel_set'
2026-05-06 13:51:49,072 - INFO -   Visible DIV 7: class='inner' id='no-id' text='dashboard_2'
2026-05-06 13:51:49,173 - INFO -   Visible DIV 8: class='inner' id='no-id' text='group'
2026-05-06 13:51:49,295 - INFO -   Visible DIV 9: class='inner' id='no-id' text='decimal_increase'
2026-05-06 13:51:49,403 - INFO -   Visible DIV 10: class='inner' id='no-id' text='admin_panel_settings'
2026-05-06 13:51:49,522 - INFO -   Visible DIV 11: class='inner' id='no-id' text='nest_doorbell_visitor'
2026-05-06 13:51:49,654 - INFO -   Visible DIV 12: class='inner' id='no-id' text='key_visualizer'
2026-05-06 13:51:49,672 - INFO - 
================================================================================

2026-05-06 13:51:49,672 - INFO - Checking for dashboard header 'Welcome to QM Toll portal!'...
2026-05-06 13:51:49,763 - INFO - ✅ Dashboard header found with selector: h4:has-text("Welcome to QM Toll portal!")
2026-05-06 13:51:49,763 - INFO -    Header text: 'Welcome to QM Toll portal!'
2026-05-06 13:51:49,763 - INFO - ✅ DASHBOARD VALIDATION PASSED: 'Welcome to QM Toll portal!' header found
2026-05-06 13:51:50,385 - INFO - Step 1: Navigating and Starting Onboarding...
2026-05-06 13:51:50,387 - INFO - Executing Sidebar Navigation Sequence...
2026-05-06 13:51:53,408 - INFO - Filling Step 1: Account Details...
2026-05-06 13:51:57,364 - INFO - Filled First Name: Keya
2026-05-06 13:51:58,564 - INFO - Filled Middle Name: QA Team
2026-05-06 13:51:59,784 - INFO - Filled Last Name: Salvi
2026-05-06 13:52:00,971 - INFO - Checked: Use Same for Billing
2026-05-06 13:52:02,138 - INFO - Checked: Use Same for Shipping
2026-05-06 13:52:03,286 - INFO - Checked: Primary Address
2026-05-06 13:52:07,121 - INFO - Filled Address: 123 Automation Blvd
2026-05-06 13:52:08,304 - INFO - Filled Zip Code: 12345
2026-05-06 13:52:10,020 - INFO - Filled Phone: 8345216394
2026-05-06 13:52:11,223 - INFO - Filled Email: keya.salvi83@testmail.com
2026-05-06 13:52:12,403 - INFO - Filled Confirm Email: keya.salvi83@testmail.com
2026-05-06 13:52:12,404 - INFO - Clicking Save & Next...
2026-05-06 13:52:12,404 - INFO - Finalizing Step 1: Disabling chatbot interference...
2026-05-06 13:52:12,421 - INFO - Chatbot elements hidden via CSS injection.
2026-05-06 13:52:13,012 - INFO - Triggering Atomic Click on Save & Next...
2026-05-06 13:52:13,049 - INFO - Step 1 Submitted - Navigation to Vehicles should be clean.
2026-05-06 13:52:13,051 - INFO - Adding 1 Vehicle(s)...
2026-05-06 13:52:13,474 - INFO - Step 2 loaded successfully.
2026-05-06 13:52:13,492 - INFO - Chatbot elements hidden via CSS injection.
2026-05-06 13:52:14,668 - INFO - Filled Plate 1: QA2952GP
2026-05-06 13:52:19,055 - INFO - Filled Plate Start Date: 2026-05-06
2026-05-06 13:52:30,142 - INFO - Clicking 'Add' button for Vehicle 1...
2026-05-06 13:52:30,155 - INFO - Chatbot elements hidden via CSS injection.
2026-05-06 13:52:33,335 - INFO - Vehicle 1 added successfully.
2026-05-06 13:52:34,851 - INFO - Highlighting and clicking 'Next' button...
2026-05-06 13:52:34,866 - INFO - Chatbot elements hidden via CSS injection.
2026-05-06 13:52:37,612 - INFO - Captured Permanent Account Number: 2000011530
2026-05-06 13:52:37,612 - INFO - Account 2000011530 saved to SharedData.
2026-05-06 13:52:37,612 - INFO - Starting Step 3: Payment Information...
2026-05-06 13:52:37,637 - INFO - Chatbot elements hidden via CSS injection.
2026-05-06 13:52:41,527 - INFO - Filled Cardholder Name: yNFnBVObNosOVMyUIRtKIlDuYlZzKNwgYFRvlslfvW
2026-05-06 13:52:42,811 - INFO - Filled Card Number: 5655461515785003
2026-05-06 13:52:44,025 - INFO - Filled Expiry Date: 05/28
2026-05-06 13:52:45,260 - INFO - Filled CVV: 920
2026-05-06 13:52:47,425 - INFO - Clicking 'Preview and Pay'...
2026-05-06 13:52:47,434 - INFO - Chatbot elements hidden via CSS injection.
2026-05-06 13:52:48,095 - INFO - Waiting for Payment Summary card...
2026-05-06 13:52:49,549 - INFO - Starting Final Confirmation Modal...
2026-05-06 13:52:50,530 - INFO - ✅ Account onboarding completed successfully.
2026-05-06 13:52:50,530 - INFO - Finalizing process: Clicking 'Account Summary' button...
2026-05-06 13:52:50,756 - INFO - Step 2: Creating case for account: 2000011530
2026-05-06 13:53:07,276 - INFO - ✅ Full Flow Success!
2026-05-06 13:53:20,538 - INFO - Navigating to Login Page: http://operator-qa.qmaastech.com/
2026-05-06 13:53:23,051 - INFO - Attempting login for user: superadmin_qm@yopmail.com
2026-05-06 13:53:24,885 - INFO - Logging DOM elements BEFORE login click...
2026-05-06 13:53:24,885 - INFO - 
================================================================================
2026-05-06 13:53:24,885 - INFO - DOM SNAPSHOT AT STAGE: Before_Login
2026-05-06 13:53:24,890 - INFO - ================================================================================
2026-05-06 13:53:24,928 - INFO - 
Searching for pop-up elements in page content...
2026-05-06 13:53:25,300 - WARNING - ⚠ No known pop-up selectors found. Checking all visible divs...
2026-05-06 13:53:25,345 - INFO - Total DIV elements on page: 21
2026-05-06 13:53:25,953 - INFO -   Visible DIV 1: class='hero-pills' id='no-id' text='bolt
Real-time
smart_toy
AI-driven
hub
Multi-agenc'
2026-05-06 13:53:26,112 - INFO -   Visible DIV 2: class='auth-panel' id='no-id' text='Welcome Back

Sign in to your account to continue
'
2026-05-06 13:53:26,208 - INFO -   Visible DIV 3: class='auth-card' id='no-id' text='Welcome Back

Sign in to your account to continue
'
2026-05-06 13:53:26,304 - INFO -   Visible DIV 4: class='auth-step' id='no-id' text='Welcome Back

Sign in to your account to continue
'
2026-05-06 13:53:26,454 - INFO -   Visible DIV 5: class='field-wrap' id='no-id' text='Email ID / Username *
person'
2026-05-06 13:53:26,549 - INFO -   Visible DIV 6: class='input-shell' id='no-id' text='person'
2026-05-06 13:53:26,637 - INFO -   Visible DIV 7: class='field-wrap' id='no-id' text='Password *
lock
visibility_off'
2026-05-06 13:53:26,737 - INFO -   Visible DIV 8: class='input-shell' id='no-id' text='lock
visibility_off'
2026-05-06 13:53:26,817 - INFO -   Visible DIV 9: class='auth-bottom-links' id='no-id' text='New user?  Access Account

Forgot password?'
2026-05-06 13:53:26,943 - INFO - 
================================================================================

2026-05-06 13:53:27,551 - INFO - Login button clicked.
2026-05-06 13:53:27,557 - INFO - Taking rapid screenshots and validating pop-up...
2026-05-06 13:53:28,279 - INFO - Screenshot 1 captured - Attempting validation...
2026-05-06 13:53:28,280 - INFO - 
================================================================================
2026-05-06 13:53:28,280 - INFO - STARTING COMPREHENSIVE POP-UP VALIDATION
2026-05-06 13:53:28,280 - INFO - ================================================================================
2026-05-06 13:53:28,309 - INFO - 
[VALIDATION 1] Checking Pop-up Visibility...
2026-05-06 13:53:28,340 - INFO -   Visibility Status: True
2026-05-06 13:53:28,340 - INFO -   PASSED: Pop-up is visible
2026-05-06 13:53:28,340 - INFO - 
[VALIDATION 2] Extracting and Validating Text Content...
2026-05-06 13:53:28,376 - INFO -   Extracted Text: 'Login Successful'
2026-05-06 13:53:28,381 - INFO -   PASSED: Text matches exactly: 'Login Successful'
2026-05-06 13:53:28,386 - INFO - 
[VALIDATION 3] Checking for Typos...
2026-05-06 13:53:28,390 - INFO -   PASSED: No known typos detected
2026-05-06 13:53:28,398 - INFO - 
[VALIDATION 4] Extracting CSS Classes and Attributes...
2026-05-06 13:53:28,421 - INFO -   CSS Classes: snackbar success-snackbar
2026-05-06 13:53:28,421 - INFO -   PASSED: 'success' class is present
2026-05-06 13:53:28,421 - INFO - 
[VALIDATION 5] Checking Element Properties...
2026-05-06 13:53:28,544 - INFO -   ID: Not set
2026-05-06 13:53:28,553 - INFO -   Data-TestID: Not set
2026-05-06 13:53:28,553 - INFO -   Role: Not set
2026-05-06 13:53:28,555 - INFO -   ARIA Label: Not set
2026-05-06 13:53:28,557 - INFO - 
[VALIDATION 6] Checking Position and Size...
2026-05-06 13:53:28,574 - INFO -   X: 1230, Y: 20
2026-05-06 13:53:28,574 - INFO -   Width: 250, Height: 43.5
2026-05-06 13:53:28,574 - INFO -   PASSED: Element has valid dimensions
2026-05-06 13:53:28,574 - INFO - 
[VALIDATION 7] Checking Computed Styles...
2026-05-06 13:53:28,641 - INFO -   Display: block
2026-05-06 13:53:28,641 - INFO -   Opacity: 1
2026-05-06 13:53:28,641 - INFO -   PASSED: Element is displayed with proper opacity
2026-05-06 13:53:28,641 - INFO - 
================================================================================
2026-05-06 13:53:28,641 - INFO - POP-UP VALIDATION SUMMARY
2026-05-06 13:53:28,641 - INFO - ================================================================================
2026-05-06 13:53:28,641 - INFO -   Visibility: PASSED
2026-05-06 13:53:28,641 - INFO -   Text Match: PASSED
2026-05-06 13:53:28,641 - INFO -   Typo Check: PASSED
2026-05-06 13:53:28,641 - INFO -   CSS Classes: Present
2026-05-06 13:53:28,641 - INFO -   Position & Size: Valid
2026-05-06 13:53:28,641 - INFO -   Computed Styles: Valid
2026-05-06 13:53:28,641 - INFO - ================================================================================

2026-05-06 13:53:28,641 - INFO - ✓ ALL VALIDATIONS PASSED - Pop-up is working correctly!
2026-05-06 13:53:29,072 - INFO - Screenshot 2 captured - Attempting validation...
2026-05-06 13:53:29,072 - INFO - 
================================================================================
2026-05-06 13:53:29,072 - INFO - STARTING COMPREHENSIVE POP-UP VALIDATION
2026-05-06 13:53:29,072 - INFO - ================================================================================
2026-05-06 13:53:29,109 - ERROR - VALIDATION FAILED: Pop-up element not found!
2026-05-06 13:53:30,751 - INFO - Screenshot 3 captured - Attempting validation...
2026-05-06 13:53:30,752 - INFO - 
================================================================================
2026-05-06 13:53:30,752 - INFO - STARTING COMPREHENSIVE POP-UP VALIDATION
2026-05-06 13:53:30,754 - INFO - ================================================================================
2026-05-06 13:53:30,785 - ERROR - VALIDATION FAILED: Pop-up element not found!
2026-05-06 13:53:30,924 - INFO - Logging DOM elements AFTER login click (pop-up should appear here)...
2026-05-06 13:53:30,926 - INFO - 
================================================================================
2026-05-06 13:53:30,928 - INFO - DOM SNAPSHOT AT STAGE: After_Login_Click
2026-05-06 13:53:30,928 - INFO - ================================================================================
2026-05-06 13:53:30,970 - INFO - 
Searching for pop-up elements in page content...
2026-05-06 13:53:31,413 - WARNING - ⚠ No known pop-up selectors found. Checking all visible divs...
2026-05-06 13:53:31,481 - INFO - Total DIV elements on page: 29
2026-05-06 13:53:31,831 - INFO -   Visible DIV 1: class='header-right' id='no-id' text='English
French
Spanish
Quantum Toll Authority
supe'
2026-05-06 13:53:31,998 - INFO -   Visible DIV 2: class='nav-user' id='no-id' text='Quantum Toll Authority
superadmin_qm@yopmail.com'
2026-05-06 13:53:32,234 - INFO -   Visible DIV 3: class='nav-user-info' id='no-id' text='Quantum Toll Authority
superadmin_qm@yopmail.com'
2026-05-06 13:53:32,369 - INFO -   Visible DIV 4: class='uname' id='no-id' text='Quantum Toll Authority'
2026-05-06 13:53:32,530 - INFO -   Visible DIV 5: class='urole' id='no-id' text='superadmin_qm@yopmail.com'
2026-05-06 13:53:32,677 - INFO -   Visible DIV 6: class='main-container' id='no-id' text='dashboard_2
group
decimal_increase
admin_panel_set'
2026-05-06 13:53:32,814 - INFO -   Visible DIV 7: class='inner' id='no-id' text='dashboard_2'
2026-05-06 13:53:32,956 - INFO -   Visible DIV 8: class='inner' id='no-id' text='group'
2026-05-06 13:53:33,132 - INFO -   Visible DIV 9: class='inner' id='no-id' text='decimal_increase'
2026-05-06 13:53:33,296 - INFO -   Visible DIV 10: class='inner' id='no-id' text='admin_panel_settings'
2026-05-06 13:53:33,456 - INFO -   Visible DIV 11: class='inner' id='no-id' text='nest_doorbell_visitor'
2026-05-06 13:53:33,610 - INFO -   Visible DIV 12: class='inner' id='no-id' text='key_visualizer'
2026-05-06 13:53:33,639 - INFO - 
================================================================================

2026-05-06 13:53:34,094 - INFO - Waiting for dashboard URL...
2026-05-06 13:53:34,095 - INFO - 
================================================================================
2026-05-06 13:53:34,096 - INFO - DOM SNAPSHOT AT STAGE: Before_Dashboard_Navigation
2026-05-06 13:53:34,096 - INFO - ================================================================================
2026-05-06 13:53:34,130 - INFO - 
Searching for pop-up elements in page content...
2026-05-06 13:53:34,421 - WARNING - ⚠ No known pop-up selectors found. Checking all visible divs...
2026-05-06 13:53:34,471 - INFO - Total DIV elements on page: 29
2026-05-06 13:53:34,672 - INFO -   Visible DIV 1: class='header-right' id='no-id' text='English
French
Spanish
Quantum Toll Authority
supe'
2026-05-06 13:53:34,781 - INFO -   Visible DIV 2: class='nav-user' id='no-id' text='Quantum Toll Authority
superadmin_qm@yopmail.com'
2026-05-06 13:53:34,921 - INFO -   Visible DIV 3: class='nav-user-info' id='no-id' text='Quantum Toll Authority
superadmin_qm@yopmail.com'
2026-05-06 13:53:35,021 - INFO -   Visible DIV 4: class='uname' id='no-id' text='Quantum Toll Authority'
2026-05-06 13:53:35,121 - INFO -   Visible DIV 5: class='urole' id='no-id' text='superadmin_qm@yopmail.com'
2026-05-06 13:53:35,211 - INFO -   Visible DIV 6: class='main-container' id='no-id' text='dashboard_2
group
decimal_increase
admin_panel_set'
2026-05-06 13:53:35,321 - INFO -   Visible DIV 7: class='inner' id='no-id' text='dashboard_2'
2026-05-06 13:53:35,410 - INFO -   Visible DIV 8: class='inner' id='no-id' text='group'
2026-05-06 13:53:35,521 - INFO -   Visible DIV 9: class='inner' id='no-id' text='decimal_increase'
2026-05-06 13:53:35,639 - INFO -   Visible DIV 10: class='inner' id='no-id' text='admin_panel_settings'
2026-05-06 13:53:35,774 - INFO -   Visible DIV 11: class='inner' id='no-id' text='nest_doorbell_visitor'
2026-05-06 13:53:35,907 - INFO -   Visible DIV 12: class='inner' id='no-id' text='key_visualizer'
2026-05-06 13:53:35,948 - INFO - 
================================================================================

2026-05-06 13:53:35,997 - INFO - Login SUCCESS: Dashboard URL reached.
2026-05-06 13:53:36,523 - INFO - 
================================================================================
2026-05-06 13:53:36,523 - INFO - DOM SNAPSHOT AT STAGE: After_Dashboard_Loaded
2026-05-06 13:53:36,523 - INFO - ================================================================================
2026-05-06 13:53:36,555 - INFO - 
Searching for pop-up elements in page content...
2026-05-06 13:53:36,855 - WARNING - ⚠ No known pop-up selectors found. Checking all visible divs...
2026-05-06 13:53:36,910 - INFO - Total DIV elements on page: 29
2026-05-06 13:53:37,111 - INFO -   Visible DIV 1: class='header-right' id='no-id' text='English
French
Spanish
Quantum Toll Authority
supe'
2026-05-06 13:53:37,209 - INFO -   Visible DIV 2: class='nav-user' id='no-id' text='Quantum Toll Authority
superadmin_qm@yopmail.com'
2026-05-06 13:53:37,354 - INFO -   Visible DIV 3: class='nav-user-info' id='no-id' text='Quantum Toll Authority
superadmin_qm@yopmail.com'
2026-05-06 13:53:37,455 - INFO -   Visible DIV 4: class='uname' id='no-id' text='Quantum Toll Authority'
2026-05-06 13:53:37,569 - INFO -   Visible DIV 5: class='urole' id='no-id' text='superadmin_qm@yopmail.com'
2026-05-06 13:53:37,651 - INFO -   Visible DIV 6: class='main-container' id='no-id' text='dashboard_2
group
decimal_increase
admin_panel_set'
2026-05-06 13:53:37,738 - INFO -   Visible DIV 7: class='inner' id='no-id' text='dashboard_2'
2026-05-06 13:53:37,838 - INFO -   Visible DIV 8: class='inner' id='no-id' text='group'
2026-05-06 13:53:38,012 - INFO -   Visible DIV 9: class='inner' id='no-id' text='decimal_increase'
2026-05-06 13:53:38,129 - INFO -   Visible DIV 10: class='inner' id='no-id' text='admin_panel_settings'
2026-05-06 13:53:38,256 - INFO -   Visible DIV 11: class='inner' id='no-id' text='nest_doorbell_visitor'
2026-05-06 13:53:38,388 - INFO -   Visible DIV 12: class='inner' id='no-id' text='key_visualizer'
2026-05-06 13:53:38,418 - INFO - 
================================================================================

2026-05-06 13:53:38,421 - INFO - Checking for dashboard header 'Welcome to QM Toll portal!'...
2026-05-06 13:53:38,491 - INFO - ✅ Dashboard header found with selector: h4:has-text("Welcome to QM Toll portal!")
2026-05-06 13:53:38,491 - INFO -    Header text: 'Welcome to QM Toll portal!'
2026-05-06 13:53:38,491 - INFO - ✅ DASHBOARD VALIDATION PASSED: 'Welcome to QM Toll portal!' header found
2026-05-06 13:53:39,037 - INFO - Step 1: Navigating and Starting Onboarding...
2026-05-06 13:53:39,038 - INFO - Executing Sidebar Navigation Sequence...
2026-05-06 13:53:42,059 - INFO - Filling Step 1: Account Details...
2026-05-06 13:53:45,847 - INFO - Filled First Name: Bhavin
2026-05-06 13:53:47,071 - INFO - Filled Middle Name: QA Team
2026-05-06 13:53:48,278 - INFO - Filled Last Name: Goda
2026-05-06 13:53:49,475 - INFO - Checked: Use Same for Billing
2026-05-06 13:53:50,676 - INFO - Checked: Use Same for Shipping
2026-05-06 13:53:51,847 - INFO - Checked: Primary Address
2026-05-06 13:53:55,658 - INFO - Filled Address: 123 Automation Blvd
2026-05-06 13:53:56,817 - INFO - Filled Zip Code: 12345
2026-05-06 13:53:58,551 - INFO - Filled Phone: 8770895413
2026-05-06 13:53:59,749 - INFO - Filled Email: bhavin.goda81@testmail.com
2026-05-06 13:54:00,923 - INFO - Filled Confirm Email: bhavin.goda81@testmail.com
2026-05-06 13:54:00,923 - INFO - Clicking Save & Next...
2026-05-06 13:54:00,923 - INFO - Finalizing Step 1: Disabling chatbot interference...
2026-05-06 13:54:00,939 - INFO - Chatbot elements hidden via CSS injection.
2026-05-06 13:54:01,554 - INFO - Triggering Atomic Click on Save & Next...
2026-05-06 13:54:01,609 - INFO - Step 1 Submitted - Navigation to Vehicles should be clean.
2026-05-06 13:54:01,610 - INFO - Adding 1 Vehicle(s)...
2026-05-06 13:54:02,111 - INFO - Step 2 loaded successfully.
2026-05-06 13:54:02,145 - INFO - Chatbot elements hidden via CSS injection.
2026-05-06 13:54:03,364 - INFO - Filled Plate 1: QA7682GP
2026-05-06 13:54:07,741 - INFO - Filled Plate Start Date: 2026-05-06
2026-05-06 13:54:18,854 - INFO - Clicking 'Add' button for Vehicle 1...
2026-05-06 13:54:18,868 - INFO - Chatbot elements hidden via CSS injection.
2026-05-06 13:54:22,055 - INFO - Vehicle 1 added successfully.
2026-05-06 13:54:23,574 - INFO - Highlighting and clicking 'Next' button...
2026-05-06 13:54:23,585 - INFO - Chatbot elements hidden via CSS injection.
2026-05-06 13:54:26,506 - INFO - Captured Permanent Account Number: 2000011531
2026-05-06 13:54:26,507 - INFO - Account 2000011531 saved to SharedData.
2026-05-06 13:54:26,507 - INFO - Starting Step 3: Payment Information...
2026-05-06 13:54:26,526 - INFO - Chatbot elements hidden via CSS injection.
2026-05-06 13:54:30,396 - INFO - Filled Cardholder Name: pfEkfaevMyv
2026-05-06 13:54:31,681 - INFO - Filled Card Number: 0189742140267192
2026-05-06 13:54:32,944 - INFO - Filled Expiry Date: 05/28
2026-05-06 13:54:34,180 - INFO - Filled CVV: 851
2026-05-06 13:54:36,359 - INFO - Clicking 'Preview and Pay'...
2026-05-06 13:54:36,373 - INFO - Chatbot elements hidden via CSS injection.
2026-05-06 13:54:37,016 - INFO - Waiting for Payment Summary card...
2026-05-06 13:54:38,456 - INFO - Starting Final Confirmation Modal...
2026-05-06 13:54:39,397 - INFO - ✅ Account onboarding completed successfully.
2026-05-06 13:54:39,402 - INFO - Finalizing process: Clicking 'Account Summary' button...
2026-05-06 13:54:39,580 - INFO - Step 2: Creating case for account: 2000011531
2026-05-06 13:54:55,808 - INFO - ✅ Full Flow Success!
2026-05-06 14:49:24,143 - INFO - Navigating to Login Page: http://operator-qa.qmaastech.com/
2026-05-06 14:49:26,805 - INFO - Attempting login for user: superadmin_qm@yopmail.com
2026-05-06 14:49:28,595 - INFO - Logging DOM elements BEFORE login click...
2026-05-06 14:49:28,597 - INFO - 
================================================================================
2026-05-06 14:49:28,597 - INFO - DOM SNAPSHOT AT STAGE: Before_Login
2026-05-06 14:49:28,597 - INFO - ================================================================================
2026-05-06 14:49:28,627 - INFO - 
Searching for pop-up elements in page content...
2026-05-06 14:49:29,017 - WARNING - ⚠ No known pop-up selectors found. Checking all visible divs...
2026-05-06 14:49:29,059 - INFO - Total DIV elements on page: 21
2026-05-06 14:49:29,651 - INFO -   Visible DIV 1: class='hero-pills' id='no-id' text='bolt
Real-time
smart_toy
AI-driven
hub
Multi-agenc'
2026-05-06 14:49:29,801 - INFO -   Visible DIV 2: class='auth-panel' id='no-id' text='Welcome Back

Sign in to your account to continue
'
2026-05-06 14:49:29,904 - INFO -   Visible DIV 3: class='auth-card' id='no-id' text='Welcome Back

Sign in to your account to continue
'
2026-05-06 14:49:29,993 - INFO -   Visible DIV 4: class='auth-step' id='no-id' text='Welcome Back

Sign in to your account to continue
'
2026-05-06 14:49:30,140 - INFO -   Visible DIV 5: class='field-wrap' id='no-id' text='Email ID / Username *
person'
2026-05-06 14:49:30,241 - INFO -   Visible DIV 6: class='input-shell' id='no-id' text='person'
2026-05-06 14:49:30,306 - INFO -   Visible DIV 7: class='field-wrap' id='no-id' text='Password *
lock
visibility_off'
2026-05-06 14:49:30,404 - INFO -   Visible DIV 8: class='input-shell' id='no-id' text='lock
visibility_off'
2026-05-06 14:49:30,526 - INFO -   Visible DIV 9: class='auth-bottom-links' id='no-id' text='New user?  Access Account

Forgot password?'
2026-05-06 14:49:30,573 - INFO - 
================================================================================

2026-05-06 14:49:31,162 - INFO - Login button clicked.
2026-05-06 14:49:31,165 - INFO - Taking rapid screenshots and validating pop-up...
2026-05-06 14:49:31,846 - INFO - Screenshot 1 captured - Attempting validation...
2026-05-06 14:49:31,846 - INFO - 
================================================================================
2026-05-06 14:49:31,846 - INFO - STARTING COMPREHENSIVE POP-UP VALIDATION
2026-05-06 14:49:31,846 - INFO - ================================================================================
2026-05-06 14:49:31,878 - INFO - 
[VALIDATION 1] Checking Pop-up Visibility...
2026-05-06 14:49:31,910 - INFO -   Visibility Status: True
2026-05-06 14:49:31,910 - INFO -   PASSED: Pop-up is visible
2026-05-06 14:49:31,910 - INFO - 
[VALIDATION 2] Extracting and Validating Text Content...
2026-05-06 14:49:31,943 - INFO -   Extracted Text: 'Login Successful'
2026-05-06 14:49:31,951 - INFO -   PASSED: Text matches exactly: 'Login Successful'
2026-05-06 14:49:31,955 - INFO - 
[VALIDATION 3] Checking for Typos...
2026-05-06 14:49:31,955 - INFO -   PASSED: No known typos detected
2026-05-06 14:49:31,957 - INFO - 
[VALIDATION 4] Extracting CSS Classes and Attributes...
2026-05-06 14:49:31,976 - INFO -   CSS Classes: snackbar success-snackbar
2026-05-06 14:49:31,976 - INFO -   PASSED: 'success' class is present
2026-05-06 14:49:31,976 - INFO - 
[VALIDATION 5] Checking Element Properties...
2026-05-06 14:49:32,087 - INFO -   ID: Not set
2026-05-06 14:49:32,089 - INFO -   Data-TestID: Not set
2026-05-06 14:49:32,089 - INFO -   Role: Not set
2026-05-06 14:49:32,091 - INFO -   ARIA Label: Not set
2026-05-06 14:49:32,094 - INFO - 
[VALIDATION 6] Checking Position and Size...
2026-05-06 14:49:32,117 - INFO -   X: 1230, Y: 20
2026-05-06 14:49:32,118 - INFO -   Width: 250, Height: 43.5
2026-05-06 14:49:32,118 - INFO -   PASSED: Element has valid dimensions
2026-05-06 14:49:32,118 - INFO - 
[VALIDATION 7] Checking Computed Styles...
2026-05-06 14:49:32,165 - INFO -   Display: block
2026-05-06 14:49:32,165 - INFO -   Opacity: 1
2026-05-06 14:49:32,165 - INFO -   PASSED: Element is displayed with proper opacity
2026-05-06 14:49:32,165 - INFO - 
================================================================================
2026-05-06 14:49:32,165 - INFO - POP-UP VALIDATION SUMMARY
2026-05-06 14:49:32,165 - INFO - ================================================================================
2026-05-06 14:49:32,165 - INFO -   Visibility: PASSED
2026-05-06 14:49:32,165 - INFO -   Text Match: PASSED
2026-05-06 14:49:32,165 - INFO -   Typo Check: PASSED
2026-05-06 14:49:32,165 - INFO -   CSS Classes: Present
2026-05-06 14:49:32,165 - INFO -   Position & Size: Valid
2026-05-06 14:49:32,165 - INFO -   Computed Styles: Valid
2026-05-06 14:49:32,165 - INFO - ================================================================================

2026-05-06 14:49:32,165 - INFO - ✓ ALL VALIDATIONS PASSED - Pop-up is working correctly!
2026-05-06 14:49:32,617 - INFO - Screenshot 2 captured - Attempting validation...
2026-05-06 14:49:32,617 - INFO - 
================================================================================
2026-05-06 14:49:32,617 - INFO - STARTING COMPREHENSIVE POP-UP VALIDATION
2026-05-06 14:49:32,617 - INFO - ================================================================================
2026-05-06 14:49:32,647 - ERROR - VALIDATION FAILED: Pop-up element not found!
2026-05-06 14:49:34,617 - INFO - Screenshot 3 captured - Attempting validation...
2026-05-06 14:49:34,618 - INFO - 
================================================================================
2026-05-06 14:49:34,618 - INFO - STARTING COMPREHENSIVE POP-UP VALIDATION
2026-05-06 14:49:34,619 - INFO - ================================================================================
2026-05-06 14:49:34,650 - ERROR - VALIDATION FAILED: Pop-up element not found!
2026-05-06 14:49:34,778 - INFO - Logging DOM elements AFTER login click (pop-up should appear here)...
2026-05-06 14:49:34,778 - INFO - 
================================================================================
2026-05-06 14:49:34,778 - INFO - DOM SNAPSHOT AT STAGE: After_Login_Click
2026-05-06 14:49:34,778 - INFO - ================================================================================
2026-05-06 14:49:34,808 - INFO - 
Searching for pop-up elements in page content...
2026-05-06 14:49:35,140 - WARNING - ⚠ No known pop-up selectors found. Checking all visible divs...
2026-05-06 14:49:35,220 - INFO - Total DIV elements on page: 29
2026-05-06 14:49:35,507 - INFO -   Visible DIV 1: class='header-right' id='no-id' text='English
French
Spanish
Quantum Toll Authority
supe'
2026-05-06 14:49:35,639 - INFO -   Visible DIV 2: class='nav-user' id='no-id' text='Quantum Toll Authority
superadmin_qm@yopmail.com'
2026-05-06 14:49:35,821 - INFO -   Visible DIV 3: class='nav-user-info' id='no-id' text='Quantum Toll Authority
superadmin_qm@yopmail.com'
2026-05-06 14:49:35,939 - INFO -   Visible DIV 4: class='uname' id='no-id' text='Quantum Toll Authority'
2026-05-06 14:49:36,056 - INFO -   Visible DIV 5: class='urole' id='no-id' text='superadmin_qm@yopmail.com'
2026-05-06 14:49:36,174 - INFO -   Visible DIV 6: class='main-container' id='no-id' text='dashboard_2
group
decimal_increase
admin_panel_set'
2026-05-06 14:49:36,315 - INFO -   Visible DIV 7: class='inner' id='no-id' text='dashboard_2'
2026-05-06 14:49:36,451 - INFO -   Visible DIV 8: class='inner' id='no-id' text='group'
2026-05-06 14:49:36,612 - INFO -   Visible DIV 9: class='inner' id='no-id' text='decimal_increase'
2026-05-06 14:49:36,755 - INFO -   Visible DIV 10: class='inner' id='no-id' text='admin_panel_settings'
2026-05-06 14:49:36,907 - INFO -   Visible DIV 11: class='inner' id='no-id' text='nest_doorbell_visitor'
2026-05-06 14:49:37,057 - INFO -   Visible DIV 12: class='inner' id='no-id' text='key_visualizer'
2026-05-06 14:49:37,089 - INFO - 
================================================================================

2026-05-06 14:49:37,577 - INFO - Waiting for dashboard URL...
2026-05-06 14:49:37,577 - INFO - 
================================================================================
2026-05-06 14:49:37,579 - INFO - DOM SNAPSHOT AT STAGE: Before_Dashboard_Navigation
2026-05-06 14:49:37,579 - INFO - ================================================================================
2026-05-06 14:49:37,612 - INFO - 
Searching for pop-up elements in page content...
2026-05-06 14:49:37,880 - WARNING - ⚠ No known pop-up selectors found. Checking all visible divs...
2026-05-06 14:49:37,929 - INFO - Total DIV elements on page: 29
2026-05-06 14:49:38,125 - INFO -   Visible DIV 1: class='header-right' id='no-id' text='English
French
Spanish
Quantum Toll Authority
supe'
2026-05-06 14:49:38,229 - INFO -   Visible DIV 2: class='nav-user' id='no-id' text='Quantum Toll Authority
superadmin_qm@yopmail.com'
2026-05-06 14:49:38,383 - INFO -   Visible DIV 3: class='nav-user-info' id='no-id' text='Quantum Toll Authority
superadmin_qm@yopmail.com'
2026-05-06 14:49:38,484 - INFO -   Visible DIV 4: class='uname' id='no-id' text='Quantum Toll Authority'
2026-05-06 14:49:38,596 - INFO -   Visible DIV 5: class='urole' id='no-id' text='superadmin_qm@yopmail.com'
2026-05-06 14:49:38,681 - INFO -   Visible DIV 6: class='main-container' id='no-id' text='dashboard_2
group
decimal_increase
admin_panel_set'
2026-05-06 14:49:38,779 - INFO -   Visible DIV 7: class='inner' id='no-id' text='dashboard_2'
2026-05-06 14:49:38,884 - INFO -   Visible DIV 8: class='inner' id='no-id' text='group'
2026-05-06 14:49:39,031 - INFO -   Visible DIV 9: class='inner' id='no-id' text='decimal_increase'
2026-05-06 14:49:39,167 - INFO -   Visible DIV 10: class='inner' id='no-id' text='admin_panel_settings'
2026-05-06 14:49:39,283 - INFO -   Visible DIV 11: class='inner' id='no-id' text='nest_doorbell_visitor'
2026-05-06 14:49:39,412 - INFO -   Visible DIV 12: class='inner' id='no-id' text='key_visualizer'
2026-05-06 14:49:39,445 - INFO - 
================================================================================

2026-05-06 14:49:39,488 - INFO - Login SUCCESS: Dashboard URL reached.
2026-05-06 14:49:40,019 - INFO - 
================================================================================
2026-05-06 14:49:40,019 - INFO - DOM SNAPSHOT AT STAGE: After_Dashboard_Loaded
2026-05-06 14:49:40,019 - INFO - ================================================================================
2026-05-06 14:49:40,047 - INFO - 
Searching for pop-up elements in page content...
2026-05-06 14:49:40,436 - WARNING - ⚠ No known pop-up selectors found. Checking all visible divs...
2026-05-06 14:49:40,495 - INFO - Total DIV elements on page: 29
2026-05-06 14:49:40,711 - INFO -   Visible DIV 1: class='header-right' id='no-id' text='English
French
Spanish
Quantum Toll Authority
supe'
2026-05-06 14:49:40,815 - INFO -   Visible DIV 2: class='nav-user' id='no-id' text='Quantum Toll Authority
superadmin_qm@yopmail.com'
2026-05-06 14:49:40,948 - INFO -   Visible DIV 3: class='nav-user-info' id='no-id' text='Quantum Toll Authority
superadmin_qm@yopmail.com'
2026-05-06 14:49:41,047 - INFO -   Visible DIV 4: class='uname' id='no-id' text='Quantum Toll Authority'
2026-05-06 14:49:41,142 - INFO -   Visible DIV 5: class='urole' id='no-id' text='superadmin_qm@yopmail.com'
2026-05-06 14:49:41,229 - INFO -   Visible DIV 6: class='main-container' id='no-id' text='dashboard_2
group
decimal_increase
admin_panel_set'
2026-05-06 14:49:41,344 - INFO -   Visible DIV 7: class='inner' id='no-id' text='dashboard_2'
2026-05-06 14:49:41,430 - INFO -   Visible DIV 8: class='inner' id='no-id' text='group'
2026-05-06 14:49:41,566 - INFO -   Visible DIV 9: class='inner' id='no-id' text='decimal_increase'
2026-05-06 14:49:41,700 - INFO -   Visible DIV 10: class='inner' id='no-id' text='admin_panel_settings'
2026-05-06 14:49:41,829 - INFO -   Visible DIV 11: class='inner' id='no-id' text='nest_doorbell_visitor'
2026-05-06 14:49:41,960 - INFO -   Visible DIV 12: class='inner' id='no-id' text='key_visualizer'
2026-05-06 14:49:41,979 - INFO - 
================================================================================

2026-05-06 14:49:41,979 - INFO - Checking for dashboard header 'Welcome to QM Toll portal!'...
2026-05-06 14:49:42,046 - INFO - ✅ Dashboard header found with selector: h4:has-text("Welcome to QM Toll portal!")
2026-05-06 14:49:42,046 - INFO -    Header text: 'Welcome to QM Toll portal!'
2026-05-06 14:49:42,046 - INFO - ✅ DASHBOARD VALIDATION PASSED: 'Welcome to QM Toll portal!' header found
2026-05-06 14:49:42,545 - INFO - Step 1: Navigating and Starting Onboarding...
2026-05-06 14:49:42,550 - INFO - Executing Sidebar Navigation Sequence...
2026-05-06 14:49:45,509 - INFO - Filling Step 1: Account Details...
2026-05-06 14:49:49,820 - INFO - Filled First Name: Arnav
2026-05-06 14:49:51,052 - INFO - Filled Middle Name: QA Team
2026-05-06 14:49:52,234 - INFO - Filled Last Name: Sen
2026-05-06 14:49:53,407 - INFO - Checked: Use Same for Billing
2026-05-06 14:49:54,591 - INFO - Checked: Use Same for Shipping
2026-05-06 14:49:55,855 - INFO - Checked: Primary Address
2026-05-06 14:49:59,678 - INFO - Filled Address: 123 Automation Blvd
2026-05-06 14:50:00,894 - INFO - Filled Zip Code: 12345
2026-05-06 14:50:02,649 - INFO - Filled Phone: 9926048721
2026-05-06 14:50:03,831 - INFO - Filled Email: arnav.sen88@testmail.com
2026-05-06 14:50:05,012 - INFO - Filled Confirm Email: arnav.sen88@testmail.com
2026-05-06 14:50:05,012 - INFO - Clicking Save & Next...
2026-05-06 14:50:05,012 - INFO - Finalizing Step 1: Disabling chatbot interference...
2026-05-06 14:50:05,028 - INFO - Chatbot elements hidden via CSS injection.
2026-05-06 14:50:05,618 - INFO - Triggering Atomic Click on Save & Next...
2026-05-06 14:50:05,662 - INFO - Step 1 Submitted - Navigation to Vehicles should be clean.
2026-05-06 14:50:05,662 - INFO - Step 1 Submitted successfully.
2026-05-06 14:50:05,662 - INFO - Adding 1 Vehicle(s)...
2026-05-06 14:50:06,057 - INFO - Step 2 loaded successfully.
2026-05-06 14:50:06,080 - INFO - Chatbot elements hidden via CSS injection.
2026-05-06 14:50:07,251 - INFO - Filled Plate 1: QA9398GP
2026-05-06 14:50:11,588 - INFO - Filled Plate Start Date: 2026-05-06
2026-05-06 14:50:22,672 - INFO - Clicking 'Add' button for Vehicle 1...
2026-05-06 14:50:22,687 - INFO - Chatbot elements hidden via CSS injection.
2026-05-06 14:50:25,878 - INFO - Vehicle 1 added successfully.
2026-05-06 14:50:27,391 - INFO - Highlighting and clicking 'Next' button...
2026-05-06 14:50:27,411 - INFO - Chatbot elements hidden via CSS injection.
2026-05-06 14:50:30,117 - INFO - Captured Permanent Account Number: 2000011532
2026-05-06 14:50:30,117 - INFO - Account 2000011532 saved to SharedData.
2026-05-06 14:50:30,117 - INFO - Starting Step 3: Payment Information...
2026-05-06 14:50:30,149 - INFO - Chatbot elements hidden via CSS injection.
2026-05-06 14:50:34,089 - INFO - Filled Cardholder Name: QA Tester
2026-05-06 14:50:35,321 - INFO - Filled Card Number: 1805661412154468
2026-05-06 14:50:36,534 - INFO - Filled Expiry Date: 05/28
2026-05-06 14:50:37,768 - INFO - Filled CVV: 009
2026-05-06 14:50:39,941 - INFO - Clicking 'Preview and Pay'...
2026-05-06 14:50:39,953 - INFO - Chatbot elements hidden via CSS injection.
2026-05-06 14:50:40,595 - INFO - Waiting for Payment Summary card...
2026-05-06 14:50:42,070 - INFO - Starting Final Confirmation Modal...
2026-05-06 14:50:43,008 - INFO - ✅ Account onboarding completed successfully.
2026-05-06 14:50:43,012 - INFO - Finalizing process: Clicking 'Account Summary' button...
2026-05-06 14:50:43,138 - INFO - Step 2: Creating case for account: 2000011532
2026-05-06 14:50:59,754 - INFO - ✅ Full Flow Success!
2026-05-06 15:09:58,817 - INFO - Navigating to Login Page: http://operator-qa.qmaastech.com/
2026-05-06 15:10:01,607 - INFO - Attempting login for user: superadmin_qm@yopmail.com
2026-05-06 15:10:03,331 - INFO - Logging DOM elements BEFORE login click...
2026-05-06 15:10:03,331 - INFO - 
================================================================================
2026-05-06 15:10:03,331 - INFO - DOM SNAPSHOT AT STAGE: Before_Login
2026-05-06 15:10:03,331 - INFO - ================================================================================
2026-05-06 15:10:03,355 - INFO - 
Searching for pop-up elements in page content...
2026-05-06 15:10:03,635 - WARNING - ⚠ No known pop-up selectors found. Checking all visible divs...
2026-05-06 15:10:03,693 - INFO - Total DIV elements on page: 21
2026-05-06 15:10:04,470 - INFO -   Visible DIV 1: class='hero-pills' id='no-id' text='bolt
Real-time
smart_toy
AI-driven
hub
Multi-agenc'
2026-05-06 15:10:04,699 - INFO -   Visible DIV 2: class='auth-panel' id='no-id' text='Welcome Back

Sign in to your account to continue
'
2026-05-06 15:10:04,827 - INFO -   Visible DIV 3: class='auth-card' id='no-id' text='Welcome Back

Sign in to your account to continue
'
2026-05-06 15:10:04,921 - INFO -   Visible DIV 4: class='auth-step' id='no-id' text='Welcome Back

Sign in to your account to continue
'
2026-05-06 15:10:05,088 - INFO -   Visible DIV 5: class='field-wrap' id='no-id' text='Email ID / Username *
person'
2026-05-06 15:10:05,197 - INFO -   Visible DIV 6: class='input-shell' id='no-id' text='person'
2026-05-06 15:10:05,316 - INFO -   Visible DIV 7: class='field-wrap' id='no-id' text='Password *
lock
visibility_off'
2026-05-06 15:10:05,447 - INFO -   Visible DIV 8: class='input-shell' id='no-id' text='lock
visibility_off'
2026-05-06 15:10:05,575 - INFO -   Visible DIV 9: class='auth-bottom-links' id='no-id' text='New user?  Access Account

Forgot password?'
2026-05-06 15:10:05,620 - INFO - 
================================================================================

2026-05-06 15:10:06,205 - INFO - Login button clicked.
2026-05-06 15:10:06,205 - INFO - Taking rapid screenshots and validating pop-up...
2026-05-06 15:10:07,042 - INFO - Screenshot 1 captured - Attempting validation...
2026-05-06 15:10:07,042 - INFO - 
================================================================================
2026-05-06 15:10:07,042 - INFO - STARTING COMPREHENSIVE POP-UP VALIDATION
2026-05-06 15:10:07,042 - INFO - ================================================================================
2026-05-06 15:10:07,082 - INFO - 
[VALIDATION 1] Checking Pop-up Visibility...
2026-05-06 15:10:07,106 - INFO -   Visibility Status: True
2026-05-06 15:10:07,106 - INFO -   PASSED: Pop-up is visible
2026-05-06 15:10:07,106 - INFO - 
[VALIDATION 2] Extracting and Validating Text Content...
2026-05-06 15:10:07,145 - INFO -   Extracted Text: 'Login Successful'
2026-05-06 15:10:07,146 - INFO -   PASSED: Text matches exactly: 'Login Successful'
2026-05-06 15:10:07,147 - INFO - 
[VALIDATION 3] Checking for Typos...
2026-05-06 15:10:07,147 - INFO -   PASSED: No known typos detected
2026-05-06 15:10:07,148 - INFO - 
[VALIDATION 4] Extracting CSS Classes and Attributes...
2026-05-06 15:10:07,168 - INFO -   CSS Classes: snackbar success-snackbar
2026-05-06 15:10:07,172 - INFO -   PASSED: 'success' class is present
2026-05-06 15:10:07,172 - INFO - 
[VALIDATION 5] Checking Element Properties...
2026-05-06 15:10:07,426 - INFO -   ID: Not set
2026-05-06 15:10:07,426 - INFO -   Data-TestID: Not set
2026-05-06 15:10:07,426 - INFO -   Role: Not set
2026-05-06 15:10:07,426 - INFO -   ARIA Label: Not set
2026-05-06 15:10:07,426 - INFO - 
[VALIDATION 6] Checking Position and Size...
2026-05-06 15:10:07,456 - WARNING -   WARNING: Could not get bounding box
2026-05-06 15:10:07,460 - INFO - 
[VALIDATION 7] Checking Computed Styles...
2026-05-06 15:10:07,487 - ERROR - Validation error: TypeError: Failed to execute 'getComputedStyle' on 'Window': parameter 1 is not of type 'Element'.
    at eval (eval at evaluate (:226:30), <anonymous>:1:8)
    at eval (<anonymous>)
    at UtilityScript.evaluate (<anonymous>:226:30)
    at UtilityScript.<anonymous> (<anonymous>:1:44)
2026-05-06 15:10:07,490 - WARNING -   WARNING: Could not check computed styles - element may have disappeared
2026-05-06 15:10:07,493 - INFO - 
================================================================================
2026-05-06 15:10:07,494 - INFO - POP-UP VALIDATION SUMMARY
2026-05-06 15:10:07,498 - INFO - ================================================================================
2026-05-06 15:10:07,499 - INFO -   Visibility: PASSED
2026-05-06 15:10:07,500 - INFO -   Text Match: PASSED
2026-05-06 15:10:07,500 - INFO -   Typo Check: PASSED
2026-05-06 15:10:07,501 - INFO -   CSS Classes: Present
2026-05-06 15:10:07,502 - INFO -   Position & Size: Valid
2026-05-06 15:10:07,502 - INFO -   Computed Styles: Valid
2026-05-06 15:10:07,502 - INFO - ================================================================================

2026-05-06 15:10:07,503 - INFO - ✓ ALL VALIDATIONS PASSED - Pop-up is working correctly!
2026-05-06 15:10:09,251 - INFO - Screenshot 2 captured - Attempting validation...
2026-05-06 15:10:09,251 - INFO - 
================================================================================
2026-05-06 15:10:09,251 - INFO - STARTING COMPREHENSIVE POP-UP VALIDATION
2026-05-06 15:10:09,256 - INFO - ================================================================================
2026-05-06 15:10:09,273 - ERROR - VALIDATION FAILED: Pop-up element not found!
2026-05-06 15:10:09,805 - INFO - Screenshot 3 captured - Attempting validation...
2026-05-06 15:10:09,806 - INFO - 
================================================================================
2026-05-06 15:10:09,807 - INFO - STARTING COMPREHENSIVE POP-UP VALIDATION
2026-05-06 15:10:09,808 - INFO - ================================================================================
2026-05-06 15:10:09,831 - ERROR - VALIDATION FAILED: Pop-up element not found!
2026-05-06 15:10:09,962 - INFO - Logging DOM elements AFTER login click (pop-up should appear here)...
2026-05-06 15:10:09,964 - INFO - 
================================================================================
2026-05-06 15:10:09,964 - INFO - DOM SNAPSHOT AT STAGE: After_Login_Click
2026-05-06 15:10:09,964 - INFO - ================================================================================
2026-05-06 15:10:10,012 - INFO - 
Searching for pop-up elements in page content...
2026-05-06 15:10:10,379 - WARNING - ⚠ No known pop-up selectors found. Checking all visible divs...
2026-05-06 15:10:10,431 - INFO - Total DIV elements on page: 29
2026-05-06 15:10:10,685 - INFO -   Visible DIV 1: class='header-right' id='no-id' text='English
French
Spanish
Quantum Toll Authority
supe'
2026-05-06 15:10:10,786 - INFO -   Visible DIV 2: class='nav-user' id='no-id' text='Quantum Toll Authority
superadmin_qm@yopmail.com'
2026-05-06 15:10:10,962 - INFO -   Visible DIV 3: class='nav-user-info' id='no-id' text='Quantum Toll Authority
superadmin_qm@yopmail.com'
2026-05-06 15:10:11,081 - INFO -   Visible DIV 4: class='uname' id='no-id' text='Quantum Toll Authority'
2026-05-06 15:10:11,194 - INFO -   Visible DIV 5: class='urole' id='no-id' text='superadmin_qm@yopmail.com'
2026-05-06 15:10:11,302 - INFO -   Visible DIV 6: class='main-container' id='no-id' text='dashboard_2
group
decimal_increase
admin_panel_set'
2026-05-06 15:10:11,437 - INFO -   Visible DIV 7: class='inner' id='no-id' text='dashboard_2'
2026-05-06 15:10:11,558 - INFO -   Visible DIV 8: class='inner' id='no-id' text='group'
2026-05-06 15:10:11,685 - INFO -   Visible DIV 9: class='inner' id='no-id' text='decimal_increase'
2026-05-06 15:10:11,823 - INFO -   Visible DIV 10: class='inner' id='no-id' text='admin_panel_settings'
2026-05-06 15:10:11,965 - INFO -   Visible DIV 11: class='inner' id='no-id' text='nest_doorbell_visitor'
2026-05-06 15:10:12,113 - INFO -   Visible DIV 12: class='inner' id='no-id' text='key_visualizer'
2026-05-06 15:10:12,142 - INFO - 
================================================================================

2026-05-06 15:10:12,371 - INFO - Waiting for dashboard URL...
2026-05-06 15:10:12,372 - INFO - 
================================================================================
2026-05-06 15:10:12,373 - INFO - DOM SNAPSHOT AT STAGE: Before_Dashboard_Navigation
2026-05-06 15:10:12,373 - INFO - ================================================================================
2026-05-06 15:10:12,408 - INFO - 
Searching for pop-up elements in page content...
2026-05-06 15:10:12,713 - WARNING - ⚠ No known pop-up selectors found. Checking all visible divs...
2026-05-06 15:10:12,775 - INFO - Total DIV elements on page: 29
2026-05-06 15:10:12,992 - INFO -   Visible DIV 1: class='header-right' id='no-id' text='English
French
Spanish
Quantum Toll Authority
supe'
2026-05-06 15:10:13,116 - INFO -   Visible DIV 2: class='nav-user' id='no-id' text='Quantum Toll Authority
superadmin_qm@yopmail.com'
2026-05-06 15:10:13,275 - INFO -   Visible DIV 3: class='nav-user-info' id='no-id' text='Quantum Toll Authority
superadmin_qm@yopmail.com'
2026-05-06 15:10:13,376 - INFO -   Visible DIV 4: class='uname' id='no-id' text='Quantum Toll Authority'
2026-05-06 15:10:13,476 - INFO -   Visible DIV 5: class='urole' id='no-id' text='superadmin_qm@yopmail.com'
2026-05-06 15:10:13,598 - INFO -   Visible DIV 6: class='main-container' id='no-id' text='dashboard_2
group
decimal_increase
admin_panel_set'
2026-05-06 15:10:13,692 - INFO -   Visible DIV 7: class='inner' id='no-id' text='dashboard_2'
2026-05-06 15:10:13,805 - INFO -   Visible DIV 8: class='inner' id='no-id' text='group'
2026-05-06 15:10:13,924 - INFO -   Visible DIV 9: class='inner' id='no-id' text='decimal_increase'
2026-05-06 15:10:14,041 - INFO -   Visible DIV 10: class='inner' id='no-id' text='admin_panel_settings'
2026-05-06 15:10:14,178 - INFO -   Visible DIV 11: class='inner' id='no-id' text='nest_doorbell_visitor'
2026-05-06 15:10:14,339 - INFO -   Visible DIV 12: class='inner' id='no-id' text='key_visualizer'
2026-05-06 15:10:14,368 - INFO - 
================================================================================

2026-05-06 15:10:14,398 - INFO - Login SUCCESS: Dashboard URL reached.
2026-05-06 15:10:14,927 - INFO - 
================================================================================
2026-05-06 15:10:14,927 - INFO - DOM SNAPSHOT AT STAGE: After_Dashboard_Loaded
2026-05-06 15:10:14,927 - INFO - ================================================================================
2026-05-06 15:10:14,972 - INFO - 
Searching for pop-up elements in page content...
2026-05-06 15:10:15,297 - WARNING - ⚠ No known pop-up selectors found. Checking all visible divs...
2026-05-06 15:10:15,359 - INFO - Total DIV elements on page: 29
2026-05-06 15:10:15,575 - INFO -   Visible DIV 1: class='header-right' id='no-id' text='English
French
Spanish
Quantum Toll Authority
supe'
2026-05-06 15:10:15,691 - INFO -   Visible DIV 2: class='nav-user' id='no-id' text='Quantum Toll Authority
superadmin_qm@yopmail.com'
2026-05-06 15:10:15,858 - INFO -   Visible DIV 3: class='nav-user-info' id='no-id' text='Quantum Toll Authority
superadmin_qm@yopmail.com'
2026-05-06 15:10:15,964 - INFO -   Visible DIV 4: class='uname' id='no-id' text='Quantum Toll Authority'
2026-05-06 15:10:16,077 - INFO -   Visible DIV 5: class='urole' id='no-id' text='superadmin_qm@yopmail.com'
2026-05-06 15:10:16,181 - INFO -   Visible DIV 6: class='main-container' id='no-id' text='dashboard_2
group
decimal_increase
admin_panel_set'
2026-05-06 15:10:16,274 - INFO -   Visible DIV 7: class='inner' id='no-id' text='dashboard_2'
2026-05-06 15:10:16,377 - INFO -   Visible DIV 8: class='inner' id='no-id' text='group'
2026-05-06 15:10:16,574 - INFO -   Visible DIV 9: class='inner' id='no-id' text='decimal_increase'
2026-05-06 15:10:16,713 - INFO -   Visible DIV 10: class='inner' id='no-id' text='admin_panel_settings'
2026-05-06 15:10:16,859 - INFO -   Visible DIV 11: class='inner' id='no-id' text='nest_doorbell_visitor'
2026-05-06 15:10:17,013 - INFO -   Visible DIV 12: class='inner' id='no-id' text='key_visualizer'
2026-05-06 15:10:17,041 - INFO - 
================================================================================

2026-05-06 15:10:17,041 - INFO - Checking for dashboard header 'Welcome to QM Toll portal!'...
2026-05-06 15:10:17,124 - INFO - ✅ Dashboard header found with selector: h4:has-text("Welcome to QM Toll portal!")
2026-05-06 15:10:17,124 - INFO -    Header text: 'Welcome to QM Toll portal!'
2026-05-06 15:10:17,124 - INFO - ✅ DASHBOARD VALIDATION PASSED: 'Welcome to QM Toll portal!' header found
2026-05-06 15:10:17,660 - INFO - Step 1: Navigating and Starting Onboarding...
2026-05-06 15:10:17,660 - INFO - Executing Sidebar Navigation Sequence...
2026-05-06 15:10:20,741 - INFO - Filling Step 1: Account Details...
2026-05-06 15:10:24,637 - INFO - Filled First Name: Elakshi
2026-05-06 15:10:25,834 - INFO - Filled Middle Name: QA Team
2026-05-06 15:10:27,064 - INFO - Filled Last Name: Gopal
2026-05-06 15:10:28,237 - INFO - Checked: Use Same for Billing
2026-05-06 15:10:29,421 - INFO - Checked: Use Same for Shipping
2026-05-06 15:10:30,622 - INFO - Checked: Primary Address
2026-05-06 15:10:34,520 - INFO - Filled Address: 123 Automation Blvd
2026-05-06 15:10:35,746 - INFO - Filled Zip Code: 12345
2026-05-06 15:10:37,509 - INFO - Filled Phone: 8958901223
2026-05-06 15:10:38,747 - INFO - Filled Email: elakshi.gopal48@testmail.com
2026-05-06 15:10:39,934 - INFO - Filled Confirm Email: elakshi.gopal48@testmail.com
2026-05-06 15:10:39,934 - INFO - Clicking Save & Next...
2026-05-06 15:10:39,934 - INFO - Finalizing Step 1: Disabling chatbot interference...
2026-05-06 15:10:39,950 - INFO - Chatbot elements hidden via CSS injection.
2026-05-06 15:10:40,528 - INFO - Triggering Atomic Click on Save & Next...
2026-05-06 15:10:40,575 - INFO - Step 1 Submitted - Navigation to Vehicles should be clean.
2026-05-06 15:10:40,575 - INFO - Step 1 Submitted successfully.
2026-05-06 15:10:40,576 - INFO - Adding 1 Vehicle(s)...
2026-05-06 15:10:40,946 - INFO - Step 2 loaded successfully.
2026-05-06 15:10:41,002 - INFO - Chatbot elements hidden via CSS injection.
2026-05-06 15:10:42,250 - INFO - Filled Plate 1: QA2213GP
2026-05-06 15:10:46,628 - INFO - Filled Plate Start Date: 2026-05-06
2026-05-06 15:10:57,632 - INFO - Clicking 'Add' button for Vehicle 1...
2026-05-06 15:10:57,647 - INFO - Chatbot elements hidden via CSS injection.
2026-05-06 15:11:00,829 - INFO - Vehicle 1 added successfully.
2026-05-06 15:11:02,352 - INFO - Highlighting and clicking 'Next' button...
2026-05-06 15:11:02,367 - INFO - Chatbot elements hidden via CSS injection.
2026-05-06 15:11:05,057 - INFO - Captured Permanent Account Number: 2000011533
2026-05-06 15:11:05,057 - INFO - Account 2000011533 saved to SharedData.
2026-05-06 15:11:05,057 - INFO - Starting Step 3: Payment Information...
2026-05-06 15:11:05,075 - INFO - Chatbot elements hidden via CSS injection.
2026-05-06 15:11:09,000 - INFO - Filled Cardholder Name: QA Tester
2026-05-06 15:11:10,231 - INFO - Filled Card Number: 2091687206141839
2026-05-06 15:11:11,449 - INFO - Filled Expiry Date: 05/28
2026-05-06 15:11:12,681 - INFO - Filled CVV: 139
2026-05-06 15:11:14,857 - INFO - Clicking 'Preview and Pay'...
2026-05-06 15:11:14,873 - INFO - Chatbot elements hidden via CSS injection.
2026-05-06 15:11:15,535 - INFO - Waiting for Payment Summary card...
2026-05-06 15:11:16,978 - INFO - Starting Final Confirmation Modal...
2026-05-06 15:11:17,924 - INFO - ✅ Account onboarding completed successfully.
2026-05-06 15:11:17,926 - INFO - Finalizing process: Clicking 'Account Summary' button...
2026-05-06 15:11:18,042 - INFO - Step 2: Creating case for account: 2000011533
2026-05-06 15:11:34,344 - INFO - ✅ Full Flow Success!
2026-05-06 15:15:39,555 - INFO - Navigating to Login Page: http://operator-qa.qmaastech.com/
2026-05-06 15:15:42,238 - INFO - Attempting login for user: superadmin_qm@yopmail.com
2026-05-06 15:15:43,944 - INFO - Logging DOM elements BEFORE login click...
2026-05-06 15:15:43,944 - INFO - 
================================================================================
2026-05-06 15:15:43,944 - INFO - DOM SNAPSHOT AT STAGE: Before_Login
2026-05-06 15:15:43,944 - INFO - ================================================================================
2026-05-06 15:15:43,976 - INFO - 
Searching for pop-up elements in page content...
2026-05-06 15:15:44,290 - WARNING - ⚠ No known pop-up selectors found. Checking all visible divs...
2026-05-06 15:15:44,322 - INFO - Total DIV elements on page: 21
2026-05-06 15:15:44,971 - INFO -   Visible DIV 1: class='hero-pills' id='no-id' text='bolt
Real-time
smart_toy
AI-driven
hub
Multi-agenc'
2026-05-06 15:15:45,140 - INFO -   Visible DIV 2: class='auth-panel' id='no-id' text='Welcome Back

Sign in to your account to continue
'
2026-05-06 15:15:45,254 - INFO -   Visible DIV 3: class='auth-card' id='no-id' text='Welcome Back

Sign in to your account to continue
'
2026-05-06 15:15:45,357 - INFO -   Visible DIV 4: class='auth-step' id='no-id' text='Welcome Back

Sign in to your account to continue
'
2026-05-06 15:15:45,527 - INFO -   Visible DIV 5: class='field-wrap' id='no-id' text='Email ID / Username *
person'
2026-05-06 15:15:45,625 - INFO -   Visible DIV 6: class='input-shell' id='no-id' text='person'
2026-05-06 15:15:45,744 - INFO -   Visible DIV 7: class='field-wrap' id='no-id' text='Password *
lock
visibility_off'
2026-05-06 15:15:45,855 - INFO -   Visible DIV 8: class='input-shell' id='no-id' text='lock
visibility_off'
2026-05-06 15:15:45,930 - INFO -   Visible DIV 9: class='auth-bottom-links' id='no-id' text='New user?  Access Account

Forgot password?'
2026-05-06 15:15:45,991 - INFO - 
================================================================================

2026-05-06 15:15:46,607 - INFO - Login button clicked.
2026-05-06 15:15:46,609 - INFO - Taking rapid screenshots and validating pop-up...
2026-05-06 15:15:47,302 - INFO - Screenshot 1 captured - Attempting validation...
2026-05-06 15:15:47,302 - INFO - 
================================================================================
2026-05-06 15:15:47,302 - INFO - STARTING COMPREHENSIVE POP-UP VALIDATION
2026-05-06 15:15:47,302 - INFO - ================================================================================
2026-05-06 15:15:47,335 - INFO - 
[VALIDATION 1] Checking Pop-up Visibility...
2026-05-06 15:15:47,368 - INFO -   Visibility Status: True
2026-05-06 15:15:47,368 - INFO -   PASSED: Pop-up is visible
2026-05-06 15:15:47,368 - INFO - 
[VALIDATION 2] Extracting and Validating Text Content...
2026-05-06 15:15:47,398 - INFO -   Extracted Text: 'Login Successful'
2026-05-06 15:15:47,399 - INFO -   PASSED: Text matches exactly: 'Login Successful'
2026-05-06 15:15:47,399 - INFO - 
[VALIDATION 3] Checking for Typos...
2026-05-06 15:15:47,401 - INFO -   PASSED: No known typos detected
2026-05-06 15:15:47,403 - INFO - 
[VALIDATION 4] Extracting CSS Classes and Attributes...
2026-05-06 15:15:47,424 - INFO -   CSS Classes: snackbar success-snackbar
2026-05-06 15:15:47,429 - INFO -   PASSED: 'success' class is present
2026-05-06 15:15:47,430 - INFO - 
[VALIDATION 5] Checking Element Properties...
2026-05-06 15:15:47,532 - INFO -   ID: Not set
2026-05-06 15:15:47,533 - INFO -   Data-TestID: Not set
2026-05-06 15:15:47,533 - INFO -   Role: Not set
2026-05-06 15:15:47,534 - INFO -   ARIA Label: Not set
2026-05-06 15:15:47,534 - INFO - 
[VALIDATION 6] Checking Position and Size...
2026-05-06 15:15:47,674 - WARNING -   WARNING: Could not get bounding box
2026-05-06 15:15:47,674 - INFO - 
[VALIDATION 7] Checking Computed Styles...
2026-05-06 15:15:47,699 - ERROR - Validation error: TypeError: Failed to execute 'getComputedStyle' on 'Window': parameter 1 is not of type 'Element'.
    at eval (eval at evaluate (:226:30), <anonymous>:1:8)
    at eval (<anonymous>)
    at UtilityScript.evaluate (<anonymous>:226:30)
    at UtilityScript.<anonymous> (<anonymous>:1:44)
2026-05-06 15:15:47,700 - WARNING -   WARNING: Could not check computed styles - element may have disappeared
2026-05-06 15:15:47,700 - INFO - 
================================================================================
2026-05-06 15:15:47,701 - INFO - POP-UP VALIDATION SUMMARY
2026-05-06 15:15:47,701 - INFO - ================================================================================
2026-05-06 15:15:47,701 - INFO -   Visibility: PASSED
2026-05-06 15:15:47,702 - INFO -   Text Match: PASSED
2026-05-06 15:15:47,702 - INFO -   Typo Check: PASSED
2026-05-06 15:15:47,709 - INFO -   CSS Classes: Present
2026-05-06 15:15:47,711 - INFO -   Position & Size: Valid
2026-05-06 15:15:47,718 - INFO -   Computed Styles: Valid
2026-05-06 15:15:47,719 - INFO - ================================================================================

2026-05-06 15:15:47,719 - INFO - ✓ ALL VALIDATIONS PASSED - Pop-up is working correctly!
2026-05-06 15:15:49,492 - INFO - Screenshot 2 captured - Attempting validation...
2026-05-06 15:15:49,494 - INFO - 
================================================================================
2026-05-06 15:15:49,495 - INFO - STARTING COMPREHENSIVE POP-UP VALIDATION
2026-05-06 15:15:49,497 - INFO - ================================================================================
2026-05-06 15:15:49,526 - ERROR - VALIDATION FAILED: Pop-up element not found!
2026-05-06 15:15:50,060 - INFO - Screenshot 3 captured - Attempting validation...
2026-05-06 15:15:50,060 - INFO - 
================================================================================
2026-05-06 15:15:50,061 - INFO - STARTING COMPREHENSIVE POP-UP VALIDATION
2026-05-06 15:15:50,061 - INFO - ================================================================================
2026-05-06 15:15:50,106 - ERROR - VALIDATION FAILED: Pop-up element not found!
2026-05-06 15:15:50,247 - INFO - Logging DOM elements AFTER login click (pop-up should appear here)...
2026-05-06 15:15:50,251 - INFO - 
================================================================================
2026-05-06 15:15:50,253 - INFO - DOM SNAPSHOT AT STAGE: After_Login_Click
2026-05-06 15:15:50,253 - INFO - ================================================================================
2026-05-06 15:15:50,300 - INFO - 
Searching for pop-up elements in page content...
2026-05-06 15:15:50,742 - WARNING - ⚠ No known pop-up selectors found. Checking all visible divs...
2026-05-06 15:15:50,806 - INFO - Total DIV elements on page: 29
2026-05-06 15:15:51,053 - INFO -   Visible DIV 1: class='header-right' id='no-id' text='English
French
Spanish
Quantum Toll Authority
supe'
2026-05-06 15:15:51,186 - INFO -   Visible DIV 2: class='nav-user' id='no-id' text='Quantum Toll Authority
superadmin_qm@yopmail.com'
2026-05-06 15:15:51,360 - INFO -   Visible DIV 3: class='nav-user-info' id='no-id' text='Quantum Toll Authority
superadmin_qm@yopmail.com'
2026-05-06 15:15:51,474 - INFO -   Visible DIV 4: class='uname' id='no-id' text='Quantum Toll Authority'
2026-05-06 15:15:51,588 - INFO -   Visible DIV 5: class='urole' id='no-id' text='superadmin_qm@yopmail.com'
2026-05-06 15:15:51,699 - INFO -   Visible DIV 6: class='main-container' id='no-id' text='dashboard_2
group
decimal_increase
admin_panel_set'
2026-05-06 15:15:51,820 - INFO -   Visible DIV 7: class='inner' id='no-id' text='dashboard_2'
2026-05-06 15:15:51,959 - INFO -   Visible DIV 8: class='inner' id='no-id' text='group'
2026-05-06 15:15:52,098 - INFO -   Visible DIV 9: class='inner' id='no-id' text='decimal_increase'
2026-05-06 15:15:52,240 - INFO -   Visible DIV 10: class='inner' id='no-id' text='admin_panel_settings'
2026-05-06 15:15:52,377 - INFO -   Visible DIV 11: class='inner' id='no-id' text='nest_doorbell_visitor'
2026-05-06 15:15:52,523 - INFO -   Visible DIV 12: class='inner' id='no-id' text='key_visualizer'
2026-05-06 15:15:52,549 - INFO - 
================================================================================

2026-05-06 15:15:52,757 - INFO - Waiting for dashboard URL...
2026-05-06 15:15:52,757 - INFO - 
================================================================================
2026-05-06 15:15:52,758 - INFO - DOM SNAPSHOT AT STAGE: Before_Dashboard_Navigation
2026-05-06 15:15:52,758 - INFO - ================================================================================
2026-05-06 15:15:52,784 - INFO - 
Searching for pop-up elements in page content...
2026-05-06 15:15:53,067 - WARNING - ⚠ No known pop-up selectors found. Checking all visible divs...
2026-05-06 15:15:53,105 - INFO - Total DIV elements on page: 29
2026-05-06 15:15:53,282 - INFO -   Visible DIV 1: class='header-right' id='no-id' text='English
French
Spanish
Quantum Toll Authority
supe'
2026-05-06 15:15:53,383 - INFO -   Visible DIV 2: class='nav-user' id='no-id' text='Quantum Toll Authority
superadmin_qm@yopmail.com'
2026-05-06 15:15:53,529 - INFO -   Visible DIV 3: class='nav-user-info' id='no-id' text='Quantum Toll Authority
superadmin_qm@yopmail.com'
2026-05-06 15:15:53,618 - INFO -   Visible DIV 4: class='uname' id='no-id' text='Quantum Toll Authority'
2026-05-06 15:15:53,716 - INFO -   Visible DIV 5: class='urole' id='no-id' text='superadmin_qm@yopmail.com'
2026-05-06 15:15:53,800 - INFO -   Visible DIV 6: class='main-container' id='no-id' text='dashboard_2
group
decimal_increase
admin_panel_set'
2026-05-06 15:15:53,897 - INFO -   Visible DIV 7: class='inner' id='no-id' text='dashboard_2'
2026-05-06 15:15:53,984 - INFO -   Visible DIV 8: class='inner' id='no-id' text='group'
2026-05-06 15:15:54,099 - INFO -   Visible DIV 9: class='inner' id='no-id' text='decimal_increase'
2026-05-06 15:15:54,219 - INFO -   Visible DIV 10: class='inner' id='no-id' text='admin_panel_settings'
2026-05-06 15:15:54,334 - INFO -   Visible DIV 11: class='inner' id='no-id' text='nest_doorbell_visitor'
2026-05-06 15:15:54,454 - INFO -   Visible DIV 12: class='inner' id='no-id' text='key_visualizer'
2026-05-06 15:15:54,469 - INFO - 
================================================================================

2026-05-06 15:15:54,509 - INFO - Login SUCCESS: Dashboard URL reached.
2026-05-06 15:15:55,039 - INFO - 
================================================================================
2026-05-06 15:15:55,041 - INFO - DOM SNAPSHOT AT STAGE: After_Dashboard_Loaded
2026-05-06 15:15:55,041 - INFO - ================================================================================
2026-05-06 15:15:55,072 - INFO - 
Searching for pop-up elements in page content...
2026-05-06 15:15:55,522 - WARNING - ⚠ No known pop-up selectors found. Checking all visible divs...
2026-05-06 15:15:55,597 - INFO - Total DIV elements on page: 29
2026-05-06 15:15:55,872 - INFO -   Visible DIV 1: class='header-right' id='no-id' text='English
French
Spanish
Quantum Toll Authority
supe'
2026-05-06 15:15:56,002 - INFO -   Visible DIV 2: class='nav-user' id='no-id' text='Quantum Toll Authority
superadmin_qm@yopmail.com'
2026-05-06 15:15:56,192 - INFO -   Visible DIV 3: class='nav-user-info' id='no-id' text='Quantum Toll Authority
superadmin_qm@yopmail.com'
2026-05-06 15:15:56,307 - INFO -   Visible DIV 4: class='uname' id='no-id' text='Quantum Toll Authority'
2026-05-06 15:15:56,406 - INFO -   Visible DIV 5: class='urole' id='no-id' text='superadmin_qm@yopmail.com'
2026-05-06 15:15:56,503 - INFO -   Visible DIV 6: class='main-container' id='no-id' text='dashboard_2
group
decimal_increase
admin_panel_set'
2026-05-06 15:15:56,611 - INFO -   Visible DIV 7: class='inner' id='no-id' text='dashboard_2'
2026-05-06 15:15:56,712 - INFO -   Visible DIV 8: class='inner' id='no-id' text='group'
2026-05-06 15:15:56,875 - INFO -   Visible DIV 9: class='inner' id='no-id' text='decimal_increase'
2026-05-06 15:15:56,989 - INFO -   Visible DIV 10: class='inner' id='no-id' text='admin_panel_settings'
2026-05-06 15:15:57,146 - INFO -   Visible DIV 11: class='inner' id='no-id' text='nest_doorbell_visitor'
2026-05-06 15:15:57,284 - INFO -   Visible DIV 12: class='inner' id='no-id' text='key_visualizer'
2026-05-06 15:15:57,306 - INFO - 
================================================================================

2026-05-06 15:15:57,306 - INFO - Checking for dashboard header 'Welcome to QM Toll portal!'...
2026-05-06 15:15:57,415 - INFO - ✅ Dashboard header found with selector: h4:has-text("Welcome to QM Toll portal!")
2026-05-06 15:15:57,418 - INFO -    Header text: 'Welcome to QM Toll portal!'
2026-05-06 15:15:57,422 - INFO - ✅ DASHBOARD VALIDATION PASSED: 'Welcome to QM Toll portal!' header found
2026-05-06 15:15:58,217 - INFO - Step 1: Navigating and Starting Onboarding...
2026-05-06 15:15:58,219 - INFO - Executing Sidebar Navigation Sequence...
2026-05-06 15:16:01,239 - INFO - Filling Step 1: Account Details...
2026-05-06 15:16:05,274 - INFO - Filled First Name: Biju
2026-05-06 15:16:06,467 - INFO - Filled Middle Name: QA Team
2026-05-06 15:16:07,678 - INFO - Filled Last Name: Manne
2026-05-06 15:16:08,864 - INFO - Checked: Use Same for Billing
2026-05-06 15:16:10,034 - INFO - Checked: Use Same for Shipping
2026-05-06 15:16:11,226 - INFO - Checked: Primary Address
2026-05-06 15:16:15,090 - INFO - Filled Address: 123 Automation Blvd
2026-05-06 15:16:16,281 - INFO - Filled Zip Code: 12345
2026-05-06 15:16:18,029 - INFO - Filled Phone: 7774898638
2026-05-06 15:16:19,222 - INFO - Filled Email: biju.manne57@testmail.com
2026-05-06 15:16:20,435 - INFO - Filled Confirm Email: biju.manne57@testmail.com
2026-05-06 15:16:20,435 - INFO - Clicking Save & Next...
2026-05-06 15:16:20,435 - INFO - Finalizing Step 1: Disabling chatbot interference...
2026-05-06 15:16:20,454 - INFO - Chatbot elements hidden via CSS injection.
2026-05-06 15:16:21,048 - INFO - Triggering Atomic Click on Save & Next...
2026-05-06 15:16:21,101 - INFO - Step 1 Submitted - Navigation to Vehicles should be clean.
2026-05-06 15:16:21,102 - INFO - Step 1 Submitted successfully.
2026-05-06 15:16:21,103 - INFO - Adding 1 Vehicle(s)...
2026-05-06 15:16:21,599 - INFO - Step 2 loaded successfully.
2026-05-06 15:16:21,634 - INFO - Chatbot elements hidden via CSS injection.
2026-05-06 15:16:22,858 - INFO - Filled Plate 1: QA2619GP
2026-05-06 15:16:27,222 - INFO - Filled Plate Start Date: 2026-05-06
2026-05-06 15:16:38,257 - INFO - Clicking 'Add' button for Vehicle 1...
2026-05-06 15:16:38,278 - INFO - Chatbot elements hidden via CSS injection.
2026-05-06 15:16:41,470 - INFO - Vehicle 1 added successfully.
2026-05-06 15:16:42,990 - INFO - Highlighting and clicking 'Next' button...
2026-05-06 15:16:43,008 - INFO - Chatbot elements hidden via CSS injection.
2026-05-06 15:16:45,691 - INFO - Captured Permanent Account Number: 2000011534
2026-05-06 15:16:45,691 - INFO - Account 2000011534 saved to SharedData.
2026-05-06 15:22:27,577 - INFO - Navigating to Login Page: http://operator-qa.qmaastech.com/
2026-05-06 15:22:30,282 - INFO - Attempting login for user: superadmin_qm@yopmail.com
2026-05-06 15:22:31,996 - INFO - Logging DOM elements BEFORE login click...
2026-05-06 15:22:31,996 - INFO - 
================================================================================
2026-05-06 15:22:31,996 - INFO - DOM SNAPSHOT AT STAGE: Before_Login
2026-05-06 15:22:31,996 - INFO - ================================================================================
2026-05-06 15:22:32,023 - INFO - 
Searching for pop-up elements in page content...
2026-05-06 15:22:32,299 - WARNING - ⚠ No known pop-up selectors found. Checking all visible divs...
2026-05-06 15:22:32,348 - INFO - Total DIV elements on page: 21
2026-05-06 15:22:32,966 - INFO -   Visible DIV 1: class='hero-pills' id='no-id' text='bolt
Real-time
smart_toy
AI-driven
hub
Multi-agenc'
2026-05-06 15:22:33,156 - INFO -   Visible DIV 2: class='auth-panel' id='no-id' text='Welcome Back

Sign in to your account to continue
'
2026-05-06 15:22:33,260 - INFO -   Visible DIV 3: class='auth-card' id='no-id' text='Welcome Back

Sign in to your account to continue
'
2026-05-06 15:22:33,369 - INFO -   Visible DIV 4: class='auth-step' id='no-id' text='Welcome Back

Sign in to your account to continue
'
2026-05-06 15:22:33,542 - INFO -   Visible DIV 5: class='field-wrap' id='no-id' text='Email ID / Username *
person'
2026-05-06 15:22:33,654 - INFO -   Visible DIV 6: class='input-shell' id='no-id' text='person'
2026-05-06 15:22:33,733 - INFO -   Visible DIV 7: class='field-wrap' id='no-id' text='Password *
lock
visibility_off'
2026-05-06 15:22:33,828 - INFO -   Visible DIV 8: class='input-shell' id='no-id' text='lock
visibility_off'
2026-05-06 15:22:33,924 - INFO -   Visible DIV 9: class='auth-bottom-links' id='no-id' text='New user?  Access Account

Forgot password?'
2026-05-06 15:22:33,971 - INFO - 
================================================================================

2026-05-06 15:22:34,566 - INFO - Login button clicked.
2026-05-06 15:22:34,568 - INFO - Taking rapid screenshots and validating pop-up...
2026-05-06 15:22:35,275 - INFO - Screenshot 1 captured - Attempting validation...
2026-05-06 15:22:35,275 - INFO - 
================================================================================
2026-05-06 15:22:35,275 - INFO - STARTING COMPREHENSIVE POP-UP VALIDATION
2026-05-06 15:22:35,275 - INFO - ================================================================================
2026-05-06 15:22:35,295 - INFO - 
[VALIDATION 1] Checking Pop-up Visibility...
2026-05-06 15:22:35,324 - INFO -   Visibility Status: True
2026-05-06 15:22:35,324 - INFO -   PASSED: Pop-up is visible
2026-05-06 15:22:35,324 - INFO - 
[VALIDATION 2] Extracting and Validating Text Content...
2026-05-06 15:22:35,352 - INFO -   Extracted Text: 'Login Successful'
2026-05-06 15:22:35,353 - INFO -   PASSED: Text matches exactly: 'Login Successful'
2026-05-06 15:22:35,353 - INFO - 
[VALIDATION 3] Checking for Typos...
2026-05-06 15:22:35,354 - INFO -   PASSED: No known typos detected
2026-05-06 15:22:35,354 - INFO - 
[VALIDATION 4] Extracting CSS Classes and Attributes...
2026-05-06 15:22:35,373 - INFO -   CSS Classes: snackbar success-snackbar
2026-05-06 15:22:35,374 - INFO -   PASSED: 'success' class is present
2026-05-06 15:22:35,377 - INFO - 
[VALIDATION 5] Checking Element Properties...
2026-05-06 15:22:35,469 - INFO -   ID: Not set
2026-05-06 15:22:35,469 - INFO -   Data-TestID: Not set
2026-05-06 15:22:35,469 - INFO -   Role: Not set
2026-05-06 15:22:35,469 - INFO -   ARIA Label: Not set
2026-05-06 15:22:35,469 - INFO - 
[VALIDATION 6] Checking Position and Size...
2026-05-06 15:22:35,492 - INFO -   X: 1230, Y: 20
2026-05-06 15:22:35,494 - INFO -   Width: 250, Height: 43.5
2026-05-06 15:22:35,494 - INFO -   PASSED: Element has valid dimensions
2026-05-06 15:22:35,494 - INFO - 
[VALIDATION 7] Checking Computed Styles...
2026-05-06 15:22:35,639 - ERROR - Validation error: TypeError: Failed to execute 'getComputedStyle' on 'Window': parameter 1 is not of type 'Element'.
    at eval (eval at evaluate (:226:30), <anonymous>:1:8)
    at eval (<anonymous>)
    at UtilityScript.evaluate (<anonymous>:226:30)
    at UtilityScript.<anonymous> (<anonymous>:1:44)
2026-05-06 15:22:35,641 - WARNING -   WARNING: Could not check computed styles - element may have disappeared
2026-05-06 15:22:35,641 - INFO - 
================================================================================
2026-05-06 15:22:35,641 - INFO - POP-UP VALIDATION SUMMARY
2026-05-06 15:22:35,643 - INFO - ================================================================================
2026-05-06 15:22:35,643 - INFO -   Visibility: PASSED
2026-05-06 15:22:35,643 - INFO -   Text Match: PASSED
2026-05-06 15:22:35,643 - INFO -   Typo Check: PASSED
2026-05-06 15:22:35,645 - INFO -   CSS Classes: Present
2026-05-06 15:22:35,645 - INFO -   Position & Size: Valid
2026-05-06 15:22:35,645 - INFO -   Computed Styles: Valid
2026-05-06 15:22:35,649 - INFO - ================================================================================

2026-05-06 15:22:35,651 - INFO - ✓ ALL VALIDATIONS PASSED - Pop-up is working correctly!
2026-05-06 15:22:37,351 - INFO - Screenshot 2 captured - Attempting validation...
2026-05-06 15:22:37,351 - INFO - 
================================================================================
2026-05-06 15:22:37,351 - INFO - STARTING COMPREHENSIVE POP-UP VALIDATION
2026-05-06 15:22:37,351 - INFO - ================================================================================
2026-05-06 15:22:37,386 - ERROR - VALIDATION FAILED: Pop-up element not found!
2026-05-06 15:22:37,902 - INFO - Screenshot 3 captured - Attempting validation...
2026-05-06 15:22:37,902 - INFO - 
================================================================================
2026-05-06 15:22:37,903 - INFO - STARTING COMPREHENSIVE POP-UP VALIDATION
2026-05-06 15:22:37,903 - INFO - ================================================================================
2026-05-06 15:22:37,937 - ERROR - VALIDATION FAILED: Pop-up element not found!
2026-05-06 15:22:38,077 - INFO - Logging DOM elements AFTER login click (pop-up should appear here)...
2026-05-06 15:22:38,078 - INFO - 
================================================================================
2026-05-06 15:22:38,080 - INFO - DOM SNAPSHOT AT STAGE: After_Login_Click
2026-05-06 15:22:38,081 - INFO - ================================================================================
2026-05-06 15:22:38,117 - INFO - 
Searching for pop-up elements in page content...
2026-05-06 15:22:38,502 - WARNING - ⚠ No known pop-up selectors found. Checking all visible divs...
2026-05-06 15:22:38,565 - INFO - Total DIV elements on page: 29
2026-05-06 15:22:38,794 - INFO -   Visible DIV 1: class='header-right' id='no-id' text='English
French
Spanish
Quantum Toll Authority
supe'
2026-05-06 15:22:38,948 - INFO -   Visible DIV 2: class='nav-user' id='no-id' text='Quantum Toll Authority
superadmin_qm@yopmail.com'
2026-05-06 15:22:39,149 - INFO -   Visible DIV 3: class='nav-user-info' id='no-id' text='Quantum Toll Authority
superadmin_qm@yopmail.com'
2026-05-06 15:22:39,267 - INFO -   Visible DIV 4: class='uname' id='no-id' text='Quantum Toll Authority'
2026-05-06 15:22:39,401 - INFO -   Visible DIV 5: class='urole' id='no-id' text='superadmin_qm@yopmail.com'
2026-05-06 15:22:39,523 - INFO -   Visible DIV 6: class='main-container' id='no-id' text='dashboard_2
group
decimal_increase
admin_panel_set'
2026-05-06 15:22:39,633 - INFO -   Visible DIV 7: class='inner' id='no-id' text='dashboard_2'
2026-05-06 15:22:39,750 - INFO -   Visible DIV 8: class='inner' id='no-id' text='group'
2026-05-06 15:22:39,915 - INFO -   Visible DIV 9: class='inner' id='no-id' text='decimal_increase'
2026-05-06 15:22:40,061 - INFO -   Visible DIV 10: class='inner' id='no-id' text='admin_panel_settings'
2026-05-06 15:22:40,194 - INFO -   Visible DIV 11: class='inner' id='no-id' text='nest_doorbell_visitor'
2026-05-06 15:22:40,327 - INFO -   Visible DIV 12: class='inner' id='no-id' text='key_visualizer'
2026-05-06 15:22:40,355 - INFO - 
================================================================================

2026-05-06 15:22:40,629 - INFO - Waiting for dashboard URL...
2026-05-06 15:22:40,630 - INFO - 
================================================================================
2026-05-06 15:22:40,630 - INFO - DOM SNAPSHOT AT STAGE: Before_Dashboard_Navigation
2026-05-06 15:22:40,630 - INFO - ================================================================================
2026-05-06 15:22:40,662 - INFO - 
Searching for pop-up elements in page content...
2026-05-06 15:22:40,906 - WARNING - ⚠ No known pop-up selectors found. Checking all visible divs...
2026-05-06 15:22:40,950 - INFO - Total DIV elements on page: 29
2026-05-06 15:22:41,134 - INFO -   Visible DIV 1: class='header-right' id='no-id' text='English
French
Spanish
Quantum Toll Authority
supe'
2026-05-06 15:22:41,226 - INFO -   Visible DIV 2: class='nav-user' id='no-id' text='Quantum Toll Authority
superadmin_qm@yopmail.com'
2026-05-06 15:22:41,377 - INFO -   Visible DIV 3: class='nav-user-info' id='no-id' text='Quantum Toll Authority
superadmin_qm@yopmail.com'
2026-05-06 15:22:41,458 - INFO -   Visible DIV 4: class='uname' id='no-id' text='Quantum Toll Authority'
2026-05-06 15:22:41,560 - INFO -   Visible DIV 5: class='urole' id='no-id' text='superadmin_qm@yopmail.com'
2026-05-06 15:22:41,657 - INFO -   Visible DIV 6: class='main-container' id='no-id' text='dashboard_2
group
decimal_increase
admin_panel_set'
2026-05-06 15:22:41,743 - INFO -   Visible DIV 7: class='inner' id='no-id' text='dashboard_2'
2026-05-06 15:22:41,841 - INFO -   Visible DIV 8: class='inner' id='no-id' text='group'
2026-05-06 15:22:41,958 - INFO -   Visible DIV 9: class='inner' id='no-id' text='decimal_increase'
2026-05-06 15:22:42,064 - INFO -   Visible DIV 10: class='inner' id='no-id' text='admin_panel_settings'
2026-05-06 15:22:42,174 - INFO -   Visible DIV 11: class='inner' id='no-id' text='nest_doorbell_visitor'
2026-05-06 15:22:42,290 - INFO -   Visible DIV 12: class='inner' id='no-id' text='key_visualizer'
2026-05-06 15:22:42,310 - INFO - 
================================================================================

2026-05-06 15:22:42,342 - INFO - Login SUCCESS: Dashboard URL reached.
2026-05-06 15:22:42,877 - INFO - 
================================================================================
2026-05-06 15:22:42,879 - INFO - DOM SNAPSHOT AT STAGE: After_Dashboard_Loaded
2026-05-06 15:22:42,879 - INFO - ================================================================================
2026-05-06 15:22:42,907 - INFO - 
Searching for pop-up elements in page content...
2026-05-06 15:22:43,282 - WARNING - ⚠ No known pop-up selectors found. Checking all visible divs...
2026-05-06 15:22:43,351 - INFO - Total DIV elements on page: 29
2026-05-06 15:22:43,598 - INFO -   Visible DIV 1: class='header-right' id='no-id' text='English
French
Spanish
Quantum Toll Authority
supe'
2026-05-06 15:22:43,723 - INFO -   Visible DIV 2: class='nav-user' id='no-id' text='Quantum Toll Authority
superadmin_qm@yopmail.com'
2026-05-06 15:22:43,892 - INFO -   Visible DIV 3: class='nav-user-info' id='no-id' text='Quantum Toll Authority
superadmin_qm@yopmail.com'
2026-05-06 15:22:44,009 - INFO -   Visible DIV 4: class='uname' id='no-id' text='Quantum Toll Authority'
2026-05-06 15:22:44,108 - INFO -   Visible DIV 5: class='urole' id='no-id' text='superadmin_qm@yopmail.com'
2026-05-06 15:22:44,210 - INFO -   Visible DIV 6: class='main-container' id='no-id' text='dashboard_2
group
decimal_increase
admin_panel_set'
2026-05-06 15:22:44,324 - INFO -   Visible DIV 7: class='inner' id='no-id' text='dashboard_2'
2026-05-06 15:22:44,442 - INFO -   Visible DIV 8: class='inner' id='no-id' text='group'
2026-05-06 15:22:44,624 - INFO -   Visible DIV 9: class='inner' id='no-id' text='decimal_increase'
2026-05-06 15:22:44,784 - INFO -   Visible DIV 10: class='inner' id='no-id' text='admin_panel_settings'
2026-05-06 15:22:44,910 - INFO -   Visible DIV 11: class='inner' id='no-id' text='nest_doorbell_visitor'
2026-05-06 15:22:45,022 - INFO -   Visible DIV 12: class='inner' id='no-id' text='key_visualizer'
2026-05-06 15:22:45,045 - INFO - 
================================================================================

2026-05-06 15:22:45,045 - INFO - Checking for dashboard header 'Welcome to QM Toll portal!'...
2026-05-06 15:22:45,109 - INFO - ✅ Dashboard header found with selector: h4:has-text("Welcome to QM Toll portal!")
2026-05-06 15:22:45,109 - INFO -    Header text: 'Welcome to QM Toll portal!'
2026-05-06 15:22:45,109 - INFO - ✅ DASHBOARD VALIDATION PASSED: 'Welcome to QM Toll portal!' header found
2026-05-06 15:22:45,692 - INFO - Step 1: Navigating and Starting Onboarding...
2026-05-06 15:22:45,692 - INFO - Executing Sidebar Navigation Sequence...
2026-05-06 15:22:48,706 - INFO - Filling Step 1: Account Details...
2026-05-06 15:22:52,171 - INFO - Filled First Name: Lagan
2026-05-06 15:22:53,379 - INFO - Filled Middle Name: QA Team
2026-05-06 15:22:54,546 - INFO - Filled Last Name: Dewan
2026-05-06 15:22:55,724 - INFO - Checked: Use Same for Billing
2026-05-06 15:22:56,891 - INFO - Checked: Use Same for Shipping
2026-05-06 15:22:58,075 - INFO - Checked: Primary Address
2026-05-06 15:23:01,958 - INFO - Filled Address: 123 Automation Blvd
2026-05-06 15:23:03,157 - INFO - Filled Zip Code: 12345
2026-05-06 15:23:04,890 - INFO - Filled Phone: 9334061974
2026-05-06 15:23:06,075 - INFO - Filled Email: lagan.dewan20@testmail.com
2026-05-06 15:23:07,259 - INFO - Filled Confirm Email: lagan.dewan20@testmail.com
2026-05-06 15:23:07,259 - INFO - Clicking Save & Next...
2026-05-06 15:23:07,259 - INFO - Finalizing Step 1: Disabling chatbot interference...
2026-05-06 15:23:07,275 - INFO - Chatbot elements hidden via CSS injection.
2026-05-06 15:23:07,874 - INFO - Triggering Atomic Click on Save & Next...
2026-05-06 15:23:07,918 - INFO - Step 1 Submitted - Navigation to Vehicles should be clean.
2026-05-06 15:23:07,918 - INFO - Step 1 Submitted successfully.
2026-05-06 15:23:07,918 - INFO - Adding 1 Vehicle(s)...
2026-05-06 15:23:08,292 - INFO - Step 2 loaded successfully.
2026-05-06 15:23:08,316 - INFO - Chatbot elements hidden via CSS injection.
2026-05-06 15:23:09,482 - INFO - Filled Plate 1: QA1039GP
2026-05-06 15:23:13,798 - INFO - Filled Plate Start Date: 2026-05-06
2026-05-06 15:23:24,814 - INFO - Clicking 'Add' button for Vehicle 1...
2026-05-06 15:23:24,844 - INFO - Chatbot elements hidden via CSS injection.
2026-05-06 15:23:28,059 - INFO - Vehicle 1 added successfully.
2026-05-06 15:23:29,567 - INFO - Highlighting and clicking 'Next' button...
2026-05-06 15:23:29,578 - INFO - Chatbot elements hidden via CSS injection.
2026-05-06 15:23:32,299 - INFO - Captured Permanent Account Number: 2000011535
2026-05-06 15:23:32,299 - INFO - Account 2000011535 saved to SharedData.
2026-05-06 15:23:32,299 - INFO - Starting Step 3: Payment Information for Lagan Dewan...
2026-05-06 15:23:32,336 - INFO - Chatbot elements hidden via CSS injection.
2026-05-06 15:23:36,203 - INFO - Filled Cardholder Name: Lagan Dewan
2026-05-06 15:23:37,400 - INFO - Filled Card Number: 7712561544280700
2026-05-06 15:23:38,617 - INFO - Filled Expiry Date: 05/28
2026-05-06 15:23:39,849 - INFO - Filled CVV: 630
2026-05-06 15:23:42,029 - INFO - Clicking 'Preview and Pay'...
2026-05-06 15:23:42,043 - INFO - Chatbot elements hidden via CSS injection.
2026-05-06 15:23:42,702 - INFO - Waiting for Payment Summary card...
2026-05-06 15:23:44,161 - INFO - Starting Final Confirmation Modal...
2026-05-06 15:23:45,119 - INFO - ✅ Account onboarding completed successfully.
2026-05-06 15:23:45,122 - INFO - Finalizing process: Clicking 'Account Summary' button...
2026-05-06 15:23:45,205 - INFO - Step 2: Creating case for account: 2000011535
2026-05-06 15:24:01,570 - INFO - ✅ Full Flow Success!
2026-05-06 16:19:59,361 - INFO - Navigating to Login Page: http://operator-qa.qmaastech.com/
2026-05-06 16:20:02,217 - INFO - Attempting login for user: superadmin_qm@yopmail.com
2026-05-06 16:20:03,889 - INFO - Logging DOM elements BEFORE login click...
2026-05-06 16:20:03,889 - INFO - 
================================================================================
2026-05-06 16:20:03,893 - INFO - DOM SNAPSHOT AT STAGE: Before_Login
2026-05-06 16:20:03,893 - INFO - ================================================================================
2026-05-06 16:20:03,930 - INFO - 
Searching for pop-up elements in page content...
2026-05-06 16:20:04,291 - WARNING - ⚠ No known pop-up selectors found. Checking all visible divs...
2026-05-06 16:20:04,353 - INFO - Total DIV elements on page: 21
2026-05-06 16:20:04,892 - INFO -   Visible DIV 1: class='hero-pills' id='no-id' text='bolt
Real-time
smart_toy
AI-driven
hub
Multi-agenc'
2026-05-06 16:20:05,075 - INFO -   Visible DIV 2: class='auth-panel' id='no-id' text='Welcome Back

Sign in to your account to continue
'
2026-05-06 16:20:05,203 - INFO -   Visible DIV 3: class='auth-card' id='no-id' text='Welcome Back

Sign in to your account to continue
'
2026-05-06 16:20:05,314 - INFO -   Visible DIV 4: class='auth-step' id='no-id' text='Welcome Back

Sign in to your account to continue
'
2026-05-06 16:20:05,485 - INFO -   Visible DIV 5: class='field-wrap' id='no-id' text='Email ID / Username *
person'
2026-05-06 16:20:05,576 - INFO -   Visible DIV 6: class='input-shell' id='no-id' text='person'
2026-05-06 16:20:05,676 - INFO -   Visible DIV 7: class='field-wrap' id='no-id' text='Password *
lock
visibility_off'
2026-05-06 16:20:05,758 - INFO -   Visible DIV 8: class='input-shell' id='no-id' text='lock
visibility_off'
2026-05-06 16:20:05,853 - INFO -   Visible DIV 9: class='auth-bottom-links' id='no-id' text='New user?  Access Account

Forgot password?'
2026-05-06 16:20:05,932 - INFO - 
================================================================================

2026-05-06 16:20:06,525 - INFO - Login button clicked.
2026-05-06 16:20:06,529 - INFO - Taking rapid screenshots and validating pop-up...
2026-05-06 16:20:07,169 - INFO - Screenshot 1 captured - Attempting validation...
2026-05-06 16:20:07,171 - INFO - 
================================================================================
2026-05-06 16:20:07,172 - INFO - STARTING COMPREHENSIVE POP-UP VALIDATION
2026-05-06 16:20:07,173 - INFO - ================================================================================
2026-05-06 16:20:07,186 - INFO - 
[VALIDATION 1] Checking Pop-up Visibility...
2026-05-06 16:20:07,235 - INFO -   Visibility Status: True
2026-05-06 16:20:07,236 - INFO -   PASSED: Pop-up is visible
2026-05-06 16:20:07,236 - INFO - 
[VALIDATION 2] Extracting and Validating Text Content...
2026-05-06 16:20:07,262 - INFO -   Extracted Text: 'Login Successful'
2026-05-06 16:20:07,268 - INFO -   PASSED: Text matches exactly: 'Login Successful'
2026-05-06 16:20:07,272 - INFO - 
[VALIDATION 3] Checking for Typos...
2026-05-06 16:20:07,281 - INFO -   PASSED: No known typos detected
2026-05-06 16:20:07,285 - INFO - 
[VALIDATION 4] Extracting CSS Classes and Attributes...
2026-05-06 16:20:07,309 - INFO -   CSS Classes: snackbar success-snackbar
2026-05-06 16:20:07,320 - INFO -   PASSED: 'success' class is present
2026-05-06 16:20:07,320 - INFO - 
[VALIDATION 5] Checking Element Properties...
2026-05-06 16:20:07,420 - INFO -   ID: Not set
2026-05-06 16:20:07,420 - INFO -   Data-TestID: Not set
2026-05-06 16:20:07,420 - INFO -   Role: Not set
2026-05-06 16:20:07,420 - INFO -   ARIA Label: Not set
2026-05-06 16:20:07,420 - INFO - 
[VALIDATION 6] Checking Position and Size...
2026-05-06 16:20:07,436 - INFO -   X: 1230, Y: 20
2026-05-06 16:20:07,436 - INFO -   Width: 250, Height: 43.5
2026-05-06 16:20:07,436 - INFO -   PASSED: Element has valid dimensions
2026-05-06 16:20:07,452 - INFO - 
[VALIDATION 7] Checking Computed Styles...
2026-05-06 16:20:07,491 - INFO -   Display: block
2026-05-06 16:20:07,491 - INFO -   Opacity: 1
2026-05-06 16:20:07,491 - INFO -   PASSED: Element is displayed with proper opacity
2026-05-06 16:20:07,491 - INFO - 
================================================================================
2026-05-06 16:20:07,491 - INFO - POP-UP VALIDATION SUMMARY
2026-05-06 16:20:07,491 - INFO - ================================================================================
2026-05-06 16:20:07,491 - INFO -   Visibility: PASSED
2026-05-06 16:20:07,491 - INFO -   Text Match: PASSED
2026-05-06 16:20:07,491 - INFO -   Typo Check: PASSED
2026-05-06 16:20:07,491 - INFO -   CSS Classes: Present
2026-05-06 16:20:07,491 - INFO -   Position & Size: Valid
2026-05-06 16:20:07,491 - INFO -   Computed Styles: Valid
2026-05-06 16:20:07,491 - INFO - ================================================================================

2026-05-06 16:20:07,491 - INFO - ✓ ALL VALIDATIONS PASSED - Pop-up is working correctly!
2026-05-06 16:20:07,954 - INFO - Screenshot 2 captured - Attempting validation...
2026-05-06 16:20:07,954 - INFO - 
================================================================================
2026-05-06 16:20:07,956 - INFO - STARTING COMPREHENSIVE POP-UP VALIDATION
2026-05-06 16:20:07,957 - INFO - ================================================================================
2026-05-06 16:20:07,970 - ERROR - VALIDATION FAILED: Pop-up element not found!
2026-05-06 16:20:09,599 - INFO - Screenshot 3 captured - Attempting validation...
2026-05-06 16:20:09,616 - INFO - 
================================================================================
2026-05-06 16:20:09,650 - INFO - STARTING COMPREHENSIVE POP-UP VALIDATION
2026-05-06 16:20:09,654 - INFO - ================================================================================
2026-05-06 16:20:09,696 - ERROR - VALIDATION FAILED: Pop-up element not found!
2026-05-06 16:20:09,818 - INFO - Logging DOM elements AFTER login click (pop-up should appear here)...
2026-05-06 16:20:09,818 - INFO - 
================================================================================
2026-05-06 16:20:09,821 - INFO - DOM SNAPSHOT AT STAGE: After_Login_Click
2026-05-06 16:20:09,821 - INFO - ================================================================================
2026-05-06 16:20:09,855 - INFO - 
Searching for pop-up elements in page content...
2026-05-06 16:20:10,189 - WARNING - ⚠ No known pop-up selectors found. Checking all visible divs...
2026-05-06 16:20:10,256 - INFO - Total DIV elements on page: 29
2026-05-06 16:20:10,549 - INFO -   Visible DIV 1: class='header-right' id='no-id' text='English
French
Spanish
Quantum Toll Authority
supe'
2026-05-06 16:20:10,669 - INFO -   Visible DIV 2: class='nav-user' id='no-id' text='Quantum Toll Authority
superadmin_qm@yopmail.com'
2026-05-06 16:20:10,865 - INFO -   Visible DIV 3: class='nav-user-info' id='no-id' text='Quantum Toll Authority
superadmin_qm@yopmail.com'
2026-05-06 16:20:10,978 - INFO -   Visible DIV 4: class='uname' id='no-id' text='Quantum Toll Authority'
2026-05-06 16:20:11,111 - INFO -   Visible DIV 5: class='urole' id='no-id' text='superadmin_qm@yopmail.com'
2026-05-06 16:20:11,234 - INFO -   Visible DIV 6: class='main-container' id='no-id' text='dashboard_2
group
decimal_increase
admin_panel_set'
2026-05-06 16:20:11,349 - INFO -   Visible DIV 7: class='inner' id='no-id' text='dashboard_2'
2026-05-06 16:20:11,475 - INFO -   Visible DIV 8: class='inner' id='no-id' text='group'
2026-05-06 16:20:11,630 - INFO -   Visible DIV 9: class='inner' id='no-id' text='decimal_increase'
2026-05-06 16:20:11,798 - INFO -   Visible DIV 10: class='inner' id='no-id' text='admin_panel_settings'
2026-05-06 16:20:11,953 - INFO -   Visible DIV 11: class='inner' id='no-id' text='nest_doorbell_visitor'
2026-05-06 16:20:12,104 - INFO -   Visible DIV 12: class='inner' id='no-id' text='key_visualizer'
2026-05-06 16:20:12,133 - INFO - 
================================================================================

2026-05-06 16:20:12,927 - INFO - Waiting for dashboard URL...
2026-05-06 16:20:12,928 - INFO - 
================================================================================
2026-05-06 16:20:12,928 - INFO - DOM SNAPSHOT AT STAGE: Before_Dashboard_Navigation
2026-05-06 16:20:12,929 - INFO - ================================================================================
2026-05-06 16:20:12,966 - INFO - 
Searching for pop-up elements in page content...
2026-05-06 16:20:13,325 - WARNING - ⚠ No known pop-up selectors found. Checking all visible divs...
2026-05-06 16:20:13,388 - INFO - Total DIV elements on page: 29
2026-05-06 16:20:13,642 - INFO -   Visible DIV 1: class='header-right' id='no-id' text='English
French
Spanish
Quantum Toll Authority
supe'
2026-05-06 16:20:13,754 - INFO -   Visible DIV 2: class='nav-user' id='no-id' text='Quantum Toll Authority
superadmin_qm@yopmail.com'
2026-05-06 16:20:13,942 - INFO -   Visible DIV 3: class='nav-user-info' id='no-id' text='Quantum Toll Authority
superadmin_qm@yopmail.com'
2026-05-06 16:20:14,034 - INFO -   Visible DIV 4: class='uname' id='no-id' text='Quantum Toll Authority'
2026-05-06 16:20:14,128 - INFO -   Visible DIV 5: class='urole' id='no-id' text='superadmin_qm@yopmail.com'
2026-05-06 16:20:14,223 - INFO -   Visible DIV 6: class='main-container' id='no-id' text='dashboard_2
group
decimal_increase
admin_panel_set'
2026-05-06 16:20:14,333 - INFO -   Visible DIV 7: class='inner' id='no-id' text='dashboard_2'
2026-05-06 16:20:14,459 - INFO -   Visible DIV 8: class='inner' id='no-id' text='group'
2026-05-06 16:20:14,612 - INFO -   Visible DIV 9: class='inner' id='no-id' text='decimal_increase'
2026-05-06 16:20:14,793 - INFO -   Visible DIV 10: class='inner' id='no-id' text='admin_panel_settings'
2026-05-06 16:20:14,949 - INFO -   Visible DIV 11: class='inner' id='no-id' text='nest_doorbell_visitor'
2026-05-06 16:20:15,086 - INFO -   Visible DIV 12: class='inner' id='no-id' text='key_visualizer'
2026-05-06 16:20:15,103 - INFO - 
================================================================================

2026-05-06 16:20:15,144 - INFO - Login SUCCESS: Dashboard URL reached.
2026-05-06 16:20:15,677 - INFO - 
================================================================================
2026-05-06 16:20:15,677 - INFO - DOM SNAPSHOT AT STAGE: After_Dashboard_Loaded
2026-05-06 16:20:15,677 - INFO - ================================================================================
2026-05-06 16:20:15,702 - INFO - 
Searching for pop-up elements in page content...
2026-05-06 16:20:15,967 - WARNING - ⚠ No known pop-up selectors found. Checking all visible divs...
2026-05-06 16:20:16,021 - INFO - Total DIV elements on page: 29
2026-05-06 16:20:16,199 - INFO -   Visible DIV 1: class='header-right' id='no-id' text='English
French
Spanish
Quantum Toll Authority
supe'
2026-05-06 16:20:16,295 - INFO -   Visible DIV 2: class='nav-user' id='no-id' text='Quantum Toll Authority
superadmin_qm@yopmail.com'
2026-05-06 16:20:16,421 - INFO -   Visible DIV 3: class='nav-user-info' id='no-id' text='Quantum Toll Authority
superadmin_qm@yopmail.com'
2026-05-06 16:20:16,546 - INFO -   Visible DIV 4: class='uname' id='no-id' text='Quantum Toll Authority'
2026-05-06 16:20:16,646 - INFO -   Visible DIV 5: class='urole' id='no-id' text='superadmin_qm@yopmail.com'
2026-05-06 16:20:16,731 - INFO -   Visible DIV 6: class='main-container' id='no-id' text='dashboard_2
group
decimal_increase
admin_panel_set'
2026-05-06 16:20:16,813 - INFO -   Visible DIV 7: class='inner' id='no-id' text='dashboard_2'
2026-05-06 16:20:16,889 - INFO -   Visible DIV 8: class='inner' id='no-id' text='group'
2026-05-06 16:20:17,112 - INFO -   Visible DIV 9: class='inner' id='no-id' text='decimal_increase'
2026-05-06 16:20:17,247 - INFO -   Visible DIV 10: class='inner' id='no-id' text='admin_panel_settings'
2026-05-06 16:20:17,418 - INFO -   Visible DIV 11: class='inner' id='no-id' text='nest_doorbell_visitor'
2026-05-06 16:20:17,580 - INFO -   Visible DIV 12: class='inner' id='no-id' text='key_visualizer'
2026-05-06 16:20:17,609 - INFO - 
================================================================================

2026-05-06 16:20:17,612 - INFO - Checking for dashboard header 'Welcome to QM Toll portal!'...
2026-05-06 16:20:17,727 - INFO - ✅ Dashboard header found with selector: h4:has-text("Welcome to QM Toll portal!")
2026-05-06 16:20:17,728 - INFO -    Header text: 'Welcome to QM Toll portal!'
2026-05-06 16:20:17,728 - INFO - ✅ DASHBOARD VALIDATION PASSED: 'Welcome to QM Toll portal!' header found
2026-05-06 16:20:18,272 - INFO - Step 1: Navigating and Starting Onboarding...
2026-05-06 16:20:18,272 - INFO - Executing Sidebar Navigation Sequence...
2026-05-06 16:20:21,280 - INFO - Filling Step 1: Account Details...
2026-05-06 16:20:26,701 - INFO - Filled First Name: Divyansh
2026-05-06 16:20:27,881 - INFO - Filled Middle Name: QA Team
2026-05-06 16:20:29,132 - INFO - Filled Last Name: Bala
2026-05-06 16:20:30,355 - INFO - Checked: Use Same for Billing
2026-05-06 16:20:31,540 - INFO - Checked: Use Same for Shipping
2026-05-06 16:20:32,703 - INFO - Checked: Primary Address
2026-05-06 16:20:36,554 - INFO - Filled Address: 123 Automation Blvd
2026-05-06 16:20:37,716 - INFO - Filled Zip Code: 12345
2026-05-06 16:20:39,409 - INFO - Filled Phone: 7399102073
2026-05-06 16:20:40,653 - INFO - Filled Email: divyansh.bala41@testmail.com
2026-05-06 16:20:41,838 - INFO - Filled Confirm Email: divyansh.bala41@testmail.com
2026-05-06 16:20:41,838 - INFO - Clicking Save & Next...
2026-05-06 16:20:41,838 - INFO - Finalizing Step 1: Disabling chatbot interference...
2026-05-06 16:20:41,863 - INFO - Chatbot elements hidden via CSS injection.
2026-05-06 16:20:42,436 - INFO - Triggering Atomic Click on Save & Next...
2026-05-06 16:20:42,489 - INFO - Step 1 Submitted - Navigation to Vehicles should be clean.
2026-05-06 16:20:42,490 - INFO - Step 1 Submitted successfully.
2026-05-06 16:20:42,491 - INFO - Adding 1 Vehicle(s)...
2026-05-06 16:20:42,946 - INFO - Step 2 loaded successfully.
2026-05-06 16:20:42,973 - INFO - Chatbot elements hidden via CSS injection.
2026-05-06 16:20:44,169 - INFO - Filled Plate 1: QA5015GP
2026-05-06 16:20:48,561 - INFO - Filled Plate Start Date: 2026-05-06
2026-05-06 16:20:59,632 - INFO - Clicking 'Add' button for Vehicle 1...
2026-05-06 16:20:59,650 - INFO - Chatbot elements hidden via CSS injection.
2026-05-06 16:21:01,357 - INFO - Vehicle addition complete. Focusing on 'Next' button...
2026-05-06 16:21:02,239 - INFO - Highlighting and clicking 'Next' button...
2026-05-06 16:21:02,263 - INFO - Chatbot elements hidden via CSS injection.
2026-05-06 16:21:03,829 - INFO - Captured Permanent Account Number: 2000011536
2026-05-06 16:21:03,829 - INFO - Account 2000011536 saved to SharedData.
2026-05-06 16:21:03,829 - INFO - Starting Step 3: Payment Information for Divyansh Bala...
2026-05-06 16:21:03,870 - INFO - Chatbot elements hidden via CSS injection.
2026-05-06 16:21:07,728 - INFO - Filled Cardholder Name: Divyansh Bala
2026-05-06 16:21:09,011 - INFO - Filled Card Number: 5258263417521303
2026-05-06 16:21:10,272 - INFO - Filled Expiry Date: 05/28
2026-05-06 16:21:11,496 - INFO - Filled CVV: 018
2026-05-06 16:21:13,620 - INFO - Clicking 'Preview and Pay'...
2026-05-06 16:21:13,638 - INFO - Chatbot elements hidden via CSS injection.
2026-05-06 16:21:14,275 - INFO - Waiting for Payment Summary card...
2026-05-06 16:21:15,730 - INFO - Starting Final Confirmation Modal...
2026-05-06 16:21:16,674 - INFO - ✅ Account onboarding completed successfully.
2026-05-06 16:21:16,677 - INFO - Finalizing process: Clicking 'Account Summary' button...
2026-05-06 16:21:16,785 - INFO - Step 2: Creating case for account: 2000011536
2026-05-06 16:21:33,178 - INFO - ✅ Full Flow Success!
2026-05-06 16:29:53,002 - INFO - Navigating to Login Page: http://operator-qa.qmaastech.com/
2026-05-06 16:29:56,052 - INFO - Attempting login for user: superadmin_qm@yopmail.com
2026-05-06 16:29:57,823 - INFO - Logging DOM elements BEFORE login click...
2026-05-06 16:29:57,826 - INFO - 
================================================================================
2026-05-06 16:29:57,828 - INFO - DOM SNAPSHOT AT STAGE: Before_Login
2026-05-06 16:29:57,834 - INFO - ================================================================================
2026-05-06 16:29:57,865 - INFO - 
Searching for pop-up elements in page content...
2026-05-06 16:29:58,436 - WARNING - ⚠ No known pop-up selectors found. Checking all visible divs...
2026-05-06 16:29:58,552 - INFO - Total DIV elements on page: 21
2026-05-06 16:29:59,387 - INFO -   Visible DIV 1: class='hero-pills' id='no-id' text='bolt
Real-time
smart_toy
AI-driven
hub
Multi-agenc'
2026-05-06 16:29:59,641 - INFO -   Visible DIV 2: class='auth-panel' id='no-id' text='Welcome Back

Sign in to your account to continue
'
2026-05-06 16:29:59,794 - INFO -   Visible DIV 3: class='auth-card' id='no-id' text='Welcome Back

Sign in to your account to continue
'
2026-05-06 16:29:59,966 - INFO -   Visible DIV 4: class='auth-step' id='no-id' text='Welcome Back

Sign in to your account to continue
'
2026-05-06 16:30:00,216 - INFO -   Visible DIV 5: class='field-wrap' id='no-id' text='Email ID / Username *
person'
2026-05-06 16:30:00,386 - INFO -   Visible DIV 6: class='input-shell' id='no-id' text='person'
2026-05-06 16:30:00,558 - INFO -   Visible DIV 7: class='field-wrap' id='no-id' text='Password *
lock
visibility_off'
2026-05-06 16:30:00,710 - INFO -   Visible DIV 8: class='input-shell' id='no-id' text='lock
visibility_off'
2026-05-06 16:30:00,858 - INFO -   Visible DIV 9: class='auth-bottom-links' id='no-id' text='New user?  Access Account

Forgot password?'
2026-05-06 16:30:00,935 - INFO - 
================================================================================

2026-05-06 16:30:01,535 - INFO - Login button clicked.
2026-05-06 16:30:01,535 - INFO - Taking rapid screenshots and validating pop-up...
2026-05-06 16:30:02,359 - INFO - Screenshot 1 captured - Attempting validation...
2026-05-06 16:30:02,368 - INFO - 
================================================================================
2026-05-06 16:30:02,368 - INFO - STARTING COMPREHENSIVE POP-UP VALIDATION
2026-05-06 16:30:02,370 - INFO - ================================================================================
2026-05-06 16:30:02,408 - INFO - 
[VALIDATION 1] Checking Pop-up Visibility...
2026-05-06 16:30:02,469 - INFO -   Visibility Status: True
2026-05-06 16:30:02,478 - INFO -   PASSED: Pop-up is visible
2026-05-06 16:30:02,480 - INFO - 
[VALIDATION 2] Extracting and Validating Text Content...
2026-05-06 16:30:02,556 - INFO -   Extracted Text: 'Login Successful'
2026-05-06 16:30:02,564 - INFO -   PASSED: Text matches exactly: 'Login Successful'
2026-05-06 16:30:02,566 - INFO - 
[VALIDATION 3] Checking for Typos...
2026-05-06 16:30:02,569 - INFO -   PASSED: No known typos detected
2026-05-06 16:30:02,569 - INFO - 
[VALIDATION 4] Extracting CSS Classes and Attributes...
2026-05-06 16:30:02,823 - INFO -   CSS Classes: snackbar success-snackbar
2026-05-06 16:30:02,825 - INFO -   PASSED: 'success' class is present
2026-05-06 16:30:02,825 - INFO - 
[VALIDATION 5] Checking Element Properties...
2026-05-06 16:30:02,978 - INFO -   ID: Not set
2026-05-06 16:30:02,978 - INFO -   Data-TestID: Not set
2026-05-06 16:30:02,978 - INFO -   Role: Not set
2026-05-06 16:30:02,978 - INFO -   ARIA Label: Not set
2026-05-06 16:30:02,978 - INFO - 
[VALIDATION 6] Checking Position and Size...
2026-05-06 16:30:03,009 - WARNING -   WARNING: Could not get bounding box
2026-05-06 16:30:03,010 - INFO - 
[VALIDATION 7] Checking Computed Styles...
2026-05-06 16:30:03,045 - ERROR - Validation error: TypeError: Failed to execute 'getComputedStyle' on 'Window': parameter 1 is not of type 'Element'.
    at eval (eval at evaluate (:226:30), <anonymous>:1:8)
    at eval (<anonymous>)
    at UtilityScript.evaluate (<anonymous>:226:30)
    at UtilityScript.<anonymous> (<anonymous>:1:44)
2026-05-06 16:30:03,047 - WARNING -   WARNING: Could not check computed styles - element may have disappeared
2026-05-06 16:30:03,047 - INFO - 
================================================================================
2026-05-06 16:30:03,047 - INFO - POP-UP VALIDATION SUMMARY
2026-05-06 16:30:03,047 - INFO - ================================================================================
2026-05-06 16:30:03,049 - INFO -   Visibility: PASSED
2026-05-06 16:30:03,049 - INFO -   Text Match: PASSED
2026-05-06 16:30:03,050 - INFO -   Typo Check: PASSED
2026-05-06 16:30:03,050 - INFO -   CSS Classes: Present
2026-05-06 16:30:03,050 - INFO -   Position & Size: Valid
2026-05-06 16:30:03,050 - INFO -   Computed Styles: Valid
2026-05-06 16:30:03,050 - INFO - ================================================================================

2026-05-06 16:30:03,050 - INFO - ✓ ALL VALIDATIONS PASSED - Pop-up is working correctly!
2026-05-06 16:30:04,883 - INFO - Screenshot 2 captured - Attempting validation...
2026-05-06 16:30:04,883 - INFO - 
================================================================================
2026-05-06 16:30:04,883 - INFO - STARTING COMPREHENSIVE POP-UP VALIDATION
2026-05-06 16:30:04,883 - INFO - ================================================================================
2026-05-06 16:30:04,916 - ERROR - VALIDATION FAILED: Pop-up element not found!
2026-05-06 16:30:05,440 - INFO - Screenshot 3 captured - Attempting validation...
2026-05-06 16:30:05,440 - INFO - 
================================================================================
2026-05-06 16:30:05,440 - INFO - STARTING COMPREHENSIVE POP-UP VALIDATION
2026-05-06 16:30:05,443 - INFO - ================================================================================
2026-05-06 16:30:05,472 - ERROR - VALIDATION FAILED: Pop-up element not found!
2026-05-06 16:30:05,608 - INFO - Logging DOM elements AFTER login click (pop-up should appear here)...
2026-05-06 16:30:05,608 - INFO - 
================================================================================
2026-05-06 16:30:05,608 - INFO - DOM SNAPSHOT AT STAGE: After_Login_Click
2026-05-06 16:30:05,612 - INFO - ================================================================================
2026-05-06 16:30:05,657 - INFO - 
Searching for pop-up elements in page content...
2026-05-06 16:30:06,200 - WARNING - ⚠ No known pop-up selectors found. Checking all visible divs...
2026-05-06 16:30:06,291 - INFO - Total DIV elements on page: 29
2026-05-06 16:30:06,593 - INFO -   Visible DIV 1: class='header-right' id='no-id' text='English
French
Spanish
Quantum Toll Authority
supe'
2026-05-06 16:30:06,755 - INFO -   Visible DIV 2: class='nav-user' id='no-id' text='Quantum Toll Authority
superadmin_qm@yopmail.com'
2026-05-06 16:30:06,981 - INFO -   Visible DIV 3: class='nav-user-info' id='no-id' text='Quantum Toll Authority
superadmin_qm@yopmail.com'
2026-05-06 16:30:07,133 - INFO -   Visible DIV 4: class='uname' id='no-id' text='Quantum Toll Authority'
2026-05-06 16:30:07,293 - INFO -   Visible DIV 5: class='urole' id='no-id' text='superadmin_qm@yopmail.com'
2026-05-06 16:30:07,476 - INFO -   Visible DIV 6: class='main-container' id='no-id' text='dashboard_2
group
decimal_increase
admin_panel_set'
2026-05-06 16:30:07,650 - INFO -   Visible DIV 7: class='inner' id='no-id' text='dashboard_2'
2026-05-06 16:30:07,798 - INFO -   Visible DIV 8: class='inner' id='no-id' text='group'
2026-05-06 16:30:08,012 - INFO -   Visible DIV 9: class='inner' id='no-id' text='decimal_increase'
2026-05-06 16:30:08,176 - INFO -   Visible DIV 10: class='inner' id='no-id' text='admin_panel_settings'
2026-05-06 16:30:08,315 - INFO -   Visible DIV 11: class='inner' id='no-id' text='nest_doorbell_visitor'
2026-05-06 16:30:08,502 - INFO -   Visible DIV 12: class='inner' id='no-id' text='key_visualizer'
2026-05-06 16:30:08,553 - INFO - 
================================================================================

2026-05-06 16:30:08,809 - INFO - Waiting for dashboard URL...
2026-05-06 16:30:08,814 - INFO - 
================================================================================
2026-05-06 16:30:08,819 - INFO - DOM SNAPSHOT AT STAGE: Before_Dashboard_Navigation
2026-05-06 16:30:08,819 - INFO - ================================================================================
2026-05-06 16:30:08,870 - INFO - 
Searching for pop-up elements in page content...
2026-05-06 16:30:09,401 - WARNING - ⚠ No known pop-up selectors found. Checking all visible divs...
2026-05-06 16:30:09,480 - INFO - Total DIV elements on page: 29
2026-05-06 16:30:09,753 - INFO -   Visible DIV 1: class='header-right' id='no-id' text='English
French
Spanish
Quantum Toll Authority
supe'
2026-05-06 16:30:09,912 - INFO -   Visible DIV 2: class='nav-user' id='no-id' text='Quantum Toll Authority
superadmin_qm@yopmail.com'
2026-05-06 16:30:10,104 - INFO -   Visible DIV 3: class='nav-user-info' id='no-id' text='Quantum Toll Authority
superadmin_qm@yopmail.com'
2026-05-06 16:30:10,254 - INFO -   Visible DIV 4: class='uname' id='no-id' text='Quantum Toll Authority'
2026-05-06 16:30:10,396 - INFO -   Visible DIV 5: class='urole' id='no-id' text='superadmin_qm@yopmail.com'
2026-05-06 16:30:10,503 - INFO -   Visible DIV 6: class='main-container' id='no-id' text='dashboard_2
group
decimal_increase
admin_panel_set'
2026-05-06 16:30:10,638 - INFO -   Visible DIV 7: class='inner' id='no-id' text='dashboard_2'
2026-05-06 16:30:10,787 - INFO -   Visible DIV 8: class='inner' id='no-id' text='group'
2026-05-06 16:30:10,969 - INFO -   Visible DIV 9: class='inner' id='no-id' text='decimal_increase'
2026-05-06 16:30:11,120 - INFO -   Visible DIV 10: class='inner' id='no-id' text='admin_panel_settings'
2026-05-06 16:30:11,286 - INFO -   Visible DIV 11: class='inner' id='no-id' text='nest_doorbell_visitor'
2026-05-06 16:30:11,437 - INFO -   Visible DIV 12: class='inner' id='no-id' text='key_visualizer'
2026-05-06 16:30:11,478 - INFO - 
================================================================================

2026-05-06 16:30:11,516 - INFO - Login SUCCESS: Dashboard URL reached.
2026-05-06 16:30:12,067 - INFO - 
================================================================================
2026-05-06 16:30:12,067 - INFO - DOM SNAPSHOT AT STAGE: After_Dashboard_Loaded
2026-05-06 16:30:12,067 - INFO - ================================================================================
2026-05-06 16:30:12,100 - INFO - 
Searching for pop-up elements in page content...
2026-05-06 16:30:12,453 - WARNING - ⚠ No known pop-up selectors found. Checking all visible divs...
2026-05-06 16:30:12,519 - INFO - Total DIV elements on page: 29
2026-05-06 16:30:12,787 - INFO -   Visible DIV 1: class='header-right' id='no-id' text='English
French
Spanish
Quantum Toll Authority
supe'
2026-05-06 16:30:12,937 - INFO -   Visible DIV 2: class='nav-user' id='no-id' text='Quantum Toll Authority
superadmin_qm@yopmail.com'
2026-05-06 16:30:13,087 - INFO -   Visible DIV 3: class='nav-user-info' id='no-id' text='Quantum Toll Authority
superadmin_qm@yopmail.com'
2026-05-06 16:30:13,204 - INFO -   Visible DIV 4: class='uname' id='no-id' text='Quantum Toll Authority'
2026-05-06 16:30:13,365 - INFO -   Visible DIV 5: class='urole' id='no-id' text='superadmin_qm@yopmail.com'
2026-05-06 16:30:13,487 - INFO -   Visible DIV 6: class='main-container' id='no-id' text='dashboard_2
group
decimal_increase
admin_panel_set'
2026-05-06 16:30:13,619 - INFO -   Visible DIV 7: class='inner' id='no-id' text='dashboard_2'
2026-05-06 16:30:13,737 - INFO -   Visible DIV 8: class='inner' id='no-id' text='group'
2026-05-06 16:30:13,954 - INFO -   Visible DIV 9: class='inner' id='no-id' text='decimal_increase'
2026-05-06 16:30:14,103 - INFO -   Visible DIV 10: class='inner' id='no-id' text='admin_panel_settings'
2026-05-06 16:30:14,261 - INFO -   Visible DIV 11: class='inner' id='no-id' text='nest_doorbell_visitor'
2026-05-06 16:30:14,419 - INFO -   Visible DIV 12: class='inner' id='no-id' text='key_visualizer'
2026-05-06 16:30:14,454 - INFO - 
================================================================================

2026-05-06 16:30:14,454 - INFO - Checking for dashboard header 'Welcome to QM Toll portal!'...
2026-05-06 16:30:14,554 - INFO - ✅ Dashboard header found with selector: h4:has-text("Welcome to QM Toll portal!")
2026-05-06 16:30:14,554 - INFO -    Header text: 'Welcome to QM Toll portal!'
2026-05-06 16:30:14,554 - INFO - ✅ DASHBOARD VALIDATION PASSED: 'Welcome to QM Toll portal!' header found
2026-05-06 16:30:15,219 - INFO - Step 1: Navigating and Starting Onboarding...
2026-05-06 16:30:15,231 - INFO - Executing Sidebar Navigation Sequence...
2026-05-06 16:30:18,325 - INFO - Filling Step 1: Account Details...
2026-05-06 16:30:22,516 - INFO - Filled First Name: Eva
2026-05-06 16:30:23,733 - INFO - Filled Middle Name: QA Team
2026-05-06 16:30:25,064 - INFO - Filled Last Name: Atwal
2026-05-06 16:30:26,372 - INFO - Checked: Use Same for Billing
2026-05-06 16:30:27,648 - INFO - Checked: Use Same for Shipping
2026-05-06 16:30:28,923 - INFO - Checked: Primary Address
2026-05-06 16:30:32,849 - INFO - Filled Address: 123 Automation Blvd
2026-05-06 16:30:34,054 - INFO - Filled Zip Code: 12345
2026-05-06 16:30:35,848 - INFO - Filled Phone: 9754146115
2026-05-06 16:30:37,085 - INFO - Filled Email: eva.atwal94@testmail.com
2026-05-06 16:30:38,323 - INFO - Filled Confirm Email: eva.atwal94@testmail.com
2026-05-06 16:30:38,323 - INFO - Clicking Save & Next...
2026-05-06 16:30:38,323 - INFO - Finalizing Step 1: Disabling chatbot interference...
2026-05-06 16:30:38,348 - INFO - Chatbot elements hidden via CSS injection.
2026-05-06 16:30:38,934 - INFO - Triggering Atomic Click on Save & Next...
2026-05-06 16:30:39,007 - INFO - Step 1 Submitted - Navigation to Vehicles should be clean.
2026-05-06 16:30:39,007 - INFO - Step 1 Submitted successfully.
2026-05-06 16:30:39,009 - INFO - Adding 1 Vehicle(s)...
2026-05-06 16:30:39,508 - INFO - Step 2 loaded successfully.
2026-05-06 16:30:39,540 - INFO - Chatbot elements hidden via CSS injection.
2026-05-06 16:30:40,748 - INFO - Filled Plate 1: QA4510GP
2026-05-06 16:30:45,132 - INFO - Filled Plate Start Date: 2026-05-06
2026-05-06 16:30:56,293 - INFO - Clicking 'Add' button for Vehicle 1...
2026-05-06 16:30:56,315 - INFO - Chatbot elements hidden via CSS injection.
2026-05-06 16:30:57,997 - INFO - Vehicle addition complete. Focusing on 'Next' button...
2026-05-06 16:30:58,896 - INFO - Highlighting and clicking 'Next' button...
2026-05-06 16:30:58,928 - INFO - Chatbot elements hidden via CSS injection.
2026-05-06 16:31:00,593 - INFO - Captured Permanent Account Number: 2000011537
2026-05-06 16:31:00,593 - INFO - Account 2000011537 saved to SharedData.
2026-05-06 16:31:00,593 - INFO - Starting Step 3: Payment Information for Eva Atwal...
2026-05-06 16:31:00,623 - INFO - Chatbot elements hidden via CSS injection.
2026-05-06 16:31:04,536 - INFO - Filled Cardholder Name: Eva Atwal
2026-05-06 16:31:05,736 - INFO - Filled Card Number: 0116217947797535
2026-05-06 16:31:06,972 - INFO - Filled Expiry Date: 05/28
2026-05-06 16:31:08,208 - INFO - Filled CVV: 276
2026-05-06 16:31:10,386 - INFO - Clicking 'Preview and Pay'...
2026-05-06 16:31:10,405 - INFO - Chatbot elements hidden via CSS injection.
2026-05-06 16:31:11,086 - INFO - Waiting for Payment Summary card...
2026-05-06 16:31:12,563 - INFO - Starting Final Confirmation Modal...
2026-05-06 16:31:13,468 - INFO - ✅ Account onboarding completed successfully.
2026-05-06 16:31:13,475 - INFO - Finalizing process: Clicking 'Account Summary' button...
2026-05-06 16:31:13,669 - INFO - Step 2: Creating case for account: 2000011537
2026-05-06 16:31:30,175 - INFO - ✅ Full Flow Success!
2026-05-06 16:41:33,359 - INFO - Navigating to Login Page: http://operator-qa.qmaastech.com/
2026-05-06 16:41:36,415 - INFO - Attempting login for user: superadmin_qm@yopmail.com
2026-05-06 16:41:38,238 - INFO - Logging DOM elements BEFORE login click...
2026-05-06 16:41:38,238 - INFO - 
================================================================================
2026-05-06 16:41:38,238 - INFO - DOM SNAPSHOT AT STAGE: Before_Login
2026-05-06 16:41:38,248 - INFO - ================================================================================
2026-05-06 16:41:38,297 - INFO - 
Searching for pop-up elements in page content...
2026-05-06 16:41:38,891 - WARNING - ⚠ No known pop-up selectors found. Checking all visible divs...
2026-05-06 16:41:38,976 - INFO - Total DIV elements on page: 21
2026-05-06 16:41:39,683 - INFO -   Visible DIV 1: class='hero-pills' id='no-id' text='bolt
Real-time
smart_toy
AI-driven
hub
Multi-agenc'
2026-05-06 16:41:39,970 - INFO -   Visible DIV 2: class='auth-panel' id='no-id' text='Welcome Back

Sign in to your account to continue
'
2026-05-06 16:41:40,110 - INFO -   Visible DIV 3: class='auth-card' id='no-id' text='Welcome Back

Sign in to your account to continue
'
2026-05-06 16:41:40,234 - INFO -   Visible DIV 4: class='auth-step' id='no-id' text='Welcome Back

Sign in to your account to continue
'
2026-05-06 16:41:40,463 - INFO -   Visible DIV 5: class='field-wrap' id='no-id' text='Email ID / Username *
person'
2026-05-06 16:41:40,586 - INFO -   Visible DIV 6: class='input-shell' id='no-id' text='person'
2026-05-06 16:41:40,721 - INFO -   Visible DIV 7: class='field-wrap' id='no-id' text='Password *
lock
visibility_off'
2026-05-06 16:41:40,835 - INFO -   Visible DIV 8: class='input-shell' id='no-id' text='lock
visibility_off'
2026-05-06 16:41:40,958 - INFO -   Visible DIV 9: class='auth-bottom-links' id='no-id' text='New user?  Access Account

Forgot password?'
2026-05-06 16:41:41,035 - INFO - 
================================================================================

2026-05-06 16:41:41,643 - INFO - Login button clicked.
2026-05-06 16:41:41,647 - INFO - Taking rapid screenshots and validating pop-up...
2026-05-06 16:41:42,316 - INFO - Screenshot 1 captured - Attempting validation...
2026-05-06 16:41:42,318 - INFO - 
================================================================================
2026-05-06 16:41:42,318 - INFO - STARTING COMPREHENSIVE POP-UP VALIDATION
2026-05-06 16:41:42,320 - INFO - ================================================================================
2026-05-06 16:41:42,369 - INFO - 
[VALIDATION 1] Checking Pop-up Visibility...
2026-05-06 16:41:42,399 - INFO -   Visibility Status: True
2026-05-06 16:41:42,405 - INFO -   PASSED: Pop-up is visible
2026-05-06 16:41:42,405 - INFO - 
[VALIDATION 2] Extracting and Validating Text Content...
2026-05-06 16:41:42,442 - INFO -   Extracted Text: 'Login Successful'
2026-05-06 16:41:42,443 - INFO -   PASSED: Text matches exactly: 'Login Successful'
2026-05-06 16:41:42,444 - INFO - 
[VALIDATION 3] Checking for Typos...
2026-05-06 16:41:42,444 - INFO -   PASSED: No known typos detected
2026-05-06 16:41:42,444 - INFO - 
[VALIDATION 4] Extracting CSS Classes and Attributes...
2026-05-06 16:41:42,470 - INFO -   CSS Classes: snackbar success-snackbar
2026-05-06 16:41:42,470 - INFO -   PASSED: 'success' class is present
2026-05-06 16:41:42,470 - INFO - 
[VALIDATION 5] Checking Element Properties...
2026-05-06 16:41:42,635 - INFO -   ID: Not set
2026-05-06 16:41:42,635 - INFO -   Data-TestID: Not set
2026-05-06 16:41:42,635 - INFO -   Role: Not set
2026-05-06 16:41:42,635 - INFO -   ARIA Label: Not set
2026-05-06 16:41:42,645 - INFO - 
[VALIDATION 6] Checking Position and Size...
2026-05-06 16:41:42,671 - INFO -   X: 1230, Y: 20
2026-05-06 16:41:42,671 - INFO -   Width: 250, Height: 43.5
2026-05-06 16:41:42,671 - INFO -   PASSED: Element has valid dimensions
2026-05-06 16:41:42,671 - INFO - 
[VALIDATION 7] Checking Computed Styles...
2026-05-06 16:41:42,929 - ERROR - Validation error: TypeError: Failed to execute 'getComputedStyle' on 'Window': parameter 1 is not of type 'Element'.
    at eval (eval at evaluate (:226:30), <anonymous>:1:8)
    at eval (<anonymous>)
    at UtilityScript.evaluate (<anonymous>:226:30)
    at UtilityScript.<anonymous> (<anonymous>:1:44)
2026-05-06 16:41:42,931 - WARNING -   WARNING: Could not check computed styles - element may have disappeared
2026-05-06 16:41:42,934 - INFO - 
================================================================================
2026-05-06 16:41:42,934 - INFO - POP-UP VALIDATION SUMMARY
2026-05-06 16:41:42,934 - INFO - ================================================================================
2026-05-06 16:41:42,934 - INFO -   Visibility: PASSED
2026-05-06 16:41:42,934 - INFO -   Text Match: PASSED
2026-05-06 16:41:42,934 - INFO -   Typo Check: PASSED
2026-05-06 16:41:42,934 - INFO -   CSS Classes: Present
2026-05-06 16:41:42,934 - INFO -   Position & Size: Valid
2026-05-06 16:41:42,934 - INFO -   Computed Styles: Valid
2026-05-06 16:41:42,934 - INFO - ================================================================================

2026-05-06 16:41:42,938 - INFO - ✓ ALL VALIDATIONS PASSED - Pop-up is working correctly!
2026-05-06 16:41:44,888 - INFO - Screenshot 2 captured - Attempting validation...
2026-05-06 16:41:44,888 - INFO - 
================================================================================
2026-05-06 16:41:44,888 - INFO - STARTING COMPREHENSIVE POP-UP VALIDATION
2026-05-06 16:41:44,888 - INFO - ================================================================================
2026-05-06 16:41:44,936 - ERROR - VALIDATION FAILED: Pop-up element not found!
2026-05-06 16:41:45,624 - INFO - Screenshot 3 captured - Attempting validation...
2026-05-06 16:41:45,627 - INFO - 
================================================================================
2026-05-06 16:41:45,627 - INFO - STARTING COMPREHENSIVE POP-UP VALIDATION
2026-05-06 16:41:45,627 - INFO - ================================================================================
2026-05-06 16:41:45,661 - ERROR - VALIDATION FAILED: Pop-up element not found!
2026-05-06 16:41:45,797 - INFO - Logging DOM elements AFTER login click (pop-up should appear here)...
2026-05-06 16:41:45,797 - INFO - 
================================================================================
2026-05-06 16:41:45,799 - INFO - DOM SNAPSHOT AT STAGE: After_Login_Click
2026-05-06 16:41:45,799 - INFO - ================================================================================
2026-05-06 16:41:45,846 - INFO - 
Searching for pop-up elements in page content...
2026-05-06 16:41:46,360 - WARNING - ⚠ No known pop-up selectors found. Checking all visible divs...
2026-05-06 16:41:46,446 - INFO - Total DIV elements on page: 29
2026-05-06 16:41:46,730 - INFO -   Visible DIV 1: class='header-right' id='no-id' text='English
French
Spanish
Quantum Toll Authority
supe'
2026-05-06 16:41:46,895 - INFO -   Visible DIV 2: class='nav-user' id='no-id' text='Quantum Toll Authority
superadmin_qm@yopmail.com'
2026-05-06 16:41:47,106 - INFO -   Visible DIV 3: class='nav-user-info' id='no-id' text='Quantum Toll Authority
superadmin_qm@yopmail.com'
2026-05-06 16:41:47,256 - INFO -   Visible DIV 4: class='uname' id='no-id' text='Quantum Toll Authority'
2026-05-06 16:41:47,391 - INFO -   Visible DIV 5: class='urole' id='no-id' text='superadmin_qm@yopmail.com'
2026-05-06 16:41:47,576 - INFO -   Visible DIV 6: class='main-container' id='no-id' text='dashboard_2
group
decimal_increase
admin_panel_set'
2026-05-06 16:41:47,710 - INFO -   Visible DIV 7: class='inner' id='no-id' text='dashboard_2'
2026-05-06 16:41:47,862 - INFO -   Visible DIV 8: class='inner' id='no-id' text='group'
2026-05-06 16:41:48,049 - INFO -   Visible DIV 9: class='inner' id='no-id' text='decimal_increase'
2026-05-06 16:41:48,227 - INFO -   Visible DIV 10: class='inner' id='no-id' text='admin_panel_settings'
2026-05-06 16:41:48,433 - INFO -   Visible DIV 11: class='inner' id='no-id' text='nest_doorbell_visitor'
2026-05-06 16:41:48,615 - INFO -   Visible DIV 12: class='inner' id='no-id' text='key_visualizer'
2026-05-06 16:41:48,651 - INFO - 
================================================================================

2026-05-06 16:41:48,833 - INFO - Waiting for dashboard URL...
2026-05-06 16:41:48,833 - INFO - 
================================================================================
2026-05-06 16:41:48,833 - INFO - DOM SNAPSHOT AT STAGE: Before_Dashboard_Navigation
2026-05-06 16:41:48,833 - INFO - ================================================================================
2026-05-06 16:41:48,870 - INFO - 
Searching for pop-up elements in page content...
2026-05-06 16:41:49,340 - WARNING - ⚠ No known pop-up selectors found. Checking all visible divs...
2026-05-06 16:41:49,419 - INFO - Total DIV elements on page: 29
2026-05-06 16:41:49,774 - INFO -   Visible DIV 1: class='header-right' id='no-id' text='English
French
Spanish
Quantum Toll Authority
supe'
2026-05-06 16:41:49,937 - INFO -   Visible DIV 2: class='nav-user' id='no-id' text='Quantum Toll Authority
superadmin_qm@yopmail.com'
2026-05-06 16:41:50,190 - INFO -   Visible DIV 3: class='nav-user-info' id='no-id' text='Quantum Toll Authority
superadmin_qm@yopmail.com'
2026-05-06 16:41:50,335 - INFO -   Visible DIV 4: class='uname' id='no-id' text='Quantum Toll Authority'
2026-05-06 16:41:50,506 - INFO -   Visible DIV 5: class='urole' id='no-id' text='superadmin_qm@yopmail.com'
2026-05-06 16:41:50,653 - INFO -   Visible DIV 6: class='main-container' id='no-id' text='dashboard_2
group
decimal_increase
admin_panel_set'
2026-05-06 16:41:50,819 - INFO -   Visible DIV 7: class='inner' id='no-id' text='dashboard_2'
2026-05-06 16:41:50,945 - INFO -   Visible DIV 8: class='inner' id='no-id' text='group'
2026-05-06 16:41:51,110 - INFO -   Visible DIV 9: class='inner' id='no-id' text='decimal_increase'
2026-05-06 16:41:51,270 - INFO -   Visible DIV 10: class='inner' id='no-id' text='admin_panel_settings'
2026-05-06 16:41:51,436 - INFO -   Visible DIV 11: class='inner' id='no-id' text='nest_doorbell_visitor'
2026-05-06 16:41:51,635 - INFO -   Visible DIV 12: class='inner' id='no-id' text='key_visualizer'
2026-05-06 16:41:51,653 - INFO - 
================================================================================

2026-05-06 16:41:51,699 - INFO - Login SUCCESS: Dashboard URL reached.
2026-05-06 16:41:52,229 - INFO - 
================================================================================
2026-05-06 16:41:52,229 - INFO - DOM SNAPSHOT AT STAGE: After_Dashboard_Loaded
2026-05-06 16:41:52,229 - INFO - ================================================================================
2026-05-06 16:41:52,260 - INFO - 
Searching for pop-up elements in page content...
2026-05-06 16:41:52,686 - WARNING - ⚠ No known pop-up selectors found. Checking all visible divs...
2026-05-06 16:41:52,759 - INFO - Total DIV elements on page: 29
2026-05-06 16:41:53,020 - INFO -   Visible DIV 1: class='header-right' id='no-id' text='English
French
Spanish
Quantum Toll Authority
supe'
2026-05-06 16:41:53,170 - INFO -   Visible DIV 2: class='nav-user' id='no-id' text='Quantum Toll Authority
superadmin_qm@yopmail.com'
2026-05-06 16:41:53,369 - INFO -   Visible DIV 3: class='nav-user-info' id='no-id' text='Quantum Toll Authority
superadmin_qm@yopmail.com'
2026-05-06 16:41:53,452 - INFO -   Visible DIV 4: class='uname' id='no-id' text='Quantum Toll Authority'
2026-05-06 16:41:53,569 - INFO -   Visible DIV 5: class='urole' id='no-id' text='superadmin_qm@yopmail.com'
2026-05-06 16:41:53,686 - INFO -   Visible DIV 6: class='main-container' id='no-id' text='dashboard_2
group
decimal_increase
admin_panel_set'
2026-05-06 16:41:53,802 - INFO -   Visible DIV 7: class='inner' id='no-id' text='dashboard_2'
2026-05-06 16:41:53,919 - INFO -   Visible DIV 8: class='inner' id='no-id' text='group'
2026-05-06 16:41:54,080 - INFO -   Visible DIV 9: class='inner' id='no-id' text='decimal_increase'
2026-05-06 16:41:54,236 - INFO -   Visible DIV 10: class='inner' id='no-id' text='admin_panel_settings'
2026-05-06 16:41:54,421 - INFO -   Visible DIV 11: class='inner' id='no-id' text='nest_doorbell_visitor'
2026-05-06 16:41:54,574 - INFO -   Visible DIV 12: class='inner' id='no-id' text='key_visualizer'
2026-05-06 16:41:54,603 - INFO - 
================================================================================

2026-05-06 16:41:54,603 - INFO - Checking for dashboard header 'Welcome to QM Toll portal!'...
2026-05-06 16:41:54,716 - INFO - ✅ Dashboard header found with selector: h4:has-text("Welcome to QM Toll portal!")
2026-05-06 16:41:54,716 - INFO -    Header text: 'Welcome to QM Toll portal!'
2026-05-06 16:41:54,720 - INFO - ✅ DASHBOARD VALIDATION PASSED: 'Welcome to QM Toll portal!' header found
2026-05-06 16:41:55,519 - INFO - Step 1: Navigating and Starting Onboarding...
2026-05-06 16:41:55,519 - INFO - Executing Sidebar Navigation Sequence...
2026-05-06 16:41:58,567 - INFO - Filling Step 1: Account Details...
2026-05-06 16:42:03,071 - INFO - Filled First Name: Anahi
2026-05-06 16:42:04,401 - INFO - Filled Middle Name: QA Team
2026-05-06 16:42:05,750 - INFO - Filled Last Name: Grover
2026-05-06 16:42:07,000 - INFO - Checked: Use Same for Billing
2026-05-06 16:42:08,200 - INFO - Checked: Use Same for Shipping
2026-05-06 16:42:09,412 - INFO - Checked: Primary Address
2026-05-06 16:42:13,336 - INFO - Filled Address: 123 Automation Blvd
2026-05-06 16:42:14,570 - INFO - Filled Zip Code: 12345
2026-05-06 16:42:16,333 - INFO - Filled Phone: 8475984793
2026-05-06 16:42:17,593 - INFO - Filled Email: anahi.grover86@testmail.com
2026-05-06 16:42:18,776 - INFO - Filled Confirm Email: anahi.grover86@testmail.com
2026-05-06 16:42:18,778 - INFO - Clicking Save & Next...
2026-05-06 16:42:18,780 - INFO - Finalizing Step 1: Disabling chatbot interference...
2026-05-06 16:42:18,809 - INFO - Chatbot elements hidden via CSS injection.
2026-05-06 16:42:19,431 - INFO - Triggering Atomic Click on Save & Next...
2026-05-06 16:42:19,480 - INFO - Step 1 Submitted - Navigation to Vehicles should be clean.
2026-05-06 16:42:19,483 - INFO - Step 1 Submitted successfully.
2026-05-06 16:42:19,483 - INFO - Adding 1 Vehicle(s)...
2026-05-06 16:42:20,011 - INFO - Step 2 loaded successfully.
2026-05-06 16:42:20,067 - INFO - Chatbot elements hidden via CSS injection.
2026-05-06 16:42:21,262 - INFO - Filled Plate 1: QA6150GP
2026-05-06 16:42:26,174 - INFO - Filled Plate Start Date: 2026-05-06
2026-05-06 16:42:37,892 - INFO - Clicking 'Add' button for Vehicle 1...
2026-05-06 16:42:37,913 - INFO - Chatbot elements hidden via CSS injection.
2026-05-06 16:42:41,091 - INFO - Vehicle 1 added successfully.
2026-05-06 16:42:42,109 - INFO - All vehicles added. Smooth scrolling to 'Next' button...
2026-05-06 16:42:43,003 - INFO - Highlighting and clicking 'Next' button...
2026-05-06 16:42:43,025 - INFO - Chatbot elements hidden via CSS injection.
2026-05-06 16:42:44,617 - INFO - Captured Permanent Account Number: 2000011538
2026-05-06 16:42:44,617 - INFO - Account 2000011538 saved to SharedData.
2026-05-06 16:42:44,617 - INFO - Starting Step 3: Payment Information for Anahi Grover...
2026-05-06 16:42:44,629 - INFO - Chatbot elements hidden via CSS injection.
2026-05-06 16:42:48,513 - INFO - Filled Cardholder Name: Anahi Grover
2026-05-06 16:42:49,727 - INFO - Filled Card Number: 5445212727673722
2026-05-06 16:42:50,911 - INFO - Filled Expiry Date: 05/28
2026-05-06 16:42:52,253 - INFO - Filled CVV: 543
2026-05-06 16:42:54,408 - INFO - Clicking 'Preview and Pay'...
2026-05-06 16:42:54,423 - INFO - Chatbot elements hidden via CSS injection.
2026-05-06 16:42:55,097 - INFO - Waiting for Payment Summary card...
2026-05-06 16:42:56,559 - INFO - Starting Final Confirmation Modal...
2026-05-06 16:42:57,546 - INFO - ✅ Account onboarding completed successfully.
2026-05-06 16:42:57,546 - INFO - Finalizing process: Clicking 'Account Summary' button...
2026-05-06 16:42:57,675 - INFO - Step 2: Creating case for account: 2000011538
2026-05-06 16:43:14,130 - INFO - ✅ Full Flow Success!
2026-05-06 17:01:56,597 - INFO - Navigating to Login Page: http://operator-qa.qmaastech.com/
2026-05-06 17:01:59,507 - INFO - Attempting login for user: superadmin_qm@yopmail.com
2026-05-06 17:02:01,333 - INFO - Logging DOM elements BEFORE login click...
2026-05-06 17:02:01,333 - INFO - 
================================================================================
2026-05-06 17:02:01,333 - INFO - DOM SNAPSHOT AT STAGE: Before_Login
2026-05-06 17:02:01,333 - INFO - ================================================================================
2026-05-06 17:02:01,397 - INFO - 
Searching for pop-up elements in page content...
2026-05-06 17:02:01,818 - WARNING - ⚠ No known pop-up selectors found. Checking all visible divs...
2026-05-06 17:02:01,909 - INFO - Total DIV elements on page: 21
2026-05-06 17:02:02,663 - INFO -   Visible DIV 1: class='hero-pills' id='no-id' text='bolt
Real-time
smart_toy
AI-driven
hub
Multi-agenc'
2026-05-06 17:02:02,930 - INFO -   Visible DIV 2: class='auth-panel' id='no-id' text='Welcome Back

Sign in to your account to continue
'
2026-05-06 17:02:03,112 - INFO -   Visible DIV 3: class='auth-card' id='no-id' text='Welcome Back

Sign in to your account to continue
'
2026-05-06 17:02:03,297 - INFO -   Visible DIV 4: class='auth-step' id='no-id' text='Welcome Back

Sign in to your account to continue
'
2026-05-06 17:02:03,497 - INFO -   Visible DIV 5: class='field-wrap' id='no-id' text='Email ID / Username *
person'
2026-05-06 17:02:03,631 - INFO -   Visible DIV 6: class='input-shell' id='no-id' text='person'
2026-05-06 17:02:03,805 - INFO -   Visible DIV 7: class='field-wrap' id='no-id' text='Password *
lock
visibility_off'
2026-05-06 17:02:04,049 - INFO -   Visible DIV 8: class='input-shell' id='no-id' text='lock
visibility_off'
2026-05-06 17:02:04,212 - INFO -   Visible DIV 9: class='auth-bottom-links' id='no-id' text='New user?  Access Account

Forgot password?'
2026-05-06 17:02:04,282 - INFO - 
================================================================================

2026-05-06 17:02:04,909 - INFO - Login button clicked.
2026-05-06 17:02:04,912 - INFO - Taking rapid screenshots and validating pop-up...
2026-05-06 17:02:05,621 - INFO - Screenshot 1 captured - Attempting validation...
2026-05-06 17:02:05,625 - INFO - 
================================================================================
2026-05-06 17:02:05,627 - INFO - STARTING COMPREHENSIVE POP-UP VALIDATION
2026-05-06 17:02:05,627 - INFO - ================================================================================
2026-05-06 17:02:05,680 - INFO - 
[VALIDATION 1] Checking Pop-up Visibility...
2026-05-06 17:02:05,713 - INFO -   Visibility Status: True
2026-05-06 17:02:05,713 - INFO -   PASSED: Pop-up is visible
2026-05-06 17:02:05,713 - INFO - 
[VALIDATION 2] Extracting and Validating Text Content...
2026-05-06 17:02:05,767 - INFO -   Extracted Text: 'Login Successful'
2026-05-06 17:02:05,769 - INFO -   PASSED: Text matches exactly: 'Login Successful'
2026-05-06 17:02:05,769 - INFO - 
[VALIDATION 3] Checking for Typos...
2026-05-06 17:02:05,769 - INFO -   PASSED: No known typos detected
2026-05-06 17:02:05,769 - INFO - 
[VALIDATION 4] Extracting CSS Classes and Attributes...
2026-05-06 17:02:05,809 - INFO -   CSS Classes: snackbar success-snackbar
2026-05-06 17:02:05,811 - INFO -   PASSED: 'success' class is present
2026-05-06 17:02:05,813 - INFO - 
[VALIDATION 5] Checking Element Properties...
2026-05-06 17:02:05,946 - INFO -   ID: Not set
2026-05-06 17:02:05,946 - INFO -   Data-TestID: Not set
2026-05-06 17:02:05,954 - INFO -   Role: Not set
2026-05-06 17:02:05,954 - INFO -   ARIA Label: Not set
2026-05-06 17:02:05,956 - INFO - 
[VALIDATION 6] Checking Position and Size...
2026-05-06 17:02:05,984 - INFO -   X: 1230, Y: 20
2026-05-06 17:02:05,986 - INFO -   Width: 250, Height: 43.5
2026-05-06 17:02:05,986 - INFO -   PASSED: Element has valid dimensions
2026-05-06 17:02:05,990 - INFO - 
[VALIDATION 7] Checking Computed Styles...
2026-05-06 17:02:06,199 - ERROR - Validation error: TypeError: Failed to execute 'getComputedStyle' on 'Window': parameter 1 is not of type 'Element'.
    at eval (eval at evaluate (:226:30), <anonymous>:1:8)
    at eval (<anonymous>)
    at UtilityScript.evaluate (<anonymous>:226:30)
    at UtilityScript.<anonymous> (<anonymous>:1:44)
2026-05-06 17:02:06,199 - WARNING -   WARNING: Could not check computed styles - element may have disappeared
2026-05-06 17:02:06,199 - INFO - 
================================================================================
2026-05-06 17:02:06,199 - INFO - POP-UP VALIDATION SUMMARY
2026-05-06 17:02:06,199 - INFO - ================================================================================
2026-05-06 17:02:06,199 - INFO -   Visibility: PASSED
2026-05-06 17:02:06,208 - INFO -   Text Match: PASSED
2026-05-06 17:02:06,208 - INFO -   Typo Check: PASSED
2026-05-06 17:02:06,208 - INFO -   CSS Classes: Present
2026-05-06 17:02:06,211 - INFO -   Position & Size: Valid
2026-05-06 17:02:06,212 - INFO -   Computed Styles: Valid
2026-05-06 17:02:06,213 - INFO - ================================================================================

2026-05-06 17:02:06,214 - INFO - ✓ ALL VALIDATIONS PASSED - Pop-up is working correctly!
2026-05-06 17:02:08,143 - INFO - Screenshot 2 captured - Attempting validation...
2026-05-06 17:02:08,148 - INFO - 
================================================================================
2026-05-06 17:02:08,148 - INFO - STARTING COMPREHENSIVE POP-UP VALIDATION
2026-05-06 17:02:08,148 - INFO - ================================================================================
2026-05-06 17:02:08,184 - ERROR - VALIDATION FAILED: Pop-up element not found!
2026-05-06 17:02:08,693 - INFO - Screenshot 3 captured - Attempting validation...
2026-05-06 17:02:08,693 - INFO - 
================================================================================
2026-05-06 17:02:08,695 - INFO - STARTING COMPREHENSIVE POP-UP VALIDATION
2026-05-06 17:02:08,696 - INFO - ================================================================================
2026-05-06 17:02:08,739 - ERROR - VALIDATION FAILED: Pop-up element not found!
2026-05-06 17:02:08,886 - INFO - Logging DOM elements AFTER login click (pop-up should appear here)...
2026-05-06 17:02:08,893 - INFO - 
================================================================================
2026-05-06 17:02:08,893 - INFO - DOM SNAPSHOT AT STAGE: After_Login_Click
2026-05-06 17:02:08,895 - INFO - ================================================================================
2026-05-06 17:02:08,973 - INFO - 
Searching for pop-up elements in page content...
2026-05-06 17:02:09,422 - WARNING - ⚠ No known pop-up selectors found. Checking all visible divs...
2026-05-06 17:02:09,492 - INFO - Total DIV elements on page: 29
2026-05-06 17:02:09,789 - INFO -   Visible DIV 1: class='header-right' id='no-id' text='English
French
Spanish
Quantum Toll Authority
supe'
2026-05-06 17:02:09,952 - INFO -   Visible DIV 2: class='nav-user' id='no-id' text='Quantum Toll Authority
superadmin_qm@yopmail.com'
2026-05-06 17:02:10,167 - INFO -   Visible DIV 3: class='nav-user-info' id='no-id' text='Quantum Toll Authority
superadmin_qm@yopmail.com'
2026-05-06 17:02:10,319 - INFO -   Visible DIV 4: class='uname' id='no-id' text='Quantum Toll Authority'
2026-05-06 17:02:10,468 - INFO -   Visible DIV 5: class='urole' id='no-id' text='superadmin_qm@yopmail.com'
2026-05-06 17:02:10,608 - INFO -   Visible DIV 6: class='main-container' id='no-id' text='dashboard_2
group
decimal_increase
admin_panel_set'
2026-05-06 17:02:10,794 - INFO -   Visible DIV 7: class='inner' id='no-id' text='dashboard_2'
2026-05-06 17:02:10,951 - INFO -   Visible DIV 8: class='inner' id='no-id' text='group'
2026-05-06 17:02:11,189 - INFO -   Visible DIV 9: class='inner' id='no-id' text='decimal_increase'
2026-05-06 17:02:11,393 - INFO -   Visible DIV 10: class='inner' id='no-id' text='admin_panel_settings'
2026-05-06 17:02:11,598 - INFO -   Visible DIV 11: class='inner' id='no-id' text='nest_doorbell_visitor'
2026-05-06 17:02:11,807 - INFO -   Visible DIV 12: class='inner' id='no-id' text='key_visualizer'
2026-05-06 17:02:11,840 - INFO - 
================================================================================

2026-05-06 17:02:12,081 - INFO - Waiting for dashboard URL...
2026-05-06 17:02:12,081 - INFO - 
================================================================================
2026-05-06 17:02:12,081 - INFO - DOM SNAPSHOT AT STAGE: Before_Dashboard_Navigation
2026-05-06 17:02:12,083 - INFO - ================================================================================
2026-05-06 17:02:12,132 - INFO - 
Searching for pop-up elements in page content...
2026-05-06 17:02:12,612 - WARNING - ⚠ No known pop-up selectors found. Checking all visible divs...
2026-05-06 17:02:12,699 - INFO - Total DIV elements on page: 29
2026-05-06 17:02:13,097 - INFO -   Visible DIV 1: class='header-right' id='no-id' text='English
French
Spanish
Quantum Toll Authority
supe'
2026-05-06 17:02:13,227 - INFO -   Visible DIV 2: class='nav-user' id='no-id' text='Quantum Toll Authority
superadmin_qm@yopmail.com'
2026-05-06 17:02:13,412 - INFO -   Visible DIV 3: class='nav-user-info' id='no-id' text='Quantum Toll Authority
superadmin_qm@yopmail.com'
2026-05-06 17:02:13,573 - INFO -   Visible DIV 4: class='uname' id='no-id' text='Quantum Toll Authority'
2026-05-06 17:02:13,730 - INFO -   Visible DIV 5: class='urole' id='no-id' text='superadmin_qm@yopmail.com'
2026-05-06 17:02:13,862 - INFO -   Visible DIV 6: class='main-container' id='no-id' text='dashboard_2
group
decimal_increase
admin_panel_set'
2026-05-06 17:02:13,995 - INFO -   Visible DIV 7: class='inner' id='no-id' text='dashboard_2'
2026-05-06 17:02:14,151 - INFO -   Visible DIV 8: class='inner' id='no-id' text='group'
2026-05-06 17:02:14,330 - INFO -   Visible DIV 9: class='inner' id='no-id' text='decimal_increase'
2026-05-06 17:02:14,493 - INFO -   Visible DIV 10: class='inner' id='no-id' text='admin_panel_settings'
2026-05-06 17:02:14,648 - INFO -   Visible DIV 11: class='inner' id='no-id' text='nest_doorbell_visitor'
2026-05-06 17:02:14,812 - INFO -   Visible DIV 12: class='inner' id='no-id' text='key_visualizer'
2026-05-06 17:02:14,845 - INFO - 
================================================================================

2026-05-06 17:02:14,878 - INFO - Login SUCCESS: Dashboard URL reached.
2026-05-06 17:02:15,415 - INFO - 
================================================================================
2026-05-06 17:02:15,415 - INFO - DOM SNAPSHOT AT STAGE: After_Dashboard_Loaded
2026-05-06 17:02:15,415 - INFO - ================================================================================
2026-05-06 17:02:15,448 - INFO - 
Searching for pop-up elements in page content...
2026-05-06 17:02:15,815 - WARNING - ⚠ No known pop-up selectors found. Checking all visible divs...
2026-05-06 17:02:15,913 - INFO - Total DIV elements on page: 29
2026-05-06 17:02:16,149 - INFO -   Visible DIV 1: class='header-right' id='no-id' text='English
French
Spanish
Quantum Toll Authority
supe'
2026-05-06 17:02:16,285 - INFO -   Visible DIV 2: class='nav-user' id='no-id' text='Quantum Toll Authority
superadmin_qm@yopmail.com'
2026-05-06 17:02:16,481 - INFO -   Visible DIV 3: class='nav-user-info' id='no-id' text='Quantum Toll Authority
superadmin_qm@yopmail.com'
2026-05-06 17:02:16,581 - INFO -   Visible DIV 4: class='uname' id='no-id' text='Quantum Toll Authority'
2026-05-06 17:02:16,715 - INFO -   Visible DIV 5: class='urole' id='no-id' text='superadmin_qm@yopmail.com'
2026-05-06 17:02:16,831 - INFO -   Visible DIV 6: class='main-container' id='no-id' text='dashboard_2
group
decimal_increase
admin_panel_set'
2026-05-06 17:02:16,965 - INFO -   Visible DIV 7: class='inner' id='no-id' text='dashboard_2'
2026-05-06 17:02:17,112 - INFO -   Visible DIV 8: class='inner' id='no-id' text='group'
2026-05-06 17:02:17,344 - INFO -   Visible DIV 9: class='inner' id='no-id' text='decimal_increase'
2026-05-06 17:02:17,483 - INFO -   Visible DIV 10: class='inner' id='no-id' text='admin_panel_settings'
2026-05-06 17:02:17,649 - INFO -   Visible DIV 11: class='inner' id='no-id' text='nest_doorbell_visitor'
2026-05-06 17:02:17,831 - INFO -   Visible DIV 12: class='inner' id='no-id' text='key_visualizer'
2026-05-06 17:02:17,865 - INFO - 
================================================================================

2026-05-06 17:02:17,865 - INFO - Checking for dashboard header 'Welcome to QM Toll portal!'...
2026-05-06 17:02:17,966 - INFO - ✅ Dashboard header found with selector: h4:has-text("Welcome to QM Toll portal!")
2026-05-06 17:02:17,968 - INFO -    Header text: 'Welcome to QM Toll portal!'
2026-05-06 17:02:17,968 - INFO - ✅ DASHBOARD VALIDATION PASSED: 'Welcome to QM Toll portal!' header found
2026-05-06 17:02:18,548 - INFO - Step 1: Navigating and Starting Onboarding...
2026-05-06 17:02:18,548 - INFO - Executing Sidebar Navigation Sequence...
2026-05-06 17:02:21,598 - INFO - Filling Step 1: Account Details...
2026-05-06 17:02:25,699 - INFO - Filled First Name: Taran
2026-05-06 17:02:26,977 - INFO - Filled Middle Name: QA Team
2026-05-06 17:02:28,257 - INFO - Filled Last Name: Vala
2026-05-06 17:02:29,524 - INFO - Checked: Use Same for Billing
2026-05-06 17:02:30,762 - INFO - Checked: Use Same for Shipping
2026-05-06 17:02:31,980 - INFO - Checked: Primary Address
2026-05-06 17:02:35,970 - INFO - Filled Address: 123 Automation Blvd
2026-05-06 17:02:37,295 - INFO - Filled Zip Code: 12345
2026-05-06 17:02:39,157 - INFO - Filled Phone: 9726127565
2026-05-06 17:02:40,391 - INFO - Filled Email: taran.vala76@testmail.com
2026-05-06 17:02:41,642 - INFO - Filled Confirm Email: taran.vala76@testmail.com
2026-05-06 17:02:41,644 - INFO - Clicking Save & Next...
2026-05-06 17:02:41,644 - INFO - Finalizing Step 1: Disabling chatbot interference...
2026-05-06 17:02:41,671 - INFO - Chatbot elements hidden via CSS injection.
2026-05-06 17:02:42,318 - INFO - Triggering Atomic Click on Save & Next...
2026-05-06 17:02:42,364 - INFO - Step 1 Submitted - Navigation to Vehicles should be clean.
2026-05-06 17:02:42,365 - INFO - Step 1 Submitted successfully.
2026-05-06 17:02:42,365 - INFO - Adding 1 Vehicle(s)...
2026-05-06 17:02:42,840 - INFO - Step 2 loaded successfully.
2026-05-06 17:02:42,868 - INFO - Chatbot elements hidden via CSS injection.
2026-05-06 17:02:44,135 - INFO - Filled Plate 1: QA5313GP
2026-05-06 17:02:49,986 - INFO - Filled Plate Start Date: 2026-05-06
2026-05-06 17:12:57,998 - INFO - Navigating to Login Page: http://operator-qa.qmaastech.com/
2026-05-06 17:13:01,854 - INFO - Attempting login for user: superadmin_qm@yopmail.com
2026-05-06 17:13:03,761 - INFO - Logging DOM elements BEFORE login click...
2026-05-06 17:13:03,761 - INFO - 
================================================================================
2026-05-06 17:13:03,765 - INFO - DOM SNAPSHOT AT STAGE: Before_Login
2026-05-06 17:13:03,766 - INFO - ================================================================================
2026-05-06 17:13:03,808 - INFO - 
Searching for pop-up elements in page content...
2026-05-06 17:13:04,263 - WARNING - ⚠ No known pop-up selectors found. Checking all visible divs...
2026-05-06 17:13:04,347 - INFO - Total DIV elements on page: 21
2026-05-06 17:13:05,186 - INFO -   Visible DIV 1: class='hero-pills' id='no-id' text='bolt
Real-time
smart_toy
AI-driven
hub
Multi-agenc'
2026-05-06 17:13:05,486 - INFO -   Visible DIV 2: class='auth-panel' id='no-id' text='Welcome Back

Sign in to your account to continue
'
2026-05-06 17:13:05,680 - INFO -   Visible DIV 3: class='auth-card' id='no-id' text='Welcome Back

Sign in to your account to continue
'
2026-05-06 17:13:05,936 - INFO -   Visible DIV 4: class='auth-step' id='no-id' text='Welcome Back

Sign in to your account to continue
'
2026-05-06 17:13:06,193 - INFO -   Visible DIV 5: class='field-wrap' id='no-id' text='Email ID / Username *
person'
2026-05-06 17:13:06,369 - INFO -   Visible DIV 6: class='input-shell' id='no-id' text='person'
2026-05-06 17:13:06,508 - INFO -   Visible DIV 7: class='field-wrap' id='no-id' text='Password *
lock
visibility_off'
2026-05-06 17:13:06,634 - INFO -   Visible DIV 8: class='input-shell' id='no-id' text='lock
visibility_off'
2026-05-06 17:13:06,817 - INFO -   Visible DIV 9: class='auth-bottom-links' id='no-id' text='New user?  Access Account

Forgot password?'
2026-05-06 17:13:06,944 - INFO - 
================================================================================

2026-05-06 17:13:07,610 - INFO - Login button clicked.
2026-05-06 17:13:07,610 - INFO - Taking rapid screenshots and validating pop-up...
2026-05-06 17:13:08,265 - INFO - Screenshot 1 captured - Attempting validation...
2026-05-06 17:13:08,265 - INFO - 
================================================================================
2026-05-06 17:13:08,265 - INFO - STARTING COMPREHENSIVE POP-UP VALIDATION
2026-05-06 17:13:08,265 - INFO - ================================================================================
2026-05-06 17:13:08,313 - INFO - 
[VALIDATION 1] Checking Pop-up Visibility...
2026-05-06 17:13:08,346 - INFO -   Visibility Status: True
2026-05-06 17:13:08,346 - INFO -   PASSED: Pop-up is visible
2026-05-06 17:13:08,346 - INFO - 
[VALIDATION 2] Extracting and Validating Text Content...
2026-05-06 17:13:08,395 - INFO -   Extracted Text: 'Login Successful'
2026-05-06 17:13:08,395 - INFO -   PASSED: Text matches exactly: 'Login Successful'
2026-05-06 17:13:08,397 - INFO - 
[VALIDATION 3] Checking for Typos...
2026-05-06 17:13:08,397 - INFO -   PASSED: No known typos detected
2026-05-06 17:13:08,397 - INFO - 
[VALIDATION 4] Extracting CSS Classes and Attributes...
2026-05-06 17:13:08,427 - INFO -   CSS Classes: snackbar success-snackbar
2026-05-06 17:13:08,434 - INFO -   PASSED: 'success' class is present
2026-05-06 17:13:08,438 - INFO - 
[VALIDATION 5] Checking Element Properties...
2026-05-06 17:13:08,582 - INFO -   ID: Not set
2026-05-06 17:13:08,586 - INFO -   Data-TestID: Not set
2026-05-06 17:13:08,586 - INFO -   Role: Not set
2026-05-06 17:13:08,588 - INFO -   ARIA Label: Not set
2026-05-06 17:13:08,589 - INFO - 
[VALIDATION 6] Checking Position and Size...
2026-05-06 17:13:08,611 - INFO -   X: 1230, Y: 20
2026-05-06 17:13:08,619 - INFO -   Width: 250, Height: 43.5
2026-05-06 17:13:08,619 - INFO -   PASSED: Element has valid dimensions
2026-05-06 17:13:08,619 - INFO - 
[VALIDATION 7] Checking Computed Styles...
2026-05-06 17:13:08,824 - ERROR - Validation error: TypeError: Failed to execute 'getComputedStyle' on 'Window': parameter 1 is not of type 'Element'.
    at eval (eval at evaluate (:226:30), <anonymous>:1:8)
    at eval (<anonymous>)
    at UtilityScript.evaluate (<anonymous>:226:30)
    at UtilityScript.<anonymous> (<anonymous>:1:44)
2026-05-06 17:13:08,824 - WARNING -   WARNING: Could not check computed styles - element may have disappeared
2026-05-06 17:13:08,824 - INFO - 
================================================================================
2026-05-06 17:13:08,830 - INFO - POP-UP VALIDATION SUMMARY
2026-05-06 17:13:08,830 - INFO - ================================================================================
2026-05-06 17:13:08,830 - INFO -   Visibility: PASSED
2026-05-06 17:13:08,830 - INFO -   Text Match: PASSED
2026-05-06 17:13:08,830 - INFO -   Typo Check: PASSED
2026-05-06 17:13:08,830 - INFO -   CSS Classes: Present
2026-05-06 17:13:08,830 - INFO -   Position & Size: Valid
2026-05-06 17:13:08,830 - INFO -   Computed Styles: Valid
2026-05-06 17:13:08,830 - INFO - ================================================================================

2026-05-06 17:13:08,830 - INFO - ✓ ALL VALIDATIONS PASSED - Pop-up is working correctly!
2026-05-06 17:13:10,862 - INFO - Screenshot 2 captured - Attempting validation...
2026-05-06 17:13:10,864 - INFO - 
================================================================================
2026-05-06 17:13:10,879 - INFO - STARTING COMPREHENSIVE POP-UP VALIDATION
2026-05-06 17:13:10,883 - INFO - ================================================================================
2026-05-06 17:13:10,914 - ERROR - VALIDATION FAILED: Pop-up element not found!
2026-05-06 17:13:11,567 - INFO - Screenshot 3 captured - Attempting validation...
2026-05-06 17:13:11,567 - INFO - 
================================================================================
2026-05-06 17:13:11,567 - INFO - STARTING COMPREHENSIVE POP-UP VALIDATION
2026-05-06 17:13:11,567 - INFO - ================================================================================
2026-05-06 17:13:11,625 - ERROR - VALIDATION FAILED: Pop-up element not found!
2026-05-06 17:13:11,763 - INFO - Logging DOM elements AFTER login click (pop-up should appear here)...
2026-05-06 17:13:11,763 - INFO - 
================================================================================
2026-05-06 17:13:11,765 - INFO - DOM SNAPSHOT AT STAGE: After_Login_Click
2026-05-06 17:13:11,765 - INFO - ================================================================================
2026-05-06 17:13:11,819 - INFO - 
Searching for pop-up elements in page content...
2026-05-06 17:13:12,498 - WARNING - ⚠ No known pop-up selectors found. Checking all visible divs...
2026-05-06 17:13:12,594 - INFO - Total DIV elements on page: 29
2026-05-06 17:13:13,013 - INFO -   Visible DIV 1: class='header-right' id='no-id' text='English
French
Spanish
Quantum Toll Authority
supe'
2026-05-06 17:13:13,210 - INFO -   Visible DIV 2: class='nav-user' id='no-id' text='Quantum Toll Authority
superadmin_qm@yopmail.com'
2026-05-06 17:13:13,452 - INFO -   Visible DIV 3: class='nav-user-info' id='no-id' text='Quantum Toll Authority
superadmin_qm@yopmail.com'
2026-05-06 17:13:13,652 - INFO -   Visible DIV 4: class='uname' id='no-id' text='Quantum Toll Authority'
2026-05-06 17:13:13,835 - INFO -   Visible DIV 5: class='urole' id='no-id' text='superadmin_qm@yopmail.com'
2026-05-06 17:13:13,952 - INFO -   Visible DIV 6: class='main-container' id='no-id' text='dashboard_2
group
decimal_increase
admin_panel_set'
2026-05-06 17:13:14,062 - INFO -   Visible DIV 7: class='inner' id='no-id' text='dashboard_2'
2026-05-06 17:13:14,202 - INFO -   Visible DIV 8: class='inner' id='no-id' text='group'
2026-05-06 17:13:14,378 - INFO -   Visible DIV 9: class='inner' id='no-id' text='decimal_increase'
2026-05-06 17:13:14,544 - INFO -   Visible DIV 10: class='inner' id='no-id' text='admin_panel_settings'
2026-05-06 17:13:14,719 - INFO -   Visible DIV 11: class='inner' id='no-id' text='nest_doorbell_visitor'
2026-05-06 17:13:14,895 - INFO -   Visible DIV 12: class='inner' id='no-id' text='key_visualizer'
2026-05-06 17:13:14,912 - INFO - 
================================================================================

2026-05-06 17:13:15,132 - INFO - Waiting for dashboard URL...
2026-05-06 17:13:15,136 - INFO - 
================================================================================
2026-05-06 17:13:15,136 - INFO - DOM SNAPSHOT AT STAGE: Before_Dashboard_Navigation
2026-05-06 17:13:15,136 - INFO - ================================================================================
2026-05-06 17:13:15,194 - INFO - 
Searching for pop-up elements in page content...
2026-05-06 17:13:15,598 - WARNING - ⚠ No known pop-up selectors found. Checking all visible divs...
2026-05-06 17:13:15,664 - INFO - Total DIV elements on page: 29
2026-05-06 17:13:15,959 - INFO -   Visible DIV 1: class='header-right' id='no-id' text='English
French
Spanish
Quantum Toll Authority
supe'
2026-05-06 17:13:16,089 - INFO -   Visible DIV 2: class='nav-user' id='no-id' text='Quantum Toll Authority
superadmin_qm@yopmail.com'
2026-05-06 17:13:16,280 - INFO -   Visible DIV 3: class='nav-user-info' id='no-id' text='Quantum Toll Authority
superadmin_qm@yopmail.com'
2026-05-06 17:13:16,417 - INFO -   Visible DIV 4: class='uname' id='no-id' text='Quantum Toll Authority'
2026-05-06 17:13:16,561 - INFO -   Visible DIV 5: class='urole' id='no-id' text='superadmin_qm@yopmail.com'
2026-05-06 17:13:16,697 - INFO -   Visible DIV 6: class='main-container' id='no-id' text='dashboard_2
group
decimal_increase
admin_panel_set'
2026-05-06 17:13:16,839 - INFO -   Visible DIV 7: class='inner' id='no-id' text='dashboard_2'
2026-05-06 17:13:16,965 - INFO -   Visible DIV 8: class='inner' id='no-id' text='group'
2026-05-06 17:13:17,146 - INFO -   Visible DIV 9: class='inner' id='no-id' text='decimal_increase'
2026-05-06 17:13:17,314 - INFO -   Visible DIV 10: class='inner' id='no-id' text='admin_panel_settings'
2026-05-06 17:13:17,463 - INFO -   Visible DIV 11: class='inner' id='no-id' text='nest_doorbell_visitor'
2026-05-06 17:13:17,614 - INFO -   Visible DIV 12: class='inner' id='no-id' text='key_visualizer'
2026-05-06 17:13:17,659 - INFO - 
================================================================================

2026-05-06 17:13:17,698 - INFO - Login SUCCESS: Dashboard URL reached.
2026-05-06 17:13:18,230 - INFO - 
================================================================================
2026-05-06 17:13:18,230 - INFO - DOM SNAPSHOT AT STAGE: After_Dashboard_Loaded
2026-05-06 17:13:18,230 - INFO - ================================================================================
2026-05-06 17:13:18,265 - INFO - 
Searching for pop-up elements in page content...
2026-05-06 17:13:18,690 - WARNING - ⚠ No known pop-up selectors found. Checking all visible divs...
2026-05-06 17:13:18,730 - INFO - Total DIV elements on page: 29
2026-05-06 17:13:18,963 - INFO -   Visible DIV 1: class='header-right' id='no-id' text='English
French
Spanish
Quantum Toll Authority
supe'
2026-05-06 17:13:19,106 - INFO -   Visible DIV 2: class='nav-user' id='no-id' text='Quantum Toll Authority
superadmin_qm@yopmail.com'
2026-05-06 17:13:19,297 - INFO -   Visible DIV 3: class='nav-user-info' id='no-id' text='Quantum Toll Authority
superadmin_qm@yopmail.com'
2026-05-06 17:13:19,431 - INFO -   Visible DIV 4: class='uname' id='no-id' text='Quantum Toll Authority'
2026-05-06 17:13:19,567 - INFO -   Visible DIV 5: class='urole' id='no-id' text='superadmin_qm@yopmail.com'
2026-05-06 17:13:19,700 - INFO -   Visible DIV 6: class='main-container' id='no-id' text='dashboard_2
group
decimal_increase
admin_panel_set'
2026-05-06 17:13:19,844 - INFO -   Visible DIV 7: class='inner' id='no-id' text='dashboard_2'
2026-05-06 17:13:19,999 - INFO -   Visible DIV 8: class='inner' id='no-id' text='group'
2026-05-06 17:13:20,240 - INFO -   Visible DIV 9: class='inner' id='no-id' text='decimal_increase'
2026-05-06 17:13:20,435 - INFO -   Visible DIV 10: class='inner' id='no-id' text='admin_panel_settings'
2026-05-06 17:13:20,606 - INFO -   Visible DIV 11: class='inner' id='no-id' text='nest_doorbell_visitor'
2026-05-06 17:13:20,766 - INFO -   Visible DIV 12: class='inner' id='no-id' text='key_visualizer'
2026-05-06 17:13:20,802 - INFO - 
================================================================================

2026-05-06 17:13:20,802 - INFO - Checking for dashboard header 'Welcome to QM Toll portal!'...
2026-05-06 17:13:20,923 - INFO - ✅ Dashboard header found with selector: h4:has-text("Welcome to QM Toll portal!")
2026-05-06 17:13:20,923 - INFO -    Header text: 'Welcome to QM Toll portal!'
2026-05-06 17:13:20,928 - INFO - ✅ DASHBOARD VALIDATION PASSED: 'Welcome to QM Toll portal!' header found
2026-05-06 17:13:21,728 - INFO - Step 1: Navigating and Starting Onboarding...
2026-05-06 17:13:21,734 - INFO - Executing Sidebar Navigation Sequence...
2026-05-06 17:13:24,884 - INFO - Filling Step 1: Account Details...
2026-05-06 17:13:30,058 - INFO - Filled First Name: Kismat
2026-05-06 17:13:31,338 - INFO - Filled Middle Name: QA Team
2026-05-06 17:13:32,659 - INFO - Filled Last Name: Kamdar
2026-05-06 17:13:33,952 - INFO - Checked: Use Same for Billing
2026-05-06 17:13:35,240 - INFO - Checked: Use Same for Shipping
2026-05-06 17:13:36,472 - INFO - Checked: Primary Address
2026-05-06 17:13:40,348 - INFO - Filled Address: 123 Automation Blvd
2026-05-06 17:13:41,570 - INFO - Filled Zip Code: 12345
2026-05-06 17:13:43,411 - INFO - Filled Phone: 7951520374
2026-05-06 17:13:44,674 - INFO - Filled Email: kismat.kamdar39@testmail.com
2026-05-06 17:13:45,904 - INFO - Filled Confirm Email: kismat.kamdar39@testmail.com
2026-05-06 17:13:45,904 - INFO - Clicking Save & Next...
2026-05-06 17:13:45,904 - INFO - Finalizing Step 1: Disabling chatbot interference...
2026-05-06 17:13:45,933 - INFO - Chatbot elements hidden via CSS injection.
2026-05-06 17:13:46,550 - INFO - Triggering Atomic Click on Save & Next...
2026-05-06 17:13:46,588 - INFO - Step 1 Submitted - Navigation to Vehicles should be clean.
2026-05-06 17:13:46,598 - INFO - Step 1 Submitted successfully.
2026-05-06 17:13:46,600 - INFO - Adding 1 Vehicle(s)...
2026-05-06 17:13:47,060 - INFO - Step 2 loaded successfully.
2026-05-06 17:13:47,093 - INFO - Chatbot elements hidden via CSS injection.
2026-05-06 17:13:48,272 - INFO - Filled Plate 1: QA1311GP
2026-05-06 17:13:52,992 - INFO - Filled Plate Start Date: 2026-05-06
2026-05-06 17:14:04,570 - INFO - Clicking 'Add' button for Vehicle 0...
2026-05-06 17:14:04,617 - INFO - Chatbot elements hidden via CSS injection.
2026-05-06 17:14:07,944 - INFO - Vehicle 1 added successfully.
2026-05-06 17:14:08,966 - INFO - All vehicles added. Smooth scrolling to 'Next' button...
2026-05-06 17:14:09,864 - INFO - Highlighting and clicking 'Next' button...
2026-05-06 17:14:09,892 - INFO - Chatbot elements hidden via CSS injection.
2026-05-06 17:14:12,060 - INFO - Captured Permanent Account Number: 2000011539
2026-05-06 17:14:12,062 - INFO - Account 2000011539 saved to SharedData.
2026-05-06 17:14:12,063 - INFO - Starting Step 3: Payment Information for Kismat Kamdar...
2026-05-06 17:14:12,083 - INFO - Chatbot elements hidden via CSS injection.
2026-05-06 17:14:15,976 - INFO - Filled Cardholder Name: Kismat Kamdar
2026-05-06 17:14:17,178 - INFO - Filled Card Number: 5704463090519635
2026-05-06 17:14:18,416 - INFO - Filled Expiry Date: 05/28
2026-05-06 17:14:19,697 - INFO - Filled CVV: 053
2026-05-06 17:14:21,855 - INFO - Clicking 'Preview and Pay'...
2026-05-06 17:14:21,871 - INFO - Chatbot elements hidden via CSS injection.
2026-05-06 17:14:22,550 - INFO - Waiting for Payment Summary card...
2026-05-06 17:14:24,017 - INFO - Starting Final Confirmation Modal...
2026-05-06 17:14:24,951 - INFO - ✅ Account onboarding completed successfully.
2026-05-06 17:14:24,955 - INFO - Finalizing process: Clicking 'Account Summary' button...
2026-05-06 17:14:25,112 - INFO - Step 2: Creating case for account: 2000011539
2026-05-06 17:14:42,165 - INFO - ✅ Full Flow Success!
2026-05-06 17:18:19,453 - INFO - Navigating to Login Page: http://operator-qa.qmaastech.com/
2026-05-06 17:18:22,357 - INFO - Attempting login for user: superadmin_qm@yopmail.com
2026-05-06 17:18:24,118 - INFO - Logging DOM elements BEFORE login click...
2026-05-06 17:18:24,118 - INFO - 
================================================================================
2026-05-06 17:18:24,118 - INFO - DOM SNAPSHOT AT STAGE: Before_Login
2026-05-06 17:18:24,118 - INFO - ================================================================================
2026-05-06 17:18:24,173 - INFO - 
Searching for pop-up elements in page content...
2026-05-06 17:18:24,716 - WARNING - ⚠ No known pop-up selectors found. Checking all visible divs...
2026-05-06 17:18:24,821 - INFO - Total DIV elements on page: 21
2026-05-06 17:18:25,690 - INFO -   Visible DIV 1: class='hero-pills' id='no-id' text='bolt
Real-time
smart_toy
AI-driven
hub
Multi-agenc'
2026-05-06 17:18:25,968 - INFO -   Visible DIV 2: class='auth-panel' id='no-id' text='Welcome Back

Sign in to your account to continue
'
2026-05-06 17:18:26,121 - INFO -   Visible DIV 3: class='auth-card' id='no-id' text='Welcome Back

Sign in to your account to continue
'
2026-05-06 17:18:26,263 - INFO -   Visible DIV 4: class='auth-step' id='no-id' text='Welcome Back

Sign in to your account to continue
'
2026-05-06 17:18:26,458 - INFO -   Visible DIV 5: class='field-wrap' id='no-id' text='Email ID / Username *
person'
2026-05-06 17:18:26,602 - INFO -   Visible DIV 6: class='input-shell' id='no-id' text='person'
2026-05-06 17:18:26,756 - INFO -   Visible DIV 7: class='field-wrap' id='no-id' text='Password *
lock
visibility_off'
2026-05-06 17:18:26,900 - INFO -   Visible DIV 8: class='input-shell' id='no-id' text='lock
visibility_off'
2026-05-06 17:18:27,082 - INFO -   Visible DIV 9: class='auth-bottom-links' id='no-id' text='New user?  Access Account

Forgot password?'
2026-05-06 17:18:27,135 - INFO - 
================================================================================

2026-05-06 17:18:27,735 - INFO - Login button clicked.
2026-05-06 17:18:27,742 - INFO - Taking rapid screenshots and validating pop-up...
2026-05-06 17:18:28,502 - INFO - Screenshot 1 captured - Attempting validation...
2026-05-06 17:18:28,504 - INFO - 
================================================================================
2026-05-06 17:18:28,508 - INFO - STARTING COMPREHENSIVE POP-UP VALIDATION
2026-05-06 17:18:28,514 - INFO - ================================================================================
2026-05-06 17:18:28,567 - INFO - 
[VALIDATION 1] Checking Pop-up Visibility...
2026-05-06 17:18:28,604 - INFO -   Visibility Status: True
2026-05-06 17:18:28,615 - INFO -   PASSED: Pop-up is visible
2026-05-06 17:18:28,615 - INFO - 
[VALIDATION 2] Extracting and Validating Text Content...
2026-05-06 17:18:28,650 - INFO -   Extracted Text: 'Login Successful'
2026-05-06 17:18:28,651 - INFO -   PASSED: Text matches exactly: 'Login Successful'
2026-05-06 17:18:28,653 - INFO - 
[VALIDATION 3] Checking for Typos...
2026-05-06 17:18:28,653 - INFO -   PASSED: No known typos detected
2026-05-06 17:18:28,653 - INFO - 
[VALIDATION 4] Extracting CSS Classes and Attributes...
2026-05-06 17:18:28,682 - INFO -   CSS Classes: snackbar success-snackbar
2026-05-06 17:18:28,684 - INFO -   PASSED: 'success' class is present
2026-05-06 17:18:28,689 - INFO - 
[VALIDATION 5] Checking Element Properties...
2026-05-06 17:18:29,044 - INFO -   ID: Not set
2026-05-06 17:18:29,045 - INFO -   Data-TestID: Not set
2026-05-06 17:18:29,046 - INFO -   Role: Not set
2026-05-06 17:18:29,046 - INFO -   ARIA Label: Not set
2026-05-06 17:18:29,047 - INFO - 
[VALIDATION 6] Checking Position and Size...
2026-05-06 17:18:29,077 - WARNING -   WARNING: Could not get bounding box
2026-05-06 17:18:29,078 - INFO - 
[VALIDATION 7] Checking Computed Styles...
2026-05-06 17:18:29,110 - ERROR - Validation error: TypeError: Failed to execute 'getComputedStyle' on 'Window': parameter 1 is not of type 'Element'.
    at eval (eval at evaluate (:226:30), <anonymous>:1:8)
    at eval (<anonymous>)
    at UtilityScript.evaluate (<anonymous>:226:30)
    at UtilityScript.<anonymous> (<anonymous>:1:44)
2026-05-06 17:18:29,110 - WARNING -   WARNING: Could not check computed styles - element may have disappeared
2026-05-06 17:18:29,110 - INFO - 
================================================================================
2026-05-06 17:18:29,110 - INFO - POP-UP VALIDATION SUMMARY
2026-05-06 17:18:29,110 - INFO - ================================================================================
2026-05-06 17:18:29,110 - INFO -   Visibility: PASSED
2026-05-06 17:18:29,110 - INFO -   Text Match: PASSED
2026-05-06 17:18:29,110 - INFO -   Typo Check: PASSED
2026-05-06 17:18:29,110 - INFO -   CSS Classes: Present
2026-05-06 17:18:29,110 - INFO -   Position & Size: Valid
2026-05-06 17:18:29,110 - INFO -   Computed Styles: Valid
2026-05-06 17:18:29,110 - INFO - ================================================================================

2026-05-06 17:18:29,110 - INFO - ✓ ALL VALIDATIONS PASSED - Pop-up is working correctly!
2026-05-06 17:18:30,891 - INFO - Screenshot 2 captured - Attempting validation...
2026-05-06 17:18:30,891 - INFO - 
================================================================================
2026-05-06 17:18:30,891 - INFO - STARTING COMPREHENSIVE POP-UP VALIDATION
2026-05-06 17:18:30,891 - INFO - ================================================================================
2026-05-06 17:18:30,946 - ERROR - VALIDATION FAILED: Pop-up element not found!
2026-05-06 17:18:31,587 - INFO - Screenshot 3 captured - Attempting validation...
2026-05-06 17:18:31,587 - INFO - 
================================================================================
2026-05-06 17:18:31,587 - INFO - STARTING COMPREHENSIVE POP-UP VALIDATION
2026-05-06 17:18:31,587 - INFO - ================================================================================
2026-05-06 17:18:31,631 - ERROR - VALIDATION FAILED: Pop-up element not found!
2026-05-06 17:18:31,769 - INFO - Logging DOM elements AFTER login click (pop-up should appear here)...
2026-05-06 17:18:31,769 - INFO - 
================================================================================
2026-05-06 17:18:31,769 - INFO - DOM SNAPSHOT AT STAGE: After_Login_Click
2026-05-06 17:18:31,773 - INFO - ================================================================================
2026-05-06 17:18:31,842 - INFO - 
Searching for pop-up elements in page content...
2026-05-06 17:18:32,389 - WARNING - ⚠ No known pop-up selectors found. Checking all visible divs...
2026-05-06 17:18:32,479 - INFO - Total DIV elements on page: 29
2026-05-06 17:18:32,795 - INFO -   Visible DIV 1: class='header-right' id='no-id' text='English
French
Spanish
Quantum Toll Authority
supe'
2026-05-06 17:18:32,951 - INFO -   Visible DIV 2: class='nav-user' id='no-id' text='Quantum Toll Authority
superadmin_qm@yopmail.com'
2026-05-06 17:18:33,190 - INFO -   Visible DIV 3: class='nav-user-info' id='no-id' text='Quantum Toll Authority
superadmin_qm@yopmail.com'
2026-05-06 17:18:33,379 - INFO -   Visible DIV 4: class='uname' id='no-id' text='Quantum Toll Authority'
2026-05-06 17:18:33,592 - INFO -   Visible DIV 5: class='urole' id='no-id' text='superadmin_qm@yopmail.com'
2026-05-06 17:18:33,760 - INFO -   Visible DIV 6: class='main-container' id='no-id' text='dashboard_2
group
decimal_increase
admin_panel_set'
2026-05-06 17:18:33,921 - INFO -   Visible DIV 7: class='inner' id='no-id' text='dashboard_2'
2026-05-06 17:18:34,110 - INFO -   Visible DIV 8: class='inner' id='no-id' text='group'
2026-05-06 17:18:34,355 - INFO -   Visible DIV 9: class='inner' id='no-id' text='decimal_increase'
2026-05-06 17:18:34,559 - INFO -   Visible DIV 10: class='inner' id='no-id' text='admin_panel_settings'
2026-05-06 17:18:34,783 - INFO -   Visible DIV 11: class='inner' id='no-id' text='nest_doorbell_visitor'
2026-05-06 17:18:34,998 - INFO -   Visible DIV 12: class='inner' id='no-id' text='key_visualizer'
2026-05-06 17:18:35,048 - INFO - 
================================================================================

2026-05-06 17:18:35,273 - INFO - Waiting for dashboard URL...
2026-05-06 17:18:35,273 - INFO - 
================================================================================
2026-05-06 17:18:35,273 - INFO - DOM SNAPSHOT AT STAGE: Before_Dashboard_Navigation
2026-05-06 17:18:35,273 - INFO - ================================================================================
2026-05-06 17:18:35,336 - INFO - 
Searching for pop-up elements in page content...
2026-05-06 17:18:35,839 - WARNING - ⚠ No known pop-up selectors found. Checking all visible divs...
2026-05-06 17:18:35,913 - INFO - Total DIV elements on page: 29
2026-05-06 17:18:36,185 - INFO -   Visible DIV 1: class='header-right' id='no-id' text='English
French
Spanish
Quantum Toll Authority
supe'
2026-05-06 17:18:36,355 - INFO -   Visible DIV 2: class='nav-user' id='no-id' text='Quantum Toll Authority
superadmin_qm@yopmail.com'
2026-05-06 17:18:36,585 - INFO -   Visible DIV 3: class='nav-user-info' id='no-id' text='Quantum Toll Authority
superadmin_qm@yopmail.com'
2026-05-06 17:18:36,738 - INFO -   Visible DIV 4: class='uname' id='no-id' text='Quantum Toll Authority'
2026-05-06 17:18:36,939 - INFO -   Visible DIV 5: class='urole' id='no-id' text='superadmin_qm@yopmail.com'
2026-05-06 17:18:37,082 - INFO -   Visible DIV 6: class='main-container' id='no-id' text='dashboard_2
group
decimal_increase
admin_panel_set'
2026-05-06 17:18:37,246 - INFO -   Visible DIV 7: class='inner' id='no-id' text='dashboard_2'
2026-05-06 17:18:37,405 - INFO -   Visible DIV 8: class='inner' id='no-id' text='group'
2026-05-06 17:18:37,569 - INFO -   Visible DIV 9: class='inner' id='no-id' text='decimal_increase'
2026-05-06 17:18:37,726 - INFO -   Visible DIV 10: class='inner' id='no-id' text='admin_panel_settings'
2026-05-06 17:18:37,902 - INFO -   Visible DIV 11: class='inner' id='no-id' text='nest_doorbell_visitor'
2026-05-06 17:18:38,073 - INFO -   Visible DIV 12: class='inner' id='no-id' text='key_visualizer'
2026-05-06 17:18:38,119 - INFO - 
================================================================================

2026-05-06 17:18:38,159 - INFO - Login SUCCESS: Dashboard URL reached.
2026-05-06 17:18:38,718 - INFO - 
================================================================================
2026-05-06 17:18:38,718 - INFO - DOM SNAPSHOT AT STAGE: After_Dashboard_Loaded
2026-05-06 17:18:38,718 - INFO - ================================================================================
2026-05-06 17:18:38,825 - INFO - 
Searching for pop-up elements in page content...
2026-05-06 17:18:39,338 - WARNING - ⚠ No known pop-up selectors found. Checking all visible divs...
2026-05-06 17:18:39,404 - INFO - Total DIV elements on page: 29
2026-05-06 17:18:39,639 - INFO -   Visible DIV 1: class='header-right' id='no-id' text='English
French
Spanish
Quantum Toll Authority
supe'
2026-05-06 17:18:39,768 - INFO -   Visible DIV 2: class='nav-user' id='no-id' text='Quantum Toll Authority
superadmin_qm@yopmail.com'
2026-05-06 17:18:39,972 - INFO -   Visible DIV 3: class='nav-user-info' id='no-id' text='Quantum Toll Authority
superadmin_qm@yopmail.com'
2026-05-06 17:18:40,087 - INFO -   Visible DIV 4: class='uname' id='no-id' text='Quantum Toll Authority'
2026-05-06 17:18:40,217 - INFO -   Visible DIV 5: class='urole' id='no-id' text='superadmin_qm@yopmail.com'
2026-05-06 17:18:40,337 - INFO -   Visible DIV 6: class='main-container' id='no-id' text='dashboard_2
group
decimal_increase
admin_panel_set'
2026-05-06 17:18:40,454 - INFO -   Visible DIV 7: class='inner' id='no-id' text='dashboard_2'
2026-05-06 17:18:40,549 - INFO -   Visible DIV 8: class='inner' id='no-id' text='group'
2026-05-06 17:18:40,772 - INFO -   Visible DIV 9: class='inner' id='no-id' text='decimal_increase'
2026-05-06 17:18:40,928 - INFO -   Visible DIV 10: class='inner' id='no-id' text='admin_panel_settings'
2026-05-06 17:18:41,063 - INFO -   Visible DIV 11: class='inner' id='no-id' text='nest_doorbell_visitor'
2026-05-06 17:18:41,228 - INFO -   Visible DIV 12: class='inner' id='no-id' text='key_visualizer'
2026-05-06 17:18:41,268 - INFO - 
================================================================================

2026-05-06 17:18:41,269 - INFO - Checking for dashboard header 'Welcome to QM Toll portal!'...
2026-05-06 17:18:41,360 - INFO - ✅ Dashboard header found with selector: h4:has-text("Welcome to QM Toll portal!")
2026-05-06 17:18:41,376 - INFO -    Header text: 'Welcome to QM Toll portal!'
2026-05-06 17:18:41,376 - INFO - ✅ DASHBOARD VALIDATION PASSED: 'Welcome to QM Toll portal!' header found
2026-05-06 17:18:42,157 - INFO - Step 1: Navigating and Starting Onboarding...
2026-05-06 17:18:42,177 - INFO - Executing Sidebar Navigation Sequence...
2026-05-06 17:18:45,441 - INFO - Filling Step 1: Account Details...
2026-05-06 17:18:49,915 - INFO - Filled First Name: Stuvan
2026-05-06 17:18:51,249 - INFO - Filled Middle Name: QA Team
2026-05-06 17:18:52,578 - INFO - Filled Last Name: Chandran
2026-05-06 17:18:53,843 - INFO - Checked: Use Same for Billing
2026-05-06 17:18:55,071 - INFO - Checked: Use Same for Shipping
2026-05-06 17:18:56,300 - INFO - Checked: Primary Address
2026-05-06 17:19:00,277 - INFO - Filled Address: 123 Automation Blvd
2026-05-06 17:19:01,559 - INFO - Filled Zip Code: 12345
2026-05-06 17:19:03,387 - INFO - Filled Phone: 8160881156
2026-05-06 17:19:04,628 - INFO - Filled Email: stuvan.chandran60@testmail.com
2026-05-06 17:19:05,916 - INFO - Filled Confirm Email: stuvan.chandran60@testmail.com
2026-05-06 17:19:05,919 - INFO - Clicking Save & Next...
2026-05-06 17:19:05,921 - INFO - Finalizing Step 1: Disabling chatbot interference...
2026-05-06 17:19:06,011 - INFO - Chatbot elements hidden via CSS injection.
2026-05-06 17:19:06,676 - INFO - Triggering Atomic Click on Save & Next...
2026-05-06 17:19:06,730 - INFO - Step 1 Submitted - Navigation to Vehicles should be clean.
2026-05-06 17:19:06,730 - INFO - Step 1 Submitted successfully.
2026-05-06 17:19:06,730 - INFO - Adding 1 Vehicle(s)...
2026-05-06 17:19:07,282 - INFO - Step 2 loaded successfully.
2026-05-06 17:19:07,307 - INFO - Chatbot elements hidden via CSS injection.
2026-05-06 17:19:08,593 - INFO - Filled Plate 1: QA4198GP
2026-05-06 17:19:13,333 - INFO - Filled Plate Start Date: 2026-05-06
2026-05-06 17:19:24,884 - INFO - Clicking 'Add' button for Vehicle 0...
2026-05-06 17:19:24,900 - INFO - Chatbot elements hidden via CSS injection.
2026-05-06 17:19:28,131 - INFO - Vehicle 1 added successfully.
2026-05-06 17:19:29,149 - INFO - All vehicles added. Smooth scrolling to 'Next' button...
2026-05-06 17:19:30,036 - INFO - Highlighting and clicking 'Next' button...
2026-05-06 17:19:30,064 - INFO - Chatbot elements hidden via CSS injection.
2026-05-06 17:19:32,226 - INFO - Captured Permanent Account Number: 2000011540
2026-05-06 17:19:32,226 - INFO - Account 2000011540 saved to SharedData.
2026-05-06 17:19:32,226 - INFO - Starting Step 3: Payment Information for Stuvan Chandran...
2026-05-06 17:19:32,259 - INFO - Chatbot elements hidden via CSS injection.
2026-05-06 17:19:36,188 - INFO - Filled Cardholder Name: Stuvan Chandran
2026-05-06 17:19:37,461 - INFO - Filled Card Number: 1733686397693975
2026-05-06 17:19:38,674 - INFO - Filled Expiry Date: 05/28
2026-05-06 17:19:39,893 - INFO - Filled CVV: 275
2026-05-06 17:19:42,042 - INFO - Clicking 'Preview and Pay'...
2026-05-06 17:19:42,060 - INFO - Chatbot elements hidden via CSS injection.
2026-05-06 17:19:42,759 - INFO - Waiting for Payment Summary card...
2026-05-06 17:19:44,336 - INFO - Starting Final Confirmation Modal...
2026-05-06 17:19:45,478 - INFO - ✅ Account onboarding completed successfully.
2026-05-06 17:19:45,478 - INFO - Finalizing process: Clicking 'Account Summary' button...
2026-05-06 17:19:45,652 - INFO - Step 2: Creating case for account: 2000011540
2026-05-06 17:20:07,261 - INFO - ✅ Full Flow Success!
2026-05-06 17:23:14,257 - INFO - Navigating to Login Page: http://operator-qa.qmaastech.com/
2026-05-06 17:23:17,237 - INFO - Attempting login for user: superadmin_qm@yopmail.com
2026-05-06 17:23:18,984 - INFO - Logging DOM elements BEFORE login click...
2026-05-06 17:23:18,984 - INFO - 
================================================================================
2026-05-06 17:23:18,994 - INFO - DOM SNAPSHOT AT STAGE: Before_Login
2026-05-06 17:23:18,994 - INFO - ================================================================================
2026-05-06 17:23:19,049 - INFO - 
Searching for pop-up elements in page content...
2026-05-06 17:23:19,553 - WARNING - ⚠ No known pop-up selectors found. Checking all visible divs...
2026-05-06 17:23:19,659 - INFO - Total DIV elements on page: 21
2026-05-06 17:23:20,522 - INFO -   Visible DIV 1: class='hero-pills' id='no-id' text='bolt
Real-time
smart_toy
AI-driven
hub
Multi-agenc'
2026-05-06 17:23:20,770 - INFO -   Visible DIV 2: class='auth-panel' id='no-id' text='Welcome Back

Sign in to your account to continue
'
2026-05-06 17:23:20,901 - INFO -   Visible DIV 3: class='auth-card' id='no-id' text='Welcome Back

Sign in to your account to continue
'
2026-05-06 17:23:21,033 - INFO -   Visible DIV 4: class='auth-step' id='no-id' text='Welcome Back

Sign in to your account to continue
'
2026-05-06 17:23:21,239 - INFO -   Visible DIV 5: class='field-wrap' id='no-id' text='Email ID / Username *
person'
2026-05-06 17:23:21,366 - INFO -   Visible DIV 6: class='input-shell' id='no-id' text='person'
2026-05-06 17:23:21,543 - INFO -   Visible DIV 7: class='field-wrap' id='no-id' text='Password *
lock
visibility_off'
2026-05-06 17:23:21,692 - INFO -   Visible DIV 8: class='input-shell' id='no-id' text='lock
visibility_off'
2026-05-06 17:23:21,842 - INFO -   Visible DIV 9: class='auth-bottom-links' id='no-id' text='New user?  Access Account

Forgot password?'
2026-05-06 17:23:21,905 - INFO - 
================================================================================

2026-05-06 17:23:22,526 - INFO - Login button clicked.
2026-05-06 17:23:22,526 - INFO - Taking rapid screenshots and validating pop-up...
2026-05-06 17:23:23,259 - INFO - Screenshot 1 captured - Attempting validation...
2026-05-06 17:23:23,259 - INFO - 
================================================================================
2026-05-06 17:23:23,262 - INFO - STARTING COMPREHENSIVE POP-UP VALIDATION
2026-05-06 17:23:23,263 - INFO - ================================================================================
2026-05-06 17:23:23,312 - INFO - 
[VALIDATION 1] Checking Pop-up Visibility...
2026-05-06 17:23:23,362 - INFO -   Visibility Status: True
2026-05-06 17:23:23,371 - INFO -   PASSED: Pop-up is visible
2026-05-06 17:23:23,388 - INFO - 
[VALIDATION 2] Extracting and Validating Text Content...
2026-05-06 17:23:23,428 - INFO -   Extracted Text: 'Login Successful'
2026-05-06 17:23:23,440 - INFO -   PASSED: Text matches exactly: 'Login Successful'
2026-05-06 17:23:23,448 - INFO - 
[VALIDATION 3] Checking for Typos...
2026-05-06 17:23:23,456 - INFO -   PASSED: No known typos detected
2026-05-06 17:23:23,463 - INFO - 
[VALIDATION 4] Extracting CSS Classes and Attributes...
2026-05-06 17:23:23,509 - INFO -   CSS Classes: snackbar success-snackbar
2026-05-06 17:23:23,509 - INFO -   PASSED: 'success' class is present
2026-05-06 17:23:23,509 - INFO - 
[VALIDATION 5] Checking Element Properties...
2026-05-06 17:23:23,898 - INFO -   ID: Not set
2026-05-06 17:23:23,900 - INFO -   Data-TestID: Not set
2026-05-06 17:23:23,900 - INFO -   Role: Not set
2026-05-06 17:23:23,902 - INFO -   ARIA Label: Not set
2026-05-06 17:23:23,902 - INFO - 
[VALIDATION 6] Checking Position and Size...
2026-05-06 17:23:23,930 - WARNING -   WARNING: Could not get bounding box
2026-05-06 17:23:23,930 - INFO - 
[VALIDATION 7] Checking Computed Styles...
2026-05-06 17:23:23,976 - ERROR - Validation error: TypeError: Failed to execute 'getComputedStyle' on 'Window': parameter 1 is not of type 'Element'.
    at eval (eval at evaluate (:226:30), <anonymous>:1:8)
    at eval (<anonymous>)
    at UtilityScript.evaluate (<anonymous>:226:30)
    at UtilityScript.<anonymous> (<anonymous>:1:44)
2026-05-06 17:23:23,980 - WARNING -   WARNING: Could not check computed styles - element may have disappeared
2026-05-06 17:23:23,982 - INFO - 
================================================================================
2026-05-06 17:23:23,984 - INFO - POP-UP VALIDATION SUMMARY
2026-05-06 17:23:23,985 - INFO - ================================================================================
2026-05-06 17:23:23,985 - INFO -   Visibility: PASSED
2026-05-06 17:23:23,986 - INFO -   Text Match: PASSED
2026-05-06 17:23:23,986 - INFO -   Typo Check: PASSED
2026-05-06 17:23:23,986 - INFO -   CSS Classes: Present
2026-05-06 17:23:23,986 - INFO -   Position & Size: Valid
2026-05-06 17:23:23,986 - INFO -   Computed Styles: Valid
2026-05-06 17:23:23,988 - INFO - ================================================================================

2026-05-06 17:23:23,988 - INFO - ✓ ALL VALIDATIONS PASSED - Pop-up is working correctly!
2026-05-06 17:23:26,726 - INFO - Screenshot 2 captured - Attempting validation...
2026-05-06 17:23:26,729 - INFO - 
================================================================================
2026-05-06 17:23:26,729 - INFO - STARTING COMPREHENSIVE POP-UP VALIDATION
2026-05-06 17:23:26,729 - INFO - ================================================================================
2026-05-06 17:23:26,775 - ERROR - VALIDATION FAILED: Pop-up element not found!
2026-05-06 17:23:27,507 - INFO - Screenshot 3 captured - Attempting validation...
2026-05-06 17:23:27,507 - INFO - 
================================================================================
2026-05-06 17:23:27,507 - INFO - STARTING COMPREHENSIVE POP-UP VALIDATION
2026-05-06 17:23:27,509 - INFO - ================================================================================
2026-05-06 17:23:27,550 - ERROR - VALIDATION FAILED: Pop-up element not found!
2026-05-06 17:23:27,683 - INFO - Logging DOM elements AFTER login click (pop-up should appear here)...
2026-05-06 17:23:27,684 - INFO - 
================================================================================
2026-05-06 17:23:27,684 - INFO - DOM SNAPSHOT AT STAGE: After_Login_Click
2026-05-06 17:23:27,684 - INFO - ================================================================================
2026-05-06 17:23:27,734 - INFO - 
Searching for pop-up elements in page content...
2026-05-06 17:23:28,223 - WARNING - ⚠ No known pop-up selectors found. Checking all visible divs...
2026-05-06 17:23:28,334 - INFO - Total DIV elements on page: 29
2026-05-06 17:23:28,777 - INFO -   Visible DIV 1: class='header-right' id='no-id' text='English
French
Spanish
Quantum Toll Authority
supe'
2026-05-06 17:23:28,933 - INFO -   Visible DIV 2: class='nav-user' id='no-id' text='Quantum Toll Authority
superadmin_qm@yopmail.com'
2026-05-06 17:23:29,170 - INFO -   Visible DIV 3: class='nav-user-info' id='no-id' text='Quantum Toll Authority
superadmin_qm@yopmail.com'
2026-05-06 17:23:29,365 - INFO -   Visible DIV 4: class='uname' id='no-id' text='Quantum Toll Authority'
2026-05-06 17:23:29,553 - INFO -   Visible DIV 5: class='urole' id='no-id' text='superadmin_qm@yopmail.com'
2026-05-06 17:23:29,744 - INFO -   Visible DIV 6: class='main-container' id='no-id' text='dashboard_2
group
decimal_increase
admin_panel_set'
2026-05-06 17:23:29,992 - INFO -   Visible DIV 7: class='inner' id='no-id' text='dashboard_2'
2026-05-06 17:23:30,160 - INFO -   Visible DIV 8: class='inner' id='no-id' text='group'
2026-05-06 17:23:30,388 - INFO -   Visible DIV 9: class='inner' id='no-id' text='decimal_increase'
2026-05-06 17:23:30,669 - INFO -   Visible DIV 10: class='inner' id='no-id' text='admin_panel_settings'
2026-05-06 17:23:30,884 - INFO -   Visible DIV 11: class='inner' id='no-id' text='nest_doorbell_visitor'
2026-05-06 17:23:31,120 - INFO -   Visible DIV 12: class='inner' id='no-id' text='key_visualizer'
2026-05-06 17:23:31,163 - INFO - 
================================================================================

2026-05-06 17:23:31,395 - INFO - Waiting for dashboard URL...
2026-05-06 17:23:31,395 - INFO - 
================================================================================
2026-05-06 17:23:31,398 - INFO - DOM SNAPSHOT AT STAGE: Before_Dashboard_Navigation
2026-05-06 17:23:31,398 - INFO - ================================================================================
2026-05-06 17:23:31,434 - INFO - 
Searching for pop-up elements in page content...
2026-05-06 17:23:31,818 - WARNING - ⚠ No known pop-up selectors found. Checking all visible divs...
2026-05-06 17:23:31,890 - INFO - Total DIV elements on page: 29
2026-05-06 17:23:32,163 - INFO -   Visible DIV 1: class='header-right' id='no-id' text='English
French
Spanish
Quantum Toll Authority
supe'
2026-05-06 17:23:32,325 - INFO -   Visible DIV 2: class='nav-user' id='no-id' text='Quantum Toll Authority
superadmin_qm@yopmail.com'
2026-05-06 17:23:32,690 - INFO -   Visible DIV 3: class='nav-user-info' id='no-id' text='Quantum Toll Authority
superadmin_qm@yopmail.com'
2026-05-06 17:23:32,870 - INFO -   Visible DIV 4: class='uname' id='no-id' text='Quantum Toll Authority'
2026-05-06 17:23:33,045 - INFO -   Visible DIV 5: class='urole' id='no-id' text='superadmin_qm@yopmail.com'
2026-05-06 17:23:33,229 - INFO -   Visible DIV 6: class='main-container' id='no-id' text='dashboard_2
group
decimal_increase
admin_panel_set'
2026-05-06 17:23:33,466 - INFO -   Visible DIV 7: class='inner' id='no-id' text='dashboard_2'
2026-05-06 17:23:33,664 - INFO -   Visible DIV 8: class='inner' id='no-id' text='group'
2026-05-06 17:23:33,947 - INFO -   Visible DIV 9: class='inner' id='no-id' text='decimal_increase'
2026-05-06 17:23:34,242 - INFO -   Visible DIV 10: class='inner' id='no-id' text='admin_panel_settings'
2026-05-06 17:23:34,409 - INFO -   Visible DIV 11: class='inner' id='no-id' text='nest_doorbell_visitor'
2026-05-06 17:23:34,680 - INFO -   Visible DIV 12: class='inner' id='no-id' text='key_visualizer'
2026-05-06 17:23:34,729 - INFO - 
================================================================================

2026-05-06 17:23:34,794 - INFO - Login SUCCESS: Dashboard URL reached.
2026-05-06 17:23:35,340 - INFO - 
================================================================================
2026-05-06 17:23:35,342 - INFO - DOM SNAPSHOT AT STAGE: After_Dashboard_Loaded
2026-05-06 17:23:35,342 - INFO - ================================================================================
2026-05-06 17:23:35,384 - INFO - 
Searching for pop-up elements in page content...
2026-05-06 17:23:35,761 - WARNING - ⚠ No known pop-up selectors found. Checking all visible divs...
2026-05-06 17:23:35,815 - INFO - Total DIV elements on page: 29
2026-05-06 17:23:36,054 - INFO -   Visible DIV 1: class='header-right' id='no-id' text='English
French
Spanish
Quantum Toll Authority
supe'
2026-05-06 17:23:36,175 - INFO -   Visible DIV 2: class='nav-user' id='no-id' text='Quantum Toll Authority
superadmin_qm@yopmail.com'
2026-05-06 17:23:36,403 - INFO -   Visible DIV 3: class='nav-user-info' id='no-id' text='Quantum Toll Authority
superadmin_qm@yopmail.com'
2026-05-06 17:23:36,509 - INFO -   Visible DIV 4: class='uname' id='no-id' text='Quantum Toll Authority'
2026-05-06 17:23:36,612 - INFO -   Visible DIV 5: class='urole' id='no-id' text='superadmin_qm@yopmail.com'
2026-05-06 17:23:36,711 - INFO -   Visible DIV 6: class='main-container' id='no-id' text='dashboard_2
group
decimal_increase
admin_panel_set'
2026-05-06 17:23:36,812 - INFO -   Visible DIV 7: class='inner' id='no-id' text='dashboard_2'
2026-05-06 17:23:36,962 - INFO -   Visible DIV 8: class='inner' id='no-id' text='group'
2026-05-06 17:23:37,162 - INFO -   Visible DIV 9: class='inner' id='no-id' text='decimal_increase'
2026-05-06 17:23:37,295 - INFO -   Visible DIV 10: class='inner' id='no-id' text='admin_panel_settings'
2026-05-06 17:23:37,442 - INFO -   Visible DIV 11: class='inner' id='no-id' text='nest_doorbell_visitor'
2026-05-06 17:23:37,632 - INFO -   Visible DIV 12: class='inner' id='no-id' text='key_visualizer'
2026-05-06 17:23:37,662 - INFO - 
================================================================================

2026-05-06 17:23:37,662 - INFO - Checking for dashboard header 'Welcome to QM Toll portal!'...
2026-05-06 17:23:37,809 - INFO - ✅ Dashboard header found with selector: h4:has-text("Welcome to QM Toll portal!")
2026-05-06 17:23:37,812 - INFO -    Header text: 'Welcome to QM Toll portal!'
2026-05-06 17:23:37,812 - INFO - ✅ DASHBOARD VALIDATION PASSED: 'Welcome to QM Toll portal!' header found
2026-05-06 17:23:38,563 - INFO - Step 1: Navigating and Starting Onboarding...
2026-05-06 17:23:38,563 - INFO - Executing Sidebar Navigation Sequence...
2026-05-06 17:23:41,718 - INFO - Filling Step 1: Account Details...
2026-05-06 17:23:45,840 - INFO - Filled First Name: Devansh
2026-05-06 17:23:47,266 - INFO - Filled Middle Name: QA Team
2026-05-06 17:23:48,585 - INFO - Filled Last Name: Acharya
2026-05-06 17:23:49,824 - INFO - Checked: Use Same for Billing
2026-05-06 17:23:51,120 - INFO - Checked: Use Same for Shipping
2026-05-06 17:23:52,404 - INFO - Checked: Primary Address
2026-05-06 17:23:56,371 - INFO - Filled Address: 123 Automation Blvd
2026-05-06 17:23:57,656 - INFO - Filled Zip Code: 12345
2026-05-06 17:23:59,617 - INFO - Filled Phone: 7544980825
2026-05-06 17:24:00,988 - INFO - Filled Email: devansh.acharya90@testmail.com
2026-05-06 17:24:02,310 - INFO - Filled Confirm Email: devansh.acharya90@testmail.com
2026-05-06 17:24:02,314 - INFO - Clicking Save & Next...
2026-05-06 17:24:02,318 - INFO - Finalizing Step 1: Disabling chatbot interference...
2026-05-06 17:24:02,406 - INFO - Chatbot elements hidden via CSS injection.
2026-05-06 17:24:03,096 - INFO - Triggering Atomic Click on Save & Next...
2026-05-06 17:24:03,176 - INFO - Step 1 Submitted - Navigation to Vehicles should be clean.
2026-05-06 17:24:03,179 - INFO - Step 1 Submitted successfully.
2026-05-06 17:24:03,181 - INFO - Adding 1 Vehicle(s)...
2026-05-06 17:24:03,657 - INFO - Step 2 loaded successfully.
2026-05-06 17:24:03,702 - INFO - Chatbot elements hidden via CSS injection.
2026-05-06 17:24:05,033 - INFO - Filled Plate 1: QA8079GP
2026-05-06 17:28:02,062 - INFO - Navigating to Login Page: http://operator-qa.qmaastech.com/
2026-05-06 17:28:05,053 - INFO - Attempting login for user: superadmin_qm@yopmail.com
2026-05-06 17:28:06,835 - INFO - Logging DOM elements BEFORE login click...
2026-05-06 17:28:06,837 - INFO - 
================================================================================
2026-05-06 17:28:06,841 - INFO - DOM SNAPSHOT AT STAGE: Before_Login
2026-05-06 17:28:06,843 - INFO - ================================================================================
2026-05-06 17:28:06,949 - INFO - 
Searching for pop-up elements in page content...
2026-05-06 17:28:07,558 - WARNING - ⚠ No known pop-up selectors found. Checking all visible divs...
2026-05-06 17:28:07,645 - INFO - Total DIV elements on page: 21
2026-05-06 17:28:08,461 - INFO -   Visible DIV 1: class='hero-pills' id='no-id' text='bolt
Real-time
smart_toy
AI-driven
hub
Multi-agenc'
2026-05-06 17:28:08,723 - INFO -   Visible DIV 2: class='auth-panel' id='no-id' text='Welcome Back

Sign in to your account to continue
'
2026-05-06 17:28:08,924 - INFO -   Visible DIV 3: class='auth-card' id='no-id' text='Welcome Back

Sign in to your account to continue
'
2026-05-06 17:28:09,095 - INFO -   Visible DIV 4: class='auth-step' id='no-id' text='Welcome Back

Sign in to your account to continue
'
2026-05-06 17:28:09,355 - INFO -   Visible DIV 5: class='field-wrap' id='no-id' text='Email ID / Username *
person'
2026-05-06 17:28:09,518 - INFO -   Visible DIV 6: class='input-shell' id='no-id' text='person'
2026-05-06 17:28:09,674 - INFO -   Visible DIV 7: class='field-wrap' id='no-id' text='Password *
lock
visibility_off'
2026-05-06 17:28:09,807 - INFO -   Visible DIV 8: class='input-shell' id='no-id' text='lock
visibility_off'
2026-05-06 17:28:09,975 - INFO -   Visible DIV 9: class='auth-bottom-links' id='no-id' text='New user?  Access Account

Forgot password?'
2026-05-06 17:28:10,050 - INFO - 
================================================================================

2026-05-06 17:28:10,690 - INFO - Login button clicked.
2026-05-06 17:28:10,695 - INFO - Taking rapid screenshots and validating pop-up...
2026-05-06 17:28:11,441 - INFO - Screenshot 1 captured - Attempting validation...
2026-05-06 17:28:11,441 - INFO - 
================================================================================
2026-05-06 17:28:11,441 - INFO - STARTING COMPREHENSIVE POP-UP VALIDATION
2026-05-06 17:28:11,441 - INFO - ================================================================================
2026-05-06 17:28:11,484 - INFO - 
[VALIDATION 1] Checking Pop-up Visibility...
2026-05-06 17:28:11,533 - INFO -   Visibility Status: True
2026-05-06 17:28:11,533 - INFO -   PASSED: Pop-up is visible
2026-05-06 17:28:11,533 - INFO - 
[VALIDATION 2] Extracting and Validating Text Content...
2026-05-06 17:28:11,567 - INFO -   Extracted Text: 'Login Successful'
2026-05-06 17:28:11,567 - INFO -   PASSED: Text matches exactly: 'Login Successful'
2026-05-06 17:28:11,567 - INFO - 
[VALIDATION 3] Checking for Typos...
2026-05-06 17:28:11,567 - INFO -   PASSED: No known typos detected
2026-05-06 17:28:11,567 - INFO - 
[VALIDATION 4] Extracting CSS Classes and Attributes...
2026-05-06 17:28:11,605 - INFO -   CSS Classes: snackbar success-snackbar
2026-05-06 17:28:11,609 - INFO -   PASSED: 'success' class is present
2026-05-06 17:28:11,611 - INFO - 
[VALIDATION 5] Checking Element Properties...
2026-05-06 17:28:12,026 - INFO -   ID: Not set
2026-05-06 17:28:12,026 - INFO -   Data-TestID: Not set
2026-05-06 17:28:12,026 - INFO -   Role: Not set
2026-05-06 17:28:12,032 - INFO -   ARIA Label: Not set
2026-05-06 17:28:12,032 - INFO - 
[VALIDATION 6] Checking Position and Size...
2026-05-06 17:28:12,065 - WARNING -   WARNING: Could not get bounding box
2026-05-06 17:28:12,072 - INFO - 
[VALIDATION 7] Checking Computed Styles...
2026-05-06 17:28:12,112 - ERROR - Validation error: TypeError: Failed to execute 'getComputedStyle' on 'Window': parameter 1 is not of type 'Element'.
    at eval (eval at evaluate (:226:30), <anonymous>:1:8)
    at eval (<anonymous>)
    at UtilityScript.evaluate (<anonymous>:226:30)
    at UtilityScript.<anonymous> (<anonymous>:1:44)
2026-05-06 17:28:12,116 - WARNING -   WARNING: Could not check computed styles - element may have disappeared
2026-05-06 17:28:12,116 - INFO - 
================================================================================
2026-05-06 17:28:12,116 - INFO - POP-UP VALIDATION SUMMARY
2026-05-06 17:28:12,116 - INFO - ================================================================================
2026-05-06 17:28:12,116 - INFO -   Visibility: PASSED
2026-05-06 17:28:12,116 - INFO -   Text Match: PASSED
2026-05-06 17:28:12,116 - INFO -   Typo Check: PASSED
2026-05-06 17:28:12,116 - INFO -   CSS Classes: Present
2026-05-06 17:28:12,116 - INFO -   Position & Size: Valid
2026-05-06 17:28:12,116 - INFO -   Computed Styles: Valid
2026-05-06 17:28:12,116 - INFO - ================================================================================

2026-05-06 17:28:12,116 - INFO - ✓ ALL VALIDATIONS PASSED - Pop-up is working correctly!
2026-05-06 17:28:13,911 - INFO - Screenshot 2 captured - Attempting validation...
2026-05-06 17:28:13,911 - INFO - 
================================================================================
2026-05-06 17:28:13,911 - INFO - STARTING COMPREHENSIVE POP-UP VALIDATION
2026-05-06 17:28:13,916 - INFO - ================================================================================
2026-05-06 17:28:13,968 - ERROR - VALIDATION FAILED: Pop-up element not found!
2026-05-06 17:28:14,823 - INFO - Screenshot 3 captured - Attempting validation...
2026-05-06 17:28:14,823 - INFO - 
================================================================================
2026-05-06 17:28:14,826 - INFO - STARTING COMPREHENSIVE POP-UP VALIDATION
2026-05-06 17:28:14,826 - INFO - ================================================================================
2026-05-06 17:28:14,863 - ERROR - VALIDATION FAILED: Pop-up element not found!
2026-05-06 17:28:14,995 - INFO - Logging DOM elements AFTER login click (pop-up should appear here)...
2026-05-06 17:28:14,995 - INFO - 
================================================================================
2026-05-06 17:28:14,995 - INFO - DOM SNAPSHOT AT STAGE: After_Login_Click
2026-05-06 17:28:14,995 - INFO - ================================================================================
2026-05-06 17:28:15,044 - INFO - 
Searching for pop-up elements in page content...
2026-05-06 17:28:15,657 - WARNING - ⚠ No known pop-up selectors found. Checking all visible divs...
2026-05-06 17:28:15,777 - INFO - Total DIV elements on page: 29
2026-05-06 17:28:16,105 - INFO -   Visible DIV 1: class='header-right' id='no-id' text='English
French
Spanish
Quantum Toll Authority
supe'
2026-05-06 17:28:16,277 - INFO -   Visible DIV 2: class='nav-user' id='no-id' text='Quantum Toll Authority
superadmin_qm@yopmail.com'
2026-05-06 17:28:16,556 - INFO -   Visible DIV 3: class='nav-user-info' id='no-id' text='Quantum Toll Authority
superadmin_qm@yopmail.com'
2026-05-06 17:28:16,717 - INFO -   Visible DIV 4: class='uname' id='no-id' text='Quantum Toll Authority'
2026-05-06 17:28:16,877 - INFO -   Visible DIV 5: class='urole' id='no-id' text='superadmin_qm@yopmail.com'
2026-05-06 17:28:17,054 - INFO -   Visible DIV 6: class='main-container' id='no-id' text='dashboard_2
group
decimal_increase
admin_panel_set'
2026-05-06 17:28:17,252 - INFO -   Visible DIV 7: class='inner' id='no-id' text='dashboard_2'
2026-05-06 17:28:17,504 - INFO -   Visible DIV 8: class='inner' id='no-id' text='group'
2026-05-06 17:28:17,791 - INFO -   Visible DIV 9: class='inner' id='no-id' text='decimal_increase'
2026-05-06 17:28:17,998 - INFO -   Visible DIV 10: class='inner' id='no-id' text='admin_panel_settings'
2026-05-06 17:28:18,211 - INFO -   Visible DIV 11: class='inner' id='no-id' text='nest_doorbell_visitor'
2026-05-06 17:28:18,465 - INFO -   Visible DIV 12: class='inner' id='no-id' text='key_visualizer'
2026-05-06 17:28:18,518 - INFO - 
================================================================================

2026-05-06 17:28:18,716 - INFO - Waiting for dashboard URL...
2026-05-06 17:28:18,722 - INFO - 
================================================================================
2026-05-06 17:28:18,722 - INFO - DOM SNAPSHOT AT STAGE: Before_Dashboard_Navigation
2026-05-06 17:28:18,722 - INFO - ================================================================================
2026-05-06 17:28:18,769 - INFO - 
Searching for pop-up elements in page content...
2026-05-06 17:28:19,202 - WARNING - ⚠ No known pop-up selectors found. Checking all visible divs...
2026-05-06 17:28:19,288 - INFO - Total DIV elements on page: 29
2026-05-06 17:28:19,560 - INFO -   Visible DIV 1: class='header-right' id='no-id' text='English
French
Spanish
Quantum Toll Authority
supe'
2026-05-06 17:28:19,705 - INFO -   Visible DIV 2: class='nav-user' id='no-id' text='Quantum Toll Authority
superadmin_qm@yopmail.com'
2026-05-06 17:28:19,918 - INFO -   Visible DIV 3: class='nav-user-info' id='no-id' text='Quantum Toll Authority
superadmin_qm@yopmail.com'
2026-05-06 17:28:20,099 - INFO -   Visible DIV 4: class='uname' id='no-id' text='Quantum Toll Authority'
2026-05-06 17:28:20,252 - INFO -   Visible DIV 5: class='urole' id='no-id' text='superadmin_qm@yopmail.com'
2026-05-06 17:28:20,384 - INFO -   Visible DIV 6: class='main-container' id='no-id' text='dashboard_2
group
decimal_increase
admin_panel_set'
2026-05-06 17:28:20,522 - INFO -   Visible DIV 7: class='inner' id='no-id' text='dashboard_2'
2026-05-06 17:28:20,670 - INFO -   Visible DIV 8: class='inner' id='no-id' text='group'
2026-05-06 17:28:20,865 - INFO -   Visible DIV 9: class='inner' id='no-id' text='decimal_increase'
2026-05-06 17:28:21,036 - INFO -   Visible DIV 10: class='inner' id='no-id' text='admin_panel_settings'
2026-05-06 17:28:21,218 - INFO -   Visible DIV 11: class='inner' id='no-id' text='nest_doorbell_visitor'
2026-05-06 17:28:21,371 - INFO -   Visible DIV 12: class='inner' id='no-id' text='key_visualizer'
2026-05-06 17:28:21,402 - INFO - 
================================================================================

2026-05-06 17:28:21,418 - INFO - Login SUCCESS: Dashboard URL reached.
2026-05-06 17:28:21,966 - INFO - 
================================================================================
2026-05-06 17:28:21,966 - INFO - DOM SNAPSHOT AT STAGE: After_Dashboard_Loaded
2026-05-06 17:28:21,969 - INFO - ================================================================================
2026-05-06 17:28:22,003 - INFO - 
Searching for pop-up elements in page content...
2026-05-06 17:28:22,403 - WARNING - ⚠ No known pop-up selectors found. Checking all visible divs...
2026-05-06 17:28:22,470 - INFO - Total DIV elements on page: 29
2026-05-06 17:28:22,783 - INFO -   Visible DIV 1: class='header-right' id='no-id' text='English
French
Spanish
Quantum Toll Authority
supe'
2026-05-06 17:28:22,915 - INFO -   Visible DIV 2: class='nav-user' id='no-id' text='Quantum Toll Authority
superadmin_qm@yopmail.com'
2026-05-06 17:28:23,148 - INFO -   Visible DIV 3: class='nav-user-info' id='no-id' text='Quantum Toll Authority
superadmin_qm@yopmail.com'
2026-05-06 17:28:23,269 - INFO -   Visible DIV 4: class='uname' id='no-id' text='Quantum Toll Authority'
2026-05-06 17:28:23,399 - INFO -   Visible DIV 5: class='urole' id='no-id' text='superadmin_qm@yopmail.com'
2026-05-06 17:28:23,559 - INFO -   Visible DIV 6: class='main-container' id='no-id' text='dashboard_2
group
decimal_increase
admin_panel_set'
2026-05-06 17:28:23,703 - INFO -   Visible DIV 7: class='inner' id='no-id' text='dashboard_2'
2026-05-06 17:28:23,835 - INFO -   Visible DIV 8: class='inner' id='no-id' text='group'
2026-05-06 17:28:24,080 - INFO -   Visible DIV 9: class='inner' id='no-id' text='decimal_increase'
2026-05-06 17:28:24,235 - INFO -   Visible DIV 10: class='inner' id='no-id' text='admin_panel_settings'
2026-05-06 17:28:24,417 - INFO -   Visible DIV 11: class='inner' id='no-id' text='nest_doorbell_visitor'
2026-05-06 17:28:24,535 - INFO -   Visible DIV 12: class='inner' id='no-id' text='key_visualizer'
2026-05-06 17:28:24,569 - INFO - 
================================================================================

2026-05-06 17:28:24,572 - INFO - Checking for dashboard header 'Welcome to QM Toll portal!'...
2026-05-06 17:28:24,686 - INFO - ✅ Dashboard header found with selector: h4:has-text("Welcome to QM Toll portal!")
2026-05-06 17:28:24,686 - INFO -    Header text: 'Welcome to QM Toll portal!'
2026-05-06 17:28:24,686 - INFO - ✅ DASHBOARD VALIDATION PASSED: 'Welcome to QM Toll portal!' header found
2026-05-06 17:28:25,502 - INFO - Step 1: Navigating and Starting Onboarding...
2026-05-06 17:28:25,506 - INFO - Executing Sidebar Navigation Sequence...
2026-05-06 17:28:28,650 - INFO - Filling Step 1: Account Details...
2026-05-06 17:28:32,784 - INFO - Filled First Name: Ritvik
2026-05-06 17:28:34,181 - INFO - Filled Middle Name: QA Team
2026-05-06 17:28:35,496 - INFO - Filled Last Name: Savant
2026-05-06 17:28:36,762 - INFO - Checked: Use Same for Billing
2026-05-06 17:28:38,013 - INFO - Checked: Use Same for Shipping
2026-05-06 17:28:39,308 - INFO - Checked: Primary Address
2026-05-06 17:28:43,396 - INFO - Filled Address: 123 Automation Blvd
2026-05-06 17:28:44,640 - INFO - Filled Zip Code: 12345
2026-05-06 17:28:46,448 - INFO - Filled Phone: 8702261251
2026-05-06 17:28:47,713 - INFO - Filled Email: ritvik.savant38@testmail.com
2026-05-06 17:28:48,997 - INFO - Filled Confirm Email: ritvik.savant38@testmail.com
2026-05-06 17:28:48,997 - INFO - Clicking Save & Next...
2026-05-06 17:28:48,997 - INFO - Finalizing Step 1: Disabling chatbot interference...
2026-05-06 17:28:49,027 - INFO - Chatbot elements hidden via CSS injection.
2026-05-06 17:28:49,655 - INFO - Triggering Atomic Click on Save & Next...
2026-05-06 17:28:49,722 - INFO - Step 1 Submitted - Navigation to Vehicles should be clean.
2026-05-06 17:28:49,722 - INFO - Step 1 Submitted successfully.
2026-05-06 17:28:49,722 - INFO - Adding 1 Vehicle(s)...
2026-05-06 17:28:50,230 - INFO - Step 2 loaded successfully.
2026-05-06 17:28:50,249 - INFO - Chatbot elements hidden via CSS injection.
2026-05-06 17:28:51,429 - INFO - Filled Plate 1: QA3910GP
2026-05-06 17:28:56,842 - INFO - Filled Plate Start Date: 2026-05-06
2026-05-06 17:29:09,178 - INFO - Clicking 'Add' button for Vehicle 1...
2026-05-06 17:29:12,320 - INFO - Vehicle 1 added successfully.
2026-05-06 17:29:13,352 - INFO - All vehicles added. Scrolling to 'Next' button...
2026-05-06 17:29:16,442 - INFO - Captured Permanent Account Number: 2000011541
2026-05-06 17:29:16,444 - INFO - Account 2000011541 saved to SharedData.
2026-05-06 17:29:16,444 - INFO - Starting Step 3: Payment Information for Ritvik Savant...
2026-05-06 17:29:16,468 - INFO - Chatbot elements hidden via CSS injection.
2026-05-06 17:29:20,393 - INFO - Filled Cardholder Name: Ritvik Savant
2026-05-06 17:29:21,622 - INFO - Filled Card Number: 8133274960370064
2026-05-06 17:29:22,878 - INFO - Filled Expiry Date: 05/28
2026-05-06 17:29:24,134 - INFO - Filled CVV: 042
2026-05-06 17:29:26,292 - INFO - Clicking 'Preview and Pay'...
2026-05-06 17:29:26,308 - INFO - Chatbot elements hidden via CSS injection.
2026-05-06 17:29:27,001 - INFO - Waiting for Payment Summary card...
2026-05-06 17:29:28,507 - INFO - Starting Final Confirmation Modal...
2026-05-06 17:29:29,513 - INFO - ✅ Account onboarding completed successfully.
2026-05-06 17:29:29,518 - INFO - Finalizing process: Clicking 'Account Summary' button...
2026-05-06 17:29:29,713 - INFO - Step 2: Creating case for account: 2000011541
2026-05-06 17:29:46,931 - INFO - ✅ Full Flow Success!
2026-05-06 17:40:05,760 - INFO - Navigating to Login Page: http://operator-qa.qmaastech.com/
2026-05-06 17:40:09,950 - INFO - Attempting login for user: superadmin_qm@yopmail.com
2026-05-06 17:40:12,175 - INFO - Logging DOM elements BEFORE login click...
2026-05-06 17:40:12,179 - INFO - 
================================================================================
2026-05-06 17:40:12,181 - INFO - DOM SNAPSHOT AT STAGE: Before_Login
2026-05-06 17:40:12,181 - INFO - ================================================================================
2026-05-06 17:40:12,271 - INFO - 
Searching for pop-up elements in page content...
2026-05-06 17:40:13,164 - WARNING - ⚠ No known pop-up selectors found. Checking all visible divs...
2026-05-06 17:40:13,292 - INFO - Total DIV elements on page: 21
2026-05-06 17:40:14,814 - INFO -   Visible DIV 1: class='hero-pills' id='no-id' text='bolt
Real-time
smart_toy
AI-driven
hub
Multi-agenc'
2026-05-06 17:40:15,265 - INFO -   Visible DIV 2: class='auth-panel' id='no-id' text='Welcome Back

Sign in to your account to continue
'
2026-05-06 17:40:15,749 - INFO -   Visible DIV 3: class='auth-card' id='no-id' text='Welcome Back

Sign in to your account to continue
'
2026-05-06 17:40:16,173 - INFO -   Visible DIV 4: class='auth-step' id='no-id' text='Welcome Back

Sign in to your account to continue
'
2026-05-06 17:40:16,638 - INFO -   Visible DIV 5: class='field-wrap' id='no-id' text='Email ID / Username *
person'
2026-05-06 17:40:17,036 - INFO -   Visible DIV 6: class='input-shell' id='no-id' text='person'
2026-05-06 17:40:17,436 - INFO -   Visible DIV 7: class='field-wrap' id='no-id' text='Password *
lock
visibility_off'
2026-05-06 17:40:17,819 - INFO -   Visible DIV 8: class='input-shell' id='no-id' text='lock
visibility_off'
2026-05-06 17:40:18,358 - INFO -   Visible DIV 9: class='auth-bottom-links' id='no-id' text='New user?  Access Account

Forgot password?'
2026-05-06 17:40:18,579 - INFO - 
================================================================================

2026-05-06 17:40:19,386 - INFO - Login button clicked.
2026-05-06 17:40:19,388 - INFO - Taking rapid screenshots and validating pop-up...
2026-05-06 17:40:21,212 - INFO - Screenshot 1 captured - Attempting validation...
2026-05-06 17:40:21,221 - INFO - 
================================================================================
2026-05-06 17:40:21,226 - INFO - STARTING COMPREHENSIVE POP-UP VALIDATION
2026-05-06 17:40:21,227 - INFO - ================================================================================
2026-05-06 17:40:21,633 - ERROR - VALIDATION FAILED: Pop-up element not found!
2026-05-06 17:40:27,458 - INFO - Screenshot 2 captured - Attempting validation...
2026-05-06 17:40:27,460 - INFO - 
================================================================================
2026-05-06 17:40:27,462 - INFO - STARTING COMPREHENSIVE POP-UP VALIDATION
2026-05-06 17:40:27,464 - INFO - ================================================================================
2026-05-06 17:40:27,597 - ERROR - VALIDATION FAILED: Pop-up element not found!
2026-05-06 17:40:29,946 - INFO - Screenshot 3 captured - Attempting validation...
2026-05-06 17:40:29,951 - INFO - 
================================================================================
2026-05-06 17:40:29,955 - INFO - STARTING COMPREHENSIVE POP-UP VALIDATION
2026-05-06 17:40:29,959 - INFO - ================================================================================
2026-05-06 17:40:30,058 - ERROR - VALIDATION FAILED: Pop-up element not found!
2026-05-06 17:40:30,201 - INFO - Logging DOM elements AFTER login click (pop-up should appear here)...
2026-05-06 17:40:30,203 - INFO - 
================================================================================
2026-05-06 17:40:30,203 - INFO - DOM SNAPSHOT AT STAGE: After_Login_Click
2026-05-06 17:40:30,208 - INFO - ================================================================================
2026-05-06 17:40:30,291 - INFO - 
Searching for pop-up elements in page content...
2026-05-06 17:40:31,170 - WARNING - ⚠ No known pop-up selectors found. Checking all visible divs...
2026-05-06 17:40:31,284 - INFO - Total DIV elements on page: 29
2026-05-06 17:40:32,133 - INFO -   Visible DIV 1: class='header-right' id='no-id' text='English
French
Spanish
Quantum Toll Authority
supe'
2026-05-06 17:40:32,604 - INFO -   Visible DIV 2: class='nav-user' id='no-id' text='Quantum Toll Authority
superadmin_qm@yopmail.com'
2026-05-06 17:40:33,162 - INFO -   Visible DIV 3: class='nav-user-info' id='no-id' text='Quantum Toll Authority
superadmin_qm@yopmail.com'
2026-05-06 17:40:33,639 - INFO -   Visible DIV 4: class='uname' id='no-id' text='Quantum Toll Authority'
2026-05-06 17:40:34,051 - INFO -   Visible DIV 5: class='urole' id='no-id' text='superadmin_qm@yopmail.com'
2026-05-06 17:40:34,516 - INFO -   Visible DIV 6: class='main-container' id='no-id' text='dashboard_2
group
decimal_increase
admin_panel_set'
2026-05-06 17:40:34,968 - INFO -   Visible DIV 7: class='inner' id='no-id' text='dashboard_2'
2026-05-06 17:40:35,294 - INFO -   Visible DIV 8: class='inner' id='no-id' text='group'
2026-05-06 17:40:35,737 - INFO -   Visible DIV 9: class='inner' id='no-id' text='decimal_increase'
2026-05-06 17:40:36,235 - INFO -   Visible DIV 10: class='inner' id='no-id' text='admin_panel_settings'
2026-05-06 17:40:36,612 - INFO -   Visible DIV 11: class='inner' id='no-id' text='nest_doorbell_visitor'
2026-05-06 17:40:37,167 - INFO -   Visible DIV 12: class='inner' id='no-id' text='key_visualizer'
2026-05-06 17:40:37,289 - INFO - 
================================================================================

2026-05-06 17:40:37,804 - INFO - Waiting for dashboard URL...
2026-05-06 17:40:37,807 - INFO - 
================================================================================
2026-05-06 17:40:37,809 - INFO - DOM SNAPSHOT AT STAGE: Before_Dashboard_Navigation
2026-05-06 17:40:37,809 - INFO - ================================================================================
2026-05-06 17:40:37,929 - INFO - 
Searching for pop-up elements in page content...
2026-05-06 17:40:39,278 - WARNING - ⚠ No known pop-up selectors found. Checking all visible divs...
2026-05-06 17:40:39,455 - INFO - Total DIV elements on page: 29
2026-05-06 17:40:40,285 - INFO -   Visible DIV 1: class='header-right' id='no-id' text='English
French
Spanish
Quantum Toll Authority
supe'
2026-05-06 17:40:40,635 - INFO -   Visible DIV 2: class='nav-user' id='no-id' text='Quantum Toll Authority
superadmin_qm@yopmail.com'
2026-05-06 17:40:41,145 - INFO -   Visible DIV 3: class='nav-user-info' id='no-id' text='Quantum Toll Authority
superadmin_qm@yopmail.com'
2026-05-06 17:40:41,389 - INFO -   Visible DIV 4: class='uname' id='no-id' text='Quantum Toll Authority'
2026-05-06 17:40:41,709 - INFO -   Visible DIV 5: class='urole' id='no-id' text='superadmin_qm@yopmail.com'
2026-05-06 17:40:42,031 - INFO -   Visible DIV 6: class='main-container' id='no-id' text='dashboard_2
group
decimal_increase
admin_panel_set'
2026-05-06 17:40:42,364 - INFO -   Visible DIV 7: class='inner' id='no-id' text='dashboard_2'
2026-05-06 17:40:42,697 - INFO -   Visible DIV 8: class='inner' id='no-id' text='group'
2026-05-06 17:40:43,151 - INFO -   Visible DIV 9: class='inner' id='no-id' text='decimal_increase'
2026-05-06 17:40:43,567 - INFO -   Visible DIV 10: class='inner' id='no-id' text='admin_panel_settings'
2026-05-06 17:40:43,930 - INFO -   Visible DIV 11: class='inner' id='no-id' text='nest_doorbell_visitor'
2026-05-06 17:40:44,336 - INFO -   Visible DIV 12: class='inner' id='no-id' text='key_visualizer'
2026-05-06 17:40:44,424 - INFO - 
================================================================================

2026-05-06 17:40:44,548 - INFO - Login SUCCESS: Dashboard URL reached.
2026-05-06 17:40:45,137 - INFO - 
================================================================================
2026-05-06 17:40:45,139 - INFO - DOM SNAPSHOT AT STAGE: After_Dashboard_Loaded
2026-05-06 17:40:45,139 - INFO - ================================================================================
2026-05-06 17:40:45,243 - INFO - 
Searching for pop-up elements in page content...
2026-05-06 17:40:46,128 - WARNING - ⚠ No known pop-up selectors found. Checking all visible divs...
2026-05-06 17:40:46,266 - INFO - Total DIV elements on page: 29
2026-05-06 17:40:46,947 - INFO -   Visible DIV 1: class='header-right' id='no-id' text='English
French
Spanish
Quantum Toll Authority
supe'
2026-05-06 17:40:47,270 - INFO -   Visible DIV 2: class='nav-user' id='no-id' text='Quantum Toll Authority
superadmin_qm@yopmail.com'
2026-05-06 17:40:47,794 - INFO -   Visible DIV 3: class='nav-user-info' id='no-id' text='Quantum Toll Authority
superadmin_qm@yopmail.com'
2026-05-06 17:40:48,170 - INFO -   Visible DIV 4: class='uname' id='no-id' text='Quantum Toll Authority'
2026-05-06 17:40:48,464 - INFO -   Visible DIV 5: class='urole' id='no-id' text='superadmin_qm@yopmail.com'
2026-05-06 17:40:48,785 - INFO -   Visible DIV 6: class='main-container' id='no-id' text='dashboard_2
group
decimal_increase
admin_panel_set'
2026-05-06 17:40:49,184 - INFO -   Visible DIV 7: class='inner' id='no-id' text='dashboard_2'
2026-05-06 17:40:49,528 - INFO -   Visible DIV 8: class='inner' id='no-id' text='group'
2026-05-06 17:40:49,950 - INFO -   Visible DIV 9: class='inner' id='no-id' text='decimal_increase'
2026-05-06 17:40:50,433 - INFO -   Visible DIV 10: class='inner' id='no-id' text='admin_panel_settings'
2026-05-06 17:40:50,959 - INFO -   Visible DIV 11: class='inner' id='no-id' text='nest_doorbell_visitor'
2026-05-06 17:40:51,363 - INFO -   Visible DIV 12: class='inner' id='no-id' text='key_visualizer'
2026-05-06 17:40:51,445 - INFO - 
================================================================================

2026-05-06 17:40:51,447 - INFO - Checking for dashboard header 'Welcome to QM Toll portal!'...
2026-05-06 17:40:51,729 - INFO - ✅ Dashboard header found with selector: h4:has-text("Welcome to QM Toll portal!")
2026-05-06 17:40:51,729 - INFO -    Header text: 'Welcome to QM Toll portal!'
2026-05-06 17:40:51,738 - INFO - ✅ DASHBOARD VALIDATION PASSED: 'Welcome to QM Toll portal!' header found
2026-05-06 17:40:53,723 - INFO - Step 1: Navigating and Starting Onboarding...
2026-05-06 17:40:53,726 - INFO - Executing Sidebar Navigation Sequence...
2026-05-06 17:40:57,709 - INFO - Filling Step 1: Account Details...
2026-05-06 17:41:05,018 - INFO - Filled First Name: Kartik
2026-05-06 17:41:06,588 - INFO - Filled Middle Name: QA Team
2026-05-06 17:41:08,266 - INFO - Filled Last Name: Sastry
2026-05-06 17:41:09,854 - INFO - Checked: Use Same for Billing
2026-05-06 17:41:11,327 - INFO - Checked: Use Same for Shipping
2026-05-06 17:41:12,780 - INFO - Checked: Primary Address
2026-05-06 17:41:17,154 - INFO - Filled Address: 123 Automation Blvd
2026-05-06 17:41:18,685 - INFO - Filled Zip Code: 12345
2026-05-06 17:41:20,818 - INFO - Filled Phone: 7098290124
2026-05-06 17:41:22,332 - INFO - Filled Email: kartik.sastry80@testmail.com
2026-05-06 17:41:23,833 - INFO - Filled Confirm Email: kartik.sastry80@testmail.com
2026-05-06 17:41:23,835 - INFO - Clicking Save & Next...
2026-05-06 17:41:23,835 - INFO - Finalizing Step 1: Disabling chatbot interference...
2026-05-06 17:41:23,902 - INFO - Chatbot elements hidden via CSS injection.
2026-05-06 17:41:24,661 - INFO - Triggering Atomic Click on Save & Next...
2026-05-06 17:41:24,784 - INFO - Step 1 Submitted - Navigation to Vehicles should be clean.
2026-05-06 17:41:24,792 - INFO - Step 1 Submitted successfully.
2026-05-06 17:41:24,796 - INFO - Adding 1 Vehicle(s)...
2026-05-06 17:41:25,359 - INFO - Step 2 loaded successfully.
2026-05-06 17:41:25,432 - INFO - Chatbot elements hidden via CSS injection.
2026-05-06 17:41:26,818 - INFO - Filled Plate 1: QA3834GP
2026-05-06 17:41:32,675 - INFO - Filled Plate Start Date: 2026-05-06
2026-05-06 17:41:45,526 - INFO - Clicking 'Add' button for Vehicle 1...
2026-05-06 17:41:48,766 - INFO - Vehicle 1 added successfully.
2026-05-06 17:41:49,817 - INFO - All vehicles added. Scrolling to 'Next' button...
2026-05-06 17:41:53,298 - INFO - Captured Permanent Account Number: 2000011542
2026-05-06 17:41:53,298 - INFO - Account 2000011542 saved to SharedData.
2026-05-06 17:41:53,298 - INFO - Starting Step 3: Payment Information for Kartik Sastry...
2026-05-06 17:41:53,365 - INFO - Chatbot elements hidden via CSS injection.
2026-05-06 17:41:57,695 - INFO - Filled Cardholder Name: Kartik Sastry
2026-05-06 17:41:59,149 - INFO - Filled Card Number: 3150339398960817
2026-05-06 17:42:00,666 - INFO - Filled Expiry Date: 05/28
2026-05-06 17:42:02,181 - INFO - Filled CVV: 475
2026-05-06 17:42:04,564 - INFO - Clicking 'Preview and Pay'...
2026-05-06 17:42:04,610 - INFO - Chatbot elements hidden via CSS injection.
2026-05-06 17:42:05,507 - INFO - Waiting for Payment Summary card...
2026-05-06 17:42:07,207 - INFO - Starting Final Confirmation Modal...
2026-05-06 17:42:08,435 - INFO - ✅ Account onboarding completed successfully.
2026-05-06 17:42:08,437 - INFO - Finalizing process: Clicking 'Account Summary' button...
2026-05-06 17:42:08,650 - INFO - Step 2: Creating case for account: 2000011542
2026-05-06 17:42:29,181 - INFO - ✅ Full Flow Success!
2026-05-06 17:52:48,480 - INFO - Navigating to Login Page: http://operator-qa.qmaastech.com/
2026-05-06 17:52:52,277 - INFO - Attempting login for user: superadmin_qm@yopmail.com
2026-05-06 17:52:54,238 - INFO - Logging DOM elements BEFORE login click...
2026-05-06 17:52:54,241 - INFO - 
================================================================================
2026-05-06 17:52:54,241 - INFO - DOM SNAPSHOT AT STAGE: Before_Login
2026-05-06 17:52:54,243 - INFO - ================================================================================
2026-05-06 17:52:54,318 - INFO - 
Searching for pop-up elements in page content...
2026-05-06 17:52:55,268 - WARNING - ⚠ No known pop-up selectors found. Checking all visible divs...
2026-05-06 17:52:55,407 - INFO - Total DIV elements on page: 21
2026-05-06 17:52:56,919 - INFO -   Visible DIV 1: class='hero-pills' id='no-id' text='bolt
Real-time
smart_toy
AI-driven
hub
Multi-agenc'
2026-05-06 17:52:57,283 - INFO -   Visible DIV 2: class='auth-panel' id='no-id' text='Welcome Back

Sign in to your account to continue
'
2026-05-06 17:52:57,552 - INFO -   Visible DIV 3: class='auth-card' id='no-id' text='Welcome Back

Sign in to your account to continue
'
2026-05-06 17:52:57,840 - INFO -   Visible DIV 4: class='auth-step' id='no-id' text='Welcome Back

Sign in to your account to continue
'
2026-05-06 17:52:58,253 - INFO -   Visible DIV 5: class='field-wrap' id='no-id' text='Email ID / Username *
person'
2026-05-06 17:52:58,520 - INFO -   Visible DIV 6: class='input-shell' id='no-id' text='person'
2026-05-06 17:52:58,786 - INFO -   Visible DIV 7: class='field-wrap' id='no-id' text='Password *
lock
visibility_off'
2026-05-06 17:52:59,034 - INFO -   Visible DIV 8: class='input-shell' id='no-id' text='lock
visibility_off'
2026-05-06 17:52:59,266 - INFO -   Visible DIV 9: class='auth-bottom-links' id='no-id' text='New user?  Access Account

Forgot password?'
2026-05-06 17:52:59,414 - INFO - 
================================================================================

2026-05-06 17:53:00,158 - INFO - Login button clicked.
2026-05-06 17:53:00,158 - INFO - Taking rapid screenshots and validating pop-up...
2026-05-06 17:53:01,142 - INFO - Screenshot 1 captured - Attempting validation...
2026-05-06 17:53:01,144 - INFO - 
================================================================================
2026-05-06 17:53:01,144 - INFO - STARTING COMPREHENSIVE POP-UP VALIDATION
2026-05-06 17:53:01,144 - INFO - ================================================================================
2026-05-06 17:53:01,552 - INFO - 
[VALIDATION 1] Checking Pop-up Visibility...
2026-05-06 17:53:01,593 - INFO -   Visibility Status: False
2026-05-06 17:53:01,599 - ERROR -   FAILED: Pop-up is not visible!
2026-05-06 17:53:04,908 - INFO - Screenshot 2 captured - Attempting validation...
2026-05-06 17:53:04,911 - INFO - 
================================================================================
2026-05-06 17:53:04,911 - INFO - STARTING COMPREHENSIVE POP-UP VALIDATION
2026-05-06 17:53:04,911 - INFO - ================================================================================
2026-05-06 17:53:04,999 - ERROR - VALIDATION FAILED: Pop-up element not found!
2026-05-06 17:53:06,813 - INFO - Screenshot 3 captured - Attempting validation...
2026-05-06 17:53:06,816 - INFO - 
================================================================================
2026-05-06 17:53:06,816 - INFO - STARTING COMPREHENSIVE POP-UP VALIDATION
2026-05-06 17:53:06,816 - INFO - ================================================================================
2026-05-06 17:53:06,889 - ERROR - VALIDATION FAILED: Pop-up element not found!
2026-05-06 17:53:07,065 - INFO - Logging DOM elements AFTER login click (pop-up should appear here)...
2026-05-06 17:53:07,068 - INFO - 
================================================================================
2026-05-06 17:53:07,070 - INFO - DOM SNAPSHOT AT STAGE: After_Login_Click
2026-05-06 17:53:07,070 - INFO - ================================================================================
2026-05-06 17:53:07,143 - INFO - 
Searching for pop-up elements in page content...
2026-05-06 17:53:08,111 - WARNING - ⚠ No known pop-up selectors found. Checking all visible divs...
2026-05-06 17:53:08,311 - INFO - Total DIV elements on page: 29
2026-05-06 17:53:08,876 - INFO -   Visible DIV 1: class='header-right' id='no-id' text='English
French
Spanish
Quantum Toll Authority
supe'
2026-05-06 17:53:09,111 - INFO -   Visible DIV 2: class='nav-user' id='no-id' text='Quantum Toll Authority
superadmin_qm@yopmail.com'
2026-05-06 17:53:09,505 - INFO -   Visible DIV 3: class='nav-user-info' id='no-id' text='Quantum Toll Authority
superadmin_qm@yopmail.com'
2026-05-06 17:53:09,771 - INFO -   Visible DIV 4: class='uname' id='no-id' text='Quantum Toll Authority'
2026-05-06 17:53:10,036 - INFO -   Visible DIV 5: class='urole' id='no-id' text='superadmin_qm@yopmail.com'
2026-05-06 17:53:10,305 - INFO -   Visible DIV 6: class='main-container' id='no-id' text='dashboard_2
group
decimal_increase
admin_panel_set'
2026-05-06 17:53:10,588 - INFO -   Visible DIV 7: class='inner' id='no-id' text='dashboard_2'
2026-05-06 17:53:10,883 - INFO -   Visible DIV 8: class='inner' id='no-id' text='group'
2026-05-06 17:53:11,223 - INFO -   Visible DIV 9: class='inner' id='no-id' text='decimal_increase'
2026-05-06 17:53:11,557 - INFO -   Visible DIV 10: class='inner' id='no-id' text='admin_panel_settings'
2026-05-06 17:53:11,921 - INFO -   Visible DIV 11: class='inner' id='no-id' text='nest_doorbell_visitor'
2026-05-06 17:53:12,312 - INFO -   Visible DIV 12: class='inner' id='no-id' text='key_visualizer'
2026-05-06 17:53:12,388 - INFO - 
================================================================================

2026-05-06 17:53:12,704 - INFO - Waiting for dashboard URL...
2026-05-06 17:53:12,707 - INFO - 
================================================================================
2026-05-06 17:53:12,707 - INFO - DOM SNAPSHOT AT STAGE: Before_Dashboard_Navigation
2026-05-06 17:53:12,707 - INFO - ================================================================================
2026-05-06 17:53:12,787 - INFO - 
Searching for pop-up elements in page content...
2026-05-06 17:53:13,593 - WARNING - ⚠ No known pop-up selectors found. Checking all visible divs...
2026-05-06 17:53:13,717 - INFO - Total DIV elements on page: 29
2026-05-06 17:53:14,281 - INFO -   Visible DIV 1: class='header-right' id='no-id' text='English
French
Spanish
Quantum Toll Authority
supe'
2026-05-06 17:53:14,573 - INFO -   Visible DIV 2: class='nav-user' id='no-id' text='Quantum Toll Authority
superadmin_qm@yopmail.com'
2026-05-06 17:53:14,989 - INFO -   Visible DIV 3: class='nav-user-info' id='no-id' text='Quantum Toll Authority
superadmin_qm@yopmail.com'
2026-05-06 17:53:15,243 - INFO -   Visible DIV 4: class='uname' id='no-id' text='Quantum Toll Authority'
2026-05-06 17:53:15,534 - INFO -   Visible DIV 5: class='urole' id='no-id' text='superadmin_qm@yopmail.com'
2026-05-06 17:53:15,817 - INFO -   Visible DIV 6: class='main-container' id='no-id' text='dashboard_2
group
decimal_increase
admin_panel_set'
2026-05-06 17:53:16,101 - INFO -   Visible DIV 7: class='inner' id='no-id' text='dashboard_2'
2026-05-06 17:53:16,362 - INFO -   Visible DIV 8: class='inner' id='no-id' text='group'
2026-05-06 17:53:16,640 - INFO -   Visible DIV 9: class='inner' id='no-id' text='decimal_increase'
2026-05-06 17:53:17,022 - INFO -   Visible DIV 10: class='inner' id='no-id' text='admin_panel_settings'
2026-05-06 17:53:17,443 - INFO -   Visible DIV 11: class='inner' id='no-id' text='nest_doorbell_visitor'
2026-05-06 17:53:17,841 - INFO -   Visible DIV 12: class='inner' id='no-id' text='key_visualizer'
2026-05-06 17:53:17,923 - INFO - 
================================================================================

2026-05-06 17:53:18,022 - INFO - Login SUCCESS: Dashboard URL reached.
2026-05-06 17:53:18,601 - INFO - 
================================================================================
2026-05-06 17:53:18,601 - INFO - DOM SNAPSHOT AT STAGE: After_Dashboard_Loaded
2026-05-06 17:53:18,605 - INFO - ================================================================================
2026-05-06 17:53:18,687 - INFO - 
Searching for pop-up elements in page content...
2026-05-06 17:53:19,663 - WARNING - ⚠ No known pop-up selectors found. Checking all visible divs...
2026-05-06 17:53:19,839 - INFO - Total DIV elements on page: 29
2026-05-06 17:53:20,578 - INFO -   Visible DIV 1: class='header-right' id='no-id' text='English
French
Spanish
Quantum Toll Authority
supe'
2026-05-06 17:53:20,903 - INFO -   Visible DIV 2: class='nav-user' id='no-id' text='Quantum Toll Authority
superadmin_qm@yopmail.com'
2026-05-06 17:53:21,296 - INFO -   Visible DIV 3: class='nav-user-info' id='no-id' text='Quantum Toll Authority
superadmin_qm@yopmail.com'
2026-05-06 17:53:21,523 - INFO -   Visible DIV 4: class='uname' id='no-id' text='Quantum Toll Authority'
2026-05-06 17:53:21,821 - INFO -   Visible DIV 5: class='urole' id='no-id' text='superadmin_qm@yopmail.com'
2026-05-06 17:53:22,120 - INFO -   Visible DIV 6: class='main-container' id='no-id' text='dashboard_2
group
decimal_increase
admin_panel_set'
2026-05-06 17:53:22,409 - INFO -   Visible DIV 7: class='inner' id='no-id' text='dashboard_2'
2026-05-06 17:53:22,679 - INFO -   Visible DIV 8: class='inner' id='no-id' text='group'
2026-05-06 17:53:23,028 - INFO -   Visible DIV 9: class='inner' id='no-id' text='decimal_increase'
2026-05-06 17:53:23,349 - INFO -   Visible DIV 10: class='inner' id='no-id' text='admin_panel_settings'
2026-05-06 17:53:23,722 - INFO -   Visible DIV 11: class='inner' id='no-id' text='nest_doorbell_visitor'
2026-05-06 17:53:24,078 - INFO -   Visible DIV 12: class='inner' id='no-id' text='key_visualizer'
2026-05-06 17:53:24,171 - INFO - 
================================================================================

2026-05-06 17:53:24,173 - INFO - Checking for dashboard header 'Welcome to QM Toll portal!'...
2026-05-06 17:53:24,376 - INFO - ✅ Dashboard header found with selector: h4:has-text("Welcome to QM Toll portal!")
2026-05-06 17:53:24,378 - INFO -    Header text: 'Welcome to QM Toll portal!'
2026-05-06 17:53:24,378 - INFO - ✅ DASHBOARD VALIDATION PASSED: 'Welcome to QM Toll portal!' header found
2026-05-06 17:53:26,248 - INFO - Step 1: Navigating and Starting Onboarding...
2026-05-06 17:53:26,251 - INFO - Executing Sidebar Navigation Sequence...
2026-05-06 17:53:29,836 - INFO - Filling Step 1: Account Details...
2026-05-06 17:53:34,732 - INFO - Filled First Name: Lavanya
2026-05-06 17:53:36,285 - INFO - Filled Middle Name: QA Team
2026-05-06 17:53:37,879 - INFO - Filled Last Name: Chahal
2026-05-06 17:53:39,382 - INFO - Checked: Use Same for Billing
2026-05-06 17:53:40,836 - INFO - Checked: Use Same for Shipping
2026-05-06 17:53:42,265 - INFO - Checked: Primary Address
2026-05-06 17:53:46,612 - INFO - Filled Address: 123 Automation Blvd
2026-05-06 17:53:48,033 - INFO - Filled Zip Code: 12345
2026-05-06 17:53:50,069 - INFO - Filled Phone: 8326681248
2026-05-06 17:53:51,538 - INFO - Filled Email: lavanya.chahal72@testmail.com
2026-05-06 17:53:52,968 - INFO - Filled Confirm Email: lavanya.chahal72@testmail.com
2026-05-06 17:53:52,971 - INFO - Clicking Save & Next...
2026-05-06 17:53:52,973 - INFO - Finalizing Step 1: Disabling chatbot interference...
2026-05-06 17:53:53,026 - INFO - Chatbot elements hidden via CSS injection.
2026-05-06 17:53:53,746 - INFO - Triggering Atomic Click on Save & Next...
2026-05-06 17:53:53,833 - INFO - Step 1 Submitted - Navigation to Vehicles should be clean.
2026-05-06 17:53:53,836 - INFO - Step 1 Submitted successfully.
2026-05-06 17:53:53,836 - INFO - Adding 1 Vehicle(s)...
2026-05-06 17:53:54,363 - INFO - Step 2 loaded successfully.
2026-05-06 17:53:54,447 - INFO - Chatbot elements hidden via CSS injection.
2026-05-06 17:53:55,801 - INFO - Filled Plate 1: QA1490GP
2026-05-06 17:54:10,943 - INFO - Filled Plate Start Date: 2026-05-06
2026-05-06 17:54:23,746 - INFO - Clicking 'Add' button for Vehicle 1...
2026-05-06 17:54:26,917 - INFO - Vehicle 1 added successfully.
2026-05-06 17:54:27,955 - INFO - All vehicles added. Scrolling to 'Next' button...
2026-05-06 17:54:31,643 - INFO - Captured Permanent Account Number: 2000011543
2026-05-06 17:54:31,651 - INFO - Account 2000011543 saved to SharedData.
2026-05-06 17:54:31,651 - INFO - Starting Step 3: Payment Information for Lavanya Chahal...
2026-05-06 17:54:31,684 - INFO - Chatbot elements hidden via CSS injection.
2026-05-06 17:54:36,146 - INFO - Filled Cardholder Name: Lavanya Chahal
2026-05-06 17:54:37,661 - INFO - Filled Card Number: 2500055427114376
2026-05-06 17:54:39,122 - INFO - Filled Expiry Date: 05/28
2026-05-06 17:54:40,646 - INFO - Filled CVV: 830
2026-05-06 17:54:43,061 - INFO - Clicking 'Preview and Pay'...
2026-05-06 17:54:43,094 - INFO - Chatbot elements hidden via CSS injection.
2026-05-06 17:54:44,035 - INFO - Waiting for Payment Summary card...
2026-05-06 17:54:45,701 - INFO - Starting Final Confirmation Modal...
2026-05-06 17:54:46,842 - INFO - ✅ Account onboarding completed successfully.
2026-05-06 17:54:46,847 - INFO - Finalizing process: Clicking 'Account Summary' button...
2026-05-06 17:54:47,096 - INFO - Step 2: Creating case for account: 2000011543
2026-05-06 17:55:08,633 - INFO - ✅ Full Flow Success!
2026-05-06 17:56:50,406 - INFO - Navigating to Login Page: http://operator-qa.qmaastech.com/
2026-05-06 17:56:54,103 - INFO - Attempting login for user: superadmin_qm@yopmail.com
2026-05-06 17:56:56,124 - INFO - Logging DOM elements BEFORE login click...
2026-05-06 17:56:56,125 - INFO - 
================================================================================
2026-05-06 17:56:56,125 - INFO - DOM SNAPSHOT AT STAGE: Before_Login
2026-05-06 17:56:56,130 - INFO - ================================================================================
2026-05-06 17:56:56,239 - INFO - 
Searching for pop-up elements in page content...
2026-05-06 17:56:57,196 - WARNING - ⚠ No known pop-up selectors found. Checking all visible divs...
2026-05-06 17:56:57,327 - INFO - Total DIV elements on page: 21
2026-05-06 17:56:58,785 - INFO -   Visible DIV 1: class='hero-pills' id='no-id' text='bolt
Real-time
smart_toy
AI-driven
hub
Multi-agenc'
2026-05-06 17:56:59,166 - INFO -   Visible DIV 2: class='auth-panel' id='no-id' text='Welcome Back

Sign in to your account to continue
'
2026-05-06 17:56:59,448 - INFO -   Visible DIV 3: class='auth-card' id='no-id' text='Welcome Back

Sign in to your account to continue
'
2026-05-06 17:56:59,691 - INFO -   Visible DIV 4: class='auth-step' id='no-id' text='Welcome Back

Sign in to your account to continue
'
2026-05-06 17:57:00,100 - INFO -   Visible DIV 5: class='field-wrap' id='no-id' text='Email ID / Username *
person'
2026-05-06 17:57:00,381 - INFO -   Visible DIV 6: class='input-shell' id='no-id' text='person'
2026-05-06 17:57:00,675 - INFO -   Visible DIV 7: class='field-wrap' id='no-id' text='Password *
lock
visibility_off'
2026-05-06 17:57:00,951 - INFO -   Visible DIV 8: class='input-shell' id='no-id' text='lock
visibility_off'
2026-05-06 17:57:01,242 - INFO -   Visible DIV 9: class='auth-bottom-links' id='no-id' text='New user?  Access Account

Forgot password?'
2026-05-06 17:57:01,409 - INFO - 
================================================================================

2026-05-06 17:57:02,112 - INFO - Login button clicked.
2026-05-06 17:57:02,114 - INFO - Taking rapid screenshots and validating pop-up...
2026-05-06 17:57:03,100 - INFO - Screenshot 1 captured - Attempting validation...
2026-05-06 17:57:03,100 - INFO - 
================================================================================
2026-05-06 17:57:03,100 - INFO - STARTING COMPREHENSIVE POP-UP VALIDATION
2026-05-06 17:57:03,100 - INFO - ================================================================================
2026-05-06 17:57:03,506 - INFO - 
[VALIDATION 1] Checking Pop-up Visibility...
2026-05-06 17:57:03,551 - INFO -   Visibility Status: False
2026-05-06 17:57:03,554 - ERROR -   FAILED: Pop-up is not visible!
2026-05-06 17:57:06,961 - INFO - Screenshot 2 captured - Attempting validation...
2026-05-06 17:57:06,963 - INFO - 
================================================================================
2026-05-06 17:57:06,963 - INFO - STARTING COMPREHENSIVE POP-UP VALIDATION
2026-05-06 17:57:06,965 - INFO - ================================================================================
2026-05-06 17:57:07,022 - ERROR - VALIDATION FAILED: Pop-up element not found!
2026-05-06 17:57:09,012 - INFO - Screenshot 3 captured - Attempting validation...
2026-05-06 17:57:09,013 - INFO - 
================================================================================
2026-05-06 17:57:09,013 - INFO - STARTING COMPREHENSIVE POP-UP VALIDATION
2026-05-06 17:57:09,015 - INFO - ================================================================================
2026-05-06 17:57:09,097 - ERROR - VALIDATION FAILED: Pop-up element not found!
2026-05-06 17:57:09,257 - INFO - Logging DOM elements AFTER login click (pop-up should appear here)...
2026-05-06 17:57:09,262 - INFO - 
================================================================================
2026-05-06 17:57:09,266 - INFO - DOM SNAPSHOT AT STAGE: After_Login_Click
2026-05-06 17:57:09,266 - INFO - ================================================================================
2026-05-06 17:57:09,366 - INFO - 
Searching for pop-up elements in page content...
2026-05-06 17:57:10,164 - WARNING - ⚠ No known pop-up selectors found. Checking all visible divs...
2026-05-06 17:57:10,300 - INFO - Total DIV elements on page: 29
2026-05-06 17:57:10,870 - INFO -   Visible DIV 1: class='header-right' id='no-id' text='English
French
Spanish
Quantum Toll Authority
supe'
2026-05-06 17:57:11,157 - INFO -   Visible DIV 2: class='nav-user' id='no-id' text='Quantum Toll Authority
superadmin_qm@yopmail.com'
2026-05-06 17:57:11,562 - INFO -   Visible DIV 3: class='nav-user-info' id='no-id' text='Quantum Toll Authority
superadmin_qm@yopmail.com'
2026-05-06 17:57:11,837 - INFO -   Visible DIV 4: class='uname' id='no-id' text='Quantum Toll Authority'
2026-05-06 17:57:12,093 - INFO -   Visible DIV 5: class='urole' id='no-id' text='superadmin_qm@yopmail.com'
2026-05-06 17:57:12,363 - INFO -   Visible DIV 6: class='main-container' id='no-id' text='dashboard_2
group
decimal_increase
admin_panel_set'
2026-05-06 17:57:12,636 - INFO -   Visible DIV 7: class='inner' id='no-id' text='dashboard_2'
2026-05-06 17:57:12,936 - INFO -   Visible DIV 8: class='inner' id='no-id' text='group'
2026-05-06 17:57:13,297 - INFO -   Visible DIV 9: class='inner' id='no-id' text='decimal_increase'
2026-05-06 17:57:13,663 - INFO -   Visible DIV 10: class='inner' id='no-id' text='admin_panel_settings'
2026-05-06 17:57:14,037 - INFO -   Visible DIV 11: class='inner' id='no-id' text='nest_doorbell_visitor'
2026-05-06 17:57:14,413 - INFO -   Visible DIV 12: class='inner' id='no-id' text='key_visualizer'
2026-05-06 17:57:14,495 - INFO - 
================================================================================

2026-05-06 17:57:14,843 - INFO - Waiting for dashboard URL...
2026-05-06 17:57:14,846 - INFO - 
================================================================================
2026-05-06 17:57:14,846 - INFO - DOM SNAPSHOT AT STAGE: Before_Dashboard_Navigation
2026-05-06 17:57:14,846 - INFO - ================================================================================
2026-05-06 17:57:14,945 - INFO - 
Searching for pop-up elements in page content...
2026-05-06 17:57:15,835 - WARNING - ⚠ No known pop-up selectors found. Checking all visible divs...
2026-05-06 17:57:16,024 - INFO - Total DIV elements on page: 29
2026-05-06 17:57:16,691 - INFO -   Visible DIV 1: class='header-right' id='no-id' text='English
French
Spanish
Quantum Toll Authority
supe'
2026-05-06 17:57:17,029 - INFO -   Visible DIV 2: class='nav-user' id='no-id' text='Quantum Toll Authority
superadmin_qm@yopmail.com'
2026-05-06 17:57:17,536 - INFO -   Visible DIV 3: class='nav-user-info' id='no-id' text='Quantum Toll Authority
superadmin_qm@yopmail.com'
2026-05-06 17:57:17,867 - INFO -   Visible DIV 4: class='uname' id='no-id' text='Quantum Toll Authority'
2026-05-06 17:57:18,180 - INFO -   Visible DIV 5: class='urole' id='no-id' text='superadmin_qm@yopmail.com'
2026-05-06 17:57:18,412 - INFO -   Visible DIV 6: class='main-container' id='no-id' text='dashboard_2
group
decimal_increase
admin_panel_set'
2026-05-06 17:57:18,731 - INFO -   Visible DIV 7: class='inner' id='no-id' text='dashboard_2'
2026-05-06 17:57:19,018 - INFO -   Visible DIV 8: class='inner' id='no-id' text='group'
2026-05-06 17:57:19,425 - INFO -   Visible DIV 9: class='inner' id='no-id' text='decimal_increase'
2026-05-06 17:57:19,823 - INFO -   Visible DIV 10: class='inner' id='no-id' text='admin_panel_settings'
2026-05-06 17:57:20,226 - INFO -   Visible DIV 11: class='inner' id='no-id' text='nest_doorbell_visitor'
2026-05-06 17:57:20,573 - INFO -   Visible DIV 12: class='inner' id='no-id' text='key_visualizer'
2026-05-06 17:57:20,631 - INFO - 
================================================================================

2026-05-06 17:57:20,694 - INFO - Login SUCCESS: Dashboard URL reached.
2026-05-06 17:57:21,241 - INFO - 
================================================================================
2026-05-06 17:57:21,243 - INFO - DOM SNAPSHOT AT STAGE: After_Dashboard_Loaded
2026-05-06 17:57:21,244 - INFO - ================================================================================
2026-05-06 17:57:21,344 - INFO - 
Searching for pop-up elements in page content...
2026-05-06 17:57:22,378 - WARNING - ⚠ No known pop-up selectors found. Checking all visible divs...
2026-05-06 17:57:22,537 - INFO - Total DIV elements on page: 29
2026-05-06 17:57:23,176 - INFO -   Visible DIV 1: class='header-right' id='no-id' text='English
French
Spanish
Quantum Toll Authority
supe'
2026-05-06 17:57:23,496 - INFO -   Visible DIV 2: class='nav-user' id='no-id' text='Quantum Toll Authority
superadmin_qm@yopmail.com'
2026-05-06 17:57:23,899 - INFO -   Visible DIV 3: class='nav-user-info' id='no-id' text='Quantum Toll Authority
superadmin_qm@yopmail.com'
2026-05-06 17:57:24,182 - INFO -   Visible DIV 4: class='uname' id='no-id' text='Quantum Toll Authority'
2026-05-06 17:57:24,492 - INFO -   Visible DIV 5: class='urole' id='no-id' text='superadmin_qm@yopmail.com'
2026-05-06 17:57:24,749 - INFO -   Visible DIV 6: class='main-container' id='no-id' text='dashboard_2
group
decimal_increase
admin_panel_set'
2026-05-06 17:57:25,058 - INFO -   Visible DIV 7: class='inner' id='no-id' text='dashboard_2'
2026-05-06 17:57:25,336 - INFO -   Visible DIV 8: class='inner' id='no-id' text='group'
2026-05-06 17:57:25,641 - INFO -   Visible DIV 9: class='inner' id='no-id' text='decimal_increase'
2026-05-06 17:57:25,994 - INFO -   Visible DIV 10: class='inner' id='no-id' text='admin_panel_settings'
2026-05-06 17:57:26,415 - INFO -   Visible DIV 11: class='inner' id='no-id' text='nest_doorbell_visitor'
2026-05-06 17:57:26,753 - INFO -   Visible DIV 12: class='inner' id='no-id' text='key_visualizer'
2026-05-06 17:57:26,824 - INFO - 
================================================================================

2026-05-06 17:57:26,827 - INFO - Checking for dashboard header 'Welcome to QM Toll portal!'...
2026-05-06 17:57:27,064 - INFO - ✅ Dashboard header found with selector: h4:has-text("Welcome to QM Toll portal!")
2026-05-06 17:57:27,071 - INFO -    Header text: 'Welcome to QM Toll portal!'
2026-05-06 17:57:27,073 - INFO - ✅ DASHBOARD VALIDATION PASSED: 'Welcome to QM Toll portal!' header found
2026-05-06 17:57:28,274 - INFO - Step 1: Navigating and Starting Onboarding...
2026-05-06 17:57:28,280 - INFO - Executing Sidebar Navigation Sequence...
2026-05-06 17:57:31,791 - INFO - Filling Step 1: Account Details...
2026-05-06 17:57:36,627 - INFO - Filled First Name: Mehul
2026-05-06 17:57:38,236 - INFO - Filled Middle Name: QA Team
2026-05-06 17:57:39,818 - INFO - Filled Last Name: Kanda
2026-05-06 17:57:41,336 - INFO - Checked: Use Same for Billing
2026-05-06 17:57:43,098 - INFO - Checked: Use Same for Shipping
2026-05-06 17:57:44,608 - INFO - Checked: Primary Address
2026-05-06 17:57:48,947 - INFO - Filled Address: 123 Automation Blvd
2026-05-06 17:57:50,395 - INFO - Filled Zip Code: 12345
2026-05-06 17:57:52,434 - INFO - Filled Phone: 8268797926
2026-05-06 17:57:53,934 - INFO - Filled Email: mehul.kanda70@testmail.com
2026-05-06 17:57:55,319 - INFO - Filled Confirm Email: mehul.kanda70@testmail.com
2026-05-06 17:57:55,319 - INFO - Clicking Save & Next...
2026-05-06 17:57:55,322 - INFO - Finalizing Step 1: Disabling chatbot interference...
2026-05-06 17:57:55,377 - INFO - Chatbot elements hidden via CSS injection.
2026-05-06 17:57:56,146 - INFO - Triggering Atomic Click on Save & Next...
2026-05-06 17:57:56,257 - INFO - Step 1 Submitted - Navigation to Vehicles should be clean.
2026-05-06 17:57:56,259 - INFO - Step 1 Submitted successfully.
2026-05-06 17:57:56,261 - INFO - Adding 1 Vehicle(s)...
2026-05-06 17:57:57,136 - INFO - Step 2 loaded successfully.
2026-05-06 17:57:57,174 - INFO - Chatbot elements hidden via CSS injection.
2026-05-06 17:57:59,016 - INFO - Filled Plate 1: QA1327GP
2026-05-06 17:58:13,236 - INFO - Filled Plate Start Date: 2026-05-06
2026-05-06 17:58:27,176 - INFO - Clicking 'Add' button for Vehicle 1...
2026-05-06 17:58:33,031 - INFO - Captured Permanent Account Number: 2000011544
2026-05-06 17:58:33,032 - INFO - Account 2000011544 saved to SharedData.
2026-05-06 17:58:33,034 - INFO - Starting Step 3: Payment Information for Mehul Kanda...
2026-05-06 17:58:33,096 - INFO - Chatbot elements hidden via CSS injection.
2026-05-06 17:58:37,348 - INFO - Filled Cardholder Name: Mehul Kanda
2026-05-06 17:58:38,800 - INFO - Filled Card Number: 1743497917216690
2026-05-06 17:58:40,227 - INFO - Filled Expiry Date: 05/28
2026-05-06 17:58:41,766 - INFO - Filled CVV: 517
2026-05-06 17:58:44,122 - INFO - Clicking 'Preview and Pay'...
2026-05-06 17:58:44,168 - INFO - Chatbot elements hidden via CSS injection.
2026-05-06 17:58:45,039 - INFO - Waiting for Payment Summary card...
2026-05-06 17:58:46,659 - INFO - Starting Final Confirmation Modal...
2026-05-06 17:58:47,728 - INFO - ✅ Account onboarding completed successfully.
2026-05-06 17:58:47,735 - INFO - Finalizing process: Clicking 'Account Summary' button...
2026-05-06 17:58:47,895 - INFO - Step 2: Creating case for account: 2000011544
2026-05-06 17:59:07,488 - INFO - ✅ Full Flow Success!
