2026-04-10 11:53:03,972 - INFO - Test Session Started.
2026-04-10 11:53:03,972 - INFO - Navigating to Login Page: http://operator-qa.qmaastech.com/
2026-04-10 11:53:03,972 - INFO - Navigating to: http://operator-qa.qmaastech.com/
2026-04-10 11:53:06,610 - INFO - Attempting login for user: superadmin_qm@yopmail.com
2026-04-10 11:53:08,391 - INFO - Logging DOM elements BEFORE login click...
2026-04-10 11:53:08,393 - INFO - 
================================================================================
2026-04-10 11:53:08,393 - INFO - DOM SNAPSHOT AT STAGE: Before_Login
2026-04-10 11:53:08,393 - INFO - ================================================================================
2026-04-10 11:53:08,429 - INFO - 
Searching for pop-up elements in page content...
2026-04-10 11:53:08,819 - WARNING - ⚠ No known pop-up selectors found. Checking all visible divs...
2026-04-10 11:53:08,882 - INFO - Total DIV elements on page: 20
2026-04-10 11:53:09,590 - INFO -   Visible DIV 1: class='hero-pills' id='no-id' text='bolt
Real-time
smart_toy
AI-driven
hub
Multi-agenc'
2026-04-10 11:53:09,816 - INFO -   Visible DIV 2: class='auth-panel' id='no-id' text='Welcome Back

Sign in to your account to continue
'
2026-04-10 11:53:09,966 - INFO -   Visible DIV 3: class='auth-card' id='no-id' text='Welcome Back

Sign in to your account to continue
'
2026-04-10 11:53:10,117 - INFO -   Visible DIV 4: class='auth-step' id='no-id' text='Welcome Back

Sign in to your account to continue
'
2026-04-10 11:53:10,257 - INFO -   Visible DIV 5: class='field-wrap' id='no-id' text='Email ID / Username *
person'
2026-04-10 11:53:10,359 - INFO -   Visible DIV 6: class='input-shell' id='no-id' text='person'
2026-04-10 11:53:10,477 - INFO -   Visible DIV 7: class='field-wrap' id='no-id' text='Password *
lock
visibility_off'
2026-04-10 11:53:10,572 - INFO -   Visible DIV 8: class='input-shell' id='no-id' text='lock
visibility_off'
2026-04-10 11:53:10,680 - INFO -   Visible DIV 9: class='auth-bottom-links' id='no-id' text='New user?  Access Account

Forgot password?'
2026-04-10 11:53:10,735 - INFO - 
================================================================================

2026-04-10 11:53:11,323 - INFO - Login button clicked.
2026-04-10 11:53:11,327 - INFO - Taking rapid screenshots and validating pop-up...
2026-04-10 11:53:12,046 - INFO - Screenshot captured: reports/RUN_20260410_115259\screenshots\03_Popup_Immediate_1_115311.png
2026-04-10 11:53:12,048 - INFO - Screenshot 1 captured - Attempting validation...
2026-04-10 11:53:12,050 - INFO - 
================================================================================
2026-04-10 11:53:12,051 - INFO - STARTING COMPREHENSIVE POP-UP VALIDATION
2026-04-10 11:53:12,051 - INFO - ================================================================================
2026-04-10 11:53:12,088 - INFO - 
[VALIDATION 1] Checking Pop-up Visibility...
2026-04-10 11:53:12,125 - INFO -   Visibility Status: True
2026-04-10 11:53:12,127 - INFO -   PASSED: Pop-up is visible
2026-04-10 11:53:12,127 - INFO - 
[VALIDATION 2] Extracting and Validating Text Content...
2026-04-10 11:53:12,155 - INFO -   Extracted Text: 'Login Successful'
2026-04-10 11:53:12,156 - INFO -   PASSED: Text matches exactly: 'Login Successful'
2026-04-10 11:53:12,156 - INFO - 
[VALIDATION 3] Checking for Typos...
2026-04-10 11:53:12,157 - INFO -   PASSED: No known typos detected
2026-04-10 11:53:12,157 - INFO - 
[VALIDATION 4] Extracting CSS Classes and Attributes...
2026-04-10 11:53:12,188 - INFO -   CSS Classes: snackbar success-snackbar
2026-04-10 11:53:12,188 - INFO -   PASSED: 'success' class is present
2026-04-10 11:53:12,188 - INFO - 
[VALIDATION 5] Checking Element Properties...
2026-04-10 11:53:12,291 - INFO -   ID: Not set
2026-04-10 11:53:12,291 - INFO -   Data-TestID: Not set
2026-04-10 11:53:12,291 - INFO -   Role: Not set
2026-04-10 11:53:12,291 - INFO -   ARIA Label: Not set
2026-04-10 11:53:12,291 - INFO - 
[VALIDATION 6] Checking Position and Size...
2026-04-10 11:53:12,335 - INFO -   X: 1210, Y: 20
2026-04-10 11:53:12,335 - INFO -   Width: 250, Height: 43.5
2026-04-10 11:53:12,335 - INFO -   PASSED: Element has valid dimensions
2026-04-10 11:53:12,335 - INFO - 
[VALIDATION 7] Checking Computed Styles...
2026-04-10 11:53:12,382 - INFO -   Display: block
2026-04-10 11:53:12,382 - INFO -   Opacity: 1
2026-04-10 11:53:12,382 - INFO -   PASSED: Element is displayed with proper opacity
2026-04-10 11:53:12,382 - INFO - 
================================================================================
2026-04-10 11:53:12,382 - INFO - POP-UP VALIDATION SUMMARY
2026-04-10 11:53:12,382 - INFO - ================================================================================
2026-04-10 11:53:12,382 - INFO -   Visibility: PASSED
2026-04-10 11:53:12,382 - INFO -   Text Match: PASSED
2026-04-10 11:53:12,382 - INFO -   Typo Check: PASSED
2026-04-10 11:53:12,382 - INFO -   CSS Classes: Present
2026-04-10 11:53:12,382 - INFO -   Position & Size: Valid
2026-04-10 11:53:12,382 - INFO -   Computed Styles: Valid
2026-04-10 11:53:12,382 - INFO - ================================================================================

2026-04-10 11:53:12,382 - INFO - ✓ ALL VALIDATIONS PASSED - Pop-up is working correctly!
2026-04-10 11:53:12,942 - INFO - Screenshot captured: reports/RUN_20260410_115259\screenshots\03_Popup_Immediate_2_115312.png
2026-04-10 11:53:12,942 - INFO - Screenshot 2 captured - Attempting validation...
2026-04-10 11:53:12,942 - INFO - 
================================================================================
2026-04-10 11:53:12,948 - INFO - STARTING COMPREHENSIVE POP-UP VALIDATION
2026-04-10 11:53:12,949 - INFO - ================================================================================
2026-04-10 11:53:12,978 - ERROR - VALIDATION FAILED: Pop-up element not found!
2026-04-10 11:53:14,550 - INFO - Screenshot captured: reports/RUN_20260410_115259\screenshots\03_Popup_Immediate_3_115313.png
2026-04-10 11:53:14,552 - INFO - Screenshot 3 captured - Attempting validation...
2026-04-10 11:53:14,553 - INFO - 
================================================================================
2026-04-10 11:53:14,555 - INFO - STARTING COMPREHENSIVE POP-UP VALIDATION
2026-04-10 11:53:14,556 - INFO - ================================================================================
2026-04-10 11:53:14,606 - ERROR - VALIDATION FAILED: Pop-up element not found!
2026-04-10 11:53:14,733 - INFO - Logging DOM elements AFTER login click (pop-up should appear here)...
2026-04-10 11:53:14,734 - INFO - 
================================================================================
2026-04-10 11:53:14,734 - INFO - DOM SNAPSHOT AT STAGE: After_Login_Click
2026-04-10 11:53:14,734 - INFO - ================================================================================
2026-04-10 11:53:14,764 - INFO - 
Searching for pop-up elements in page content...
2026-04-10 11:53:15,277 - WARNING - ⚠ No known pop-up selectors found. Checking all visible divs...
2026-04-10 11:53:15,346 - INFO - Total DIV elements on page: 28
2026-04-10 11:53:15,740 - INFO -   Visible DIV 1: class='header-right' id='no-id' text='English
French
Spanish
Quantum Toll Authority
supe'
2026-04-10 11:53:15,895 - INFO -   Visible DIV 2: class='nav-user' id='no-id' text='Quantum Toll Authority
superadmin_qm@yopmail.com'
2026-04-10 11:53:16,110 - INFO -   Visible DIV 3: class='nav-user-info' id='no-id' text='Quantum Toll Authority
superadmin_qm@yopmail.com'
2026-04-10 11:53:16,229 - INFO -   Visible DIV 4: class='uname' id='no-id' text='Quantum Toll Authority'
2026-04-10 11:53:16,354 - INFO -   Visible DIV 5: class='urole' id='no-id' text='superadmin_qm@yopmail.com'
2026-04-10 11:53:16,484 - INFO -   Visible DIV 6: class='main-container' id='no-id' text='dashboard_2
group
decimal_increase
admin_panel_set'
2026-04-10 11:53:16,640 - INFO -   Visible DIV 7: class='inner' id='no-id' text='dashboard_2'
2026-04-10 11:53:16,758 - INFO -   Visible DIV 8: class='inner' id='no-id' text='group'
2026-04-10 11:53:16,930 - INFO -   Visible DIV 9: class='inner' id='no-id' text='decimal_increase'
2026-04-10 11:53:17,128 - INFO -   Visible DIV 10: class='inner' id='no-id' text='admin_panel_settings'
2026-04-10 11:53:17,308 - INFO -   Visible DIV 11: class='inner' id='no-id' text='nest_doorbell_visitor'
2026-04-10 11:53:17,488 - INFO -   Visible DIV 12: class='inner' id='no-id' text='key_visualizer'
2026-04-10 11:53:17,515 - INFO - 
================================================================================

2026-04-10 11:53:17,969 - INFO - Screenshot captured: reports/RUN_20260410_115259\screenshots\02_Just_After_Login_Click_115317.png
2026-04-10 11:53:18,315 - INFO - Starting Onboarding Flow Test
2026-04-10 11:53:18,315 - INFO - Starting navigation to Onboard Customer page...
2026-04-10 11:53:18,319 - INFO - Clicking Workbench icon...
2026-04-10 11:53:18,997 - INFO - Workbench menu expanded.
2026-04-10 11:53:18,999 - INFO - Clicking 'Manage Accounts' sub-menu...
2026-04-10 11:53:19,591 - INFO - 'Manage Accounts' submenu expanded.
2026-04-10 11:53:19,593 - INFO - Clicking 'Onboard a Customer' link...
2026-04-10 11:53:21,152 - INFO - Successfully navigated to Onboard Customer page.
2026-04-10 11:53:21,641 - INFO - Screenshot captured: reports/RUN_20260410_115259\screenshots\02_Onboard_Customer_Landing_115321.png
2026-04-10 11:53:21,642 - INFO - Filling Onboarding details for United States...
2026-04-10 11:53:23,695 - INFO - Filled First Name: Kashvi
2026-04-10 11:53:25,162 - INFO - Filled Last Name: Grewal
2026-04-10 11:53:26,324 - INFO - Checked: Use Same for Billing
2026-04-10 11:53:27,448 - INFO - Checked: Use Same for Shipping
2026-04-10 11:53:28,591 - INFO - Checked: Primary Address
2026-04-10 11:53:33,105 - INFO - Filled Address: 123 Automation Way
2026-04-10 11:53:34,522 - INFO - Filled Zip Code: 12345
2026-04-10 11:53:36,492 - INFO - Filled Phone Number: 9876543210
2026-04-10 11:53:37,946 - INFO - Filled Email: auto_kashvi@test.com
2026-04-10 11:53:39,443 - INFO - Filled Confirm Email: auto_kashvi@test.com
2026-04-10 11:53:40,079 - INFO - ✅ Step 1 complete.
2026-04-10 11:54:10,104 - ERROR - Failed to retrieve Account ID: Timeout 30000ms exceeded.
2026-04-10 11:54:10,104 - INFO - Step 1 Success. ID: ID_NOT_FOUND
2026-04-10 11:58:24,458 - INFO - Test Session Started.
2026-04-10 11:58:24,463 - INFO - Navigating to Login Page: http://operator-qa.qmaastech.com/
2026-04-10 11:58:24,466 - INFO - Navigating to: http://operator-qa.qmaastech.com/
2026-04-10 11:58:26,776 - INFO - Attempting login for user: superadmin_qm@yopmail.com
2026-04-10 11:58:28,492 - INFO - Logging DOM elements BEFORE login click...
2026-04-10 11:58:28,492 - INFO - 
================================================================================
2026-04-10 11:58:28,492 - INFO - DOM SNAPSHOT AT STAGE: Before_Login
2026-04-10 11:58:28,498 - INFO - ================================================================================
2026-04-10 11:58:28,522 - INFO - 
Searching for pop-up elements in page content...
2026-04-10 11:58:28,892 - WARNING - ⚠ No known pop-up selectors found. Checking all visible divs...
2026-04-10 11:58:28,939 - INFO - Total DIV elements on page: 20
2026-04-10 11:58:29,482 - INFO -   Visible DIV 1: class='hero-pills' id='no-id' text='bolt
Real-time
smart_toy
AI-driven
hub
Multi-agenc'
2026-04-10 11:58:29,671 - INFO -   Visible DIV 2: class='auth-panel' id='no-id' text='Welcome Back

Sign in to your account to continue
'
2026-04-10 11:58:29,787 - INFO -   Visible DIV 3: class='auth-card' id='no-id' text='Welcome Back

Sign in to your account to continue
'
2026-04-10 11:58:29,905 - INFO -   Visible DIV 4: class='auth-step' id='no-id' text='Welcome Back

Sign in to your account to continue
'
2026-04-10 11:58:30,051 - INFO -   Visible DIV 5: class='field-wrap' id='no-id' text='Email ID / Username *
person'
2026-04-10 11:58:30,157 - INFO -   Visible DIV 6: class='input-shell' id='no-id' text='person'
2026-04-10 11:58:30,262 - INFO -   Visible DIV 7: class='field-wrap' id='no-id' text='Password *
lock
visibility_off'
2026-04-10 11:58:30,330 - INFO -   Visible DIV 8: class='input-shell' id='no-id' text='lock
visibility_off'
2026-04-10 11:58:30,441 - INFO -   Visible DIV 9: class='auth-bottom-links' id='no-id' text='New user?  Access Account

Forgot password?'
2026-04-10 11:58:30,489 - INFO - 
================================================================================

2026-04-10 11:58:31,105 - INFO - Login button clicked.
2026-04-10 11:58:31,108 - INFO - Taking rapid screenshots and validating pop-up...
2026-04-10 11:58:31,820 - INFO - Screenshot captured: reports/RUN_20260410_115821\screenshots\03_Popup_Immediate_1_115831.png
2026-04-10 11:58:31,824 - INFO - Screenshot 1 captured - Attempting validation...
2026-04-10 11:58:31,824 - INFO - 
================================================================================
2026-04-10 11:58:31,824 - INFO - STARTING COMPREHENSIVE POP-UP VALIDATION
2026-04-10 11:58:31,824 - INFO - ================================================================================
2026-04-10 11:58:31,856 - INFO - 
[VALIDATION 1] Checking Pop-up Visibility...
2026-04-10 11:58:31,889 - INFO -   Visibility Status: True
2026-04-10 11:58:31,890 - INFO -   PASSED: Pop-up is visible
2026-04-10 11:58:31,892 - INFO - 
[VALIDATION 2] Extracting and Validating Text Content...
2026-04-10 11:58:31,915 - INFO -   Extracted Text: 'Login Successful'
2026-04-10 11:58:31,915 - INFO -   PASSED: Text matches exactly: 'Login Successful'
2026-04-10 11:58:31,921 - INFO - 
[VALIDATION 3] Checking for Typos...
2026-04-10 11:58:31,924 - INFO -   PASSED: No known typos detected
2026-04-10 11:58:31,929 - INFO - 
[VALIDATION 4] Extracting CSS Classes and Attributes...
2026-04-10 11:58:31,952 - INFO -   CSS Classes: snackbar success-snackbar
2026-04-10 11:58:31,952 - INFO -   PASSED: 'success' class is present
2026-04-10 11:58:31,952 - INFO - 
[VALIDATION 5] Checking Element Properties...
2026-04-10 11:58:32,020 - INFO -   ID: Not set
2026-04-10 11:58:32,036 - INFO -   Data-TestID: Not set
2026-04-10 11:58:32,036 - INFO -   Role: Not set
2026-04-10 11:58:32,036 - INFO -   ARIA Label: Not set
2026-04-10 11:58:32,036 - INFO - 
[VALIDATION 6] Checking Position and Size...
2026-04-10 11:58:32,068 - INFO -   X: 1210, Y: 20
2026-04-10 11:58:32,068 - INFO -   Width: 250, Height: 43.5
2026-04-10 11:58:32,068 - INFO -   PASSED: Element has valid dimensions
2026-04-10 11:58:32,068 - INFO - 
[VALIDATION 7] Checking Computed Styles...
2026-04-10 11:58:32,233 - ERROR - Validation error: TypeError: Failed to execute 'getComputedStyle' on 'Window': parameter 1 is not of type 'Element'.
    at eval (eval at evaluate (:226:30), <anonymous>:1:8)
    at eval (<anonymous>)
    at UtilityScript.evaluate (<anonymous>:226:30)
    at UtilityScript.<anonymous> (<anonymous>:1:44)
2026-04-10 11:58:32,233 - WARNING -   WARNING: Could not check computed styles - element may have disappeared
2026-04-10 11:58:32,233 - INFO - 
================================================================================
2026-04-10 11:58:32,233 - INFO - POP-UP VALIDATION SUMMARY
2026-04-10 11:58:32,233 - INFO - ================================================================================
2026-04-10 11:58:32,239 - INFO -   Visibility: PASSED
2026-04-10 11:58:32,239 - INFO -   Text Match: PASSED
2026-04-10 11:58:32,241 - INFO -   Typo Check: PASSED
2026-04-10 11:58:32,241 - INFO -   CSS Classes: Present
2026-04-10 11:58:32,242 - INFO -   Position & Size: Valid
2026-04-10 11:58:32,243 - INFO -   Computed Styles: Valid
2026-04-10 11:58:32,243 - INFO - ================================================================================

2026-04-10 11:58:32,244 - INFO - ✓ ALL VALIDATIONS PASSED - Pop-up is working correctly!
2026-04-10 11:58:33,900 - INFO - Screenshot captured: reports/RUN_20260410_115821\screenshots\03_Popup_Immediate_2_115832.png
2026-04-10 11:58:33,901 - INFO - Screenshot 2 captured - Attempting validation...
2026-04-10 11:58:33,901 - INFO - 
================================================================================
2026-04-10 11:58:33,902 - INFO - STARTING COMPREHENSIVE POP-UP VALIDATION
2026-04-10 11:58:33,902 - INFO - ================================================================================
2026-04-10 11:58:33,934 - ERROR - VALIDATION FAILED: Pop-up element not found!
2026-04-10 11:58:34,553 - INFO - Screenshot captured: reports/RUN_20260410_115821\screenshots\03_Popup_Immediate_3_115834.png
2026-04-10 11:58:34,556 - INFO - Screenshot 3 captured - Attempting validation...
2026-04-10 11:58:34,557 - INFO - 
================================================================================
2026-04-10 11:58:34,557 - INFO - STARTING COMPREHENSIVE POP-UP VALIDATION
2026-04-10 11:58:34,558 - INFO - ================================================================================
2026-04-10 11:58:34,595 - ERROR - VALIDATION FAILED: Pop-up element not found!
2026-04-10 11:58:34,735 - INFO - Logging DOM elements AFTER login click (pop-up should appear here)...
2026-04-10 11:58:34,735 - INFO - 
================================================================================
2026-04-10 11:58:34,736 - INFO - DOM SNAPSHOT AT STAGE: After_Login_Click
2026-04-10 11:58:34,736 - INFO - ================================================================================
2026-04-10 11:58:34,795 - INFO - 
Searching for pop-up elements in page content...
2026-04-10 11:58:35,284 - WARNING - ⚠ No known pop-up selectors found. Checking all visible divs...
2026-04-10 11:58:35,335 - INFO - Total DIV elements on page: 28
2026-04-10 11:58:35,591 - INFO -   Visible DIV 1: class='header-right' id='no-id' text='English
French
Spanish
Quantum Toll Authority
supe'
2026-04-10 11:58:35,723 - INFO -   Visible DIV 2: class='nav-user' id='no-id' text='Quantum Toll Authority
superadmin_qm@yopmail.com'
2026-04-10 11:58:35,915 - INFO -   Visible DIV 3: class='nav-user-info' id='no-id' text='Quantum Toll Authority
superadmin_qm@yopmail.com'
2026-04-10 11:58:36,050 - INFO -   Visible DIV 4: class='uname' id='no-id' text='Quantum Toll Authority'
2026-04-10 11:58:36,184 - INFO -   Visible DIV 5: class='urole' id='no-id' text='superadmin_qm@yopmail.com'
2026-04-10 11:58:36,306 - INFO -   Visible DIV 6: class='main-container' id='no-id' text='dashboard_2
group
decimal_increase
admin_panel_set'
2026-04-10 11:58:36,477 - INFO -   Visible DIV 7: class='inner' id='no-id' text='dashboard_2'
2026-04-10 11:58:36,584 - INFO -   Visible DIV 8: class='inner' id='no-id' text='group'
2026-04-10 11:58:36,711 - INFO -   Visible DIV 9: class='inner' id='no-id' text='decimal_increase'
2026-04-10 11:58:36,824 - INFO -   Visible DIV 10: class='inner' id='no-id' text='admin_panel_settings'
2026-04-10 11:58:36,945 - INFO -   Visible DIV 11: class='inner' id='no-id' text='nest_doorbell_visitor'
2026-04-10 11:58:37,059 - INFO -   Visible DIV 12: class='inner' id='no-id' text='key_visualizer'
2026-04-10 11:58:37,079 - INFO - 
================================================================================

2026-04-10 11:58:37,279 - INFO - Screenshot captured: reports/RUN_20260410_115821\screenshots\02_Just_After_Login_Click_115837.png
2026-04-10 11:58:37,594 - INFO - Starting Onboarding Flow Test
2026-04-10 11:58:37,594 - INFO - Starting navigation to Onboard Customer page...
2026-04-10 11:58:37,594 - INFO - Clicking Workbench icon...
2026-04-10 11:58:38,211 - INFO - Workbench menu expanded.
2026-04-10 11:58:38,212 - INFO - Clicking 'Manage Accounts' sub-menu...
2026-04-10 11:58:38,795 - INFO - 'Manage Accounts' submenu expanded.
2026-04-10 11:58:38,796 - INFO - Clicking 'Onboard a Customer' link...
2026-04-10 11:58:39,781 - INFO - Successfully navigated to Onboard Customer page.
2026-04-10 11:58:40,246 - INFO - Screenshot captured: reports/RUN_20260410_115821\screenshots\02_Onboard_Customer_Landing_115839.png
2026-04-10 11:58:40,246 - INFO - Filling Onboarding details for United States...
2026-04-10 11:58:42,215 - INFO - Filled First Name: Sumer
2026-04-10 11:58:43,703 - INFO - Filled Last Name: Rajagopalan
2026-04-10 11:58:44,865 - INFO - Checked: Use Same for Billing
2026-04-10 11:58:46,019 - INFO - Checked: Use Same for Shipping
2026-04-10 11:58:47,145 - INFO - Checked: Primary Address
2026-04-10 11:58:51,697 - INFO - Filled Address: 123 Automation Way
2026-04-10 11:58:53,133 - INFO - Filled Zip Code: 12345
2026-04-10 11:58:55,077 - INFO - Filled Phone Number: 9876543210
2026-04-10 11:58:56,503 - INFO - Filled Email: auto_sumer@test.com
2026-04-10 11:58:57,976 - INFO - Filled Confirm Email: auto_sumer@test.com
2026-04-10 11:59:07,692 - ERROR - ❌ Step 1 FAILED.
2026-04-10 12:03:52,884 - INFO - Test Session Started.
2026-04-10 12:03:52,884 - INFO - Navigating to Login Page: http://operator-qa.qmaastech.com/
2026-04-10 12:03:52,884 - INFO - Navigating to: http://operator-qa.qmaastech.com/
2026-04-10 12:03:55,124 - INFO - Attempting login for user: superadmin_qm@yopmail.com
2026-04-10 12:03:56,832 - INFO - Logging DOM elements BEFORE login click...
2026-04-10 12:03:56,832 - INFO - 
================================================================================
2026-04-10 12:03:56,832 - INFO - DOM SNAPSHOT AT STAGE: Before_Login
2026-04-10 12:03:56,832 - INFO - ================================================================================
2026-04-10 12:03:56,865 - INFO - 
Searching for pop-up elements in page content...
2026-04-10 12:03:57,252 - WARNING - ⚠ No known pop-up selectors found. Checking all visible divs...
2026-04-10 12:03:57,296 - INFO - Total DIV elements on page: 20
2026-04-10 12:03:57,805 - INFO -   Visible DIV 1: class='hero-pills' id='no-id' text='bolt
Real-time
smart_toy
AI-driven
hub
Multi-agenc'
2026-04-10 12:03:57,984 - INFO -   Visible DIV 2: class='auth-panel' id='no-id' text='Welcome Back

Sign in to your account to continue
'
2026-04-10 12:03:58,078 - INFO -   Visible DIV 3: class='auth-card' id='no-id' text='Welcome Back

Sign in to your account to continue
'
2026-04-10 12:03:58,181 - INFO -   Visible DIV 4: class='auth-step' id='no-id' text='Welcome Back

Sign in to your account to continue
'
2026-04-10 12:03:58,338 - INFO -   Visible DIV 5: class='field-wrap' id='no-id' text='Email ID / Username *
person'
2026-04-10 12:03:58,449 - INFO -   Visible DIV 6: class='input-shell' id='no-id' text='person'
2026-04-10 12:03:58,548 - INFO -   Visible DIV 7: class='field-wrap' id='no-id' text='Password *
lock
visibility_off'
2026-04-10 12:03:58,641 - INFO -   Visible DIV 8: class='input-shell' id='no-id' text='lock
visibility_off'
2026-04-10 12:03:58,718 - INFO -   Visible DIV 9: class='auth-bottom-links' id='no-id' text='New user?  Access Account

Forgot password?'
2026-04-10 12:03:58,753 - INFO - 
================================================================================

2026-04-10 12:03:59,315 - INFO - Login button clicked.
2026-04-10 12:03:59,318 - INFO - Taking rapid screenshots and validating pop-up...
2026-04-10 12:03:59,964 - INFO - Screenshot captured: reports/RUN_20260410_120350\screenshots\03_Popup_Immediate_1_120359.png
2026-04-10 12:03:59,966 - INFO - Screenshot 1 captured - Attempting validation...
2026-04-10 12:03:59,966 - INFO - 
================================================================================
2026-04-10 12:03:59,966 - INFO - STARTING COMPREHENSIVE POP-UP VALIDATION
2026-04-10 12:03:59,970 - INFO - ================================================================================
2026-04-10 12:04:00,026 - INFO - 
[VALIDATION 1] Checking Pop-up Visibility...
2026-04-10 12:04:00,068 - INFO -   Visibility Status: True
2026-04-10 12:04:00,068 - INFO -   PASSED: Pop-up is visible
2026-04-10 12:04:00,068 - INFO - 
[VALIDATION 2] Extracting and Validating Text Content...
2026-04-10 12:04:00,100 - INFO -   Extracted Text: 'Login Successful'
2026-04-10 12:04:00,100 - INFO -   PASSED: Text matches exactly: 'Login Successful'
2026-04-10 12:04:00,100 - INFO - 
[VALIDATION 3] Checking for Typos...
2026-04-10 12:04:00,100 - INFO -   PASSED: No known typos detected
2026-04-10 12:04:00,100 - INFO - 
[VALIDATION 4] Extracting CSS Classes and Attributes...
2026-04-10 12:04:00,139 - INFO -   CSS Classes: snackbar success-snackbar
2026-04-10 12:04:00,140 - INFO -   PASSED: 'success' class is present
2026-04-10 12:04:00,141 - INFO - 
[VALIDATION 5] Checking Element Properties...
2026-04-10 12:04:00,225 - INFO -   ID: Not set
2026-04-10 12:04:00,225 - INFO -   Data-TestID: Not set
2026-04-10 12:04:00,225 - INFO -   Role: Not set
2026-04-10 12:04:00,225 - INFO -   ARIA Label: Not set
2026-04-10 12:04:00,225 - INFO - 
[VALIDATION 6] Checking Position and Size...
2026-04-10 12:04:00,237 - INFO -   X: 1210, Y: 20
2026-04-10 12:04:00,241 - INFO -   Width: 250, Height: 43.5
2026-04-10 12:04:00,241 - INFO -   PASSED: Element has valid dimensions
2026-04-10 12:04:00,241 - INFO - 
[VALIDATION 7] Checking Computed Styles...
2026-04-10 12:04:00,272 - INFO -   Display: block
2026-04-10 12:04:00,272 - INFO -   Opacity: 1
2026-04-10 12:04:00,272 - INFO -   PASSED: Element is displayed with proper opacity
2026-04-10 12:04:00,272 - INFO - 
================================================================================
2026-04-10 12:04:00,272 - INFO - POP-UP VALIDATION SUMMARY
2026-04-10 12:04:00,272 - INFO - ================================================================================
2026-04-10 12:04:00,272 - INFO -   Visibility: PASSED
2026-04-10 12:04:00,272 - INFO -   Text Match: PASSED
2026-04-10 12:04:00,272 - INFO -   Typo Check: PASSED
2026-04-10 12:04:00,272 - INFO -   CSS Classes: Present
2026-04-10 12:04:00,288 - INFO -   Position & Size: Valid
2026-04-10 12:04:00,288 - INFO -   Computed Styles: Valid
2026-04-10 12:04:00,288 - INFO - ================================================================================

2026-04-10 12:04:00,288 - INFO - ✓ ALL VALIDATIONS PASSED - Pop-up is working correctly!
2026-04-10 12:04:00,753 - INFO - Screenshot captured: reports/RUN_20260410_120350\screenshots\03_Popup_Immediate_2_120400.png
2026-04-10 12:04:00,754 - INFO - Screenshot 2 captured - Attempting validation...
2026-04-10 12:04:00,755 - INFO - 
================================================================================
2026-04-10 12:04:00,756 - INFO - STARTING COMPREHENSIVE POP-UP VALIDATION
2026-04-10 12:04:00,756 - INFO - ================================================================================
2026-04-10 12:04:00,789 - ERROR - VALIDATION FAILED: Pop-up element not found!
2026-04-10 12:04:01,976 - INFO - Screenshot captured: reports/RUN_20260410_120350\screenshots\03_Popup_Immediate_3_120400.png
2026-04-10 12:04:01,978 - INFO - Screenshot 3 captured - Attempting validation...
2026-04-10 12:04:01,981 - INFO - 
================================================================================
2026-04-10 12:04:01,982 - INFO - STARTING COMPREHENSIVE POP-UP VALIDATION
2026-04-10 12:04:01,983 - INFO - ================================================================================
2026-04-10 12:04:02,019 - ERROR - VALIDATION FAILED: Pop-up element not found!
2026-04-10 12:04:02,165 - INFO - Logging DOM elements AFTER login click (pop-up should appear here)...
2026-04-10 12:04:02,166 - INFO - 
================================================================================
2026-04-10 12:04:02,166 - INFO - DOM SNAPSHOT AT STAGE: After_Login_Click
2026-04-10 12:04:02,167 - INFO - ================================================================================
2026-04-10 12:04:02,196 - INFO - 
Searching for pop-up elements in page content...
2026-04-10 12:04:02,661 - WARNING - ⚠ No known pop-up selectors found. Checking all visible divs...
2026-04-10 12:04:02,727 - INFO - Total DIV elements on page: 28
2026-04-10 12:04:03,042 - INFO -   Visible DIV 1: class='header-right' id='no-id' text='English
French
Spanish
Quantum Toll Authority
supe'
2026-04-10 12:04:03,207 - INFO -   Visible DIV 2: class='nav-user' id='no-id' text='Quantum Toll Authority
superadmin_qm@yopmail.com'
2026-04-10 12:04:03,407 - INFO -   Visible DIV 3: class='nav-user-info' id='no-id' text='Quantum Toll Authority
superadmin_qm@yopmail.com'
2026-04-10 12:04:03,573 - INFO -   Visible DIV 4: class='uname' id='no-id' text='Quantum Toll Authority'
2026-04-10 12:04:03,741 - INFO -   Visible DIV 5: class='urole' id='no-id' text='superadmin_qm@yopmail.com'
2026-04-10 12:04:03,876 - INFO -   Visible DIV 6: class='main-container' id='no-id' text='dashboard_2
group
decimal_increase
admin_panel_set'
2026-04-10 12:04:03,997 - INFO -   Visible DIV 7: class='inner' id='no-id' text='dashboard_2'
2026-04-10 12:04:04,109 - INFO -   Visible DIV 8: class='inner' id='no-id' text='group'
2026-04-10 12:04:04,252 - INFO -   Visible DIV 9: class='inner' id='no-id' text='decimal_increase'
2026-04-10 12:04:04,397 - INFO -   Visible DIV 10: class='inner' id='no-id' text='admin_panel_settings'
2026-04-10 12:04:04,528 - INFO -   Visible DIV 11: class='inner' id='no-id' text='nest_doorbell_visitor'
2026-04-10 12:04:04,656 - INFO -   Visible DIV 12: class='inner' id='no-id' text='key_visualizer'
2026-04-10 12:04:04,687 - INFO - 
================================================================================

2026-04-10 12:04:05,074 - INFO - Screenshot captured: reports/RUN_20260410_120350\screenshots\02_Just_After_Login_Click_120404.png
2026-04-10 12:04:05,426 - INFO - Starting Onboarding Flow Test
2026-04-10 12:04:05,427 - INFO - Starting navigation to Onboard Customer page...
2026-04-10 12:04:05,428 - INFO - Clicking Workbench icon...
2026-04-10 12:04:06,052 - INFO - Workbench menu expanded.
2026-04-10 12:04:06,053 - INFO - Clicking 'Manage Accounts' sub-menu...
2026-04-10 12:04:06,638 - INFO - 'Manage Accounts' submenu expanded.
2026-04-10 12:04:06,639 - INFO - Clicking 'Onboard a Customer' link...
2026-04-10 12:04:07,854 - INFO - Successfully navigated to Onboard Customer page.
2026-04-10 12:04:08,318 - INFO - Screenshot captured: reports/RUN_20260410_120350\screenshots\02_Onboard_Customer_Landing_120407.png
2026-04-10 12:04:08,319 - INFO - Filling Onboarding details for United States...
2026-04-10 12:04:10,290 - INFO - Filled First Name: Nitara
2026-04-10 12:04:11,752 - INFO - Filled Last Name: Vasa
2026-04-10 12:04:12,898 - INFO - Checked: Use Same for Billing
2026-04-10 12:04:14,044 - INFO - Checked: Use Same for Shipping
2026-04-10 12:04:15,168 - INFO - Checked: Primary Address
2026-04-10 12:04:19,781 - INFO - Filled Address: 123 Automation Way
2026-04-10 12:04:21,174 - INFO - Filled Zip Code: 12345
2026-04-10 12:04:23,122 - INFO - Filled Unique Phone Number: 7541379402
2026-04-10 12:04:24,591 - INFO - Filled Email: auto_nitara@test.com
2026-04-10 12:04:26,007 - INFO - Filled Confirm Email: auto_nitara@test.com
2026-04-10 12:04:26,647 - INFO - ✅ Step 1 complete.
2026-04-10 12:04:36,695 - ERROR - Failed to retrieve Account ID: Timeout 10000ms exceeded.
2026-04-10 12:04:36,695 - INFO - Step 1 Success. ID: ID_NOT_FOUND
2026-04-10 12:04:36,699 - INFO - Starting Step 2: Adding 4 Vehicle(s)...
2026-04-10 12:04:38,070 - INFO - Filled Plate Number 1: QA5899GP
2026-04-10 12:04:44,690 - INFO - Filled Plate Start Date: 2026-04-10
2026-04-10 12:04:47,846 - INFO - Vehicle 1 added to grid.
2026-04-10 12:04:49,271 - INFO - Filled Plate Number 2: QA2128GP
2026-04-10 12:04:55,823 - INFO - Filled Plate Start Date: 2026-04-10
2026-04-10 12:04:58,930 - INFO - Vehicle 2 added to grid.
2026-04-10 12:05:00,274 - INFO - Filled Plate Number 3: QA2474GP
2026-04-10 12:05:06,847 - INFO - Filled Plate Start Date: 2026-04-10
2026-04-10 12:05:09,964 - INFO - Vehicle 3 added to grid.
2026-04-10 12:05:11,300 - INFO - Filled Plate Number 4: QA6491GP
2026-04-10 12:05:17,865 - INFO - Filled Plate Start Date: 2026-04-10
2026-04-10 12:05:20,987 - INFO - Vehicle 4 added to grid.
2026-04-10 12:19:55,396 - INFO - Test Session Started.
2026-04-10 12:19:55,407 - INFO - Navigating to Login Page: http://operator-qa.qmaastech.com/
2026-04-10 12:19:55,414 - INFO - Navigating to: http://operator-qa.qmaastech.com/
2026-04-10 12:19:57,831 - INFO - Attempting login for user: superadmin_qm@yopmail.com
2026-04-10 12:19:59,562 - INFO - Logging DOM elements BEFORE login click...
2026-04-10 12:19:59,562 - INFO - 
================================================================================
2026-04-10 12:19:59,562 - INFO - DOM SNAPSHOT AT STAGE: Before_Login
2026-04-10 12:19:59,562 - INFO - ================================================================================
2026-04-10 12:19:59,595 - INFO - 
Searching for pop-up elements in page content...
2026-04-10 12:19:59,900 - WARNING - ⚠ No known pop-up selectors found. Checking all visible divs...
2026-04-10 12:19:59,945 - INFO - Total DIV elements on page: 20
2026-04-10 12:20:00,614 - INFO -   Visible DIV 1: class='hero-pills' id='no-id' text='bolt
Real-time
smart_toy
AI-driven
hub
Multi-agenc'
2026-04-10 12:20:00,772 - INFO -   Visible DIV 2: class='auth-panel' id='no-id' text='Welcome Back

Sign in to your account to continue
'
2026-04-10 12:20:00,872 - INFO -   Visible DIV 3: class='auth-card' id='no-id' text='Welcome Back

Sign in to your account to continue
'
2026-04-10 12:20:00,988 - INFO -   Visible DIV 4: class='auth-step' id='no-id' text='Welcome Back

Sign in to your account to continue
'
2026-04-10 12:20:01,130 - INFO -   Visible DIV 5: class='field-wrap' id='no-id' text='Email ID / Username *
person'
2026-04-10 12:20:01,234 - INFO -   Visible DIV 6: class='input-shell' id='no-id' text='person'
2026-04-10 12:20:01,322 - INFO -   Visible DIV 7: class='field-wrap' id='no-id' text='Password *
lock
visibility_off'
2026-04-10 12:20:01,425 - INFO -   Visible DIV 8: class='input-shell' id='no-id' text='lock
visibility_off'
2026-04-10 12:20:01,519 - INFO -   Visible DIV 9: class='auth-bottom-links' id='no-id' text='New user?  Access Account

Forgot password?'
2026-04-10 12:20:01,577 - INFO - 
================================================================================

2026-04-10 12:20:02,139 - INFO - Login button clicked.
2026-04-10 12:20:02,142 - INFO - Taking rapid screenshots and validating pop-up...
2026-04-10 12:20:02,880 - INFO - Screenshot captured: reports/RUN_20260410_121952\screenshots\03_Popup_Immediate_1_122002.png
2026-04-10 12:20:02,880 - INFO - Screenshot 1 captured - Attempting validation...
2026-04-10 12:20:02,880 - INFO - 
================================================================================
2026-04-10 12:20:02,880 - INFO - STARTING COMPREHENSIVE POP-UP VALIDATION
2026-04-10 12:20:02,880 - INFO - ================================================================================
2026-04-10 12:20:02,917 - INFO - 
[VALIDATION 1] Checking Pop-up Visibility...
2026-04-10 12:20:02,938 - INFO -   Visibility Status: True
2026-04-10 12:20:02,938 - INFO -   PASSED: Pop-up is visible
2026-04-10 12:20:02,938 - INFO - 
[VALIDATION 2] Extracting and Validating Text Content...
2026-04-10 12:20:02,966 - INFO -   Extracted Text: 'Login Successful'
2026-04-10 12:20:02,966 - INFO -   PASSED: Text matches exactly: 'Login Successful'
2026-04-10 12:20:02,966 - INFO - 
[VALIDATION 3] Checking for Typos...
2026-04-10 12:20:02,966 - INFO -   PASSED: No known typos detected
2026-04-10 12:20:02,966 - INFO - 
[VALIDATION 4] Extracting CSS Classes and Attributes...
2026-04-10 12:20:03,008 - INFO -   CSS Classes: snackbar success-snackbar
2026-04-10 12:20:03,008 - INFO -   PASSED: 'success' class is present
2026-04-10 12:20:03,008 - INFO - 
[VALIDATION 5] Checking Element Properties...
2026-04-10 12:20:03,270 - INFO -   ID: Not set
2026-04-10 12:20:03,286 - INFO -   Data-TestID: Not set
2026-04-10 12:20:03,288 - INFO -   Role: Not set
2026-04-10 12:20:03,288 - INFO -   ARIA Label: Not set
2026-04-10 12:20:03,288 - INFO - 
[VALIDATION 6] Checking Position and Size...
2026-04-10 12:20:03,325 - WARNING -   WARNING: Could not get bounding box
2026-04-10 12:20:03,326 - INFO - 
[VALIDATION 7] Checking Computed Styles...
2026-04-10 12:20:03,353 - ERROR - Validation error: TypeError: Failed to execute 'getComputedStyle' on 'Window': parameter 1 is not of type 'Element'.
    at eval (eval at evaluate (:226:30), <anonymous>:1:8)
    at eval (<anonymous>)
    at UtilityScript.evaluate (<anonymous>:226:30)
    at UtilityScript.<anonymous> (<anonymous>:1:44)
2026-04-10 12:20:03,353 - WARNING -   WARNING: Could not check computed styles - element may have disappeared
2026-04-10 12:20:03,361 - INFO - 
================================================================================
2026-04-10 12:20:03,361 - INFO - POP-UP VALIDATION SUMMARY
2026-04-10 12:20:03,361 - INFO - ================================================================================
2026-04-10 12:20:03,361 - INFO -   Visibility: PASSED
2026-04-10 12:20:03,361 - INFO -   Text Match: PASSED
2026-04-10 12:20:03,361 - INFO -   Typo Check: PASSED
2026-04-10 12:20:03,361 - INFO -   CSS Classes: Present
2026-04-10 12:20:03,361 - INFO -   Position & Size: Valid
2026-04-10 12:20:03,361 - INFO -   Computed Styles: Valid
2026-04-10 12:20:03,361 - INFO - ================================================================================

2026-04-10 12:20:03,361 - INFO - ✓ ALL VALIDATIONS PASSED - Pop-up is working correctly!
2026-04-10 12:20:05,137 - INFO - Screenshot captured: reports/RUN_20260410_121952\screenshots\03_Popup_Immediate_2_122003.png
2026-04-10 12:20:05,138 - INFO - Screenshot 2 captured - Attempting validation...
2026-04-10 12:20:05,138 - INFO - 
================================================================================
2026-04-10 12:20:05,139 - INFO - STARTING COMPREHENSIVE POP-UP VALIDATION
2026-04-10 12:20:05,140 - INFO - ================================================================================
2026-04-10 12:20:05,180 - ERROR - VALIDATION FAILED: Pop-up element not found!
2026-04-10 12:20:05,849 - INFO - Screenshot captured: reports/RUN_20260410_121952\screenshots\03_Popup_Immediate_3_122005.png
2026-04-10 12:20:05,854 - INFO - Screenshot 3 captured - Attempting validation...
2026-04-10 12:20:05,855 - INFO - 
================================================================================
2026-04-10 12:20:05,856 - INFO - STARTING COMPREHENSIVE POP-UP VALIDATION
2026-04-10 12:20:05,857 - INFO - ================================================================================
2026-04-10 12:20:05,900 - ERROR - VALIDATION FAILED: Pop-up element not found!
2026-04-10 12:20:06,028 - INFO - Logging DOM elements AFTER login click (pop-up should appear here)...
2026-04-10 12:20:06,029 - INFO - 
================================================================================
2026-04-10 12:20:06,029 - INFO - DOM SNAPSHOT AT STAGE: After_Login_Click
2026-04-10 12:20:06,030 - INFO - ================================================================================
2026-04-10 12:20:06,098 - INFO - 
Searching for pop-up elements in page content...
2026-04-10 12:20:06,564 - WARNING - ⚠ No known pop-up selectors found. Checking all visible divs...
2026-04-10 12:20:06,608 - INFO - Total DIV elements on page: 28
2026-04-10 12:20:06,865 - INFO -   Visible DIV 1: class='header-right' id='no-id' text='English
French
Spanish
Quantum Toll Authority
supe'
2026-04-10 12:20:06,997 - INFO -   Visible DIV 2: class='nav-user' id='no-id' text='Quantum Toll Authority
superadmin_qm@yopmail.com'
2026-04-10 12:20:07,247 - INFO -   Visible DIV 3: class='nav-user-info' id='no-id' text='Quantum Toll Authority
superadmin_qm@yopmail.com'
2026-04-10 12:20:07,363 - INFO -   Visible DIV 4: class='uname' id='no-id' text='Quantum Toll Authority'
2026-04-10 12:20:07,516 - INFO -   Visible DIV 5: class='urole' id='no-id' text='superadmin_qm@yopmail.com'
2026-04-10 12:20:07,625 - INFO -   Visible DIV 6: class='main-container' id='no-id' text='dashboard_2
group
decimal_increase
admin_panel_set'
2026-04-10 12:20:07,734 - INFO -   Visible DIV 7: class='inner' id='no-id' text='dashboard_2'
2026-04-10 12:20:07,840 - INFO -   Visible DIV 8: class='inner' id='no-id' text='group'
2026-04-10 12:20:07,959 - INFO -   Visible DIV 9: class='inner' id='no-id' text='decimal_increase'
2026-04-10 12:20:08,123 - INFO -   Visible DIV 10: class='inner' id='no-id' text='admin_panel_settings'
2026-04-10 12:20:08,231 - INFO -   Visible DIV 11: class='inner' id='no-id' text='nest_doorbell_visitor'
2026-04-10 12:20:08,341 - INFO -   Visible DIV 12: class='inner' id='no-id' text='key_visualizer'
2026-04-10 12:20:08,367 - INFO - 
================================================================================

2026-04-10 12:20:08,532 - INFO - Screenshot captured: reports/RUN_20260410_121952\screenshots\02_Just_After_Login_Click_122008.png
2026-04-10 12:20:08,904 - INFO - Starting Onboarding Flow Test
2026-04-10 12:20:08,920 - INFO - Starting navigation to Onboard Customer page...
2026-04-10 12:20:08,920 - INFO - Clicking Workbench icon...
2026-04-10 12:20:09,574 - INFO - Workbench menu expanded.
2026-04-10 12:20:09,576 - INFO - Clicking 'Manage Accounts' sub-menu...
2026-04-10 12:20:10,159 - INFO - 'Manage Accounts' submenu expanded.
2026-04-10 12:20:10,159 - INFO - Clicking 'Onboard a Customer' link...
2026-04-10 12:20:11,280 - INFO - Successfully navigated to Onboard Customer page.
2026-04-10 12:20:11,797 - INFO - Screenshot captured: reports/RUN_20260410_121952\screenshots\02_Onboard_Customer_Landing_122011.png
2026-04-10 12:20:11,798 - INFO - Filling Onboarding details for United States...
2026-04-10 12:20:13,790 - INFO - Filled First Name: Nitara
2026-04-10 12:20:15,371 - INFO - Filled Last Name: Dhawan
2026-04-10 12:20:16,611 - INFO - Checked: Use Same for Billing
2026-04-10 12:20:17,738 - INFO - Checked: Use Same for Shipping
2026-04-10 12:20:18,874 - INFO - Checked: Primary Address
2026-04-10 12:20:23,360 - INFO - Filled Address: 123 Automation Way
2026-04-10 12:20:24,710 - INFO - Filled Zip Code: 12345
2026-04-10 12:20:26,667 - INFO - Filled Unique Phone Number: 7499150294
2026-04-10 12:20:28,190 - INFO - Filled Email: auto_nitara@test.com
2026-04-10 12:20:29,585 - INFO - Filled Confirm Email: auto_nitara@test.com
2026-04-10 12:20:45,210 - ERROR - ❌ Step 1 FAILED.
2026-04-10 13:02:12,055 - INFO - Test Session Started.
2026-04-10 13:02:12,055 - INFO - Navigating to Login Page: http://operator-qa.qmaastech.com/
2026-04-10 13:02:12,055 - INFO - Navigating to: http://operator-qa.qmaastech.com/
2026-04-10 13:02:14,547 - INFO - Attempting login for user: superadmin_qm@yopmail.com
2026-04-10 13:02:16,350 - INFO - Logging DOM elements BEFORE login click...
2026-04-10 13:02:16,350 - INFO - 
================================================================================
2026-04-10 13:02:16,350 - INFO - DOM SNAPSHOT AT STAGE: Before_Login
2026-04-10 13:02:16,350 - INFO - ================================================================================
2026-04-10 13:02:16,380 - INFO - 
Searching for pop-up elements in page content...
2026-04-10 13:02:16,709 - WARNING - ⚠ No known pop-up selectors found. Checking all visible divs...
2026-04-10 13:02:16,762 - INFO - Total DIV elements on page: 20
2026-04-10 13:02:17,242 - INFO -   Visible DIV 1: class='hero-pills' id='no-id' text='bolt
Real-time
smart_toy
AI-driven
hub
Multi-agenc'
2026-04-10 13:02:17,369 - INFO -   Visible DIV 2: class='auth-panel' id='no-id' text='Welcome Back

Sign in to your account to continue
'
2026-04-10 13:02:17,471 - INFO -   Visible DIV 3: class='auth-card' id='no-id' text='Welcome Back

Sign in to your account to continue
'
2026-04-10 13:02:17,603 - INFO -   Visible DIV 4: class='auth-step' id='no-id' text='Welcome Back

Sign in to your account to continue
'
2026-04-10 13:02:17,821 - INFO -   Visible DIV 5: class='field-wrap' id='no-id' text='Email ID / Username *
person'
2026-04-10 13:02:17,911 - INFO -   Visible DIV 6: class='input-shell' id='no-id' text='person'
2026-04-10 13:02:17,998 - INFO -   Visible DIV 7: class='field-wrap' id='no-id' text='Password *
lock
visibility_off'
2026-04-10 13:02:18,084 - INFO -   Visible DIV 8: class='input-shell' id='no-id' text='lock
visibility_off'
2026-04-10 13:02:18,180 - INFO -   Visible DIV 9: class='auth-bottom-links' id='no-id' text='New user?  Access Account

Forgot password?'
2026-04-10 13:02:18,227 - INFO - 
================================================================================

2026-04-10 13:02:18,800 - INFO - Login button clicked.
2026-04-10 13:02:18,803 - INFO - Taking rapid screenshots and validating pop-up...
2026-04-10 13:02:19,474 - INFO - Screenshot captured: reports/RUN_20260410_130209\screenshots\03_Popup_Immediate_1_130218.png
2026-04-10 13:02:19,475 - INFO - Screenshot 1 captured - Attempting validation...
2026-04-10 13:02:19,478 - INFO - 
================================================================================
2026-04-10 13:02:19,479 - INFO - STARTING COMPREHENSIVE POP-UP VALIDATION
2026-04-10 13:02:19,479 - INFO - ================================================================================
2026-04-10 13:02:19,510 - INFO - 
[VALIDATION 1] Checking Pop-up Visibility...
2026-04-10 13:02:19,545 - INFO -   Visibility Status: True
2026-04-10 13:02:19,545 - INFO -   PASSED: Pop-up is visible
2026-04-10 13:02:19,545 - INFO - 
[VALIDATION 2] Extracting and Validating Text Content...
2026-04-10 13:02:19,583 - INFO -   Extracted Text: 'Login Successful'
2026-04-10 13:02:19,583 - INFO -   PASSED: Text matches exactly: 'Login Successful'
2026-04-10 13:02:19,583 - INFO - 
[VALIDATION 3] Checking for Typos...
2026-04-10 13:02:19,583 - INFO -   PASSED: No known typos detected
2026-04-10 13:02:19,583 - INFO - 
[VALIDATION 4] Extracting CSS Classes and Attributes...
2026-04-10 13:02:19,627 - INFO -   CSS Classes: snackbar success-snackbar
2026-04-10 13:02:19,627 - INFO -   PASSED: 'success' class is present
2026-04-10 13:02:19,627 - INFO - 
[VALIDATION 5] Checking Element Properties...
2026-04-10 13:02:19,738 - INFO -   ID: Not set
2026-04-10 13:02:19,738 - INFO -   Data-TestID: Not set
2026-04-10 13:02:19,738 - INFO -   Role: Not set
2026-04-10 13:02:19,738 - INFO -   ARIA Label: Not set
2026-04-10 13:02:19,738 - INFO - 
[VALIDATION 6] Checking Position and Size...
2026-04-10 13:02:19,900 - WARNING -   WARNING: Could not get bounding box
2026-04-10 13:02:19,900 - INFO - 
[VALIDATION 7] Checking Computed Styles...
2026-04-10 13:02:19,927 - ERROR - Validation error: TypeError: Failed to execute 'getComputedStyle' on 'Window': parameter 1 is not of type 'Element'.
    at eval (eval at evaluate (:226:30), <anonymous>:1:8)
    at eval (<anonymous>)
    at UtilityScript.evaluate (<anonymous>:226:30)
    at UtilityScript.<anonymous> (<anonymous>:1:44)
2026-04-10 13:02:19,927 - WARNING -   WARNING: Could not check computed styles - element may have disappeared
2026-04-10 13:02:19,927 - INFO - 
================================================================================
2026-04-10 13:02:19,940 - INFO - POP-UP VALIDATION SUMMARY
2026-04-10 13:02:19,940 - INFO - ================================================================================
2026-04-10 13:02:19,940 - INFO -   Visibility: PASSED
2026-04-10 13:02:19,940 - INFO -   Text Match: PASSED
2026-04-10 13:02:19,940 - INFO -   Typo Check: PASSED
2026-04-10 13:02:19,940 - INFO -   CSS Classes: Present
2026-04-10 13:02:19,943 - INFO -   Position & Size: Valid
2026-04-10 13:02:19,943 - INFO -   Computed Styles: Valid
2026-04-10 13:02:19,945 - INFO - ================================================================================

2026-04-10 13:02:19,945 - INFO - ✓ ALL VALIDATIONS PASSED - Pop-up is working correctly!
2026-04-10 13:02:21,775 - INFO - Screenshot captured: reports/RUN_20260410_130209\screenshots\03_Popup_Immediate_2_130220.png
2026-04-10 13:02:21,779 - INFO - Screenshot 2 captured - Attempting validation...
2026-04-10 13:02:21,780 - INFO - 
================================================================================
2026-04-10 13:02:21,781 - INFO - STARTING COMPREHENSIVE POP-UP VALIDATION
2026-04-10 13:02:21,782 - INFO - ================================================================================
2026-04-10 13:02:21,817 - ERROR - VALIDATION FAILED: Pop-up element not found!
2026-04-10 13:02:22,514 - INFO - Screenshot captured: reports/RUN_20260410_130209\screenshots\03_Popup_Immediate_3_130221.png
2026-04-10 13:02:22,515 - INFO - Screenshot 3 captured - Attempting validation...
2026-04-10 13:02:22,516 - INFO - 
================================================================================
2026-04-10 13:02:22,517 - INFO - STARTING COMPREHENSIVE POP-UP VALIDATION
2026-04-10 13:02:22,519 - INFO - ================================================================================
2026-04-10 13:02:22,559 - ERROR - VALIDATION FAILED: Pop-up element not found!
2026-04-10 13:02:22,695 - INFO - Logging DOM elements AFTER login click (pop-up should appear here)...
2026-04-10 13:02:22,696 - INFO - 
================================================================================
2026-04-10 13:02:22,698 - INFO - DOM SNAPSHOT AT STAGE: After_Login_Click
2026-04-10 13:02:22,698 - INFO - ================================================================================
2026-04-10 13:02:22,779 - INFO - 
Searching for pop-up elements in page content...
2026-04-10 13:02:23,341 - WARNING - ⚠ No known pop-up selectors found. Checking all visible divs...
2026-04-10 13:02:23,421 - INFO - Total DIV elements on page: 28
2026-04-10 13:02:23,741 - INFO -   Visible DIV 1: class='header-right' id='no-id' text='English
French
Spanish
Quantum Toll Authority
supe'
2026-04-10 13:02:23,903 - INFO -   Visible DIV 2: class='nav-user' id='no-id' text='Quantum Toll Authority
superadmin_qm@yopmail.com'
2026-04-10 13:02:24,108 - INFO -   Visible DIV 3: class='nav-user-info' id='no-id' text='Quantum Toll Authority
superadmin_qm@yopmail.com'
2026-04-10 13:02:24,263 - INFO -   Visible DIV 4: class='uname' id='no-id' text='Quantum Toll Authority'
2026-04-10 13:02:24,440 - INFO -   Visible DIV 5: class='urole' id='no-id' text='superadmin_qm@yopmail.com'
2026-04-10 13:02:24,594 - INFO -   Visible DIV 6: class='main-container' id='no-id' text='dashboard_2
group
decimal_increase
admin_panel_set'
2026-04-10 13:02:24,735 - INFO -   Visible DIV 7: class='inner' id='no-id' text='dashboard_2'
2026-04-10 13:02:24,854 - INFO -   Visible DIV 8: class='inner' id='no-id' text='group'
2026-04-10 13:02:24,967 - INFO -   Visible DIV 9: class='inner' id='no-id' text='decimal_increase'
2026-04-10 13:02:25,098 - INFO -   Visible DIV 10: class='inner' id='no-id' text='admin_panel_settings'
2026-04-10 13:02:25,235 - INFO -   Visible DIV 11: class='inner' id='no-id' text='nest_doorbell_visitor'
2026-04-10 13:02:25,372 - INFO -   Visible DIV 12: class='inner' id='no-id' text='key_visualizer'
2026-04-10 13:02:25,387 - INFO - 
================================================================================

2026-04-10 13:02:25,581 - INFO - Screenshot captured: reports/RUN_20260410_130209\screenshots\02_Just_After_Login_Click_130225.png
2026-04-10 13:02:25,927 - INFO - Starting Onboarding Flow Test
2026-04-10 13:02:25,927 - INFO - Starting navigation to Onboard Customer page...
2026-04-10 13:02:25,927 - INFO - Clicking Workbench icon...
2026-04-10 13:02:26,553 - INFO - Workbench menu expanded.
2026-04-10 13:02:26,554 - INFO - Clicking 'Manage Accounts' sub-menu...
2026-04-10 13:02:27,151 - INFO - 'Manage Accounts' submenu expanded.
2026-04-10 13:02:27,151 - INFO - Clicking 'Onboard a Customer' link...
2026-04-10 13:02:28,937 - INFO - Successfully navigated to Onboard Customer page.
2026-04-10 13:02:29,408 - INFO - Screenshot captured: reports/RUN_20260410_130209\screenshots\02_Onboard_Customer_Landing_130228.png
2026-04-10 13:02:29,409 - INFO - Filling Onboarding details for United States...
2026-04-10 13:02:31,412 - INFO - Filled First Name: Seher
2026-04-10 13:02:32,925 - INFO - Filled Last Name: Iyer
2026-04-10 13:02:34,054 - INFO - Checked: Use Same for Billing
2026-04-10 13:02:35,164 - INFO - Checked: Use Same for Shipping
2026-04-10 13:02:36,263 - INFO - Checked: Primary Address
2026-04-10 13:02:40,737 - INFO - Filled Address: 123 Automation Way
2026-04-10 13:02:42,136 - INFO - Filled Zip Code: 12345
2026-04-10 13:02:44,119 - INFO - Filled Unique Phone Number: 9325982531
2026-04-10 13:02:45,593 - INFO - Filled Email: auto_seher@test.com
2026-04-10 13:02:47,043 - INFO - Filled Confirm Email: auto_seher@test.com
2026-04-10 13:02:47,043 - INFO - Clicking 'Save & Next'...
2026-04-10 13:02:48,203 - INFO - Clicked 'Save & Next' button.
2026-04-10 13:02:48,290 - ERROR - Timeout waiting for success message: Error: strict mode violation: get_by_text("Temporary Account successfully created") resolved to 2 elements:
    1) <div _ngcontent-ng-c3595372561="" class="snackbar suc…> Temporary Account successfully created </div> aka locator("app-host-header").get_by_text("Temporary Account")
    2) <div _ngcontent-ng-c3595372561="" class="snackbar suc…> Temporary Account successfully created </div> aka get_by_role("main").get_by_text("Temporary Account")

2026-04-10 13:02:48,461 - INFO - Screenshot captured: reports/RUN_20260410_130209\screenshots\04_Step1_Submission_Error_130248.png
2026-04-10 14:44:19,116 - INFO - Test Session Started.
2026-04-10 14:44:19,116 - INFO - Navigating to Login Page: http://operator-qa.qmaastech.com/
2026-04-10 14:44:19,118 - INFO - Navigating to: http://operator-qa.qmaastech.com/
2026-04-10 14:44:21,629 - INFO - Attempting login for user: superadmin_qm@yopmail.com
2026-04-10 14:44:23,368 - INFO - Logging DOM elements BEFORE login click...
2026-04-10 14:44:23,370 - INFO - 
================================================================================
2026-04-10 14:44:23,370 - INFO - DOM SNAPSHOT AT STAGE: Before_Login
2026-04-10 14:44:23,370 - INFO - ================================================================================
2026-04-10 14:44:23,384 - INFO - 
Searching for pop-up elements in page content...
2026-04-10 14:44:23,713 - WARNING - ⚠ No known pop-up selectors found. Checking all visible divs...
2026-04-10 14:44:23,758 - INFO - Total DIV elements on page: 20
2026-04-10 14:44:24,432 - INFO -   Visible DIV 1: class='hero-pills' id='no-id' text='bolt
Real-time
smart_toy
AI-driven
hub
Multi-agenc'
2026-04-10 14:44:24,604 - INFO -   Visible DIV 2: class='auth-panel' id='no-id' text='Welcome Back

Sign in to your account to continue
'
2026-04-10 14:44:24,696 - INFO -   Visible DIV 3: class='auth-card' id='no-id' text='Welcome Back

Sign in to your account to continue
'
2026-04-10 14:44:24,796 - INFO -   Visible DIV 4: class='auth-step' id='no-id' text='Welcome Back

Sign in to your account to continue
'
2026-04-10 14:44:24,949 - INFO -   Visible DIV 5: class='field-wrap' id='no-id' text='Email ID / Username *
person'
2026-04-10 14:44:25,082 - INFO -   Visible DIV 6: class='input-shell' id='no-id' text='person'
2026-04-10 14:44:25,194 - INFO -   Visible DIV 7: class='field-wrap' id='no-id' text='Password *
lock
visibility_off'
2026-04-10 14:44:25,320 - INFO -   Visible DIV 8: class='input-shell' id='no-id' text='lock
visibility_off'
2026-04-10 14:44:25,455 - INFO -   Visible DIV 9: class='auth-bottom-links' id='no-id' text='New user?  Access Account

Forgot password?'
2026-04-10 14:44:25,512 - INFO - 
================================================================================

2026-04-10 14:44:26,146 - INFO - Login button clicked.
2026-04-10 14:44:26,148 - INFO - Taking rapid screenshots and validating pop-up...
2026-04-10 14:44:26,887 - INFO - Screenshot captured: reports/RUN_20260410_144412\screenshots\03_Popup_Immediate_1_144426.png
2026-04-10 14:44:26,887 - INFO - Screenshot 1 captured - Attempting validation...
2026-04-10 14:44:26,887 - INFO - 
================================================================================
2026-04-10 14:44:26,887 - INFO - STARTING COMPREHENSIVE POP-UP VALIDATION
2026-04-10 14:44:26,891 - INFO - ================================================================================
2026-04-10 14:44:26,922 - INFO - 
[VALIDATION 1] Checking Pop-up Visibility...
2026-04-10 14:44:26,959 - INFO -   Visibility Status: True
2026-04-10 14:44:26,960 - INFO -   PASSED: Pop-up is visible
2026-04-10 14:44:26,960 - INFO - 
[VALIDATION 2] Extracting and Validating Text Content...
2026-04-10 14:44:26,972 - INFO -   Extracted Text: 'Login Successful'
2026-04-10 14:44:26,972 - INFO -   PASSED: Text matches exactly: 'Login Successful'
2026-04-10 14:44:26,974 - INFO - 
[VALIDATION 3] Checking for Typos...
2026-04-10 14:44:26,983 - INFO -   PASSED: No known typos detected
2026-04-10 14:44:26,988 - INFO - 
[VALIDATION 4] Extracting CSS Classes and Attributes...
2026-04-10 14:44:27,004 - INFO -   CSS Classes: snackbar success-snackbar
2026-04-10 14:44:27,004 - INFO -   PASSED: 'success' class is present
2026-04-10 14:44:27,004 - INFO - 
[VALIDATION 5] Checking Element Properties...
2026-04-10 14:44:27,117 - INFO -   ID: Not set
2026-04-10 14:44:27,117 - INFO -   Data-TestID: Not set
2026-04-10 14:44:27,117 - INFO -   Role: Not set
2026-04-10 14:44:27,120 - INFO -   ARIA Label: Not set
2026-04-10 14:44:27,132 - INFO - 
[VALIDATION 6] Checking Position and Size...
2026-04-10 14:44:27,148 - INFO -   X: 1210, Y: 20
2026-04-10 14:44:27,148 - INFO -   Width: 250, Height: 43.5
2026-04-10 14:44:27,148 - INFO -   PASSED: Element has valid dimensions
2026-04-10 14:44:27,148 - INFO - 
[VALIDATION 7] Checking Computed Styles...
2026-04-10 14:44:27,358 - ERROR - Validation error: TypeError: Failed to execute 'getComputedStyle' on 'Window': parameter 1 is not of type 'Element'.
    at eval (eval at evaluate (:226:30), <anonymous>:1:8)
    at eval (<anonymous>)
    at UtilityScript.evaluate (<anonymous>:226:30)
    at UtilityScript.<anonymous> (<anonymous>:1:44)
2026-04-10 14:44:27,359 - WARNING -   WARNING: Could not check computed styles - element may have disappeared
2026-04-10 14:44:27,360 - INFO - 
================================================================================
2026-04-10 14:44:27,361 - INFO - POP-UP VALIDATION SUMMARY
2026-04-10 14:44:27,362 - INFO - ================================================================================
2026-04-10 14:44:27,362 - INFO -   Visibility: PASSED
2026-04-10 14:44:27,362 - INFO -   Text Match: PASSED
2026-04-10 14:44:27,363 - INFO -   Typo Check: PASSED
2026-04-10 14:44:27,364 - INFO -   CSS Classes: Present
2026-04-10 14:44:27,369 - INFO -   Position & Size: Valid
2026-04-10 14:44:27,369 - INFO -   Computed Styles: Valid
2026-04-10 14:44:27,378 - INFO - ================================================================================

2026-04-10 14:44:27,378 - INFO - ✓ ALL VALIDATIONS PASSED - Pop-up is working correctly!
2026-04-10 14:44:29,146 - INFO - Screenshot captured: reports/RUN_20260410_144412\screenshots\03_Popup_Immediate_2_144427.png
2026-04-10 14:44:29,149 - INFO - Screenshot 2 captured - Attempting validation...
2026-04-10 14:44:29,150 - INFO - 
================================================================================
2026-04-10 14:44:29,150 - INFO - STARTING COMPREHENSIVE POP-UP VALIDATION
2026-04-10 14:44:29,151 - INFO - ================================================================================
2026-04-10 14:44:29,188 - ERROR - VALIDATION FAILED: Pop-up element not found!
2026-04-10 14:44:30,017 - INFO - Screenshot captured: reports/RUN_20260410_144412\screenshots\03_Popup_Immediate_3_144429.png
2026-04-10 14:44:30,018 - INFO - Screenshot 3 captured - Attempting validation...
2026-04-10 14:44:30,019 - INFO - 
================================================================================
2026-04-10 14:44:30,019 - INFO - STARTING COMPREHENSIVE POP-UP VALIDATION
2026-04-10 14:44:30,020 - INFO - ================================================================================
2026-04-10 14:44:30,073 - ERROR - VALIDATION FAILED: Pop-up element not found!
2026-04-10 14:44:30,239 - INFO - Logging DOM elements AFTER login click (pop-up should appear here)...
2026-04-10 14:44:30,240 - INFO - 
================================================================================
2026-04-10 14:44:30,240 - INFO - DOM SNAPSHOT AT STAGE: After_Login_Click
2026-04-10 14:44:30,241 - INFO - ================================================================================
2026-04-10 14:44:30,313 - INFO - 
Searching for pop-up elements in page content...
2026-04-10 14:44:30,787 - WARNING - ⚠ No known pop-up selectors found. Checking all visible divs...
2026-04-10 14:44:30,860 - INFO - Total DIV elements on page: 28
2026-04-10 14:44:31,144 - INFO -   Visible DIV 1: class='header-right' id='no-id' text='English
French
Spanish
Quantum Toll Authority
supe'
2026-04-10 14:44:31,316 - INFO -   Visible DIV 2: class='nav-user' id='no-id' text='Quantum Toll Authority
superadmin_qm@yopmail.com'
2026-04-10 14:44:31,507 - INFO -   Visible DIV 3: class='nav-user-info' id='no-id' text='Quantum Toll Authority
superadmin_qm@yopmail.com'
2026-04-10 14:44:31,648 - INFO -   Visible DIV 4: class='uname' id='no-id' text='Quantum Toll Authority'
2026-04-10 14:44:31,783 - INFO -   Visible DIV 5: class='urole' id='no-id' text='superadmin_qm@yopmail.com'
2026-04-10 14:44:31,908 - INFO -   Visible DIV 6: class='main-container' id='no-id' text='dashboard_2
group
decimal_increase
admin_panel_set'
2026-04-10 14:44:32,040 - INFO -   Visible DIV 7: class='inner' id='no-id' text='dashboard_2'
2026-04-10 14:44:32,138 - INFO -   Visible DIV 8: class='inner' id='no-id' text='group'
2026-04-10 14:44:32,295 - INFO -   Visible DIV 9: class='inner' id='no-id' text='decimal_increase'
2026-04-10 14:44:32,466 - INFO -   Visible DIV 10: class='inner' id='no-id' text='admin_panel_settings'
2026-04-10 14:44:32,606 - INFO -   Visible DIV 11: class='inner' id='no-id' text='nest_doorbell_visitor'
2026-04-10 14:44:32,702 - INFO -   Visible DIV 12: class='inner' id='no-id' text='key_visualizer'
2026-04-10 14:44:32,717 - INFO - 
================================================================================

2026-04-10 14:44:32,910 - INFO - Screenshot captured: reports/RUN_20260410_144412\screenshots\02_Just_After_Login_Click_144432.png
2026-04-10 14:44:33,347 - INFO - Starting Onboarding Flow Test
2026-04-10 14:44:33,347 - INFO - Starting navigation to Onboard Customer page...
2026-04-10 14:44:33,347 - INFO - Clicking Workbench icon...
2026-04-10 14:44:34,051 - INFO - Workbench menu expanded.
2026-04-10 14:44:34,052 - INFO - Clicking 'Manage Accounts' sub-menu...
2026-04-10 14:44:34,661 - INFO - 'Manage Accounts' submenu expanded.
2026-04-10 14:44:34,662 - INFO - Clicking 'Onboard a Customer' link...
2026-04-10 14:44:36,226 - INFO - Successfully navigated to Onboard Customer page.
2026-04-10 14:44:36,811 - INFO - Screenshot captured: reports/RUN_20260410_144412\screenshots\02_Onboard_Customer_Landing_144436.png
2026-04-10 14:44:36,812 - INFO - Filling Onboarding details for United States...
2026-04-10 14:44:38,856 - INFO - Filled First Name: Mahika
2026-04-10 14:44:40,352 - INFO - Filled Last Name: Mall
2026-04-10 14:44:41,573 - INFO - Checked: Use Same for Billing
2026-04-10 14:44:42,721 - INFO - Checked: Use Same for Shipping
2026-04-10 14:44:43,855 - INFO - Checked: Primary Address
2026-04-10 14:44:48,601 - INFO - Filled Address: 123 Automation Way
2026-04-10 14:44:50,068 - INFO - Filled Zip Code: 12345
2026-04-10 14:44:52,117 - INFO - Filled Unique Phone Number: 8681489206
2026-04-10 14:44:53,605 - INFO - Filled Email: auto_mahika@test.com
2026-04-10 14:44:55,111 - INFO - Filled Confirm Email: auto_mahika@test.com
2026-04-10 14:44:55,111 - INFO - Clicking 'Save & Next'...
2026-04-10 14:44:56,333 - INFO - Clicked 'Save & Next' button.
2026-04-10 14:44:56,430 - ERROR - Timeout waiting for success message: Error: strict mode violation: get_by_text("Temporary Account successfully created") resolved to 2 elements:
    1) <div _ngcontent-ng-c3595372561="" class="snackbar suc…> Temporary Account successfully created </div> aka locator("app-host-header").get_by_text("Temporary Account")
    2) <div _ngcontent-ng-c3595372561="" class="snackbar suc…> Temporary Account successfully created </div> aka get_by_role("main").get_by_text("Temporary Account")

2026-04-10 14:44:56,602 - INFO - Screenshot captured: reports/RUN_20260410_144412\screenshots\04_Step1_Submission_Error_144456.png
2026-04-10 14:47:07,081 - INFO - Test Session Started.
2026-04-10 14:47:07,084 - INFO - Navigating to Login Page: http://operator-qa.qmaastech.com/
2026-04-10 14:47:07,085 - INFO - Navigating to: http://operator-qa.qmaastech.com/
2026-04-10 14:47:09,861 - INFO - Attempting login for user: superadmin_qm@yopmail.com
2026-04-10 14:47:11,615 - INFO - Logging DOM elements BEFORE login click...
2026-04-10 14:47:11,617 - INFO - 
================================================================================
2026-04-10 14:47:11,617 - INFO - DOM SNAPSHOT AT STAGE: Before_Login
2026-04-10 14:47:11,619 - INFO - ================================================================================
2026-04-10 14:47:11,650 - INFO - 
Searching for pop-up elements in page content...
2026-04-10 14:47:12,073 - WARNING - ⚠ No known pop-up selectors found. Checking all visible divs...
2026-04-10 14:47:12,151 - INFO - Total DIV elements on page: 20
2026-04-10 14:47:12,983 - INFO -   Visible DIV 1: class='hero-pills' id='no-id' text='bolt
Real-time
smart_toy
AI-driven
hub
Multi-agenc'
2026-04-10 14:47:13,142 - INFO -   Visible DIV 2: class='auth-panel' id='no-id' text='Welcome Back

Sign in to your account to continue
'
2026-04-10 14:47:13,263 - INFO -   Visible DIV 3: class='auth-card' id='no-id' text='Welcome Back

Sign in to your account to continue
'
2026-04-10 14:47:13,412 - INFO -   Visible DIV 4: class='auth-step' id='no-id' text='Welcome Back

Sign in to your account to continue
'
2026-04-10 14:47:13,643 - INFO -   Visible DIV 5: class='field-wrap' id='no-id' text='Email ID / Username *
person'
2026-04-10 14:47:13,795 - INFO -   Visible DIV 6: class='input-shell' id='no-id' text='person'
2026-04-10 14:47:13,953 - INFO -   Visible DIV 7: class='field-wrap' id='no-id' text='Password *
lock
visibility_off'
2026-04-10 14:47:14,096 - INFO -   Visible DIV 8: class='input-shell' id='no-id' text='lock
visibility_off'
2026-04-10 14:47:14,243 - INFO -   Visible DIV 9: class='auth-bottom-links' id='no-id' text='New user?  Access Account

Forgot password?'
2026-04-10 14:47:14,312 - INFO - 
================================================================================

2026-04-10 14:47:14,923 - INFO - Login button clicked.
2026-04-10 14:47:14,929 - INFO - Taking rapid screenshots and validating pop-up...
2026-04-10 14:47:16,026 - INFO - Screenshot captured: reports/RUN_20260410_144704\screenshots\03_Popup_Immediate_1_144714.png
2026-04-10 14:47:16,028 - INFO - Screenshot 1 captured - Attempting validation...
2026-04-10 14:47:16,029 - INFO - 
================================================================================
2026-04-10 14:47:16,030 - INFO - STARTING COMPREHENSIVE POP-UP VALIDATION
2026-04-10 14:47:16,031 - INFO - ================================================================================
2026-04-10 14:47:16,323 - ERROR - VALIDATION FAILED: Pop-up element not found!
2026-04-10 14:47:19,426 - INFO - Screenshot captured: reports/RUN_20260410_144704\screenshots\03_Popup_Immediate_2_144716.png
2026-04-10 14:47:19,426 - INFO - Screenshot 2 captured - Attempting validation...
2026-04-10 14:47:19,426 - INFO - 
================================================================================
2026-04-10 14:47:19,426 - INFO - STARTING COMPREHENSIVE POP-UP VALIDATION
2026-04-10 14:47:19,429 - INFO - ================================================================================
2026-04-10 14:47:19,452 - ERROR - VALIDATION FAILED: Pop-up element not found!
2026-04-10 14:47:22,957 - INFO - Screenshot captured: reports/RUN_20260410_144704\screenshots\03_Popup_Immediate_3_144719.png
2026-04-10 14:47:22,959 - INFO - Screenshot 3 captured - Attempting validation...
2026-04-10 14:47:22,961 - INFO - 
================================================================================
2026-04-10 14:47:22,965 - INFO - STARTING COMPREHENSIVE POP-UP VALIDATION
2026-04-10 14:47:22,965 - INFO - ================================================================================
2026-04-10 14:47:22,996 - ERROR - VALIDATION FAILED: Pop-up element not found!
2026-04-10 14:47:23,163 - INFO - Logging DOM elements AFTER login click (pop-up should appear here)...
2026-04-10 14:47:23,163 - INFO - 
================================================================================
2026-04-10 14:47:23,163 - INFO - DOM SNAPSHOT AT STAGE: After_Login_Click
2026-04-10 14:47:23,163 - INFO - ================================================================================
2026-04-10 14:47:23,229 - INFO - 
Searching for pop-up elements in page content...
2026-04-10 14:47:24,057 - WARNING - ⚠ No known pop-up selectors found. Checking all visible divs...
2026-04-10 14:47:24,211 - INFO - Total DIV elements on page: 28
2026-04-10 14:47:24,632 - INFO -   Visible DIV 1: class='header-right' id='no-id' text='English
French
Spanish
Quantum Toll Authority
supe'
2026-04-10 14:47:24,778 - INFO -   Visible DIV 2: class='nav-user' id='no-id' text='Quantum Toll Authority
superadmin_qm@yopmail.com'
2026-04-10 14:47:25,013 - INFO -   Visible DIV 3: class='nav-user-info' id='no-id' text='Quantum Toll Authority
superadmin_qm@yopmail.com'
2026-04-10 14:47:25,163 - INFO -   Visible DIV 4: class='uname' id='no-id' text='Quantum Toll Authority'
2026-04-10 14:47:25,322 - INFO -   Visible DIV 5: class='urole' id='no-id' text='superadmin_qm@yopmail.com'
2026-04-10 14:47:25,421 - INFO -   Visible DIV 6: class='main-container' id='no-id' text='dashboard_2
group
decimal_increase
admin_panel_set'
2026-04-10 14:47:25,552 - INFO -   Visible DIV 7: class='inner' id='no-id' text='dashboard_2'
2026-04-10 14:47:25,731 - INFO -   Visible DIV 8: class='inner' id='no-id' text='group'
2026-04-10 14:47:25,872 - INFO -   Visible DIV 9: class='inner' id='no-id' text='decimal_increase'
2026-04-10 14:47:25,991 - INFO -   Visible DIV 10: class='inner' id='no-id' text='admin_panel_settings'
2026-04-10 14:47:26,124 - INFO -   Visible DIV 11: class='inner' id='no-id' text='nest_doorbell_visitor'
2026-04-10 14:47:26,239 - INFO -   Visible DIV 12: class='inner' id='no-id' text='key_visualizer'
2026-04-10 14:47:26,271 - INFO - 
================================================================================

2026-04-10 14:47:27,077 - INFO - Screenshot captured: reports/RUN_20260410_144704\screenshots\02_Just_After_Login_Click_144726.png
2026-04-10 14:47:27,437 - INFO - Starting Onboarding Flow Test
2026-04-10 14:47:27,437 - INFO - Starting navigation to Onboard Customer page...
2026-04-10 14:47:27,437 - INFO - Clicking Workbench icon...
2026-04-10 14:47:28,159 - INFO - Workbench menu expanded.
2026-04-10 14:47:28,161 - INFO - Clicking 'Manage Accounts' sub-menu...
2026-04-10 14:47:28,795 - INFO - 'Manage Accounts' submenu expanded.
2026-04-10 14:47:28,797 - INFO - Clicking 'Onboard a Customer' link...
2026-04-10 14:47:30,894 - INFO - Successfully navigated to Onboard Customer page.
2026-04-10 14:47:31,964 - INFO - Screenshot captured: reports/RUN_20260410_144704\screenshots\02_Onboard_Customer_Landing_144730.png
2026-04-10 14:47:31,972 - INFO - Filling Onboarding details for United States...
2026-04-10 14:47:34,010 - INFO - Filled First Name: Jivika
2026-04-10 14:47:35,488 - INFO - Filled Last Name: Lad
2026-04-10 14:47:36,741 - INFO - Checked: Use Same for Billing
2026-04-10 14:47:37,910 - INFO - Checked: Use Same for Shipping
2026-04-10 14:47:39,063 - INFO - Checked: Primary Address
2026-04-10 14:47:43,681 - INFO - Filled Address: 123 Automation Way
2026-04-10 14:47:45,123 - INFO - Filled Zip Code: 12345
2026-04-10 14:47:47,083 - INFO - Filled Unique Phone Number: 9526966154
2026-04-10 14:47:48,508 - INFO - Filled Email: auto_jivika@test.com
2026-04-10 14:47:49,976 - INFO - Filled Confirm Email: auto_jivika@test.com
2026-04-10 14:47:49,976 - INFO - Clicking 'Save & Next'...
2026-04-10 14:47:51,270 - INFO - Clicked 'Save & Next' button.
2026-04-10 14:53:07,739 - INFO - Test Session Started.
2026-04-10 14:53:07,742 - INFO - Navigating to Login Page: http://operator-qa.qmaastech.com/
2026-04-10 14:53:07,744 - INFO - Navigating to: http://operator-qa.qmaastech.com/
2026-04-10 14:53:10,559 - INFO - Attempting login for user: superadmin_qm@yopmail.com
2026-04-10 14:53:12,341 - INFO - Logging DOM elements BEFORE login click...
2026-04-10 14:53:12,341 - INFO - 
================================================================================
2026-04-10 14:53:12,341 - INFO - DOM SNAPSHOT AT STAGE: Before_Login
2026-04-10 14:53:12,341 - INFO - ================================================================================
2026-04-10 14:53:12,372 - INFO - 
Searching for pop-up elements in page content...
2026-04-10 14:53:12,729 - WARNING - ⚠ No known pop-up selectors found. Checking all visible divs...
2026-04-10 14:53:12,796 - INFO - Total DIV elements on page: 20
2026-04-10 14:53:13,414 - INFO -   Visible DIV 1: class='hero-pills' id='no-id' text='bolt
Real-time
smart_toy
AI-driven
hub
Multi-agenc'
2026-04-10 14:53:13,569 - INFO -   Visible DIV 2: class='auth-panel' id='no-id' text='Welcome Back

Sign in to your account to continue
'
2026-04-10 14:53:13,640 - INFO -   Visible DIV 3: class='auth-card' id='no-id' text='Welcome Back

Sign in to your account to continue
'
2026-04-10 14:53:13,743 - INFO -   Visible DIV 4: class='auth-step' id='no-id' text='Welcome Back

Sign in to your account to continue
'
2026-04-10 14:53:13,878 - INFO -   Visible DIV 5: class='field-wrap' id='no-id' text='Email ID / Username *
person'
2026-04-10 14:53:13,977 - INFO -   Visible DIV 6: class='input-shell' id='no-id' text='person'
2026-04-10 14:53:14,071 - INFO -   Visible DIV 7: class='field-wrap' id='no-id' text='Password *
lock
visibility_off'
2026-04-10 14:53:14,155 - INFO -   Visible DIV 8: class='input-shell' id='no-id' text='lock
visibility_off'
2026-04-10 14:53:14,247 - INFO -   Visible DIV 9: class='auth-bottom-links' id='no-id' text='New user?  Access Account

Forgot password?'
2026-04-10 14:53:14,288 - INFO - 
================================================================================

2026-04-10 14:53:14,865 - INFO - Login button clicked.
2026-04-10 14:53:14,871 - INFO - Taking rapid screenshots and validating pop-up...
2026-04-10 14:53:15,528 - INFO - Screenshot captured: reports/RUN_20260410_145304\screenshots\03_Popup_Immediate_1_145314.png
2026-04-10 14:53:15,529 - INFO - Screenshot 1 captured - Attempting validation...
2026-04-10 14:53:15,529 - INFO - 
================================================================================
2026-04-10 14:53:15,531 - INFO - STARTING COMPREHENSIVE POP-UP VALIDATION
2026-04-10 14:53:15,531 - INFO - ================================================================================
2026-04-10 14:53:15,557 - INFO - 
[VALIDATION 1] Checking Pop-up Visibility...
2026-04-10 14:53:15,606 - INFO -   Visibility Status: True
2026-04-10 14:53:15,606 - INFO -   PASSED: Pop-up is visible
2026-04-10 14:53:15,606 - INFO - 
[VALIDATION 2] Extracting and Validating Text Content...
2026-04-10 14:53:15,643 - INFO -   Extracted Text: 'Login Successful'
2026-04-10 14:53:15,643 - INFO -   PASSED: Text matches exactly: 'Login Successful'
2026-04-10 14:53:15,643 - INFO - 
[VALIDATION 3] Checking for Typos...
2026-04-10 14:53:15,643 - INFO -   PASSED: No known typos detected
2026-04-10 14:53:15,643 - INFO - 
[VALIDATION 4] Extracting CSS Classes and Attributes...
2026-04-10 14:53:15,675 - INFO -   CSS Classes: snackbar success-snackbar
2026-04-10 14:53:15,676 - INFO -   PASSED: 'success' class is present
2026-04-10 14:53:15,677 - INFO - 
[VALIDATION 5] Checking Element Properties...
2026-04-10 14:53:15,769 - INFO -   ID: Not set
2026-04-10 14:53:15,769 - INFO -   Data-TestID: Not set
2026-04-10 14:53:15,771 - INFO -   Role: Not set
2026-04-10 14:53:15,772 - INFO -   ARIA Label: Not set
2026-04-10 14:53:15,772 - INFO - 
[VALIDATION 6] Checking Position and Size...
2026-04-10 14:53:15,789 - INFO -   X: 1210, Y: 20
2026-04-10 14:53:15,789 - INFO -   Width: 250, Height: 43.5
2026-04-10 14:53:15,789 - INFO -   PASSED: Element has valid dimensions
2026-04-10 14:53:15,789 - INFO - 
[VALIDATION 7] Checking Computed Styles...
2026-04-10 14:53:15,828 - INFO -   Display: block
2026-04-10 14:53:15,828 - INFO -   Opacity: 1
2026-04-10 14:53:15,828 - INFO -   PASSED: Element is displayed with proper opacity
2026-04-10 14:53:15,828 - INFO - 
================================================================================
2026-04-10 14:53:15,828 - INFO - POP-UP VALIDATION SUMMARY
2026-04-10 14:53:15,828 - INFO - ================================================================================
2026-04-10 14:53:15,841 - INFO -   Visibility: PASSED
2026-04-10 14:53:15,841 - INFO -   Text Match: PASSED
2026-04-10 14:53:15,841 - INFO -   Typo Check: PASSED
2026-04-10 14:53:15,841 - INFO -   CSS Classes: Present
2026-04-10 14:53:15,841 - INFO -   Position & Size: Valid
2026-04-10 14:53:15,841 - INFO -   Computed Styles: Valid
2026-04-10 14:53:15,841 - INFO - ================================================================================

2026-04-10 14:53:15,844 - INFO - ✓ ALL VALIDATIONS PASSED - Pop-up is working correctly!
2026-04-10 14:53:16,295 - INFO - Screenshot captured: reports/RUN_20260410_145304\screenshots\03_Popup_Immediate_2_145315.png
2026-04-10 14:53:16,297 - INFO - Screenshot 2 captured - Attempting validation...
2026-04-10 14:53:16,297 - INFO - 
================================================================================
2026-04-10 14:53:16,298 - INFO - STARTING COMPREHENSIVE POP-UP VALIDATION
2026-04-10 14:53:16,299 - INFO - ================================================================================
2026-04-10 14:53:16,331 - ERROR - VALIDATION FAILED: Pop-up element not found!
2026-04-10 14:53:17,562 - INFO - Screenshot captured: reports/RUN_20260410_145304\screenshots\03_Popup_Immediate_3_145316.png
2026-04-10 14:53:17,563 - INFO - Screenshot 3 captured - Attempting validation...
2026-04-10 14:53:17,564 - INFO - 
================================================================================
2026-04-10 14:53:17,565 - INFO - STARTING COMPREHENSIVE POP-UP VALIDATION
2026-04-10 14:53:17,565 - INFO - ================================================================================
2026-04-10 14:53:17,604 - ERROR - VALIDATION FAILED: Pop-up element not found!
2026-04-10 14:53:17,753 - INFO - Logging DOM elements AFTER login click (pop-up should appear here)...
2026-04-10 14:53:17,753 - INFO - 
================================================================================
2026-04-10 14:53:17,753 - INFO - DOM SNAPSHOT AT STAGE: After_Login_Click
2026-04-10 14:53:17,753 - INFO - ================================================================================
2026-04-10 14:53:17,777 - INFO - 
Searching for pop-up elements in page content...
2026-04-10 14:53:18,183 - WARNING - ⚠ No known pop-up selectors found. Checking all visible divs...
2026-04-10 14:53:18,272 - INFO - Total DIV elements on page: 28
2026-04-10 14:53:18,644 - INFO -   Visible DIV 1: class='header-right' id='no-id' text='English
French
Spanish
Quantum Toll Authority
supe'
2026-04-10 14:53:18,823 - INFO -   Visible DIV 2: class='nav-user' id='no-id' text='Quantum Toll Authority
superadmin_qm@yopmail.com'
2026-04-10 14:53:19,115 - INFO -   Visible DIV 3: class='nav-user-info' id='no-id' text='Quantum Toll Authority
superadmin_qm@yopmail.com'
2026-04-10 14:53:19,263 - INFO -   Visible DIV 4: class='uname' id='no-id' text='Quantum Toll Authority'
2026-04-10 14:53:19,409 - INFO -   Visible DIV 5: class='urole' id='no-id' text='superadmin_qm@yopmail.com'
2026-04-10 14:53:19,534 - INFO -   Visible DIV 6: class='main-container' id='no-id' text='dashboard_2
group
decimal_increase
admin_panel_set'
2026-04-10 14:53:19,671 - INFO -   Visible DIV 7: class='inner' id='no-id' text='dashboard_2'
2026-04-10 14:53:19,798 - INFO -   Visible DIV 8: class='inner' id='no-id' text='group'
2026-04-10 14:53:19,945 - INFO -   Visible DIV 9: class='inner' id='no-id' text='decimal_increase'
2026-04-10 14:53:20,093 - INFO -   Visible DIV 10: class='inner' id='no-id' text='admin_panel_settings'
2026-04-10 14:53:20,229 - INFO -   Visible DIV 11: class='inner' id='no-id' text='nest_doorbell_visitor'
2026-04-10 14:53:20,370 - INFO -   Visible DIV 12: class='inner' id='no-id' text='key_visualizer'
2026-04-10 14:53:20,395 - INFO - 
================================================================================

2026-04-10 14:53:20,848 - INFO - Screenshot captured: reports/RUN_20260410_145304\screenshots\02_Just_After_Login_Click_145320.png
2026-04-10 14:53:21,193 - INFO - Starting Onboarding Flow Test
2026-04-10 14:53:21,194 - INFO - Starting navigation to Onboard Customer page...
2026-04-10 14:53:21,195 - INFO - Clicking Workbench icon...
2026-04-10 14:53:21,861 - INFO - Workbench menu expanded.
2026-04-10 14:53:21,862 - INFO - Clicking 'Manage Accounts' sub-menu...
2026-04-10 14:53:22,473 - INFO - 'Manage Accounts' submenu expanded.
2026-04-10 14:53:22,475 - INFO - Clicking 'Onboard a Customer' link...
2026-04-10 14:53:24,080 - INFO - Successfully navigated to Onboard Customer page.
2026-04-10 14:53:24,597 - INFO - Screenshot captured: reports/RUN_20260410_145304\screenshots\02_Onboard_Customer_Landing_145324.png
2026-04-10 14:53:24,599 - INFO - Filling Onboarding details for United States...
2026-04-10 14:53:26,574 - INFO - Filled First Name: Ranbir
2026-04-10 14:53:28,039 - INFO - Filled Last Name: Arora
2026-04-10 14:53:29,204 - INFO - Checked: Use Same for Billing
2026-04-10 14:53:30,339 - INFO - Checked: Use Same for Shipping
2026-04-10 14:53:31,476 - INFO - Checked: Primary Address
2026-04-10 14:53:36,064 - INFO - Filled Address: 123 Automation Way
2026-04-10 14:53:37,512 - INFO - Filled Zip Code: 12345
2026-04-10 14:53:39,533 - INFO - Filled Unique Phone Number: 8735344338
2026-04-10 14:53:41,002 - INFO - Filled Email: auto_ranbir@test.com
2026-04-10 14:53:42,439 - INFO - Filled Confirm Email: auto_ranbir@test.com
2026-04-10 14:53:42,439 - INFO - Clicking 'Save & Next'...
2026-04-10 14:53:43,589 - INFO - Clicked 'Save & Next' button.
2026-04-10 14:53:58,622 - ERROR - Verification failed or timed out: Timeout 15000ms exceeded.
2026-04-10 14:53:58,841 - INFO - Screenshot captured: reports/RUN_20260410_145304\screenshots\Step1_Verification_Failure_145358.png
2026-04-10 14:59:02,362 - INFO - Test Session Started.
2026-04-10 14:59:02,367 - INFO - Navigating to Login Page: http://operator-qa.qmaastech.com/
2026-04-10 14:59:02,368 - INFO - Navigating to: http://operator-qa.qmaastech.com/
2026-04-10 14:59:04,753 - INFO - Attempting login for user: superadmin_qm@yopmail.com
2026-04-10 14:59:06,502 - INFO - Logging DOM elements BEFORE login click...
2026-04-10 14:59:06,503 - INFO - 
================================================================================
2026-04-10 14:59:06,503 - INFO - DOM SNAPSHOT AT STAGE: Before_Login
2026-04-10 14:59:06,505 - INFO - ================================================================================
2026-04-10 14:59:06,552 - INFO - 
Searching for pop-up elements in page content...
2026-04-10 14:59:06,835 - WARNING - ⚠ No known pop-up selectors found. Checking all visible divs...
2026-04-10 14:59:06,908 - INFO - Total DIV elements on page: 20
2026-04-10 14:59:07,538 - INFO -   Visible DIV 1: class='hero-pills' id='no-id' text='bolt
Real-time
smart_toy
AI-driven
hub
Multi-agenc'
2026-04-10 14:59:07,707 - INFO -   Visible DIV 2: class='auth-panel' id='no-id' text='Welcome Back

Sign in to your account to continue
'
2026-04-10 14:59:07,786 - INFO -   Visible DIV 3: class='auth-card' id='no-id' text='Welcome Back

Sign in to your account to continue
'
2026-04-10 14:59:07,889 - INFO -   Visible DIV 4: class='auth-step' id='no-id' text='Welcome Back

Sign in to your account to continue
'
2026-04-10 14:59:08,039 - INFO -   Visible DIV 5: class='field-wrap' id='no-id' text='Email ID / Username *
person'
2026-04-10 14:59:08,129 - INFO -   Visible DIV 6: class='input-shell' id='no-id' text='person'
2026-04-10 14:59:08,227 - INFO -   Visible DIV 7: class='field-wrap' id='no-id' text='Password *
lock
visibility_off'
2026-04-10 14:59:08,309 - INFO -   Visible DIV 8: class='input-shell' id='no-id' text='lock
visibility_off'
2026-04-10 14:59:08,416 - INFO -   Visible DIV 9: class='auth-bottom-links' id='no-id' text='New user?  Access Account

Forgot password?'
2026-04-10 14:59:08,460 - INFO - 
================================================================================

2026-04-10 14:59:09,048 - INFO - Login button clicked.
2026-04-10 14:59:09,052 - INFO - Taking rapid screenshots and validating pop-up...
2026-04-10 14:59:09,773 - INFO - Screenshot captured: reports/RUN_20260410_145859\screenshots\03_Popup_Immediate_1_145909.png
2026-04-10 14:59:09,773 - INFO - Screenshot 1 captured - Attempting validation...
2026-04-10 14:59:09,778 - INFO - 
================================================================================
2026-04-10 14:59:09,780 - INFO - STARTING COMPREHENSIVE POP-UP VALIDATION
2026-04-10 14:59:09,780 - INFO - ================================================================================
2026-04-10 14:59:09,812 - INFO - 
[VALIDATION 1] Checking Pop-up Visibility...
2026-04-10 14:59:09,859 - INFO -   Visibility Status: True
2026-04-10 14:59:09,859 - INFO -   PASSED: Pop-up is visible
2026-04-10 14:59:09,860 - INFO - 
[VALIDATION 2] Extracting and Validating Text Content...
2026-04-10 14:59:09,883 - INFO -   Extracted Text: 'Login Successful'
2026-04-10 14:59:09,883 - INFO -   PASSED: Text matches exactly: 'Login Successful'
2026-04-10 14:59:09,883 - INFO - 
[VALIDATION 3] Checking for Typos...
2026-04-10 14:59:09,894 - INFO -   PASSED: No known typos detected
2026-04-10 14:59:09,894 - INFO - 
[VALIDATION 4] Extracting CSS Classes and Attributes...
2026-04-10 14:59:09,913 - INFO -   CSS Classes: snackbar success-snackbar
2026-04-10 14:59:09,914 - INFO -   PASSED: 'success' class is present
2026-04-10 14:59:09,914 - INFO - 
[VALIDATION 5] Checking Element Properties...
2026-04-10 14:59:10,023 - INFO -   ID: Not set
2026-04-10 14:59:10,039 - INFO -   Data-TestID: Not set
2026-04-10 14:59:10,039 - INFO -   Role: Not set
2026-04-10 14:59:10,039 - INFO -   ARIA Label: Not set
2026-04-10 14:59:10,039 - INFO - 
[VALIDATION 6] Checking Position and Size...
2026-04-10 14:59:10,246 - WARNING -   WARNING: Could not get bounding box
2026-04-10 14:59:10,246 - INFO - 
[VALIDATION 7] Checking Computed Styles...
2026-04-10 14:59:10,278 - ERROR - Validation error: TypeError: Failed to execute 'getComputedStyle' on 'Window': parameter 1 is not of type 'Element'.
    at eval (eval at evaluate (:226:30), <anonymous>:1:8)
    at eval (<anonymous>)
    at UtilityScript.evaluate (<anonymous>:226:30)
    at UtilityScript.<anonymous> (<anonymous>:1:44)
2026-04-10 14:59:10,278 - WARNING -   WARNING: Could not check computed styles - element may have disappeared
2026-04-10 14:59:10,278 - INFO - 
================================================================================
2026-04-10 14:59:10,278 - INFO - POP-UP VALIDATION SUMMARY
2026-04-10 14:59:10,278 - INFO - ================================================================================
2026-04-10 14:59:10,278 - INFO -   Visibility: PASSED
2026-04-10 14:59:10,278 - INFO -   Text Match: PASSED
2026-04-10 14:59:10,287 - INFO -   Typo Check: PASSED
2026-04-10 14:59:10,287 - INFO -   CSS Classes: Present
2026-04-10 14:59:10,287 - INFO -   Position & Size: Valid
2026-04-10 14:59:10,287 - INFO -   Computed Styles: Valid
2026-04-10 14:59:10,287 - INFO - ================================================================================

2026-04-10 14:59:10,290 - INFO - ✓ ALL VALIDATIONS PASSED - Pop-up is working correctly!
2026-04-10 14:59:11,951 - INFO - Screenshot captured: reports/RUN_20260410_145859\screenshots\03_Popup_Immediate_2_145910.png
2026-04-10 14:59:11,954 - INFO - Screenshot 2 captured - Attempting validation...
2026-04-10 14:59:11,956 - INFO - 
================================================================================
2026-04-10 14:59:11,956 - INFO - STARTING COMPREHENSIVE POP-UP VALIDATION
2026-04-10 14:59:11,956 - INFO - ================================================================================
2026-04-10 14:59:11,996 - ERROR - VALIDATION FAILED: Pop-up element not found!
2026-04-10 14:59:12,799 - INFO - Screenshot captured: reports/RUN_20260410_145859\screenshots\03_Popup_Immediate_3_145912.png
2026-04-10 14:59:12,801 - INFO - Screenshot 3 captured - Attempting validation...
2026-04-10 14:59:12,802 - INFO - 
================================================================================
2026-04-10 14:59:12,802 - INFO - STARTING COMPREHENSIVE POP-UP VALIDATION
2026-04-10 14:59:12,803 - INFO - ================================================================================
2026-04-10 14:59:12,838 - ERROR - VALIDATION FAILED: Pop-up element not found!
2026-04-10 14:59:12,970 - INFO - Logging DOM elements AFTER login click (pop-up should appear here)...
2026-04-10 14:59:12,973 - INFO - 
================================================================================
2026-04-10 14:59:12,974 - INFO - DOM SNAPSHOT AT STAGE: After_Login_Click
2026-04-10 14:59:12,975 - INFO - ================================================================================
2026-04-10 14:59:13,042 - INFO - 
Searching for pop-up elements in page content...
2026-04-10 14:59:13,500 - WARNING - ⚠ No known pop-up selectors found. Checking all visible divs...
2026-04-10 14:59:13,571 - INFO - Total DIV elements on page: 28
2026-04-10 14:59:13,875 - INFO -   Visible DIV 1: class='header-right' id='no-id' text='English
French
Spanish
Quantum Toll Authority
supe'
2026-04-10 14:59:14,009 - INFO -   Visible DIV 2: class='nav-user' id='no-id' text='Quantum Toll Authority
superadmin_qm@yopmail.com'
2026-04-10 14:59:14,252 - INFO -   Visible DIV 3: class='nav-user-info' id='no-id' text='Quantum Toll Authority
superadmin_qm@yopmail.com'
2026-04-10 14:59:14,409 - INFO -   Visible DIV 4: class='uname' id='no-id' text='Quantum Toll Authority'
2026-04-10 14:59:14,547 - INFO -   Visible DIV 5: class='urole' id='no-id' text='superadmin_qm@yopmail.com'
2026-04-10 14:59:14,675 - INFO -   Visible DIV 6: class='main-container' id='no-id' text='dashboard_2
group
decimal_increase
admin_panel_set'
2026-04-10 14:59:14,888 - INFO -   Visible DIV 7: class='inner' id='no-id' text='dashboard_2'
2026-04-10 14:59:15,013 - INFO -   Visible DIV 8: class='inner' id='no-id' text='group'
2026-04-10 14:59:15,164 - INFO -   Visible DIV 9: class='inner' id='no-id' text='decimal_increase'
2026-04-10 14:59:15,326 - INFO -   Visible DIV 10: class='inner' id='no-id' text='admin_panel_settings'
2026-04-10 14:59:15,478 - INFO -   Visible DIV 11: class='inner' id='no-id' text='nest_doorbell_visitor'
2026-04-10 14:59:15,633 - INFO -   Visible DIV 12: class='inner' id='no-id' text='key_visualizer'
2026-04-10 14:59:15,655 - INFO - 
================================================================================

2026-04-10 14:59:15,842 - INFO - Screenshot captured: reports/RUN_20260410_145859\screenshots\02_Just_After_Login_Click_145915.png
2026-04-10 14:59:16,135 - INFO - Starting Onboarding Flow Test
2026-04-10 14:59:16,135 - INFO - Starting navigation to Onboard Customer page...
2026-04-10 14:59:16,135 - INFO - Clicking Workbench icon...
2026-04-10 14:59:16,782 - INFO - Workbench menu expanded.
2026-04-10 14:59:16,783 - INFO - Clicking 'Manage Accounts' sub-menu...
2026-04-10 14:59:17,380 - INFO - 'Manage Accounts' submenu expanded.
2026-04-10 14:59:17,380 - INFO - Clicking 'Onboard a Customer' link...
2026-04-10 14:59:18,475 - INFO - Successfully navigated to Onboard Customer page.
2026-04-10 14:59:18,965 - INFO - Screenshot captured: reports/RUN_20260410_145859\screenshots\02_Onboard_Customer_Landing_145918.png
2026-04-10 14:59:18,966 - INFO - Filling Onboarding details for United States...
2026-04-10 14:59:20,966 - INFO - Filled First Name: Trisha
2026-04-10 14:59:22,450 - INFO - Filled Last Name: Iyengar
2026-04-10 14:59:23,611 - INFO - Checked: Use Same for Billing
2026-04-10 14:59:24,751 - INFO - Checked: Use Same for Shipping
2026-04-10 14:59:25,865 - INFO - Checked: Primary Address
2026-04-10 14:59:30,455 - INFO - Filled Address: 123 Automation Way
2026-04-10 14:59:31,838 - INFO - Filled Zip Code: 12345
2026-04-10 14:59:33,824 - INFO - Filled Unique Phone Number: 7412849210
2026-04-10 14:59:35,274 - INFO - Filled Email: auto_trisha@test.com
2026-04-10 14:59:36,753 - INFO - Filled Confirm Email: auto_trisha@test.com
2026-04-10 14:59:36,755 - INFO - Clicking 'Save & Next'...
2026-04-10 14:59:37,916 - INFO - Clicked 'Save & Next' button.
2026-04-10 14:59:52,950 - ERROR - Verification failed or timed out: Timeout 15000ms exceeded.
2026-04-10 14:59:53,314 - INFO - Screenshot captured: reports/RUN_20260410_145859\screenshots\Step1_Verification_Failure_145952.png
2026-04-10 15:18:32,198 - INFO - Test Session Started.
2026-04-10 15:18:32,203 - INFO - Navigating to Login Page: http://operator-qa.qmaastech.com/
2026-04-10 15:18:32,203 - INFO - Navigating to: http://operator-qa.qmaastech.com/
2026-04-10 15:18:34,728 - INFO - Attempting login for user: superadmin_qm@yopmail.com
2026-04-10 15:18:36,530 - INFO - Logging DOM elements BEFORE login click...
2026-04-10 15:18:36,530 - INFO - 
================================================================================
2026-04-10 15:18:36,530 - INFO - DOM SNAPSHOT AT STAGE: Before_Login
2026-04-10 15:18:36,530 - INFO - ================================================================================
2026-04-10 15:18:36,564 - INFO - 
Searching for pop-up elements in page content...
2026-04-10 15:18:36,907 - WARNING - ⚠ No known pop-up selectors found. Checking all visible divs...
2026-04-10 15:18:36,957 - INFO - Total DIV elements on page: 20
2026-04-10 15:18:37,497 - INFO -   Visible DIV 1: class='hero-pills' id='no-id' text='bolt
Real-time
smart_toy
AI-driven
hub
Multi-agenc'
2026-04-10 15:18:37,681 - INFO -   Visible DIV 2: class='auth-panel' id='no-id' text='Welcome Back

Sign in to your account to continue
'
2026-04-10 15:18:37,786 - INFO -   Visible DIV 3: class='auth-card' id='no-id' text='Welcome Back

Sign in to your account to continue
'
2026-04-10 15:18:37,883 - INFO -   Visible DIV 4: class='auth-step' id='no-id' text='Welcome Back

Sign in to your account to continue
'
2026-04-10 15:18:38,026 - INFO -   Visible DIV 5: class='field-wrap' id='no-id' text='Email ID / Username *
person'
2026-04-10 15:18:38,180 - INFO -   Visible DIV 6: class='input-shell' id='no-id' text='person'
2026-04-10 15:18:38,271 - INFO -   Visible DIV 7: class='field-wrap' id='no-id' text='Password *
lock
visibility_off'
2026-04-10 15:18:38,347 - INFO -   Visible DIV 8: class='input-shell' id='no-id' text='lock
visibility_off'
2026-04-10 15:18:38,445 - INFO -   Visible DIV 9: class='auth-bottom-links' id='no-id' text='New user?  Access Account

Forgot password?'
2026-04-10 15:18:38,478 - INFO - 
================================================================================

2026-04-10 15:18:39,050 - INFO - Login button clicked.
2026-04-10 15:18:39,057 - INFO - Taking rapid screenshots and validating pop-up...
2026-04-10 15:18:39,858 - INFO - Screenshot captured: reports/RUN_20260410_151829\screenshots\03_Popup_Immediate_1_151839.png
2026-04-10 15:18:39,862 - INFO - Screenshot 1 captured - Attempting validation...
2026-04-10 15:18:39,864 - INFO - 
================================================================================
2026-04-10 15:18:39,867 - INFO - STARTING COMPREHENSIVE POP-UP VALIDATION
2026-04-10 15:18:39,868 - INFO - ================================================================================
2026-04-10 15:18:39,888 - INFO - 
[VALIDATION 1] Checking Pop-up Visibility...
2026-04-10 15:18:39,906 - INFO -   Visibility Status: True
2026-04-10 15:18:39,906 - INFO -   PASSED: Pop-up is visible
2026-04-10 15:18:39,919 - INFO - 
[VALIDATION 2] Extracting and Validating Text Content...
2026-04-10 15:18:39,942 - INFO -   Extracted Text: 'Login Successful'
2026-04-10 15:18:39,949 - INFO -   PASSED: Text matches exactly: 'Login Successful'
2026-04-10 15:18:39,949 - INFO - 
[VALIDATION 3] Checking for Typos...
2026-04-10 15:18:39,949 - INFO -   PASSED: No known typos detected
2026-04-10 15:18:39,949 - INFO - 
[VALIDATION 4] Extracting CSS Classes and Attributes...
2026-04-10 15:18:39,975 - INFO -   CSS Classes: snackbar success-snackbar
2026-04-10 15:18:39,975 - INFO -   PASSED: 'success' class is present
2026-04-10 15:18:39,975 - INFO - 
[VALIDATION 5] Checking Element Properties...
2026-04-10 15:18:40,073 - INFO -   ID: Not set
2026-04-10 15:18:40,073 - INFO -   Data-TestID: Not set
2026-04-10 15:18:40,073 - INFO -   Role: Not set
2026-04-10 15:18:40,073 - INFO -   ARIA Label: Not set
2026-04-10 15:18:40,073 - INFO - 
[VALIDATION 6] Checking Position and Size...
2026-04-10 15:18:40,094 - INFO -   X: 1210, Y: 20
2026-04-10 15:18:40,094 - INFO -   Width: 250, Height: 43.5
2026-04-10 15:18:40,094 - INFO -   PASSED: Element has valid dimensions
2026-04-10 15:18:40,094 - INFO - 
[VALIDATION 7] Checking Computed Styles...
2026-04-10 15:18:40,121 - INFO -   Display: block
2026-04-10 15:18:40,121 - INFO -   Opacity: 1
2026-04-10 15:18:40,121 - INFO -   PASSED: Element is displayed with proper opacity
2026-04-10 15:18:40,121 - INFO - 
================================================================================
2026-04-10 15:18:40,121 - INFO - POP-UP VALIDATION SUMMARY
2026-04-10 15:18:40,121 - INFO - ================================================================================
2026-04-10 15:18:40,121 - INFO -   Visibility: PASSED
2026-04-10 15:18:40,121 - INFO -   Text Match: PASSED
2026-04-10 15:18:40,121 - INFO -   Typo Check: PASSED
2026-04-10 15:18:40,121 - INFO -   CSS Classes: Present
2026-04-10 15:18:40,121 - INFO -   Position & Size: Valid
2026-04-10 15:18:40,121 - INFO -   Computed Styles: Valid
2026-04-10 15:18:40,121 - INFO - ================================================================================

2026-04-10 15:18:40,121 - INFO - ✓ ALL VALIDATIONS PASSED - Pop-up is working correctly!
2026-04-10 15:18:40,565 - INFO - Screenshot captured: reports/RUN_20260410_151829\screenshots\03_Popup_Immediate_2_151840.png
2026-04-10 15:18:40,567 - INFO - Screenshot 2 captured - Attempting validation...
2026-04-10 15:18:40,567 - INFO - 
================================================================================
2026-04-10 15:18:40,567 - INFO - STARTING COMPREHENSIVE POP-UP VALIDATION
2026-04-10 15:18:40,567 - INFO - ================================================================================
2026-04-10 15:18:40,604 - ERROR - VALIDATION FAILED: Pop-up element not found!
2026-04-10 15:18:42,369 - INFO - Screenshot captured: reports/RUN_20260410_151829\screenshots\03_Popup_Immediate_3_151840.png
2026-04-10 15:18:42,370 - INFO - Screenshot 3 captured - Attempting validation...
2026-04-10 15:18:42,371 - INFO - 
================================================================================
2026-04-10 15:18:42,371 - INFO - STARTING COMPREHENSIVE POP-UP VALIDATION
2026-04-10 15:18:42,371 - INFO - ================================================================================
2026-04-10 15:18:42,418 - ERROR - VALIDATION FAILED: Pop-up element not found!
2026-04-10 15:18:42,556 - INFO - Logging DOM elements AFTER login click (pop-up should appear here)...
2026-04-10 15:18:42,556 - INFO - 
================================================================================
2026-04-10 15:18:42,557 - INFO - DOM SNAPSHOT AT STAGE: After_Login_Click
2026-04-10 15:18:42,557 - INFO - ================================================================================
2026-04-10 15:18:42,587 - INFO - 
Searching for pop-up elements in page content...
2026-04-10 15:18:42,921 - WARNING - ⚠ No known pop-up selectors found. Checking all visible divs...
2026-04-10 15:18:43,005 - INFO - Total DIV elements on page: 28
2026-04-10 15:18:43,352 - INFO -   Visible DIV 1: class='header-right' id='no-id' text='English
French
Spanish
Quantum Toll Authority
supe'
2026-04-10 15:18:43,515 - INFO -   Visible DIV 2: class='nav-user' id='no-id' text='Quantum Toll Authority
superadmin_qm@yopmail.com'
2026-04-10 15:18:43,770 - INFO -   Visible DIV 3: class='nav-user-info' id='no-id' text='Quantum Toll Authority
superadmin_qm@yopmail.com'
2026-04-10 15:18:43,943 - INFO -   Visible DIV 4: class='uname' id='no-id' text='Quantum Toll Authority'
2026-04-10 15:18:44,083 - INFO -   Visible DIV 5: class='urole' id='no-id' text='superadmin_qm@yopmail.com'
2026-04-10 15:18:44,232 - INFO -   Visible DIV 6: class='main-container' id='no-id' text='dashboard_2
group
decimal_increase
admin_panel_set'
2026-04-10 15:18:44,376 - INFO -   Visible DIV 7: class='inner' id='no-id' text='dashboard_2'
2026-04-10 15:18:44,498 - INFO -   Visible DIV 8: class='inner' id='no-id' text='group'
2026-04-10 15:18:44,655 - INFO -   Visible DIV 9: class='inner' id='no-id' text='decimal_increase'
2026-04-10 15:18:44,796 - INFO -   Visible DIV 10: class='inner' id='no-id' text='admin_panel_settings'
2026-04-10 15:18:44,946 - INFO -   Visible DIV 11: class='inner' id='no-id' text='nest_doorbell_visitor'
2026-04-10 15:18:45,115 - INFO -   Visible DIV 12: class='inner' id='no-id' text='key_visualizer'
2026-04-10 15:18:45,150 - INFO - 
================================================================================

2026-04-10 15:18:45,492 - INFO - Screenshot captured: reports/RUN_20260410_151829\screenshots\02_Just_After_Login_Click_151845.png
2026-04-10 15:18:45,907 - INFO - Starting Onboarding Flow Test
2026-04-10 15:18:45,907 - INFO - Starting navigation to Onboard Customer page...
2026-04-10 15:18:45,907 - INFO - Clicking Workbench icon...
2026-04-10 15:18:46,543 - INFO - Workbench menu expanded.
2026-04-10 15:18:46,544 - INFO - Clicking 'Manage Accounts' sub-menu...
2026-04-10 15:18:47,133 - INFO - 'Manage Accounts' submenu expanded.
2026-04-10 15:18:47,134 - INFO - Clicking 'Onboard a Customer' link...
2026-04-10 15:18:48,995 - INFO - Successfully navigated to Onboard Customer page.
2026-04-10 15:18:49,537 - INFO - Screenshot captured: reports/RUN_20260410_151829\screenshots\02_Onboard_Customer_Landing_151848.png
2026-04-10 15:18:49,539 - INFO - Filling Onboarding details for United States...
2026-04-10 15:18:51,581 - INFO - Filled First Name: Darshit
2026-04-10 15:18:53,038 - INFO - Filled Last Name: Uppal
2026-04-10 15:18:54,217 - INFO - Checked: Use Same for Billing
2026-04-10 15:18:55,347 - INFO - Checked: Use Same for Shipping
2026-04-10 15:18:56,488 - INFO - Checked: Primary Address
2026-04-10 15:19:00,998 - INFO - Filled Address: 123 Automation Way
2026-04-10 15:19:02,368 - INFO - Filled Zip Code: 12345
2026-04-10 15:19:04,317 - INFO - Filled Unique Phone Number: 7341210764
2026-04-10 15:19:05,785 - INFO - Filled Email: auto_darshit@test.com
2026-04-10 15:19:07,235 - INFO - Filled Confirm Email: auto_darshit@test.com
2026-04-10 15:19:07,235 - INFO - Clicking 'Save & Next'...
2026-04-10 15:19:08,401 - INFO - Clicked 'Save & Next' button.
2026-04-10 15:19:08,448 - INFO - Successfully verified Step 1 completion.
2026-04-10 15:19:18,492 - ERROR - Failed to retrieve Account ID: Timeout 10000ms exceeded.
2026-04-10 15:19:18,492 - INFO - Step 1 Success. ID: ID_NOT_FOUND
2026-04-10 15:19:18,492 - INFO - Starting Step 2: Adding 4 Vehicle(s)...
2026-04-10 15:19:19,975 - INFO - Filled Plate Number 1: QA1942GP
2026-04-10 15:19:26,229 - INFO - Filled Plate Start Date: 2026-04-10
2026-04-10 15:19:26,229 - INFO - Clicking 'Request Tag' label...
2026-04-10 15:46:38,360 - INFO - Test Session Started.
2026-04-10 15:46:38,368 - INFO - Navigating to Login Page: http://operator-qa.qmaastech.com/
2026-04-10 15:46:38,370 - INFO - Navigating to: http://operator-qa.qmaastech.com/
2026-04-10 15:46:40,807 - INFO - Attempting login for user: superadmin_qm@yopmail.com
2026-04-10 15:46:42,573 - INFO - Logging DOM elements BEFORE login click...
2026-04-10 15:46:42,574 - INFO - 
================================================================================
2026-04-10 15:46:42,574 - INFO - DOM SNAPSHOT AT STAGE: Before_Login
2026-04-10 15:46:42,574 - INFO - ================================================================================
2026-04-10 15:46:42,607 - INFO - 
Searching for pop-up elements in page content...
2026-04-10 15:46:42,927 - WARNING - ⚠ No known pop-up selectors found. Checking all visible divs...
2026-04-10 15:46:42,966 - INFO - Total DIV elements on page: 20
2026-04-10 15:46:43,539 - INFO -   Visible DIV 1: class='hero-pills' id='no-id' text='bolt
Real-time
smart_toy
AI-driven
hub
Multi-agenc'
2026-04-10 15:46:43,700 - INFO -   Visible DIV 2: class='auth-panel' id='no-id' text='Welcome Back

Sign in to your account to continue
'
2026-04-10 15:46:43,807 - INFO -   Visible DIV 3: class='auth-card' id='no-id' text='Welcome Back

Sign in to your account to continue
'
2026-04-10 15:46:43,901 - INFO -   Visible DIV 4: class='auth-step' id='no-id' text='Welcome Back

Sign in to your account to continue
'
2026-04-10 15:46:44,074 - INFO -   Visible DIV 5: class='field-wrap' id='no-id' text='Email ID / Username *
person'
2026-04-10 15:46:44,230 - INFO -   Visible DIV 6: class='input-shell' id='no-id' text='person'
2026-04-10 15:46:44,377 - INFO -   Visible DIV 7: class='field-wrap' id='no-id' text='Password *
lock
visibility_off'
2026-04-10 15:46:44,520 - INFO -   Visible DIV 8: class='input-shell' id='no-id' text='lock
visibility_off'
2026-04-10 15:46:44,605 - INFO -   Visible DIV 9: class='auth-bottom-links' id='no-id' text='New user?  Access Account

Forgot password?'
2026-04-10 15:46:44,655 - INFO - 
================================================================================

2026-04-10 15:46:45,229 - INFO - Login button clicked.
2026-04-10 15:46:45,232 - INFO - Taking rapid screenshots and validating pop-up...
2026-04-10 15:46:45,978 - INFO - Screenshot captured: reports/RUN_20260410_154631\screenshots\03_Popup_Immediate_1_154645.png
2026-04-10 15:46:45,978 - INFO - Screenshot 1 captured - Attempting validation...
2026-04-10 15:46:45,978 - INFO - 
================================================================================
2026-04-10 15:46:45,978 - INFO - STARTING COMPREHENSIVE POP-UP VALIDATION
2026-04-10 15:46:45,978 - INFO - ================================================================================
2026-04-10 15:46:46,026 - INFO - 
[VALIDATION 1] Checking Pop-up Visibility...
2026-04-10 15:46:46,040 - INFO -   Visibility Status: True
2026-04-10 15:46:46,041 - INFO -   PASSED: Pop-up is visible
2026-04-10 15:46:46,041 - INFO - 
[VALIDATION 2] Extracting and Validating Text Content...
2026-04-10 15:46:46,061 - INFO -   Extracted Text: 'Login Successful'
2026-04-10 15:46:46,061 - INFO -   PASSED: Text matches exactly: 'Login Successful'
2026-04-10 15:46:46,061 - INFO - 
[VALIDATION 3] Checking for Typos...
2026-04-10 15:46:46,061 - INFO -   PASSED: No known typos detected
2026-04-10 15:46:46,061 - INFO - 
[VALIDATION 4] Extracting CSS Classes and Attributes...
2026-04-10 15:46:46,097 - INFO -   CSS Classes: snackbar success-snackbar
2026-04-10 15:46:46,097 - INFO -   PASSED: 'success' class is present
2026-04-10 15:46:46,097 - INFO - 
[VALIDATION 5] Checking Element Properties...
2026-04-10 15:46:46,351 - INFO -   ID: Not set
2026-04-10 15:46:46,351 - INFO -   Data-TestID: Not set
2026-04-10 15:46:46,359 - INFO -   Role: Not set
2026-04-10 15:46:46,359 - INFO -   ARIA Label: Not set
2026-04-10 15:46:46,359 - INFO - 
[VALIDATION 6] Checking Position and Size...
2026-04-10 15:46:46,392 - WARNING -   WARNING: Could not get bounding box
2026-04-10 15:46:46,393 - INFO - 
[VALIDATION 7] Checking Computed Styles...
2026-04-10 15:46:46,418 - ERROR - Validation error: TypeError: Failed to execute 'getComputedStyle' on 'Window': parameter 1 is not of type 'Element'.
    at eval (eval at evaluate (:226:30), <anonymous>:1:8)
    at eval (<anonymous>)
    at UtilityScript.evaluate (<anonymous>:226:30)
    at UtilityScript.<anonymous> (<anonymous>:1:44)
2026-04-10 15:46:46,418 - WARNING -   WARNING: Could not check computed styles - element may have disappeared
2026-04-10 15:46:46,418 - INFO - 
================================================================================
2026-04-10 15:46:46,418 - INFO - POP-UP VALIDATION SUMMARY
2026-04-10 15:46:46,418 - INFO - ================================================================================
2026-04-10 15:46:46,418 - INFO -   Visibility: PASSED
2026-04-10 15:46:46,424 - INFO -   Text Match: PASSED
2026-04-10 15:46:46,424 - INFO -   Typo Check: PASSED
2026-04-10 15:46:46,424 - INFO -   CSS Classes: Present
2026-04-10 15:46:46,424 - INFO -   Position & Size: Valid
2026-04-10 15:46:46,424 - INFO -   Computed Styles: Valid
2026-04-10 15:46:46,427 - INFO - ================================================================================

2026-04-10 15:46:46,427 - INFO - ✓ ALL VALIDATIONS PASSED - Pop-up is working correctly!
2026-04-10 15:46:48,155 - INFO - Screenshot captured: reports/RUN_20260410_154631\screenshots\03_Popup_Immediate_2_154646.png
2026-04-10 15:46:48,157 - INFO - Screenshot 2 captured - Attempting validation...
2026-04-10 15:46:48,158 - INFO - 
================================================================================
2026-04-10 15:46:48,162 - INFO - STARTING COMPREHENSIVE POP-UP VALIDATION
2026-04-10 15:46:48,163 - INFO - ================================================================================
2026-04-10 15:46:48,199 - ERROR - VALIDATION FAILED: Pop-up element not found!
2026-04-10 15:46:48,861 - INFO - Screenshot captured: reports/RUN_20260410_154631\screenshots\03_Popup_Immediate_3_154648.png
2026-04-10 15:46:48,863 - INFO - Screenshot 3 captured - Attempting validation...
2026-04-10 15:46:48,865 - INFO - 
================================================================================
2026-04-10 15:46:48,866 - INFO - STARTING COMPREHENSIVE POP-UP VALIDATION
2026-04-10 15:46:48,867 - INFO - ================================================================================
2026-04-10 15:46:48,906 - ERROR - VALIDATION FAILED: Pop-up element not found!
2026-04-10 15:46:49,057 - INFO - Logging DOM elements AFTER login click (pop-up should appear here)...
2026-04-10 15:46:49,058 - INFO - 
================================================================================
2026-04-10 15:46:49,058 - INFO - DOM SNAPSHOT AT STAGE: After_Login_Click
2026-04-10 15:46:49,058 - INFO - ================================================================================
2026-04-10 15:46:49,132 - INFO - 
Searching for pop-up elements in page content...
2026-04-10 15:46:49,523 - WARNING - ⚠ No known pop-up selectors found. Checking all visible divs...
2026-04-10 15:46:49,608 - INFO - Total DIV elements on page: 28
2026-04-10 15:46:49,867 - INFO -   Visible DIV 1: class='header-right' id='no-id' text='English
French
Spanish
Quantum Toll Authority
supe'
2026-04-10 15:46:49,984 - INFO -   Visible DIV 2: class='nav-user' id='no-id' text='Quantum Toll Authority
superadmin_qm@yopmail.com'
2026-04-10 15:46:50,159 - INFO -   Visible DIV 3: class='nav-user-info' id='no-id' text='Quantum Toll Authority
superadmin_qm@yopmail.com'
2026-04-10 15:46:50,275 - INFO -   Visible DIV 4: class='uname' id='no-id' text='Quantum Toll Authority'
2026-04-10 15:46:50,399 - INFO -   Visible DIV 5: class='urole' id='no-id' text='superadmin_qm@yopmail.com'
2026-04-10 15:46:50,503 - INFO -   Visible DIV 6: class='main-container' id='no-id' text='dashboard_2
group
decimal_increase
admin_panel_set'
2026-04-10 15:46:50,602 - INFO -   Visible DIV 7: class='inner' id='no-id' text='dashboard_2'
2026-04-10 15:46:50,729 - INFO -   Visible DIV 8: class='inner' id='no-id' text='group'
2026-04-10 15:46:50,868 - INFO -   Visible DIV 9: class='inner' id='no-id' text='decimal_increase'
2026-04-10 15:46:51,049 - INFO -   Visible DIV 10: class='inner' id='no-id' text='admin_panel_settings'
2026-04-10 15:46:51,174 - INFO -   Visible DIV 11: class='inner' id='no-id' text='nest_doorbell_visitor'
2026-04-10 15:46:51,303 - INFO -   Visible DIV 12: class='inner' id='no-id' text='key_visualizer'
2026-04-10 15:46:51,322 - INFO - 
================================================================================

2026-04-10 15:46:51,490 - INFO - Screenshot captured: reports/RUN_20260410_154631\screenshots\02_Just_After_Login_Click_154651.png
2026-04-10 15:46:51,843 - INFO - Starting Onboarding Flow Test
2026-04-10 15:46:51,843 - INFO - Starting navigation to Onboard Customer page...
2026-04-10 15:46:51,843 - INFO - Clicking Workbench icon...
2026-04-10 15:46:52,493 - INFO - Workbench menu expanded.
2026-04-10 15:46:52,496 - INFO - Clicking 'Manage Accounts' sub-menu...
2026-04-10 15:46:53,102 - INFO - 'Manage Accounts' submenu expanded.
2026-04-10 15:46:53,103 - INFO - Clicking 'Onboard a Customer' link...
2026-04-10 15:46:54,324 - INFO - Successfully navigated to Onboard Customer page.
2026-04-10 15:46:54,870 - INFO - Screenshot captured: reports/RUN_20260410_154631\screenshots\02_Onboard_Customer_Landing_154654.png
2026-04-10 15:46:54,871 - INFO - Filling Onboarding details for United States...
2026-04-10 15:46:56,909 - INFO - Filled First Name: Faiyaz
2026-04-10 15:46:58,418 - INFO - Filled Last Name: Ben
2026-04-10 15:46:59,540 - INFO - Checked: Use Same for Billing
2026-04-10 15:47:00,668 - INFO - Checked: Use Same for Shipping
2026-04-10 15:47:01,814 - INFO - Checked: Primary Address
2026-04-10 15:47:06,352 - INFO - Filled Address: 123 Automation Way
2026-04-10 15:47:07,792 - INFO - Filled Zip Code: 12345
2026-04-10 15:47:09,793 - INFO - Filled Unique Phone Number: 8357085532
2026-04-10 15:47:11,231 - INFO - Filled Email: auto_faiyaz@test.com
2026-04-10 15:47:12,652 - INFO - Filled Confirm Email: auto_faiyaz@test.com
2026-04-10 15:47:12,654 - INFO - Clicking 'Save & Next'...
2026-04-10 15:47:13,838 - INFO - Clicked 'Save & Next' button.
2026-04-10 15:47:13,879 - INFO - Successfully verified Step 1 completion.
2026-04-10 15:47:23,914 - ERROR - Failed to retrieve Account ID: Timeout 10000ms exceeded.
2026-04-10 15:47:23,914 - INFO - Step 1 Success. ID: ID_NOT_FOUND
2026-04-10 15:47:23,914 - INFO - Starting Step 2: Adding 4 Vehicle(s)...
2026-04-10 15:47:25,271 - INFO - Filled Plate Number 1: QA7907GP
2026-04-10 15:47:31,318 - INFO - Filled Plate Start Date: 2026-04-10
2026-04-10 15:47:31,320 - INFO - Clicking 'Request Tag' label...
2026-04-10 15:51:20,451 - INFO - Test Session Started.
2026-04-10 15:51:20,453 - INFO - Navigating to Login Page: http://operator-qa.qmaastech.com/
2026-04-10 15:51:20,453 - INFO - Navigating to: http://operator-qa.qmaastech.com/
2026-04-10 15:51:22,906 - INFO - Attempting login for user: superadmin_qm@yopmail.com
2026-04-10 15:51:24,644 - INFO - Logging DOM elements BEFORE login click...
2026-04-10 15:51:24,644 - INFO - 
================================================================================
2026-04-10 15:51:24,644 - INFO - DOM SNAPSHOT AT STAGE: Before_Login
2026-04-10 15:51:24,644 - INFO - ================================================================================
2026-04-10 15:51:24,660 - INFO - 
Searching for pop-up elements in page content...
2026-04-10 15:51:24,996 - WARNING - ⚠ No known pop-up selectors found. Checking all visible divs...
2026-04-10 15:51:25,041 - INFO - Total DIV elements on page: 20
2026-04-10 15:51:25,615 - INFO -   Visible DIV 1: class='hero-pills' id='no-id' text='bolt
Real-time
smart_toy
AI-driven
hub
Multi-agenc'
2026-04-10 15:51:25,784 - INFO -   Visible DIV 2: class='auth-panel' id='no-id' text='Welcome Back

Sign in to your account to continue
'
2026-04-10 15:51:25,884 - INFO -   Visible DIV 3: class='auth-card' id='no-id' text='Welcome Back

Sign in to your account to continue
'
2026-04-10 15:51:25,989 - INFO -   Visible DIV 4: class='auth-step' id='no-id' text='Welcome Back

Sign in to your account to continue
'
2026-04-10 15:51:26,165 - INFO -   Visible DIV 5: class='field-wrap' id='no-id' text='Email ID / Username *
person'
2026-04-10 15:51:26,286 - INFO -   Visible DIV 6: class='input-shell' id='no-id' text='person'
2026-04-10 15:51:26,386 - INFO -   Visible DIV 7: class='field-wrap' id='no-id' text='Password *
lock
visibility_off'
2026-04-10 15:51:26,524 - INFO -   Visible DIV 8: class='input-shell' id='no-id' text='lock
visibility_off'
2026-04-10 15:51:26,630 - INFO -   Visible DIV 9: class='auth-bottom-links' id='no-id' text='New user?  Access Account

Forgot password?'
2026-04-10 15:51:26,696 - INFO - 
================================================================================

2026-04-10 15:51:27,268 - INFO - Login button clicked.
2026-04-10 15:51:27,273 - INFO - Taking rapid screenshots and validating pop-up...
2026-04-10 15:51:28,001 - INFO - Screenshot captured: reports/RUN_20260410_155118\screenshots\03_Popup_Immediate_1_155127.png
2026-04-10 15:51:28,008 - INFO - Screenshot 1 captured - Attempting validation...
2026-04-10 15:51:28,008 - INFO - 
================================================================================
2026-04-10 15:51:28,008 - INFO - STARTING COMPREHENSIVE POP-UP VALIDATION
2026-04-10 15:51:28,008 - INFO - ================================================================================
2026-04-10 15:51:28,045 - INFO - 
[VALIDATION 1] Checking Pop-up Visibility...
2026-04-10 15:51:28,069 - INFO -   Visibility Status: True
2026-04-10 15:51:28,069 - INFO -   PASSED: Pop-up is visible
2026-04-10 15:51:28,069 - INFO - 
[VALIDATION 2] Extracting and Validating Text Content...
2026-04-10 15:51:28,112 - INFO -   Extracted Text: 'Login Successful'
2026-04-10 15:51:28,113 - INFO -   PASSED: Text matches exactly: 'Login Successful'
2026-04-10 15:51:28,114 - INFO - 
[VALIDATION 3] Checking for Typos...
2026-04-10 15:51:28,114 - INFO -   PASSED: No known typos detected
2026-04-10 15:51:28,115 - INFO - 
[VALIDATION 4] Extracting CSS Classes and Attributes...
2026-04-10 15:51:28,133 - INFO -   CSS Classes: snackbar success-snackbar
2026-04-10 15:51:28,133 - INFO -   PASSED: 'success' class is present
2026-04-10 15:51:28,133 - INFO - 
[VALIDATION 5] Checking Element Properties...
2026-04-10 15:51:28,218 - INFO -   ID: Not set
2026-04-10 15:51:28,218 - INFO -   Data-TestID: Not set
2026-04-10 15:51:28,218 - INFO -   Role: Not set
2026-04-10 15:51:28,218 - INFO -   ARIA Label: Not set
2026-04-10 15:51:28,218 - INFO - 
[VALIDATION 6] Checking Position and Size...
2026-04-10 15:51:28,244 - INFO -   X: 1210, Y: 20
2026-04-10 15:51:28,244 - INFO -   Width: 250, Height: 43.5
2026-04-10 15:51:28,244 - INFO -   PASSED: Element has valid dimensions
2026-04-10 15:51:28,244 - INFO - 
[VALIDATION 7] Checking Computed Styles...
2026-04-10 15:51:28,292 - INFO -   Display: block
2026-04-10 15:51:28,292 - INFO -   Opacity: 1
2026-04-10 15:51:28,292 - INFO -   PASSED: Element is displayed with proper opacity
2026-04-10 15:51:28,292 - INFO - 
================================================================================
2026-04-10 15:51:28,292 - INFO - POP-UP VALIDATION SUMMARY
2026-04-10 15:51:28,292 - INFO - ================================================================================
2026-04-10 15:51:28,292 - INFO -   Visibility: PASSED
2026-04-10 15:51:28,292 - INFO -   Text Match: PASSED
2026-04-10 15:51:28,292 - INFO -   Typo Check: PASSED
2026-04-10 15:51:28,292 - INFO -   CSS Classes: Present
2026-04-10 15:51:28,292 - INFO -   Position & Size: Valid
2026-04-10 15:51:28,292 - INFO -   Computed Styles: Valid
2026-04-10 15:51:28,299 - INFO - ================================================================================

2026-04-10 15:51:28,299 - INFO - ✓ ALL VALIDATIONS PASSED - Pop-up is working correctly!
2026-04-10 15:51:28,713 - INFO - Screenshot captured: reports/RUN_20260410_155118\screenshots\03_Popup_Immediate_2_155128.png
2026-04-10 15:51:28,714 - INFO - Screenshot 2 captured - Attempting validation...
2026-04-10 15:51:28,714 - INFO - 
================================================================================
2026-04-10 15:51:28,714 - INFO - STARTING COMPREHENSIVE POP-UP VALIDATION
2026-04-10 15:51:28,715 - INFO - ================================================================================
2026-04-10 15:51:28,741 - ERROR - VALIDATION FAILED: Pop-up element not found!
2026-04-10 15:51:30,059 - INFO - Screenshot captured: reports/RUN_20260410_155118\screenshots\03_Popup_Immediate_3_155128.png
2026-04-10 15:51:30,060 - INFO - Screenshot 3 captured - Attempting validation...
2026-04-10 15:51:30,060 - INFO - 
================================================================================
2026-04-10 15:51:30,061 - INFO - STARTING COMPREHENSIVE POP-UP VALIDATION
2026-04-10 15:51:30,061 - INFO - ================================================================================
2026-04-10 15:51:30,091 - ERROR - VALIDATION FAILED: Pop-up element not found!
2026-04-10 15:51:30,235 - INFO - Logging DOM elements AFTER login click (pop-up should appear here)...
2026-04-10 15:51:30,235 - INFO - 
================================================================================
2026-04-10 15:51:30,237 - INFO - DOM SNAPSHOT AT STAGE: After_Login_Click
2026-04-10 15:51:30,237 - INFO - ================================================================================
2026-04-10 15:51:30,270 - INFO - 
Searching for pop-up elements in page content...
2026-04-10 15:51:30,659 - WARNING - ⚠ No known pop-up selectors found. Checking all visible divs...
2026-04-10 15:51:30,746 - INFO - Total DIV elements on page: 28
2026-04-10 15:51:31,020 - INFO -   Visible DIV 1: class='header-right' id='no-id' text='English
French
Spanish
Quantum Toll Authority
supe'
2026-04-10 15:51:31,176 - INFO -   Visible DIV 2: class='nav-user' id='no-id' text='Quantum Toll Authority
superadmin_qm@yopmail.com'
2026-04-10 15:51:31,377 - INFO -   Visible DIV 3: class='nav-user-info' id='no-id' text='Quantum Toll Authority
superadmin_qm@yopmail.com'
2026-04-10 15:51:31,528 - INFO -   Visible DIV 4: class='uname' id='no-id' text='Quantum Toll Authority'
2026-04-10 15:51:31,665 - INFO -   Visible DIV 5: class='urole' id='no-id' text='superadmin_qm@yopmail.com'
2026-04-10 15:51:31,794 - INFO -   Visible DIV 6: class='main-container' id='no-id' text='dashboard_2
group
decimal_increase
admin_panel_set'
2026-04-10 15:51:31,926 - INFO -   Visible DIV 7: class='inner' id='no-id' text='dashboard_2'
2026-04-10 15:51:32,032 - INFO -   Visible DIV 8: class='inner' id='no-id' text='group'
2026-04-10 15:51:32,191 - INFO -   Visible DIV 9: class='inner' id='no-id' text='decimal_increase'
2026-04-10 15:51:32,345 - INFO -   Visible DIV 10: class='inner' id='no-id' text='admin_panel_settings'
2026-04-10 15:51:32,496 - INFO -   Visible DIV 11: class='inner' id='no-id' text='nest_doorbell_visitor'
2026-04-10 15:51:32,630 - INFO -   Visible DIV 12: class='inner' id='no-id' text='key_visualizer'
2026-04-10 15:51:32,657 - INFO - 
================================================================================

2026-04-10 15:51:33,146 - INFO - Screenshot captured: reports/RUN_20260410_155118\screenshots\02_Just_After_Login_Click_155132.png
2026-04-10 15:51:33,415 - INFO - Starting Onboarding Flow Test
2026-04-10 15:51:33,419 - INFO - Starting navigation to Onboard Customer page...
2026-04-10 15:51:33,419 - INFO - Clicking Workbench icon...
2026-04-10 15:51:34,056 - INFO - Workbench menu expanded.
2026-04-10 15:51:34,058 - INFO - Clicking 'Manage Accounts' sub-menu...
2026-04-10 15:51:34,639 - INFO - 'Manage Accounts' submenu expanded.
2026-04-10 15:51:34,640 - INFO - Clicking 'Onboard a Customer' link...
2026-04-10 15:51:35,746 - INFO - Successfully navigated to Onboard Customer page.
2026-04-10 15:51:36,271 - INFO - Screenshot captured: reports/RUN_20260410_155118\screenshots\02_Onboard_Customer_Landing_155135.png
2026-04-10 15:51:36,274 - INFO - Filling Onboarding details for United States...
2026-04-10 15:51:38,191 - INFO - Filled First Name: Taimur
2026-04-10 15:51:39,643 - INFO - Filled Last Name: Goswami
2026-04-10 15:51:40,819 - INFO - Checked: Use Same for Billing
2026-04-10 15:51:41,928 - INFO - Checked: Use Same for Shipping
2026-04-10 15:51:43,068 - INFO - Checked: Primary Address
2026-04-10 15:51:47,593 - INFO - Filled Address: 123 Automation Way
2026-04-10 15:51:49,012 - INFO - Filled Zip Code: 12345
2026-04-10 15:51:50,977 - INFO - Filled Unique Phone Number: 7827477752
2026-04-10 15:51:52,396 - INFO - Filled Email: auto_taimur@test.com
2026-04-10 15:51:53,777 - INFO - Filled Confirm Email: auto_taimur@test.com
2026-04-10 15:51:53,779 - INFO - Clicking 'Save & Next'...
2026-04-10 15:51:54,931 - INFO - Clicked 'Save & Next' button.
2026-04-10 15:51:54,982 - INFO - Successfully verified Step 1 completion.
2026-04-10 15:51:55,049 - INFO - Retrieved Temporary Account ID: 1000000252
2026-04-10 15:51:55,050 - INFO - Step 1 Success. ID: 1000000252
2026-04-10 15:51:55,050 - INFO - Starting Step 2: Adding 4 Vehicle(s)...
2026-04-10 15:51:56,480 - INFO - Filled Plate Number 1: QA8517GP
2026-04-10 15:52:02,659 - INFO - Filled Plate Start Date: 2026-04-10
2026-04-10 15:52:02,659 - INFO - Clicking 'Request Tag' label...
2026-04-10 15:56:29,085 - INFO - Test Session Started.
2026-04-10 15:56:29,092 - INFO - Navigating to Login Page: http://operator-qa.qmaastech.com/
2026-04-10 15:56:29,094 - INFO - Navigating to: http://operator-qa.qmaastech.com/
2026-04-10 15:56:31,385 - INFO - Attempting login for user: superadmin_qm@yopmail.com
2026-04-10 15:56:33,075 - INFO - Logging DOM elements BEFORE login click...
2026-04-10 15:56:33,076 - INFO - 
================================================================================
2026-04-10 15:56:33,077 - INFO - DOM SNAPSHOT AT STAGE: Before_Login
2026-04-10 15:56:33,078 - INFO - ================================================================================
2026-04-10 15:56:33,105 - INFO - 
Searching for pop-up elements in page content...
2026-04-10 15:56:33,364 - WARNING - ⚠ No known pop-up selectors found. Checking all visible divs...
2026-04-10 15:56:33,425 - INFO - Total DIV elements on page: 20
2026-04-10 15:56:34,160 - INFO -   Visible DIV 1: class='hero-pills' id='no-id' text='bolt
Real-time
smart_toy
AI-driven
hub
Multi-agenc'
2026-04-10 15:56:34,323 - INFO -   Visible DIV 2: class='auth-panel' id='no-id' text='Welcome Back

Sign in to your account to continue
'
2026-04-10 15:56:34,445 - INFO -   Visible DIV 3: class='auth-card' id='no-id' text='Welcome Back

Sign in to your account to continue
'
2026-04-10 15:56:34,544 - INFO -   Visible DIV 4: class='auth-step' id='no-id' text='Welcome Back

Sign in to your account to continue
'
2026-04-10 15:56:34,682 - INFO -   Visible DIV 5: class='field-wrap' id='no-id' text='Email ID / Username *
person'
2026-04-10 15:56:34,763 - INFO -   Visible DIV 6: class='input-shell' id='no-id' text='person'
2026-04-10 15:56:34,821 - INFO -   Visible DIV 7: class='field-wrap' id='no-id' text='Password *
lock
visibility_off'
2026-04-10 15:56:34,901 - INFO -   Visible DIV 8: class='input-shell' id='no-id' text='lock
visibility_off'
2026-04-10 15:56:34,966 - INFO -   Visible DIV 9: class='auth-bottom-links' id='no-id' text='New user?  Access Account

Forgot password?'
2026-04-10 15:56:35,009 - INFO - 
================================================================================

2026-04-10 15:56:35,584 - INFO - Login button clicked.
2026-04-10 15:56:35,587 - INFO - Taking rapid screenshots and validating pop-up...
2026-04-10 15:56:36,161 - INFO - Screenshot captured: reports/RUN_20260410_155626\screenshots\03_Popup_Immediate_1_155635.png
2026-04-10 15:56:36,162 - INFO - Screenshot 1 captured - Attempting validation...
2026-04-10 15:56:36,163 - INFO - 
================================================================================
2026-04-10 15:56:36,165 - INFO - STARTING COMPREHENSIVE POP-UP VALIDATION
2026-04-10 15:56:36,167 - INFO - ================================================================================
2026-04-10 15:56:36,201 - INFO - 
[VALIDATION 1] Checking Pop-up Visibility...
2026-04-10 15:56:36,228 - INFO -   Visibility Status: True
2026-04-10 15:56:36,228 - INFO -   PASSED: Pop-up is visible
2026-04-10 15:56:36,228 - INFO - 
[VALIDATION 2] Extracting and Validating Text Content...
2026-04-10 15:56:36,259 - INFO -   Extracted Text: 'Login Successful'
2026-04-10 15:56:36,259 - INFO -   PASSED: Text matches exactly: 'Login Successful'
2026-04-10 15:56:36,259 - INFO - 
[VALIDATION 3] Checking for Typos...
2026-04-10 15:56:36,262 - INFO -   PASSED: No known typos detected
2026-04-10 15:56:36,262 - INFO - 
[VALIDATION 4] Extracting CSS Classes and Attributes...
2026-04-10 15:56:36,293 - INFO -   CSS Classes: snackbar success-snackbar
2026-04-10 15:56:36,295 - INFO -   PASSED: 'success' class is present
2026-04-10 15:56:36,296 - INFO - 
[VALIDATION 5] Checking Element Properties...
2026-04-10 15:56:36,395 - INFO -   ID: Not set
2026-04-10 15:56:36,395 - INFO -   Data-TestID: Not set
2026-04-10 15:56:36,395 - INFO -   Role: Not set
2026-04-10 15:56:36,395 - INFO -   ARIA Label: Not set
2026-04-10 15:56:36,395 - INFO - 
[VALIDATION 6] Checking Position and Size...
2026-04-10 15:56:36,417 - INFO -   X: 1210, Y: 20
2026-04-10 15:56:36,418 - INFO -   Width: 250, Height: 43.5
2026-04-10 15:56:36,418 - INFO -   PASSED: Element has valid dimensions
2026-04-10 15:56:36,419 - INFO - 
[VALIDATION 7] Checking Computed Styles...
2026-04-10 15:56:36,456 - INFO -   Display: block
2026-04-10 15:56:36,472 - INFO -   Opacity: 1
2026-04-10 15:56:36,472 - INFO -   PASSED: Element is displayed with proper opacity
2026-04-10 15:56:36,472 - INFO - 
================================================================================
2026-04-10 15:56:36,472 - INFO - POP-UP VALIDATION SUMMARY
2026-04-10 15:56:36,472 - INFO - ================================================================================
2026-04-10 15:56:36,472 - INFO -   Visibility: PASSED
2026-04-10 15:56:36,472 - INFO -   Text Match: PASSED
2026-04-10 15:56:36,472 - INFO -   Typo Check: PASSED
2026-04-10 15:56:36,472 - INFO -   CSS Classes: Present
2026-04-10 15:56:36,472 - INFO -   Position & Size: Valid
2026-04-10 15:56:36,472 - INFO -   Computed Styles: Valid
2026-04-10 15:56:36,472 - INFO - ================================================================================

2026-04-10 15:56:36,472 - INFO - ✓ ALL VALIDATIONS PASSED - Pop-up is working correctly!
2026-04-10 15:56:36,996 - INFO - Screenshot captured: reports/RUN_20260410_155626\screenshots\03_Popup_Immediate_2_155636.png
2026-04-10 15:56:36,997 - INFO - Screenshot 2 captured - Attempting validation...
2026-04-10 15:56:36,997 - INFO - 
================================================================================
2026-04-10 15:56:36,999 - INFO - STARTING COMPREHENSIVE POP-UP VALIDATION
2026-04-10 15:56:36,999 - INFO - ================================================================================
2026-04-10 15:56:37,025 - ERROR - VALIDATION FAILED: Pop-up element not found!
2026-04-10 15:56:38,275 - INFO - Screenshot captured: reports/RUN_20260410_155626\screenshots\03_Popup_Immediate_3_155637.png
2026-04-10 15:56:38,276 - INFO - Screenshot 3 captured - Attempting validation...
2026-04-10 15:56:38,277 - INFO - 
================================================================================
2026-04-10 15:56:38,279 - INFO - STARTING COMPREHENSIVE POP-UP VALIDATION
2026-04-10 15:56:38,279 - INFO - ================================================================================
2026-04-10 15:56:38,318 - ERROR - VALIDATION FAILED: Pop-up element not found!
2026-04-10 15:56:38,458 - INFO - Logging DOM elements AFTER login click (pop-up should appear here)...
2026-04-10 15:56:38,459 - INFO - 
================================================================================
2026-04-10 15:56:38,460 - INFO - DOM SNAPSHOT AT STAGE: After_Login_Click
2026-04-10 15:56:38,461 - INFO - ================================================================================
2026-04-10 15:56:38,477 - INFO - 
Searching for pop-up elements in page content...
2026-04-10 15:56:38,846 - WARNING - ⚠ No known pop-up selectors found. Checking all visible divs...
2026-04-10 15:56:38,943 - INFO - Total DIV elements on page: 28
2026-04-10 15:56:39,253 - INFO -   Visible DIV 1: class='header-right' id='no-id' text='English
French
Spanish
Quantum Toll Authority
supe'
2026-04-10 15:56:39,471 - INFO -   Visible DIV 2: class='nav-user' id='no-id' text='Quantum Toll Authority
superadmin_qm@yopmail.com'
2026-04-10 15:56:39,749 - INFO -   Visible DIV 3: class='nav-user-info' id='no-id' text='Quantum Toll Authority
superadmin_qm@yopmail.com'
2026-04-10 15:56:39,905 - INFO -   Visible DIV 4: class='uname' id='no-id' text='Quantum Toll Authority'
2026-04-10 15:56:40,032 - INFO -   Visible DIV 5: class='urole' id='no-id' text='superadmin_qm@yopmail.com'
2026-04-10 15:56:40,166 - INFO -   Visible DIV 6: class='main-container' id='no-id' text='dashboard_2
group
decimal_increase
admin_panel_set'
2026-04-10 15:56:40,320 - INFO -   Visible DIV 7: class='inner' id='no-id' text='dashboard_2'
2026-04-10 15:56:40,422 - INFO -   Visible DIV 8: class='inner' id='no-id' text='group'
2026-04-10 15:56:40,589 - INFO -   Visible DIV 9: class='inner' id='no-id' text='decimal_increase'
2026-04-10 15:56:40,716 - INFO -   Visible DIV 10: class='inner' id='no-id' text='admin_panel_settings'
2026-04-10 15:56:40,834 - INFO -   Visible DIV 11: class='inner' id='no-id' text='nest_doorbell_visitor'
2026-04-10 15:56:40,960 - INFO -   Visible DIV 12: class='inner' id='no-id' text='key_visualizer'
2026-04-10 15:56:40,983 - INFO - 
================================================================================

2026-04-10 15:56:41,398 - INFO - Screenshot captured: reports/RUN_20260410_155626\screenshots\02_Just_After_Login_Click_155640.png
2026-04-10 15:56:41,739 - INFO - Starting Onboarding Flow Test
2026-04-10 15:56:41,739 - INFO - Starting navigation to Onboard Customer page...
2026-04-10 15:56:41,739 - INFO - Clicking Workbench icon...
2026-04-10 15:56:42,398 - INFO - Workbench menu expanded.
2026-04-10 15:56:42,399 - INFO - Clicking 'Manage Accounts' sub-menu...
2026-04-10 15:56:43,001 - INFO - 'Manage Accounts' submenu expanded.
2026-04-10 15:56:43,005 - INFO - Clicking 'Onboard a Customer' link...
2026-04-10 15:56:44,777 - INFO - Successfully navigated to Onboard Customer page.
2026-04-10 15:56:45,238 - INFO - Screenshot captured: reports/RUN_20260410_155626\screenshots\02_Onboard_Customer_Landing_155644.png
2026-04-10 15:56:45,239 - INFO - Filling Onboarding details for United States...
2026-04-10 15:56:47,255 - INFO - Filled First Name: Anaya
2026-04-10 15:56:48,741 - INFO - Filled Last Name: Chander
2026-04-10 15:56:49,905 - INFO - Checked: Use Same for Billing
2026-04-10 15:56:51,061 - INFO - Checked: Use Same for Shipping
2026-04-10 15:56:52,229 - INFO - Checked: Primary Address
2026-04-10 15:56:56,814 - INFO - Filled Address: 123 Automation Way
2026-04-10 15:56:58,234 - INFO - Filled Zip Code: 12345
2026-04-10 15:57:00,185 - INFO - Filled Unique Phone Number: 7695706268
2026-04-10 15:57:01,644 - INFO - Filled Email: auto_anaya@test.com
2026-04-10 15:57:03,122 - INFO - Filled Confirm Email: auto_anaya@test.com
2026-04-10 15:57:03,122 - INFO - Clicking 'Save & Next'...
2026-04-10 15:57:04,267 - INFO - Clicked 'Save & Next' button.
2026-04-10 15:57:04,320 - INFO - Successfully verified Step 1 completion.
2026-04-10 15:57:04,397 - INFO - Retrieved Temporary Account ID: 1000000277
2026-04-10 15:57:04,397 - INFO - Step 1 Success. ID: 1000000277
2026-04-10 15:57:04,397 - INFO - Starting Step 2: Adding 4 Vehicle(s)...
2026-04-10 15:57:05,902 - INFO - Filled Plate Number 1: QA1896GP
2026-04-10 15:57:12,051 - INFO - Filled Plate Start Date: 2026-04-10
2026-04-10 15:57:12,051 - INFO - Selecting 'Request Tag' radio button...
2026-04-10 16:29:25,876 - INFO - Test Session Started.
2026-04-10 16:29:25,879 - INFO - Navigating to Login Page: http://operator-qa.qmaastech.com/
2026-04-10 16:29:25,881 - INFO - Navigating to: http://operator-qa.qmaastech.com/
2026-04-10 16:29:28,371 - INFO - Attempting login for user: superadmin_qm@yopmail.com
2026-04-10 16:29:30,130 - INFO - Logging DOM elements BEFORE login click...
2026-04-10 16:29:30,130 - INFO - 
================================================================================
2026-04-10 16:29:30,130 - INFO - DOM SNAPSHOT AT STAGE: Before_Login
2026-04-10 16:29:30,130 - INFO - ================================================================================
2026-04-10 16:29:30,175 - INFO - 
Searching for pop-up elements in page content...
2026-04-10 16:29:30,593 - WARNING - ⚠ No known pop-up selectors found. Checking all visible divs...
2026-04-10 16:29:30,635 - INFO - Total DIV elements on page: 20
2026-04-10 16:29:31,214 - INFO -   Visible DIV 1: class='hero-pills' id='no-id' text='bolt
Real-time
smart_toy
AI-driven
hub
Multi-agenc'
2026-04-10 16:29:31,412 - INFO -   Visible DIV 2: class='auth-panel' id='no-id' text='Welcome Back

Sign in to your account to continue
'
2026-04-10 16:29:31,536 - INFO -   Visible DIV 3: class='auth-card' id='no-id' text='Welcome Back

Sign in to your account to continue
'
2026-04-10 16:29:31,678 - INFO -   Visible DIV 4: class='auth-step' id='no-id' text='Welcome Back

Sign in to your account to continue
'
2026-04-10 16:29:31,876 - INFO -   Visible DIV 5: class='field-wrap' id='no-id' text='Email ID / Username *
person'
2026-04-10 16:29:32,094 - INFO -   Visible DIV 6: class='input-shell' id='no-id' text='person'
2026-04-10 16:29:32,294 - INFO -   Visible DIV 7: class='field-wrap' id='no-id' text='Password *
lock
visibility_off'
2026-04-10 16:29:32,481 - INFO -   Visible DIV 8: class='input-shell' id='no-id' text='lock
visibility_off'
2026-04-10 16:29:32,623 - INFO -   Visible DIV 9: class='auth-bottom-links' id='no-id' text='New user?  Access Account

Forgot password?'
2026-04-10 16:29:32,727 - INFO - 
================================================================================

2026-04-10 16:29:33,372 - INFO - Login button clicked.
2026-04-10 16:29:33,374 - INFO - Taking rapid screenshots and validating pop-up...
2026-04-10 16:29:34,442 - INFO - Screenshot captured: reports/RUN_20260410_162922\screenshots\03_Popup_Immediate_1_162933.png
2026-04-10 16:29:34,444 - INFO - Screenshot 1 captured - Attempting validation...
2026-04-10 16:29:34,444 - INFO - 
================================================================================
2026-04-10 16:29:34,444 - INFO - STARTING COMPREHENSIVE POP-UP VALIDATION
2026-04-10 16:29:34,444 - INFO - ================================================================================
2026-04-10 16:29:34,501 - INFO - 
[VALIDATION 1] Checking Pop-up Visibility...
2026-04-10 16:29:34,551 - INFO -   Visibility Status: True
2026-04-10 16:29:34,551 - INFO -   PASSED: Pop-up is visible
2026-04-10 16:29:34,551 - INFO - 
[VALIDATION 2] Extracting and Validating Text Content...
2026-04-10 16:29:34,616 - INFO -   Extracted Text: 'Login Successful'
2026-04-10 16:29:34,616 - INFO -   PASSED: Text matches exactly: 'Login Successful'
2026-04-10 16:29:34,616 - INFO - 
[VALIDATION 3] Checking for Typos...
2026-04-10 16:29:34,616 - INFO -   PASSED: No known typos detected
2026-04-10 16:29:34,616 - INFO - 
[VALIDATION 4] Extracting CSS Classes and Attributes...
2026-04-10 16:29:34,988 - INFO -   CSS Classes: snackbar success-snackbar
2026-04-10 16:29:34,988 - INFO -   PASSED: 'success' class is present
2026-04-10 16:29:34,990 - INFO - 
[VALIDATION 5] Checking Element Properties...
2026-04-10 16:29:35,191 - INFO -   ID: Not set
2026-04-10 16:29:35,195 - INFO -   Data-TestID: Not set
2026-04-10 16:29:35,195 - INFO -   Role: Not set
2026-04-10 16:29:35,197 - INFO -   ARIA Label: Not set
2026-04-10 16:29:35,197 - INFO - 
[VALIDATION 6] Checking Position and Size...
2026-04-10 16:29:35,242 - WARNING -   WARNING: Could not get bounding box
2026-04-10 16:29:35,242 - INFO - 
[VALIDATION 7] Checking Computed Styles...
2026-04-10 16:29:35,287 - ERROR - Validation error: TypeError: Failed to execute 'getComputedStyle' on 'Window': parameter 1 is not of type 'Element'.
    at eval (eval at evaluate (:226:30), <anonymous>:1:8)
    at eval (<anonymous>)
    at UtilityScript.evaluate (<anonymous>:226:30)
    at UtilityScript.<anonymous> (<anonymous>:1:44)
2026-04-10 16:29:35,289 - WARNING -   WARNING: Could not check computed styles - element may have disappeared
2026-04-10 16:29:35,289 - INFO - 
================================================================================
2026-04-10 16:29:35,291 - INFO - POP-UP VALIDATION SUMMARY
2026-04-10 16:29:35,291 - INFO - ================================================================================
2026-04-10 16:29:35,293 - INFO -   Visibility: PASSED
2026-04-10 16:29:35,293 - INFO -   Text Match: PASSED
2026-04-10 16:29:35,295 - INFO -   Typo Check: PASSED
2026-04-10 16:29:35,295 - INFO -   CSS Classes: Present
2026-04-10 16:29:35,295 - INFO -   Position & Size: Valid
2026-04-10 16:29:35,295 - INFO -   Computed Styles: Valid
2026-04-10 16:29:35,295 - INFO - ================================================================================

2026-04-10 16:29:35,295 - INFO - ✓ ALL VALIDATIONS PASSED - Pop-up is working correctly!
2026-04-10 16:29:36,925 - INFO - Screenshot captured: reports/RUN_20260410_162922\screenshots\03_Popup_Immediate_2_162935.png
2026-04-10 16:29:36,925 - INFO - Screenshot 2 captured - Attempting validation...
2026-04-10 16:29:36,925 - INFO - 
================================================================================
2026-04-10 16:29:36,925 - INFO - STARTING COMPREHENSIVE POP-UP VALIDATION
2026-04-10 16:29:36,931 - INFO - ================================================================================
2026-04-10 16:29:36,966 - ERROR - VALIDATION FAILED: Pop-up element not found!
2026-04-10 16:29:37,704 - INFO - Screenshot captured: reports/RUN_20260410_162922\screenshots\03_Popup_Immediate_3_162937.png
2026-04-10 16:29:37,704 - INFO - Screenshot 3 captured - Attempting validation...
2026-04-10 16:29:37,704 - INFO - 
================================================================================
2026-04-10 16:29:37,708 - INFO - STARTING COMPREHENSIVE POP-UP VALIDATION
2026-04-10 16:29:37,711 - INFO - ================================================================================
2026-04-10 16:29:37,767 - ERROR - VALIDATION FAILED: Pop-up element not found!
2026-04-10 16:29:37,931 - INFO - Logging DOM elements AFTER login click (pop-up should appear here)...
2026-04-10 16:29:37,935 - INFO - 
================================================================================
2026-04-10 16:29:37,935 - INFO - DOM SNAPSHOT AT STAGE: After_Login_Click
2026-04-10 16:29:37,937 - INFO - ================================================================================
2026-04-10 16:29:38,009 - INFO - 
Searching for pop-up elements in page content...
2026-04-10 16:29:38,592 - WARNING - ⚠ No known pop-up selectors found. Checking all visible divs...
2026-04-10 16:29:38,689 - INFO - Total DIV elements on page: 28
2026-04-10 16:29:39,035 - INFO -   Visible DIV 1: class='header-right' id='no-id' text='English
French
Spanish
Quantum Toll Authority
supe'
2026-04-10 16:29:39,200 - INFO -   Visible DIV 2: class='nav-user' id='no-id' text='Quantum Toll Authority
superadmin_qm@yopmail.com'
2026-04-10 16:29:39,441 - INFO -   Visible DIV 3: class='nav-user-info' id='no-id' text='Quantum Toll Authority
superadmin_qm@yopmail.com'
2026-04-10 16:29:39,558 - INFO -   Visible DIV 4: class='uname' id='no-id' text='Quantum Toll Authority'
2026-04-10 16:29:39,703 - INFO -   Visible DIV 5: class='urole' id='no-id' text='superadmin_qm@yopmail.com'
2026-04-10 16:29:39,831 - INFO -   Visible DIV 6: class='main-container' id='no-id' text='dashboard_2
group
decimal_increase
admin_panel_set'
2026-04-10 16:29:39,982 - INFO -   Visible DIV 7: class='inner' id='no-id' text='dashboard_2'
2026-04-10 16:29:40,105 - INFO -   Visible DIV 8: class='inner' id='no-id' text='group'
2026-04-10 16:29:40,280 - INFO -   Visible DIV 9: class='inner' id='no-id' text='decimal_increase'
2026-04-10 16:29:40,468 - INFO -   Visible DIV 10: class='inner' id='no-id' text='admin_panel_settings'
2026-04-10 16:29:40,649 - INFO -   Visible DIV 11: class='inner' id='no-id' text='nest_doorbell_visitor'
2026-04-10 16:29:40,786 - INFO -   Visible DIV 12: class='inner' id='no-id' text='key_visualizer'
2026-04-10 16:29:40,827 - INFO - 
================================================================================

2026-04-10 16:29:41,015 - INFO - Screenshot captured: reports/RUN_20260410_162922\screenshots\02_Just_After_Login_Click_162940.png
2026-04-10 16:29:41,406 - INFO - Starting Onboarding Flow Test
2026-04-10 16:29:41,422 - INFO - Starting navigation to Onboard Customer page...
2026-04-10 16:29:41,422 - INFO - Clicking Workbench icon...
2026-04-10 16:29:42,074 - INFO - Workbench menu expanded.
2026-04-10 16:29:42,074 - INFO - Clicking 'Manage Accounts' sub-menu...
2026-04-10 16:29:42,674 - INFO - 'Manage Accounts' submenu expanded.
2026-04-10 16:29:42,674 - INFO - Clicking 'Onboard a Customer' link...
2026-04-10 16:29:44,049 - INFO - Successfully navigated to Onboard Customer page.
2026-04-10 16:29:44,515 - INFO - Screenshot captured: reports/RUN_20260410_162922\screenshots\02_Onboard_Customer_Landing_162944.png
2026-04-10 16:29:44,520 - INFO - Filling Onboarding details for United States...
2026-04-10 16:29:46,534 - INFO - Filled First Name: Kiaan
2026-04-10 16:29:48,100 - INFO - Filled Last Name: Gour
2026-04-10 16:29:49,341 - INFO - Checked: Use Same for Billing
2026-04-10 16:29:50,619 - INFO - Checked: Use Same for Shipping
2026-04-10 16:29:51,787 - INFO - Checked: Primary Address
2026-04-10 16:29:56,373 - INFO - Filled Address: 123 Automation Way
2026-04-10 16:29:57,864 - INFO - Filled Zip Code: 12345
2026-04-10 16:29:59,890 - INFO - Filled Unique Phone Number: 7208281355
2026-04-10 16:30:01,310 - INFO - Filled Email: auto_kiaan@test.com
2026-04-10 16:30:02,757 - INFO - Filled Confirm Email: auto_kiaan@test.com
2026-04-10 16:30:02,757 - INFO - Clicking 'Save & Next'...
2026-04-10 16:30:03,957 - INFO - Clicked 'Save & Next' button.
2026-04-10 16:30:04,005 - INFO - Successfully verified Step 1 completion.
2026-04-10 16:30:04,060 - INFO - Retrieved Temporary Account ID: 1000000517
2026-04-10 16:30:04,060 - INFO - Step 1 Success. ID: 1000000517
2026-04-10 16:30:04,060 - INFO - Starting Step 2: Adding 4 Vehicle(s)...
2026-04-10 16:30:05,504 - INFO - Filled Plate Number 1: QA9991GP
2026-04-10 16:30:11,697 - INFO - Filled Plate Start Date: 2026-04-10
2026-04-10 16:30:11,697 - INFO - Selecting 'Request Tag' radio button...
2026-04-10 16:30:13,834 - INFO - Filling Tag Details...
2026-04-10 16:30:24,490 - INFO - Vehicle 1 added to grid.
2026-04-10 16:30:25,933 - INFO - Filled Plate Number 2: QA5494GP
2026-04-10 16:30:32,121 - INFO - Filled Plate Start Date: 2026-04-10
2026-04-10 16:30:32,121 - INFO - Selecting 'Request Tag' radio button...
2026-04-10 16:30:34,227 - INFO - Filling Tag Details...
2026-04-10 16:43:13,274 - INFO - Test Session Started.
2026-04-10 16:43:13,276 - INFO - Navigating to Login Page: http://operator-qa.qmaastech.com/
2026-04-10 16:43:13,276 - INFO - Navigating to: http://operator-qa.qmaastech.com/
2026-04-10 16:43:16,557 - INFO - Attempting login for user: superadmin_qm@yopmail.com
2026-04-10 16:43:18,423 - INFO - Logging DOM elements BEFORE login click...
2026-04-10 16:43:18,423 - INFO - 
================================================================================
2026-04-10 16:43:18,427 - INFO - DOM SNAPSHOT AT STAGE: Before_Login
2026-04-10 16:43:18,429 - INFO - ================================================================================
2026-04-10 16:43:18,522 - INFO - 
Searching for pop-up elements in page content...
2026-04-10 16:43:19,109 - WARNING - ⚠ No known pop-up selectors found. Checking all visible divs...
2026-04-10 16:43:19,177 - INFO - Total DIV elements on page: 20
2026-04-10 16:43:19,956 - INFO -   Visible DIV 1: class='hero-pills' id='no-id' text='bolt
Real-time
smart_toy
AI-driven
hub
Multi-agenc'
2026-04-10 16:43:20,140 - INFO -   Visible DIV 2: class='auth-panel' id='no-id' text='Welcome Back

Sign in to your account to continue
'
2026-04-10 16:43:20,248 - INFO -   Visible DIV 3: class='auth-card' id='no-id' text='Welcome Back

Sign in to your account to continue
'
2026-04-10 16:43:20,361 - INFO -   Visible DIV 4: class='auth-step' id='no-id' text='Welcome Back

Sign in to your account to continue
'
2026-04-10 16:43:20,532 - INFO -   Visible DIV 5: class='field-wrap' id='no-id' text='Email ID / Username *
person'
2026-04-10 16:43:20,631 - INFO -   Visible DIV 6: class='input-shell' id='no-id' text='person'
2026-04-10 16:43:20,814 - INFO -   Visible DIV 7: class='field-wrap' id='no-id' text='Password *
lock
visibility_off'
2026-04-10 16:43:20,926 - INFO -   Visible DIV 8: class='input-shell' id='no-id' text='lock
visibility_off'
2026-04-10 16:43:21,014 - INFO -   Visible DIV 9: class='auth-bottom-links' id='no-id' text='New user?  Access Account

Forgot password?'
2026-04-10 16:43:21,102 - INFO - 
================================================================================

2026-04-10 16:43:21,695 - INFO - Login button clicked.
2026-04-10 16:43:21,698 - INFO - Taking rapid screenshots and validating pop-up...
2026-04-10 16:43:22,604 - INFO - Screenshot captured: reports/RUN_20260410_164309\screenshots\03_Popup_Immediate_1_164321.png
2026-04-10 16:43:22,605 - INFO - Screenshot 1 captured - Attempting validation...
2026-04-10 16:43:22,605 - INFO - 
================================================================================
2026-04-10 16:43:22,608 - INFO - STARTING COMPREHENSIVE POP-UP VALIDATION
2026-04-10 16:43:22,608 - INFO - ================================================================================
2026-04-10 16:43:22,669 - INFO - 
[VALIDATION 1] Checking Pop-up Visibility...
2026-04-10 16:43:22,723 - INFO -   Visibility Status: True
2026-04-10 16:43:22,723 - INFO -   PASSED: Pop-up is visible
2026-04-10 16:43:22,723 - INFO - 
[VALIDATION 2] Extracting and Validating Text Content...
2026-04-10 16:43:22,782 - INFO -   Extracted Text: 'Login Successful'
2026-04-10 16:43:22,784 - INFO -   PASSED: Text matches exactly: 'Login Successful'
2026-04-10 16:43:22,784 - INFO - 
[VALIDATION 3] Checking for Typos...
2026-04-10 16:43:22,784 - INFO -   PASSED: No known typos detected
2026-04-10 16:43:22,790 - INFO - 
[VALIDATION 4] Extracting CSS Classes and Attributes...
2026-04-10 16:43:22,830 - INFO -   CSS Classes: snackbar success-snackbar
2026-04-10 16:43:22,832 - INFO -   PASSED: 'success' class is present
2026-04-10 16:43:22,834 - INFO - 
[VALIDATION 5] Checking Element Properties...
2026-04-10 16:43:23,165 - INFO -   ID: Not set
2026-04-10 16:43:23,165 - INFO -   Data-TestID: Not set
2026-04-10 16:43:23,165 - INFO -   Role: Not set
2026-04-10 16:43:23,168 - INFO -   ARIA Label: Not set
2026-04-10 16:43:23,168 - INFO - 
[VALIDATION 6] Checking Position and Size...
2026-04-10 16:43:23,202 - WARNING -   WARNING: Could not get bounding box
2026-04-10 16:43:23,202 - INFO - 
[VALIDATION 7] Checking Computed Styles...
2026-04-10 16:43:23,277 - ERROR - Validation error: TypeError: Failed to execute 'getComputedStyle' on 'Window': parameter 1 is not of type 'Element'.
    at eval (eval at evaluate (:226:30), <anonymous>:1:8)
    at eval (<anonymous>)
    at UtilityScript.evaluate (<anonymous>:226:30)
    at UtilityScript.<anonymous> (<anonymous>:1:44)
2026-04-10 16:43:23,277 - WARNING -   WARNING: Could not check computed styles - element may have disappeared
2026-04-10 16:43:23,277 - INFO - 
================================================================================
2026-04-10 16:43:23,277 - INFO - POP-UP VALIDATION SUMMARY
2026-04-10 16:43:23,281 - INFO - ================================================================================
2026-04-10 16:43:23,281 - INFO -   Visibility: PASSED
2026-04-10 16:43:23,281 - INFO -   Text Match: PASSED
2026-04-10 16:43:23,281 - INFO -   Typo Check: PASSED
2026-04-10 16:43:23,281 - INFO -   CSS Classes: Present
2026-04-10 16:43:23,281 - INFO -   Position & Size: Valid
2026-04-10 16:43:23,281 - INFO -   Computed Styles: Valid
2026-04-10 16:43:23,281 - INFO - ================================================================================

2026-04-10 16:43:23,281 - INFO - ✓ ALL VALIDATIONS PASSED - Pop-up is working correctly!
2026-04-10 16:43:25,172 - INFO - Screenshot captured: reports/RUN_20260410_164309\screenshots\03_Popup_Immediate_2_164323.png
2026-04-10 16:43:25,177 - INFO - Screenshot 2 captured - Attempting validation...
2026-04-10 16:43:25,179 - INFO - 
================================================================================
2026-04-10 16:43:25,179 - INFO - STARTING COMPREHENSIVE POP-UP VALIDATION
2026-04-10 16:43:25,179 - INFO - ================================================================================
2026-04-10 16:43:25,219 - ERROR - VALIDATION FAILED: Pop-up element not found!
2026-04-10 16:43:26,555 - INFO - Screenshot captured: reports/RUN_20260410_164309\screenshots\03_Popup_Immediate_3_164325.png
2026-04-10 16:43:26,559 - INFO - Screenshot 3 captured - Attempting validation...
2026-04-10 16:43:26,560 - INFO - 
================================================================================
2026-04-10 16:43:26,560 - INFO - STARTING COMPREHENSIVE POP-UP VALIDATION
2026-04-10 16:43:26,563 - INFO - ================================================================================
2026-04-10 16:43:26,606 - ERROR - VALIDATION FAILED: Pop-up element not found!
2026-04-10 16:43:26,752 - INFO - Logging DOM elements AFTER login click (pop-up should appear here)...
2026-04-10 16:43:26,754 - INFO - 
================================================================================
2026-04-10 16:43:26,754 - INFO - DOM SNAPSHOT AT STAGE: After_Login_Click
2026-04-10 16:43:26,756 - INFO - ================================================================================
2026-04-10 16:43:26,865 - INFO - 
Searching for pop-up elements in page content...
2026-04-10 16:43:27,513 - WARNING - ⚠ No known pop-up selectors found. Checking all visible divs...
2026-04-10 16:43:27,588 - INFO - Total DIV elements on page: 28
2026-04-10 16:43:27,933 - INFO -   Visible DIV 1: class='header-right' id='no-id' text='English
French
Spanish
Quantum Toll Authority
supe'
2026-04-10 16:43:28,101 - INFO -   Visible DIV 2: class='nav-user' id='no-id' text='Quantum Toll Authority
superadmin_qm@yopmail.com'
2026-04-10 16:43:28,434 - INFO -   Visible DIV 3: class='nav-user-info' id='no-id' text='Quantum Toll Authority
superadmin_qm@yopmail.com'
2026-04-10 16:43:28,622 - INFO -   Visible DIV 4: class='uname' id='no-id' text='Quantum Toll Authority'
2026-04-10 16:43:28,791 - INFO -   Visible DIV 5: class='urole' id='no-id' text='superadmin_qm@yopmail.com'
2026-04-10 16:43:28,949 - INFO -   Visible DIV 6: class='main-container' id='no-id' text='dashboard_2
group
decimal_increase
admin_panel_set'
2026-04-10 16:43:29,049 - INFO -   Visible DIV 7: class='inner' id='no-id' text='dashboard_2'
2026-04-10 16:43:29,178 - INFO -   Visible DIV 8: class='inner' id='no-id' text='group'
2026-04-10 16:43:29,383 - INFO -   Visible DIV 9: class='inner' id='no-id' text='decimal_increase'
2026-04-10 16:43:29,570 - INFO -   Visible DIV 10: class='inner' id='no-id' text='admin_panel_settings'
2026-04-10 16:43:29,735 - INFO -   Visible DIV 11: class='inner' id='no-id' text='nest_doorbell_visitor'
2026-04-10 16:43:29,864 - INFO -   Visible DIV 12: class='inner' id='no-id' text='key_visualizer'
2026-04-10 16:43:29,899 - INFO - 
================================================================================

2026-04-10 16:43:30,138 - INFO - Screenshot captured: reports/RUN_20260410_164309\screenshots\02_Just_After_Login_Click_164329.png
2026-04-10 16:43:30,762 - INFO - Starting Onboarding Flow Test
2026-04-10 16:43:30,762 - INFO - Starting navigation to Onboard Customer page...
2026-04-10 16:43:30,762 - INFO - Clicking Workbench icon...
2026-04-10 16:43:31,449 - INFO - Workbench menu expanded.
2026-04-10 16:43:31,449 - INFO - Clicking 'Manage Accounts' sub-menu...
2026-04-10 16:43:32,021 - INFO - 'Manage Accounts' submenu expanded.
2026-04-10 16:43:32,021 - INFO - Clicking 'Onboard a Customer' link...
2026-04-10 16:43:33,320 - INFO - Successfully navigated to Onboard Customer page.
2026-04-10 16:43:33,838 - INFO - Screenshot captured: reports/RUN_20260410_164309\screenshots\02_Onboard_Customer_Landing_164333.png
2026-04-10 16:43:33,838 - INFO - Filling Onboarding details for United States...
2026-04-10 16:43:35,907 - INFO - Filled First Name: Jiya
2026-04-10 16:43:37,408 - INFO - Filled Last Name: Maharaj
2026-04-10 16:43:38,585 - INFO - Checked: Use Same for Billing
2026-04-10 16:43:39,694 - INFO - Checked: Use Same for Shipping
2026-04-10 16:43:40,831 - INFO - Checked: Primary Address
2026-04-10 16:43:45,423 - INFO - Filled Address: 123 Automation Way
2026-04-10 16:43:46,855 - INFO - Filled Zip Code: 12345
2026-04-10 16:43:48,839 - INFO - Filled Unique Phone Number: 7027060679
2026-04-10 16:43:50,369 - INFO - Filled Email: auto_jiya@test.com
2026-04-10 16:43:51,839 - INFO - Filled Confirm Email: auto_jiya@test.com
2026-04-10 16:43:51,839 - INFO - Clicking 'Save & Next'...
2026-04-10 16:43:53,054 - INFO - Clicked 'Save & Next' button.
2026-04-10 16:43:53,128 - INFO - Successfully verified Step 1 completion.
2026-04-10 16:43:53,194 - INFO - Retrieved Temporary Account ID: 1000000522
2026-04-10 16:43:53,194 - INFO - Step 1 Success. ID: 1000000522
2026-04-10 16:43:53,194 - INFO - Starting Step 2: Adding 4 Vehicle(s)...
2026-04-10 16:43:54,668 - INFO - Filled Plate Number 1: QA2520GP
2026-04-10 16:44:00,849 - INFO - Filled Plate Start Date: 2026-04-10
2026-04-10 16:44:00,849 - INFO - Selecting 'Request Tag' radio button...
2026-04-10 16:44:02,990 - INFO - [1] Selecting Tag values...
2026-04-10 16:46:17,074 - INFO - Test Session Started.
2026-04-10 16:46:17,081 - INFO - Navigating to Login Page: http://operator-qa.qmaastech.com/
2026-04-10 16:46:17,084 - INFO - Navigating to: http://operator-qa.qmaastech.com/
2026-04-10 16:46:20,157 - INFO - Attempting login for user: superadmin_qm@yopmail.com
2026-04-10 16:46:21,935 - INFO - Logging DOM elements BEFORE login click...
2026-04-10 16:46:21,935 - INFO - 
================================================================================
2026-04-10 16:46:21,935 - INFO - DOM SNAPSHOT AT STAGE: Before_Login
2026-04-10 16:46:21,935 - INFO - ================================================================================
2026-04-10 16:46:21,961 - INFO - 
Searching for pop-up elements in page content...
2026-04-10 16:46:22,291 - WARNING - ⚠ No known pop-up selectors found. Checking all visible divs...
2026-04-10 16:46:22,343 - INFO - Total DIV elements on page: 20
2026-04-10 16:46:22,854 - INFO -   Visible DIV 1: class='hero-pills' id='no-id' text='bolt
Real-time
smart_toy
AI-driven
hub
Multi-agenc'
2026-04-10 16:46:23,018 - INFO -   Visible DIV 2: class='auth-panel' id='no-id' text='Welcome Back

Sign in to your account to continue
'
2026-04-10 16:46:23,126 - INFO -   Visible DIV 3: class='auth-card' id='no-id' text='Welcome Back

Sign in to your account to continue
'
2026-04-10 16:46:23,258 - INFO -   Visible DIV 4: class='auth-step' id='no-id' text='Welcome Back

Sign in to your account to continue
'
2026-04-10 16:46:23,420 - INFO -   Visible DIV 5: class='field-wrap' id='no-id' text='Email ID / Username *
person'
2026-04-10 16:46:23,519 - INFO -   Visible DIV 6: class='input-shell' id='no-id' text='person'
2026-04-10 16:46:23,610 - INFO -   Visible DIV 7: class='field-wrap' id='no-id' text='Password *
lock
visibility_off'
2026-04-10 16:46:23,707 - INFO -   Visible DIV 8: class='input-shell' id='no-id' text='lock
visibility_off'
2026-04-10 16:46:23,791 - INFO -   Visible DIV 9: class='auth-bottom-links' id='no-id' text='New user?  Access Account

Forgot password?'
2026-04-10 16:46:23,839 - INFO - 
================================================================================

2026-04-10 16:46:24,431 - INFO - Login button clicked.
2026-04-10 16:46:24,431 - INFO - Taking rapid screenshots and validating pop-up...
2026-04-10 16:46:25,232 - INFO - Screenshot captured: reports/RUN_20260410_164614\screenshots\03_Popup_Immediate_1_164624.png
2026-04-10 16:46:25,235 - INFO - Screenshot 1 captured - Attempting validation...
2026-04-10 16:46:25,237 - INFO - 
================================================================================
2026-04-10 16:46:25,237 - INFO - STARTING COMPREHENSIVE POP-UP VALIDATION
2026-04-10 16:46:25,237 - INFO - ================================================================================
2026-04-10 16:46:25,303 - INFO - 
[VALIDATION 1] Checking Pop-up Visibility...
2026-04-10 16:46:25,336 - INFO -   Visibility Status: True
2026-04-10 16:46:25,342 - INFO -   PASSED: Pop-up is visible
2026-04-10 16:46:25,342 - INFO - 
[VALIDATION 2] Extracting and Validating Text Content...
2026-04-10 16:46:25,356 - INFO -   Extracted Text: 'Login Successful'
2026-04-10 16:46:25,356 - INFO -   PASSED: Text matches exactly: 'Login Successful'
2026-04-10 16:46:25,356 - INFO - 
[VALIDATION 3] Checking for Typos...
2026-04-10 16:46:25,356 - INFO -   PASSED: No known typos detected
2026-04-10 16:46:25,374 - INFO - 
[VALIDATION 4] Extracting CSS Classes and Attributes...
2026-04-10 16:46:25,397 - INFO -   CSS Classes: snackbar success-snackbar
2026-04-10 16:46:25,397 - INFO -   PASSED: 'success' class is present
2026-04-10 16:46:25,397 - INFO - 
[VALIDATION 5] Checking Element Properties...
2026-04-10 16:46:25,658 - INFO -   ID: Not set
2026-04-10 16:46:25,667 - INFO -   Data-TestID: Not set
2026-04-10 16:46:25,667 - INFO -   Role: Not set
2026-04-10 16:46:25,669 - INFO -   ARIA Label: Not set
2026-04-10 16:46:25,669 - INFO - 
[VALIDATION 6] Checking Position and Size...
2026-04-10 16:46:25,697 - WARNING -   WARNING: Could not get bounding box
2026-04-10 16:46:25,697 - INFO - 
[VALIDATION 7] Checking Computed Styles...
2026-04-10 16:46:25,740 - ERROR - Validation error: TypeError: Failed to execute 'getComputedStyle' on 'Window': parameter 1 is not of type 'Element'.
    at eval (eval at evaluate (:226:30), <anonymous>:1:8)
    at eval (<anonymous>)
    at UtilityScript.evaluate (<anonymous>:226:30)
    at UtilityScript.<anonymous> (<anonymous>:1:44)
2026-04-10 16:46:25,740 - WARNING -   WARNING: Could not check computed styles - element may have disappeared
2026-04-10 16:46:25,752 - INFO - 
================================================================================
2026-04-10 16:46:25,752 - INFO - POP-UP VALIDATION SUMMARY
2026-04-10 16:46:25,752 - INFO - ================================================================================
2026-04-10 16:46:25,754 - INFO -   Visibility: PASSED
2026-04-10 16:46:25,754 - INFO -   Text Match: PASSED
2026-04-10 16:46:25,754 - INFO -   Typo Check: PASSED
2026-04-10 16:46:25,754 - INFO -   CSS Classes: Present
2026-04-10 16:46:25,754 - INFO -   Position & Size: Valid
2026-04-10 16:46:25,754 - INFO -   Computed Styles: Valid
2026-04-10 16:46:25,754 - INFO - ================================================================================

2026-04-10 16:46:25,760 - INFO - ✓ ALL VALIDATIONS PASSED - Pop-up is working correctly!
2026-04-10 16:46:27,777 - INFO - Screenshot captured: reports/RUN_20260410_164614\screenshots\03_Popup_Immediate_2_164625.png
2026-04-10 16:46:27,780 - INFO - Screenshot 2 captured - Attempting validation...
2026-04-10 16:46:27,782 - INFO - 
================================================================================
2026-04-10 16:46:27,784 - INFO - STARTING COMPREHENSIVE POP-UP VALIDATION
2026-04-10 16:46:27,784 - INFO - ================================================================================
2026-04-10 16:46:27,817 - ERROR - VALIDATION FAILED: Pop-up element not found!
2026-04-10 16:46:28,503 - INFO - Screenshot captured: reports/RUN_20260410_164614\screenshots\03_Popup_Immediate_3_164627.png
2026-04-10 16:46:28,505 - INFO - Screenshot 3 captured - Attempting validation...
2026-04-10 16:46:28,507 - INFO - 
================================================================================
2026-04-10 16:46:28,507 - INFO - STARTING COMPREHENSIVE POP-UP VALIDATION
2026-04-10 16:46:28,510 - INFO - ================================================================================
2026-04-10 16:46:28,558 - ERROR - VALIDATION FAILED: Pop-up element not found!
2026-04-10 16:46:28,695 - INFO - Logging DOM elements AFTER login click (pop-up should appear here)...
2026-04-10 16:46:28,695 - INFO - 
================================================================================
2026-04-10 16:46:28,698 - INFO - DOM SNAPSHOT AT STAGE: After_Login_Click
2026-04-10 16:46:28,698 - INFO - ================================================================================
2026-04-10 16:46:28,769 - INFO - 
Searching for pop-up elements in page content...
2026-04-10 16:46:29,549 - WARNING - ⚠ No known pop-up selectors found. Checking all visible divs...
2026-04-10 16:46:29,659 - INFO - Total DIV elements on page: 28
2026-04-10 16:46:30,008 - INFO -   Visible DIV 1: class='header-right' id='no-id' text='English
French
Spanish
Quantum Toll Authority
supe'
2026-04-10 16:46:30,161 - INFO -   Visible DIV 2: class='nav-user' id='no-id' text='Quantum Toll Authority
superadmin_qm@yopmail.com'
2026-04-10 16:46:30,462 - INFO -   Visible DIV 3: class='nav-user-info' id='no-id' text='Quantum Toll Authority
superadmin_qm@yopmail.com'
2026-04-10 16:46:30,651 - INFO -   Visible DIV 4: class='uname' id='no-id' text='Quantum Toll Authority'
2026-04-10 16:46:30,809 - INFO -   Visible DIV 5: class='urole' id='no-id' text='superadmin_qm@yopmail.com'
2026-04-10 16:46:30,931 - INFO -   Visible DIV 6: class='main-container' id='no-id' text='dashboard_2
group
decimal_increase
admin_panel_set'
2026-04-10 16:46:31,040 - INFO -   Visible DIV 7: class='inner' id='no-id' text='dashboard_2'
2026-04-10 16:46:31,164 - INFO -   Visible DIV 8: class='inner' id='no-id' text='group'
2026-04-10 16:46:31,330 - INFO -   Visible DIV 9: class='inner' id='no-id' text='decimal_increase'
2026-04-10 16:46:31,465 - INFO -   Visible DIV 10: class='inner' id='no-id' text='admin_panel_settings'
2026-04-10 16:46:31,569 - INFO -   Visible DIV 11: class='inner' id='no-id' text='nest_doorbell_visitor'
2026-04-10 16:46:31,693 - INFO -   Visible DIV 12: class='inner' id='no-id' text='key_visualizer'
2026-04-10 16:46:31,720 - INFO - 
================================================================================

2026-04-10 16:46:31,930 - INFO - Screenshot captured: reports/RUN_20260410_164614\screenshots\02_Just_After_Login_Click_164631.png
2026-04-10 16:46:32,356 - INFO - Starting Onboarding Flow Test
2026-04-10 16:46:32,356 - INFO - Starting navigation to Onboard Customer page...
2026-04-10 16:46:32,372 - INFO - Clicking Workbench icon...
2026-04-10 16:46:33,062 - INFO - Workbench menu expanded.
2026-04-10 16:46:33,065 - INFO - Clicking 'Manage Accounts' sub-menu...
2026-04-10 16:46:33,676 - INFO - 'Manage Accounts' submenu expanded.
2026-04-10 16:46:33,684 - INFO - Clicking 'Onboard a Customer' link...
2026-04-10 16:46:36,166 - INFO - Successfully navigated to Onboard Customer page.
2026-04-10 16:46:36,653 - INFO - Screenshot captured: reports/RUN_20260410_164614\screenshots\02_Onboard_Customer_Landing_164636.png
2026-04-10 16:46:36,653 - INFO - Filling Onboarding details for United States...
2026-04-10 16:46:38,628 - INFO - Filled First Name: Kiara
2026-04-10 16:46:40,128 - INFO - Filled Last Name: Ahuja
2026-04-10 16:46:41,322 - INFO - Checked: Use Same for Billing
2026-04-10 16:46:42,493 - INFO - Checked: Use Same for Shipping
2026-04-10 16:46:43,634 - INFO - Checked: Primary Address
2026-04-10 16:46:48,244 - INFO - Filled Address: 123 Automation Way
2026-04-10 16:46:49,718 - INFO - Filled Zip Code: 12345
2026-04-10 16:46:51,789 - INFO - Filled Unique Phone Number: 8770532526
2026-04-10 16:46:53,176 - INFO - Filled Email: auto_kiara@test.com
2026-04-10 16:46:54,610 - INFO - Filled Confirm Email: auto_kiara@test.com
2026-04-10 16:46:54,612 - INFO - Clicking 'Save & Next'...
2026-04-10 16:46:55,804 - INFO - Clicked 'Save & Next' button.
2026-04-10 16:46:55,836 - INFO - Successfully verified Step 1 completion.
2026-04-10 16:46:55,915 - INFO - Retrieved Temporary Account ID: 1000000533
2026-04-10 16:46:55,915 - INFO - Step 1 Success. ID: 1000000533
2026-04-10 16:46:55,915 - INFO - Starting Step 2: Adding 4 Vehicle(s)...
2026-04-10 16:46:57,306 - INFO - Filled Plate Number 1: QA7393GP
2026-04-10 16:47:03,573 - INFO - Filled Plate Start Date: 2026-04-10
2026-04-10 16:47:03,573 - INFO - Selecting 'Request Tag' radio button...
2026-04-10 16:47:05,702 - INFO - [1] Selecting Tag values...
2026-04-10 16:47:14,776 - INFO - Retrieved Temporary Account ID: 1000000533
2026-04-10 16:47:17,993 - INFO - Vehicle 1 added to grid.
2026-04-10 16:47:19,350 - INFO - Filled Plate Number 2: QA1159GP
2026-04-10 16:47:25,457 - INFO - Filled Plate Start Date: 2026-04-10
2026-04-10 16:47:25,457 - INFO - Selecting 'Request Tag' radio button...
2026-04-10 16:47:27,579 - INFO - [2] Selecting Tag values...
2026-04-10 16:47:36,576 - INFO - Retrieved Temporary Account ID: 1000000533
2026-04-10 16:57:15,308 - INFO - Test Session Started.
2026-04-10 16:57:15,313 - INFO - Navigating to Login Page: http://operator-qa.qmaastech.com/
2026-04-10 16:57:15,313 - INFO - Navigating to: http://operator-qa.qmaastech.com/
2026-04-10 16:57:18,519 - INFO - Attempting login for user: superadmin_qm@yopmail.com
2026-04-10 16:57:20,396 - INFO - Logging DOM elements BEFORE login click...
2026-04-10 16:57:20,396 - INFO - 
================================================================================
2026-04-10 16:57:20,396 - INFO - DOM SNAPSHOT AT STAGE: Before_Login
2026-04-10 16:57:20,399 - INFO - ================================================================================
2026-04-10 16:57:20,437 - INFO - 
Searching for pop-up elements in page content...
2026-04-10 16:57:20,805 - WARNING - ⚠ No known pop-up selectors found. Checking all visible divs...
2026-04-10 16:57:20,884 - INFO - Total DIV elements on page: 20
2026-04-10 16:57:21,420 - INFO -   Visible DIV 1: class='hero-pills' id='no-id' text='bolt
Real-time
smart_toy
AI-driven
hub
Multi-agenc'
2026-04-10 16:57:21,724 - INFO -   Visible DIV 2: class='auth-panel' id='no-id' text='Welcome Back

Sign in to your account to continue
'
2026-04-10 16:57:21,830 - INFO -   Visible DIV 3: class='auth-card' id='no-id' text='Welcome Back

Sign in to your account to continue
'
2026-04-10 16:57:21,957 - INFO -   Visible DIV 4: class='auth-step' id='no-id' text='Welcome Back

Sign in to your account to continue
'
2026-04-10 16:57:22,117 - INFO -   Visible DIV 5: class='field-wrap' id='no-id' text='Email ID / Username *
person'
2026-04-10 16:57:22,240 - INFO -   Visible DIV 6: class='input-shell' id='no-id' text='person'
2026-04-10 16:57:22,348 - INFO -   Visible DIV 7: class='field-wrap' id='no-id' text='Password *
lock
visibility_off'
2026-04-10 16:57:22,434 - INFO -   Visible DIV 8: class='input-shell' id='no-id' text='lock
visibility_off'
2026-04-10 16:57:22,518 - INFO -   Visible DIV 9: class='auth-bottom-links' id='no-id' text='New user?  Access Account

Forgot password?'
2026-04-10 16:57:22,580 - INFO - 
================================================================================

2026-04-10 16:57:23,167 - INFO - Login button clicked.
2026-04-10 16:57:23,167 - INFO - Taking rapid screenshots and validating pop-up...
2026-04-10 16:57:24,040 - INFO - Screenshot captured: reports/RUN_20260410_165712\screenshots\03_Popup_Immediate_1_165723.png
2026-04-10 16:57:24,040 - INFO - Screenshot 1 captured - Attempting validation...
2026-04-10 16:57:24,040 - INFO - 
================================================================================
2026-04-10 16:57:24,045 - INFO - STARTING COMPREHENSIVE POP-UP VALIDATION
2026-04-10 16:57:24,045 - INFO - ================================================================================
2026-04-10 16:57:24,098 - INFO - 
[VALIDATION 1] Checking Pop-up Visibility...
2026-04-10 16:57:24,159 - INFO -   Visibility Status: True
2026-04-10 16:57:24,159 - INFO -   PASSED: Pop-up is visible
2026-04-10 16:57:24,159 - INFO - 
[VALIDATION 2] Extracting and Validating Text Content...
2026-04-10 16:57:24,191 - INFO -   Extracted Text: 'Login Successful'
2026-04-10 16:57:24,191 - INFO -   PASSED: Text matches exactly: 'Login Successful'
2026-04-10 16:57:24,191 - INFO - 
[VALIDATION 3] Checking for Typos...
2026-04-10 16:57:24,191 - INFO -   PASSED: No known typos detected
2026-04-10 16:57:24,191 - INFO - 
[VALIDATION 4] Extracting CSS Classes and Attributes...
2026-04-10 16:57:24,228 - INFO -   CSS Classes: snackbar success-snackbar
2026-04-10 16:57:24,230 - INFO -   PASSED: 'success' class is present
2026-04-10 16:57:24,230 - INFO - 
[VALIDATION 5] Checking Element Properties...
2026-04-10 16:57:24,517 - INFO -   ID: Not set
2026-04-10 16:57:24,517 - INFO -   Data-TestID: Not set
2026-04-10 16:57:24,517 - INFO -   Role: Not set
2026-04-10 16:57:24,517 - INFO -   ARIA Label: Not set
2026-04-10 16:57:24,517 - INFO - 
[VALIDATION 6] Checking Position and Size...
2026-04-10 16:57:24,551 - WARNING -   WARNING: Could not get bounding box
2026-04-10 16:57:24,551 - INFO - 
[VALIDATION 7] Checking Computed Styles...
2026-04-10 16:57:24,581 - ERROR - Validation error: TypeError: Failed to execute 'getComputedStyle' on 'Window': parameter 1 is not of type 'Element'.
    at eval (eval at evaluate (:226:30), <anonymous>:1:8)
    at eval (<anonymous>)
    at UtilityScript.evaluate (<anonymous>:226:30)
    at UtilityScript.<anonymous> (<anonymous>:1:44)
2026-04-10 16:57:24,590 - WARNING -   WARNING: Could not check computed styles - element may have disappeared
2026-04-10 16:57:24,590 - INFO - 
================================================================================
2026-04-10 16:57:24,590 - INFO - POP-UP VALIDATION SUMMARY
2026-04-10 16:57:24,590 - INFO - ================================================================================
2026-04-10 16:57:24,590 - INFO -   Visibility: PASSED
2026-04-10 16:57:24,590 - INFO -   Text Match: PASSED
2026-04-10 16:57:24,590 - INFO -   Typo Check: PASSED
2026-04-10 16:57:24,590 - INFO -   CSS Classes: Present
2026-04-10 16:57:24,597 - INFO -   Position & Size: Valid
2026-04-10 16:57:24,597 - INFO -   Computed Styles: Valid
2026-04-10 16:57:24,599 - INFO - ================================================================================

2026-04-10 16:57:24,599 - INFO - ✓ ALL VALIDATIONS PASSED - Pop-up is working correctly!
2026-04-10 16:57:26,501 - INFO - Screenshot captured: reports/RUN_20260410_165712\screenshots\03_Popup_Immediate_2_165724.png
2026-04-10 16:57:26,501 - INFO - Screenshot 2 captured - Attempting validation...
2026-04-10 16:57:26,501 - INFO - 
================================================================================
2026-04-10 16:57:26,502 - INFO - STARTING COMPREHENSIVE POP-UP VALIDATION
2026-04-10 16:57:26,503 - INFO - ================================================================================
2026-04-10 16:57:26,535 - ERROR - VALIDATION FAILED: Pop-up element not found!
2026-04-10 16:57:27,251 - INFO - Screenshot captured: reports/RUN_20260410_165712\screenshots\03_Popup_Immediate_3_165726.png
2026-04-10 16:57:27,253 - INFO - Screenshot 3 captured - Attempting validation...
2026-04-10 16:57:27,253 - INFO - 
================================================================================
2026-04-10 16:57:27,255 - INFO - STARTING COMPREHENSIVE POP-UP VALIDATION
2026-04-10 16:57:27,256 - INFO - ================================================================================
2026-04-10 16:57:27,300 - ERROR - VALIDATION FAILED: Pop-up element not found!
2026-04-10 16:57:27,435 - INFO - Logging DOM elements AFTER login click (pop-up should appear here)...
2026-04-10 16:57:27,435 - INFO - 
================================================================================
2026-04-10 16:57:27,438 - INFO - DOM SNAPSHOT AT STAGE: After_Login_Click
2026-04-10 16:57:27,438 - INFO - ================================================================================
2026-04-10 16:57:27,484 - INFO - 
Searching for pop-up elements in page content...
2026-04-10 16:57:28,171 - WARNING - ⚠ No known pop-up selectors found. Checking all visible divs...
2026-04-10 16:57:28,273 - INFO - Total DIV elements on page: 28
2026-04-10 16:57:28,700 - INFO -   Visible DIV 1: class='header-right' id='no-id' text='English
French
Spanish
Quantum Toll Authority
supe'
2026-04-10 16:57:28,902 - INFO -   Visible DIV 2: class='nav-user' id='no-id' text='Quantum Toll Authority
superadmin_qm@yopmail.com'
2026-04-10 16:57:29,278 - INFO -   Visible DIV 3: class='nav-user-info' id='no-id' text='Quantum Toll Authority
superadmin_qm@yopmail.com'
2026-04-10 16:57:29,464 - INFO -   Visible DIV 4: class='uname' id='no-id' text='Quantum Toll Authority'
2026-04-10 16:57:29,607 - INFO -   Visible DIV 5: class='urole' id='no-id' text='superadmin_qm@yopmail.com'
2026-04-10 16:57:29,770 - INFO -   Visible DIV 6: class='main-container' id='no-id' text='dashboard_2
group
decimal_increase
admin_panel_set'
2026-04-10 16:57:29,887 - INFO -   Visible DIV 7: class='inner' id='no-id' text='dashboard_2'
2026-04-10 16:57:30,022 - INFO -   Visible DIV 8: class='inner' id='no-id' text='group'
2026-04-10 16:57:30,187 - INFO -   Visible DIV 9: class='inner' id='no-id' text='decimal_increase'
2026-04-10 16:57:30,370 - INFO -   Visible DIV 10: class='inner' id='no-id' text='admin_panel_settings'
2026-04-10 16:57:30,500 - INFO -   Visible DIV 11: class='inner' id='no-id' text='nest_doorbell_visitor'
2026-04-10 16:57:30,622 - INFO -   Visible DIV 12: class='inner' id='no-id' text='key_visualizer'
2026-04-10 16:57:30,641 - INFO - 
================================================================================

2026-04-10 16:57:30,865 - INFO - Screenshot captured: reports/RUN_20260410_165712\screenshots\02_Just_After_Login_Click_165730.png
2026-04-10 16:57:31,189 - INFO - Starting Onboarding Flow Test
2026-04-10 16:57:31,189 - INFO - Starting navigation to Onboard Customer page...
2026-04-10 16:57:31,191 - INFO - Clicking Workbench icon...
2026-04-10 16:57:31,831 - INFO - Workbench menu expanded.
2026-04-10 16:57:31,831 - INFO - Clicking 'Manage Accounts' sub-menu...
2026-04-10 16:57:32,432 - INFO - 'Manage Accounts' submenu expanded.
2026-04-10 16:57:32,433 - INFO - Clicking 'Onboard a Customer' link...
2026-04-10 16:57:34,747 - INFO - Successfully navigated to Onboard Customer page.
2026-04-10 16:57:35,235 - INFO - Screenshot captured: reports/RUN_20260410_165712\screenshots\02_Onboard_Customer_Landing_165734.png
2026-04-10 16:57:35,235 - INFO - Filling Onboarding details for United States...
2026-04-10 16:57:37,242 - INFO - Filled First Name: Shayak
2026-04-10 16:57:38,845 - INFO - Filled Last Name: Sarkar
2026-04-10 16:57:40,048 - INFO - Checked: Use Same for Billing
2026-04-10 16:57:41,197 - INFO - Checked: Use Same for Shipping
2026-04-10 16:57:42,327 - INFO - Checked: Primary Address
2026-04-10 16:57:46,931 - INFO - Filled Address: 123 Automation Way
2026-04-10 16:57:48,417 - INFO - Filled Zip Code: 12345
2026-04-10 16:57:50,429 - INFO - Filled Unique Phone Number: 7763708554
2026-04-10 16:57:51,858 - INFO - Filled Email: auto_shayak@test.com
2026-04-10 16:57:53,275 - INFO - Filled Confirm Email: auto_shayak@test.com
2026-04-10 16:57:53,275 - INFO - Clicking 'Save & Next'...
2026-04-10 16:57:54,448 - INFO - Clicked 'Save & Next' button.
2026-04-10 16:57:54,516 - INFO - Successfully verified Step 1 completion.
2026-04-10 16:57:54,580 - INFO - Retrieved Temporary Account ID: 1000000543
2026-04-10 16:57:54,580 - INFO - Step 1 Success. ID: 1000000543
2026-04-10 16:57:54,580 - INFO - Starting Step 2: Adding 4 Vehicle(s)...
2026-04-10 16:57:56,006 - INFO - Filled Plate Number 1: QA7223GP
2026-04-10 16:58:02,208 - INFO - Filled Plate Start Date: 2026-04-10
2026-04-10 16:58:02,208 - INFO - Selecting 'Request Tag' radio button...
2026-04-10 16:58:04,319 - INFO - [1] Selecting Tag values...
2026-04-10 17:00:39,984 - INFO - Test Session Started.
2026-04-10 17:00:39,984 - INFO - Navigating to Login Page: http://operator-qa.qmaastech.com/
2026-04-10 17:00:39,987 - INFO - Navigating to: http://operator-qa.qmaastech.com/
2026-04-10 17:00:43,947 - INFO - Attempting login for user: superadmin_qm@yopmail.com
2026-04-10 17:00:45,730 - INFO - Logging DOM elements BEFORE login click...
2026-04-10 17:00:45,730 - INFO - 
================================================================================
2026-04-10 17:00:45,730 - INFO - DOM SNAPSHOT AT STAGE: Before_Login
2026-04-10 17:00:45,730 - INFO - ================================================================================
2026-04-10 17:00:45,756 - INFO - 
Searching for pop-up elements in page content...
2026-04-10 17:00:46,147 - WARNING - ⚠ No known pop-up selectors found. Checking all visible divs...
2026-04-10 17:00:46,206 - INFO - Total DIV elements on page: 20
2026-04-10 17:00:46,812 - INFO -   Visible DIV 1: class='hero-pills' id='no-id' text='bolt
Real-time
smart_toy
AI-driven
hub
Multi-agenc'
2026-04-10 17:00:46,955 - INFO -   Visible DIV 2: class='auth-panel' id='no-id' text='Welcome Back

Sign in to your account to continue
'
2026-04-10 17:00:47,063 - INFO -   Visible DIV 3: class='auth-card' id='no-id' text='Welcome Back

Sign in to your account to continue
'
2026-04-10 17:00:47,177 - INFO -   Visible DIV 4: class='auth-step' id='no-id' text='Welcome Back

Sign in to your account to continue
'
2026-04-10 17:00:47,321 - INFO -   Visible DIV 5: class='field-wrap' id='no-id' text='Email ID / Username *
person'
2026-04-10 17:00:47,456 - INFO -   Visible DIV 6: class='input-shell' id='no-id' text='person'
2026-04-10 17:00:47,575 - INFO -   Visible DIV 7: class='field-wrap' id='no-id' text='Password *
lock
visibility_off'
2026-04-10 17:00:47,675 - INFO -   Visible DIV 8: class='input-shell' id='no-id' text='lock
visibility_off'
2026-04-10 17:00:47,758 - INFO -   Visible DIV 9: class='auth-bottom-links' id='no-id' text='New user?  Access Account

Forgot password?'
2026-04-10 17:00:47,805 - INFO - 
================================================================================

2026-04-10 17:00:48,435 - INFO - Login button clicked.
2026-04-10 17:00:48,437 - INFO - Taking rapid screenshots and validating pop-up...
2026-04-10 17:00:49,182 - INFO - Screenshot captured: reports/RUN_20260410_170037\screenshots\03_Popup_Immediate_1_170048.png
2026-04-10 17:00:49,183 - INFO - Screenshot 1 captured - Attempting validation...
2026-04-10 17:00:49,184 - INFO - 
================================================================================
2026-04-10 17:00:49,184 - INFO - STARTING COMPREHENSIVE POP-UP VALIDATION
2026-04-10 17:00:49,184 - INFO - ================================================================================
2026-04-10 17:00:49,217 - INFO - 
[VALIDATION 1] Checking Pop-up Visibility...
2026-04-10 17:00:49,237 - INFO -   Visibility Status: True
2026-04-10 17:00:49,237 - INFO -   PASSED: Pop-up is visible
2026-04-10 17:00:49,237 - INFO - 
[VALIDATION 2] Extracting and Validating Text Content...
2026-04-10 17:00:49,268 - INFO -   Extracted Text: 'Login Successful'
2026-04-10 17:00:49,271 - INFO -   PASSED: Text matches exactly: 'Login Successful'
2026-04-10 17:00:49,271 - INFO - 
[VALIDATION 3] Checking for Typos...
2026-04-10 17:00:49,271 - INFO -   PASSED: No known typos detected
2026-04-10 17:00:49,271 - INFO - 
[VALIDATION 4] Extracting CSS Classes and Attributes...
2026-04-10 17:00:49,286 - INFO -   CSS Classes: snackbar success-snackbar
2026-04-10 17:00:49,286 - INFO -   PASSED: 'success' class is present
2026-04-10 17:00:49,286 - INFO - 
[VALIDATION 5] Checking Element Properties...
2026-04-10 17:00:49,376 - INFO -   ID: Not set
2026-04-10 17:00:49,392 - INFO -   Data-TestID: Not set
2026-04-10 17:00:49,392 - INFO -   Role: Not set
2026-04-10 17:00:49,392 - INFO -   ARIA Label: Not set
2026-04-10 17:00:49,392 - INFO - 
[VALIDATION 6] Checking Position and Size...
2026-04-10 17:00:49,436 - INFO -   X: 1210, Y: 20
2026-04-10 17:00:49,436 - INFO -   Width: 250, Height: 43.5
2026-04-10 17:00:49,436 - INFO -   PASSED: Element has valid dimensions
2026-04-10 17:00:49,436 - INFO - 
[VALIDATION 7] Checking Computed Styles...
2026-04-10 17:00:49,658 - ERROR - Validation error: TypeError: Failed to execute 'getComputedStyle' on 'Window': parameter 1 is not of type 'Element'.
    at eval (eval at evaluate (:226:30), <anonymous>:1:8)
    at eval (<anonymous>)
    at UtilityScript.evaluate (<anonymous>:226:30)
    at UtilityScript.<anonymous> (<anonymous>:1:44)
2026-04-10 17:00:49,660 - WARNING -   WARNING: Could not check computed styles - element may have disappeared
2026-04-10 17:00:49,662 - INFO - 
================================================================================
2026-04-10 17:00:49,664 - INFO - POP-UP VALIDATION SUMMARY
2026-04-10 17:00:49,666 - INFO - ================================================================================
2026-04-10 17:00:49,667 - INFO -   Visibility: PASSED
2026-04-10 17:00:49,669 - INFO -   Text Match: PASSED
2026-04-10 17:00:49,671 - INFO -   Typo Check: PASSED
2026-04-10 17:00:49,671 - INFO -   CSS Classes: Present
2026-04-10 17:00:49,671 - INFO -   Position & Size: Valid
2026-04-10 17:00:49,671 - INFO -   Computed Styles: Valid
2026-04-10 17:00:49,671 - INFO - ================================================================================

2026-04-10 17:00:49,671 - INFO - ✓ ALL VALIDATIONS PASSED - Pop-up is working correctly!
2026-04-10 17:00:51,549 - INFO - Screenshot captured: reports/RUN_20260410_170037\screenshots\03_Popup_Immediate_2_170049.png
2026-04-10 17:00:51,551 - INFO - Screenshot 2 captured - Attempting validation...
2026-04-10 17:00:51,552 - INFO - 
================================================================================
2026-04-10 17:00:51,552 - INFO - STARTING COMPREHENSIVE POP-UP VALIDATION
2026-04-10 17:00:51,552 - INFO - ================================================================================
2026-04-10 17:00:51,592 - ERROR - VALIDATION FAILED: Pop-up element not found!
2026-04-10 17:00:52,298 - INFO - Screenshot captured: reports/RUN_20260410_170037\screenshots\03_Popup_Immediate_3_170051.png
2026-04-10 17:00:52,302 - INFO - Screenshot 3 captured - Attempting validation...
2026-04-10 17:00:52,303 - INFO - 
================================================================================
2026-04-10 17:00:52,305 - INFO - STARTING COMPREHENSIVE POP-UP VALIDATION
2026-04-10 17:00:52,305 - INFO - ================================================================================
2026-04-10 17:00:52,338 - ERROR - VALIDATION FAILED: Pop-up element not found!
2026-04-10 17:00:52,504 - INFO - Logging DOM elements AFTER login click (pop-up should appear here)...
2026-04-10 17:00:52,504 - INFO - 
================================================================================
2026-04-10 17:00:52,507 - INFO - DOM SNAPSHOT AT STAGE: After_Login_Click
2026-04-10 17:00:52,509 - INFO - ================================================================================
2026-04-10 17:00:52,593 - INFO - 
Searching for pop-up elements in page content...
2026-04-10 17:00:53,352 - WARNING - ⚠ No known pop-up selectors found. Checking all visible divs...
2026-04-10 17:00:53,511 - INFO - Total DIV elements on page: 28
2026-04-10 17:00:53,991 - INFO -   Visible DIV 1: class='header-right' id='no-id' text='English
French
Spanish
Quantum Toll Authority
supe'
2026-04-10 17:00:54,201 - INFO -   Visible DIV 2: class='nav-user' id='no-id' text='Quantum Toll Authority
superadmin_qm@yopmail.com'
2026-04-10 17:00:54,498 - INFO -   Visible DIV 3: class='nav-user-info' id='no-id' text='Quantum Toll Authority
superadmin_qm@yopmail.com'
2026-04-10 17:00:54,703 - INFO -   Visible DIV 4: class='uname' id='no-id' text='Quantum Toll Authority'
2026-04-10 17:00:54,941 - INFO -   Visible DIV 5: class='urole' id='no-id' text='superadmin_qm@yopmail.com'
2026-04-10 17:00:55,094 - INFO -   Visible DIV 6: class='main-container' id='no-id' text='dashboard_2
group
decimal_increase
admin_panel_set'
2026-04-10 17:00:55,240 - INFO -   Visible DIV 7: class='inner' id='no-id' text='dashboard_2'
2026-04-10 17:00:55,351 - INFO -   Visible DIV 8: class='inner' id='no-id' text='group'
2026-04-10 17:00:55,508 - INFO -   Visible DIV 9: class='inner' id='no-id' text='decimal_increase'
2026-04-10 17:00:55,685 - INFO -   Visible DIV 10: class='inner' id='no-id' text='admin_panel_settings'
2026-04-10 17:00:55,847 - INFO -   Visible DIV 11: class='inner' id='no-id' text='nest_doorbell_visitor'
2026-04-10 17:00:56,015 - INFO -   Visible DIV 12: class='inner' id='no-id' text='key_visualizer'
2026-04-10 17:00:56,058 - INFO - 
================================================================================

2026-04-10 17:00:56,297 - INFO - Screenshot captured: reports/RUN_20260410_170037\screenshots\02_Just_After_Login_Click_170056.png
2026-04-10 17:00:56,796 - INFO - Starting Onboarding Flow Test
2026-04-10 17:00:56,796 - INFO - Starting navigation to Onboard Customer page...
2026-04-10 17:00:56,811 - INFO - Clicking Workbench icon...
2026-04-10 17:00:57,473 - INFO - Workbench menu expanded.
2026-04-10 17:00:57,473 - INFO - Clicking 'Manage Accounts' sub-menu...
2026-04-10 17:00:58,063 - INFO - 'Manage Accounts' submenu expanded.
2026-04-10 17:00:58,065 - INFO - Clicking 'Onboard a Customer' link...
2026-04-10 17:00:59,538 - INFO - Successfully navigated to Onboard Customer page.
2026-04-10 17:01:00,031 - INFO - Screenshot captured: reports/RUN_20260410_170037\screenshots\02_Onboard_Customer_Landing_170059.png
2026-04-10 17:01:00,035 - INFO - Filling Onboarding details for United States...
2026-04-10 17:01:02,062 - INFO - Filled First Name: Jhanvi
2026-04-10 17:01:03,530 - INFO - Filled Last Name: Ahluwalia
2026-04-10 17:01:04,700 - INFO - Checked: Use Same for Billing
2026-04-10 17:01:05,886 - INFO - Checked: Use Same for Shipping
2026-04-10 17:01:07,012 - INFO - Checked: Primary Address
2026-04-10 17:01:14,213 - INFO - Filled Address: 123 Automation Way
2026-04-10 17:01:15,642 - INFO - Filled Zip Code: 12345
2026-04-10 17:01:17,622 - INFO - Filled Unique Phone Number: 7570559590
2026-04-10 17:01:19,040 - INFO - Filled Email: auto_jhanvi@test.com
2026-04-10 17:01:20,440 - INFO - Filled Confirm Email: auto_jhanvi@test.com
2026-04-10 17:01:20,440 - INFO - Clicking 'Save & Next'...
2026-04-10 17:01:21,616 - INFO - Clicked 'Save & Next' button.
2026-04-10 17:01:36,635 - ERROR - Verification failed or timed out: Timeout 15000ms exceeded.
2026-04-10 17:01:36,870 - INFO - Screenshot captured: reports/RUN_20260410_170037\screenshots\Step1_Verification_Failure_170136.png
2026-04-10 17:03:48,145 - INFO - Test Session Started.
2026-04-10 17:03:48,147 - INFO - Navigating to Login Page: http://operator-qa.qmaastech.com/
2026-04-10 17:03:48,147 - INFO - Navigating to: http://operator-qa.qmaastech.com/
2026-04-10 17:03:52,996 - INFO - Attempting login for user: superadmin_qm@yopmail.com
2026-04-10 17:03:54,784 - INFO - Logging DOM elements BEFORE login click...
2026-04-10 17:03:54,786 - INFO - 
================================================================================
2026-04-10 17:03:54,787 - INFO - DOM SNAPSHOT AT STAGE: Before_Login
2026-04-10 17:03:54,787 - INFO - ================================================================================
2026-04-10 17:03:54,852 - INFO - 
Searching for pop-up elements in page content...
2026-04-10 17:03:55,213 - WARNING - ⚠ No known pop-up selectors found. Checking all visible divs...
2026-04-10 17:03:55,264 - INFO - Total DIV elements on page: 20
2026-04-10 17:03:55,783 - INFO -   Visible DIV 1: class='hero-pills' id='no-id' text='bolt
Real-time
smart_toy
AI-driven
hub
Multi-agenc'
2026-04-10 17:03:55,962 - INFO -   Visible DIV 2: class='auth-panel' id='no-id' text='Welcome Back

Sign in to your account to continue
'
2026-04-10 17:03:56,041 - INFO -   Visible DIV 3: class='auth-card' id='no-id' text='Welcome Back

Sign in to your account to continue
'
2026-04-10 17:03:56,148 - INFO -   Visible DIV 4: class='auth-step' id='no-id' text='Welcome Back

Sign in to your account to continue
'
2026-04-10 17:03:56,296 - INFO -   Visible DIV 5: class='field-wrap' id='no-id' text='Email ID / Username *
person'
2026-04-10 17:03:56,375 - INFO -   Visible DIV 6: class='input-shell' id='no-id' text='person'
2026-04-10 17:03:56,483 - INFO -   Visible DIV 7: class='field-wrap' id='no-id' text='Password *
lock
visibility_off'
2026-04-10 17:03:56,565 - INFO -   Visible DIV 8: class='input-shell' id='no-id' text='lock
visibility_off'
2026-04-10 17:03:56,664 - INFO -   Visible DIV 9: class='auth-bottom-links' id='no-id' text='New user?  Access Account

Forgot password?'
2026-04-10 17:03:56,706 - INFO - 
================================================================================

2026-04-10 17:03:57,274 - INFO - Login button clicked.
2026-04-10 17:03:57,277 - INFO - Taking rapid screenshots and validating pop-up...
2026-04-10 17:03:58,015 - INFO - Screenshot captured: reports/RUN_20260410_170345\screenshots\03_Popup_Immediate_1_170357.png
2026-04-10 17:03:58,026 - INFO - Screenshot 1 captured - Attempting validation...
2026-04-10 17:03:58,027 - INFO - 
================================================================================
2026-04-10 17:03:58,028 - INFO - STARTING COMPREHENSIVE POP-UP VALIDATION
2026-04-10 17:03:58,029 - INFO - ================================================================================
2026-04-10 17:03:58,065 - INFO - 
[VALIDATION 1] Checking Pop-up Visibility...
2026-04-10 17:03:58,110 - INFO -   Visibility Status: True
2026-04-10 17:03:58,110 - INFO -   PASSED: Pop-up is visible
2026-04-10 17:03:58,110 - INFO - 
[VALIDATION 2] Extracting and Validating Text Content...
2026-04-10 17:03:58,122 - INFO -   Extracted Text: 'Login Successful'
2026-04-10 17:03:58,122 - INFO -   PASSED: Text matches exactly: 'Login Successful'
2026-04-10 17:03:58,122 - INFO - 
[VALIDATION 3] Checking for Typos...
2026-04-10 17:03:58,122 - INFO -   PASSED: No known typos detected
2026-04-10 17:03:58,122 - INFO - 
[VALIDATION 4] Extracting CSS Classes and Attributes...
2026-04-10 17:03:58,157 - INFO -   CSS Classes: snackbar success-snackbar
2026-04-10 17:03:58,157 - INFO -   PASSED: 'success' class is present
2026-04-10 17:03:58,157 - INFO - 
[VALIDATION 5] Checking Element Properties...
2026-04-10 17:03:58,247 - INFO -   ID: Not set
2026-04-10 17:03:58,247 - INFO -   Data-TestID: Not set
2026-04-10 17:03:58,247 - INFO -   Role: Not set
2026-04-10 17:03:58,247 - INFO -   ARIA Label: Not set
2026-04-10 17:03:58,247 - INFO - 
[VALIDATION 6] Checking Position and Size...
2026-04-10 17:03:58,263 - INFO -   X: 1210, Y: 20
2026-04-10 17:03:58,263 - INFO -   Width: 250, Height: 43.5
2026-04-10 17:03:58,263 - INFO -   PASSED: Element has valid dimensions
2026-04-10 17:03:58,263 - INFO - 
[VALIDATION 7] Checking Computed Styles...
2026-04-10 17:03:58,312 - INFO -   Display: block
2026-04-10 17:03:58,314 - INFO -   Opacity: 1
2026-04-10 17:03:58,314 - INFO -   PASSED: Element is displayed with proper opacity
2026-04-10 17:03:58,314 - INFO - 
================================================================================
2026-04-10 17:03:58,314 - INFO - POP-UP VALIDATION SUMMARY
2026-04-10 17:03:58,314 - INFO - ================================================================================
2026-04-10 17:03:58,314 - INFO -   Visibility: PASSED
2026-04-10 17:03:58,314 - INFO -   Text Match: PASSED
2026-04-10 17:03:58,324 - INFO -   Typo Check: PASSED
2026-04-10 17:03:58,324 - INFO -   CSS Classes: Present
2026-04-10 17:03:58,324 - INFO -   Position & Size: Valid
2026-04-10 17:03:58,324 - INFO -   Computed Styles: Valid
2026-04-10 17:03:58,328 - INFO - ================================================================================

2026-04-10 17:03:58,328 - INFO - ✓ ALL VALIDATIONS PASSED - Pop-up is working correctly!
2026-04-10 17:03:58,878 - INFO - Screenshot captured: reports/RUN_20260410_170345\screenshots\03_Popup_Immediate_2_170358.png
2026-04-10 17:03:58,878 - INFO - Screenshot 2 captured - Attempting validation...
2026-04-10 17:03:58,878 - INFO - 
================================================================================
2026-04-10 17:03:58,878 - INFO - STARTING COMPREHENSIVE POP-UP VALIDATION
2026-04-10 17:03:58,884 - INFO - ================================================================================
2026-04-10 17:03:58,909 - ERROR - VALIDATION FAILED: Pop-up element not found!
2026-04-10 17:04:00,339 - INFO - Screenshot captured: reports/RUN_20260410_170345\screenshots\03_Popup_Immediate_3_170359.png
2026-04-10 17:04:00,339 - INFO - Screenshot 3 captured - Attempting validation...
2026-04-10 17:04:00,341 - INFO - 
================================================================================
2026-04-10 17:04:00,343 - INFO - STARTING COMPREHENSIVE POP-UP VALIDATION
2026-04-10 17:04:00,343 - INFO - ================================================================================
2026-04-10 17:04:00,386 - ERROR - VALIDATION FAILED: Pop-up element not found!
2026-04-10 17:04:00,536 - INFO - Logging DOM elements AFTER login click (pop-up should appear here)...
2026-04-10 17:04:00,538 - INFO - 
================================================================================
2026-04-10 17:04:00,538 - INFO - DOM SNAPSHOT AT STAGE: After_Login_Click
2026-04-10 17:04:00,538 - INFO - ================================================================================
2026-04-10 17:04:00,574 - INFO - 
Searching for pop-up elements in page content...
2026-04-10 17:04:01,113 - WARNING - ⚠ No known pop-up selectors found. Checking all visible divs...
2026-04-10 17:04:01,228 - INFO - Total DIV elements on page: 28
2026-04-10 17:04:01,740 - INFO -   Visible DIV 1: class='header-right' id='no-id' text='English
French
Spanish
Quantum Toll Authority
supe'
2026-04-10 17:04:01,995 - INFO -   Visible DIV 2: class='nav-user' id='no-id' text='Quantum Toll Authority
superadmin_qm@yopmail.com'
2026-04-10 17:04:02,392 - INFO -   Visible DIV 3: class='nav-user-info' id='no-id' text='Quantum Toll Authority
superadmin_qm@yopmail.com'
2026-04-10 17:04:02,668 - INFO -   Visible DIV 4: class='uname' id='no-id' text='Quantum Toll Authority'
2026-04-10 17:04:02,878 - INFO -   Visible DIV 5: class='urole' id='no-id' text='superadmin_qm@yopmail.com'
2026-04-10 17:04:03,071 - INFO -   Visible DIV 6: class='main-container' id='no-id' text='dashboard_2
group
decimal_increase
admin_panel_set'
2026-04-10 17:04:03,268 - INFO -   Visible DIV 7: class='inner' id='no-id' text='dashboard_2'
2026-04-10 17:04:03,490 - INFO -   Visible DIV 8: class='inner' id='no-id' text='group'
2026-04-10 17:04:03,774 - INFO -   Visible DIV 9: class='inner' id='no-id' text='decimal_increase'
2026-04-10 17:04:03,947 - INFO -   Visible DIV 10: class='inner' id='no-id' text='admin_panel_settings'
2026-04-10 17:04:04,107 - INFO -   Visible DIV 11: class='inner' id='no-id' text='nest_doorbell_visitor'
2026-04-10 17:04:04,248 - INFO -   Visible DIV 12: class='inner' id='no-id' text='key_visualizer'
2026-04-10 17:04:04,272 - INFO - 
================================================================================

2026-04-10 17:04:04,659 - INFO - Screenshot captured: reports/RUN_20260410_170345\screenshots\02_Just_After_Login_Click_170404.png
2026-04-10 17:04:05,176 - INFO - Starting Onboarding Flow Test
2026-04-10 17:04:05,176 - INFO - Starting navigation to Onboard Customer page...
2026-04-10 17:04:05,176 - INFO - Clicking Workbench icon...
2026-04-10 17:04:05,816 - INFO - Workbench menu expanded.
2026-04-10 17:04:05,816 - INFO - Clicking 'Manage Accounts' sub-menu...
2026-04-10 17:04:06,401 - INFO - 'Manage Accounts' submenu expanded.
2026-04-10 17:04:06,403 - INFO - Clicking 'Onboard a Customer' link...
2026-04-10 17:04:07,605 - INFO - Successfully navigated to Onboard Customer page.
2026-04-10 17:04:08,078 - INFO - Screenshot captured: reports/RUN_20260410_170345\screenshots\02_Onboard_Customer_Landing_170407.png
2026-04-10 17:04:08,078 - INFO - Filling Onboarding details for United States...
2026-04-10 17:04:10,142 - INFO - Filled First Name: Mishti
2026-04-10 17:04:11,562 - INFO - Filled Last Name: Iyengar
2026-04-10 17:04:12,735 - INFO - Checked: Use Same for Billing
2026-04-10 17:04:13,897 - INFO - Checked: Use Same for Shipping
2026-04-10 17:04:15,066 - INFO - Checked: Primary Address
2026-04-10 17:04:23,297 - INFO - Filled Address: 123 Automation Way
2026-04-10 17:04:24,692 - INFO - Filled Zip Code: 12345
2026-04-10 17:04:26,659 - INFO - Filled Unique Phone Number: 7872470545
2026-04-10 17:04:28,136 - INFO - Filled Email: auto_mishti@test.com
2026-04-10 17:04:29,574 - INFO - Filled Confirm Email: auto_mishti@test.com
2026-04-10 17:04:29,574 - INFO - Clicking 'Save & Next'...
2026-04-10 17:04:30,733 - INFO - Clicked 'Save & Next' button.
2026-04-10 17:04:45,749 - ERROR - Verification failed or timed out: Timeout 15000ms exceeded.
2026-04-10 17:04:45,959 - INFO - Screenshot captured: reports/RUN_20260410_170345\screenshots\Step1_Verification_Failure_170445.png
2026-04-10 17:12:39,692 - INFO - Test Session Started.
2026-04-10 17:12:39,695 - INFO - Navigating to Login Page: http://operator-qa.qmaastech.com/
2026-04-10 17:12:39,697 - INFO - Navigating to: http://operator-qa.qmaastech.com/
2026-04-10 17:12:43,635 - INFO - Attempting login for user: superadmin_qm@yopmail.com
2026-04-10 17:12:45,561 - INFO - Logging DOM elements BEFORE login click...
2026-04-10 17:12:45,563 - INFO - 
================================================================================
2026-04-10 17:12:45,565 - INFO - DOM SNAPSHOT AT STAGE: Before_Login
2026-04-10 17:12:45,567 - INFO - ================================================================================
2026-04-10 17:12:45,638 - INFO - 
Searching for pop-up elements in page content...
2026-04-10 17:12:46,493 - WARNING - ⚠ No known pop-up selectors found. Checking all visible divs...
2026-04-10 17:12:46,606 - INFO - Total DIV elements on page: 20
2026-04-10 17:12:47,888 - INFO -   Visible DIV 1: class='hero-pills' id='no-id' text='bolt
Real-time
smart_toy
AI-driven
hub
Multi-agenc'
2026-04-10 17:12:48,337 - INFO -   Visible DIV 2: class='auth-panel' id='no-id' text='Welcome Back

Sign in to your account to continue
'
2026-04-10 17:12:48,605 - INFO -   Visible DIV 3: class='auth-card' id='no-id' text='Welcome Back

Sign in to your account to continue
'
2026-04-10 17:12:48,787 - INFO -   Visible DIV 4: class='auth-step' id='no-id' text='Welcome Back

Sign in to your account to continue
'
2026-04-10 17:12:49,164 - INFO -   Visible DIV 5: class='field-wrap' id='no-id' text='Email ID / Username *
person'
2026-04-10 17:12:49,414 - INFO -   Visible DIV 6: class='input-shell' id='no-id' text='person'
2026-04-10 17:12:49,602 - INFO -   Visible DIV 7: class='field-wrap' id='no-id' text='Password *
lock
visibility_off'
2026-04-10 17:12:49,876 - INFO -   Visible DIV 8: class='input-shell' id='no-id' text='lock
visibility_off'
2026-04-10 17:12:50,154 - INFO -   Visible DIV 9: class='auth-bottom-links' id='no-id' text='New user?  Access Account

Forgot password?'
2026-04-10 17:12:50,293 - INFO - 
================================================================================

2026-04-10 17:12:50,954 - INFO - Login button clicked.
2026-04-10 17:12:50,955 - INFO - Taking rapid screenshots and validating pop-up...
2026-04-10 17:12:52,185 - INFO - Screenshot captured: reports/RUN_20260410_171236\screenshots\03_Popup_Immediate_1_171250.png
2026-04-10 17:12:52,185 - INFO - Screenshot 1 captured - Attempting validation...
2026-04-10 17:12:52,185 - INFO - 
================================================================================
2026-04-10 17:12:52,192 - INFO - STARTING COMPREHENSIVE POP-UP VALIDATION
2026-04-10 17:12:52,192 - INFO - ================================================================================
2026-04-10 17:12:52,277 - INFO - 
[VALIDATION 1] Checking Pop-up Visibility...
2026-04-10 17:12:52,795 - INFO -   Visibility Status: False
2026-04-10 17:12:52,797 - ERROR -   FAILED: Pop-up is not visible!
2026-04-10 17:12:55,622 - INFO - Screenshot captured: reports/RUN_20260410_171236\screenshots\03_Popup_Immediate_2_171252.png
2026-04-10 17:12:55,624 - INFO - Screenshot 2 captured - Attempting validation...
2026-04-10 17:12:55,626 - INFO - 
================================================================================
2026-04-10 17:12:55,632 - INFO - STARTING COMPREHENSIVE POP-UP VALIDATION
2026-04-10 17:12:55,634 - INFO - ================================================================================
2026-04-10 17:12:55,716 - ERROR - VALIDATION FAILED: Pop-up element not found!
2026-04-10 17:12:58,423 - INFO - Screenshot captured: reports/RUN_20260410_171236\screenshots\03_Popup_Immediate_3_171255.png
2026-04-10 17:12:58,427 - INFO - Screenshot 3 captured - Attempting validation...
2026-04-10 17:12:58,431 - INFO - 
================================================================================
2026-04-10 17:12:58,431 - INFO - STARTING COMPREHENSIVE POP-UP VALIDATION
2026-04-10 17:12:58,433 - INFO - ================================================================================
2026-04-10 17:12:58,539 - ERROR - VALIDATION FAILED: Pop-up element not found!
2026-04-10 17:12:58,753 - INFO - Logging DOM elements AFTER login click (pop-up should appear here)...
2026-04-10 17:12:58,759 - INFO - 
================================================================================
2026-04-10 17:12:58,765 - INFO - DOM SNAPSHOT AT STAGE: After_Login_Click
2026-04-10 17:12:58,773 - INFO - ================================================================================
2026-04-10 17:12:58,882 - INFO - 
Searching for pop-up elements in page content...
2026-04-10 17:13:00,301 - WARNING - ⚠ No known pop-up selectors found. Checking all visible divs...
2026-04-10 17:13:00,440 - INFO - Total DIV elements on page: 28
2026-04-10 17:13:01,085 - INFO -   Visible DIV 1: class='header-right' id='no-id' text='English
French
Spanish
Quantum Toll Authority
supe'
2026-04-10 17:13:01,343 - INFO -   Visible DIV 2: class='nav-user' id='no-id' text='Quantum Toll Authority
superadmin_qm@yopmail.com'
2026-04-10 17:13:01,821 - INFO -   Visible DIV 3: class='nav-user-info' id='no-id' text='Quantum Toll Authority
superadmin_qm@yopmail.com'
2026-04-10 17:13:02,108 - INFO -   Visible DIV 4: class='uname' id='no-id' text='Quantum Toll Authority'
2026-04-10 17:13:02,465 - INFO -   Visible DIV 5: class='urole' id='no-id' text='superadmin_qm@yopmail.com'
2026-04-10 17:13:02,735 - INFO -   Visible DIV 6: class='main-container' id='no-id' text='dashboard_2
group
decimal_increase
admin_panel_set'
2026-04-10 17:13:03,061 - INFO -   Visible DIV 7: class='inner' id='no-id' text='dashboard_2'
2026-04-10 17:13:03,339 - INFO -   Visible DIV 8: class='inner' id='no-id' text='group'
2026-04-10 17:13:03,734 - INFO -   Visible DIV 9: class='inner' id='no-id' text='decimal_increase'
2026-04-10 17:13:03,971 - INFO -   Visible DIV 10: class='inner' id='no-id' text='admin_panel_settings'
2026-04-10 17:13:04,220 - INFO -   Visible DIV 11: class='inner' id='no-id' text='nest_doorbell_visitor'
2026-04-10 17:13:04,483 - INFO -   Visible DIV 12: class='inner' id='no-id' text='key_visualizer'
2026-04-10 17:13:04,559 - INFO - 
================================================================================

2026-04-10 17:13:05,038 - INFO - Screenshot captured: reports/RUN_20260410_171236\screenshots\02_Just_After_Login_Click_171304.png
2026-04-10 17:13:05,757 - INFO - Starting Onboarding Flow Test
2026-04-10 17:13:05,757 - INFO - Starting navigation to Onboard Customer page...
2026-04-10 17:13:05,757 - INFO - Clicking Workbench icon...
2026-04-10 17:13:06,543 - INFO - Workbench menu expanded.
2026-04-10 17:13:06,545 - INFO - Clicking 'Manage Accounts' sub-menu...
2026-04-10 17:13:07,302 - INFO - 'Manage Accounts' submenu expanded.
2026-04-10 17:13:07,305 - INFO - Clicking 'Onboard a Customer' link...
2026-04-10 17:13:09,672 - INFO - Successfully navigated to Onboard Customer page.
2026-04-10 17:13:10,362 - INFO - Screenshot captured: reports/RUN_20260410_171236\screenshots\02_Onboard_Customer_Landing_171309.png
2026-04-10 17:13:10,365 - INFO - Filling Onboarding details for United States...
2026-04-10 17:13:12,526 - INFO - Filled First Name: Dishani
2026-04-10 17:13:14,150 - INFO - Filled Last Name: Banik
2026-04-10 17:13:15,435 - INFO - Checked: Use Same for Billing
2026-04-10 17:13:16,676 - INFO - Checked: Use Same for Shipping
2026-04-10 17:13:17,911 - INFO - Checked: Primary Address
2026-04-10 17:13:23,586 - INFO - Filled Address: 123 Automation Way
2026-04-10 17:13:25,107 - INFO - Filled Zip Code: 12345
2026-04-10 17:13:27,232 - INFO - Filled Unique Phone Number: 8924770012
2026-04-10 17:13:28,805 - INFO - Filled Email: auto_dishani@test.com
2026-04-10 17:13:30,444 - INFO - Filled Confirm Email: auto_dishani@test.com
2026-04-10 17:13:30,444 - INFO - Clicking 'Save & Next'...
2026-04-10 17:13:32,754 - INFO - Clicked 'Save & Next' button.
2026-04-10 17:13:32,896 - INFO - Successfully verified Step 1 completion.
2026-04-10 17:13:32,994 - INFO - Retrieved Temporary Account ID: 1000000547
2026-04-10 17:13:32,996 - INFO - Step 1 Success. ID: 1000000547
2026-04-10 17:13:32,996 - INFO - Starting Step 2: Adding 4 Vehicle(s)...
2026-04-10 17:13:34,544 - INFO - Filled Plate Number 1: QA5340GP
2026-04-10 17:13:41,010 - INFO - Filled Plate Start Date: 2026-04-10
2026-04-10 17:13:41,012 - INFO - Selecting 'Request Tag' radio button...
2026-04-10 17:13:43,199 - INFO - [1] Selecting Tag values...
2026-04-10 17:13:55,352 - INFO - Retrieved Temporary Account ID: 1000000547
2026-04-10 17:13:55,942 - INFO - [1] Clicking Add button...
2026-04-10 17:13:59,280 - INFO - Vehicle 1 added to grid.
2026-04-10 17:14:00,748 - INFO - Filled Plate Number 2: QA8082GP
2026-04-10 17:14:07,102 - INFO - Filled Plate Start Date: 2026-04-10
2026-04-10 17:14:07,104 - INFO - Selecting 'Request Tag' radio button...
2026-04-10 17:14:09,338 - INFO - [2] Selecting Tag values...
2026-04-10 17:14:21,372 - INFO - Retrieved Temporary Account ID: 1000000547
2026-04-10 17:14:21,967 - INFO - [2] Clicking Add button...
2026-04-10 17:30:57,583 - INFO - Test Session Started.
2026-04-10 17:30:57,587 - INFO - Navigating to Login Page: http://operator-qa.qmaastech.com/
2026-04-10 17:30:57,587 - INFO - Navigating to: http://operator-qa.qmaastech.com/
2026-04-10 17:31:01,440 - INFO - Attempting login for user: superadmin_qm@yopmail.com
2026-04-10 17:31:03,404 - INFO - Logging DOM elements BEFORE login click...
2026-04-10 17:31:03,406 - INFO - 
================================================================================
2026-04-10 17:31:03,408 - INFO - DOM SNAPSHOT AT STAGE: Before_Login
2026-04-10 17:31:03,408 - INFO - ================================================================================
2026-04-10 17:31:03,460 - INFO - 
Searching for pop-up elements in page content...
2026-04-10 17:31:04,153 - WARNING - ⚠ No known pop-up selectors found. Checking all visible divs...
2026-04-10 17:31:04,240 - INFO - Total DIV elements on page: 20
2026-04-10 17:31:05,346 - INFO -   Visible DIV 1: class='hero-pills' id='no-id' text='bolt
Real-time
smart_toy
AI-driven
hub
Multi-agenc'
2026-04-10 17:31:05,634 - INFO -   Visible DIV 2: class='auth-panel' id='no-id' text='Welcome Back

Sign in to your account to continue
'
2026-04-10 17:31:05,861 - INFO -   Visible DIV 3: class='auth-card' id='no-id' text='Welcome Back

Sign in to your account to continue
'
2026-04-10 17:31:06,103 - INFO -   Visible DIV 4: class='auth-step' id='no-id' text='Welcome Back

Sign in to your account to continue
'
2026-04-10 17:31:06,436 - INFO -   Visible DIV 5: class='field-wrap' id='no-id' text='Email ID / Username *
person'
2026-04-10 17:31:06,579 - INFO -   Visible DIV 6: class='input-shell' id='no-id' text='person'
2026-04-10 17:31:06,781 - INFO -   Visible DIV 7: class='field-wrap' id='no-id' text='Password *
lock
visibility_off'
2026-04-10 17:31:06,978 - INFO -   Visible DIV 8: class='input-shell' id='no-id' text='lock
visibility_off'
2026-04-10 17:31:07,205 - INFO -   Visible DIV 9: class='auth-bottom-links' id='no-id' text='New user?  Access Account

Forgot password?'
2026-04-10 17:31:07,298 - INFO - 
================================================================================

2026-04-10 17:31:07,931 - INFO - Login button clicked.
2026-04-10 17:31:07,931 - INFO - Taking rapid screenshots and validating pop-up...
2026-04-10 17:31:09,064 - INFO - Screenshot captured: reports/RUN_20260410_173053\screenshots\03_Popup_Immediate_1_173107.png
2026-04-10 17:31:09,066 - INFO - Screenshot 1 captured - Attempting validation...
2026-04-10 17:31:09,068 - INFO - 
================================================================================
2026-04-10 17:31:09,070 - INFO - STARTING COMPREHENSIVE POP-UP VALIDATION
2026-04-10 17:31:09,071 - INFO - ================================================================================
2026-04-10 17:31:09,171 - INFO - 
[VALIDATION 1] Checking Pop-up Visibility...
2026-04-10 17:31:09,632 - INFO -   Visibility Status: False
2026-04-10 17:31:09,632 - ERROR -   FAILED: Pop-up is not visible!
2026-04-10 17:31:12,634 - INFO - Screenshot captured: reports/RUN_20260410_173053\screenshots\03_Popup_Immediate_2_173109.png
2026-04-10 17:31:12,634 - INFO - Screenshot 2 captured - Attempting validation...
2026-04-10 17:31:12,634 - INFO - 
================================================================================
2026-04-10 17:31:12,634 - INFO - STARTING COMPREHENSIVE POP-UP VALIDATION
2026-04-10 17:31:12,638 - INFO - ================================================================================
2026-04-10 17:31:12,693 - ERROR - VALIDATION FAILED: Pop-up element not found!
2026-04-10 17:31:14,316 - INFO - Screenshot captured: reports/RUN_20260410_173053\screenshots\03_Popup_Immediate_3_173112.png
2026-04-10 17:31:14,318 - INFO - Screenshot 3 captured - Attempting validation...
2026-04-10 17:31:14,320 - INFO - 
================================================================================
2026-04-10 17:31:14,320 - INFO - STARTING COMPREHENSIVE POP-UP VALIDATION
2026-04-10 17:31:14,320 - INFO - ================================================================================
2026-04-10 17:31:14,390 - ERROR - VALIDATION FAILED: Pop-up element not found!
2026-04-10 17:31:14,599 - INFO - Logging DOM elements AFTER login click (pop-up should appear here)...
2026-04-10 17:31:14,622 - INFO - 
================================================================================
2026-04-10 17:31:14,623 - INFO - DOM SNAPSHOT AT STAGE: After_Login_Click
2026-04-10 17:31:14,625 - INFO - ================================================================================
2026-04-10 17:31:14,737 - INFO - 
Searching for pop-up elements in page content...
2026-04-10 17:31:15,588 - WARNING - ⚠ No known pop-up selectors found. Checking all visible divs...
2026-04-10 17:31:15,749 - INFO - Total DIV elements on page: 28
2026-04-10 17:31:16,396 - INFO -   Visible DIV 1: class='header-right' id='no-id' text='English
French
Spanish
Quantum Toll Authority
supe'
2026-04-10 17:31:16,684 - INFO -   Visible DIV 2: class='nav-user' id='no-id' text='Quantum Toll Authority
superadmin_qm@yopmail.com'
2026-04-10 17:31:17,055 - INFO -   Visible DIV 3: class='nav-user-info' id='no-id' text='Quantum Toll Authority
superadmin_qm@yopmail.com'
2026-04-10 17:31:17,309 - INFO -   Visible DIV 4: class='uname' id='no-id' text='Quantum Toll Authority'
2026-04-10 17:31:17,597 - INFO -   Visible DIV 5: class='urole' id='no-id' text='superadmin_qm@yopmail.com'
2026-04-10 17:31:17,892 - INFO -   Visible DIV 6: class='main-container' id='no-id' text='dashboard_2
group
decimal_increase
admin_panel_set'
2026-04-10 17:31:18,128 - INFO -   Visible DIV 7: class='inner' id='no-id' text='dashboard_2'
2026-04-10 17:31:18,373 - INFO -   Visible DIV 8: class='inner' id='no-id' text='group'
2026-04-10 17:31:18,630 - INFO -   Visible DIV 9: class='inner' id='no-id' text='decimal_increase'
2026-04-10 17:31:18,901 - INFO -   Visible DIV 10: class='inner' id='no-id' text='admin_panel_settings'
2026-04-10 17:31:19,194 - INFO -   Visible DIV 11: class='inner' id='no-id' text='nest_doorbell_visitor'
2026-04-10 17:31:19,462 - INFO -   Visible DIV 12: class='inner' id='no-id' text='key_visualizer'
2026-04-10 17:31:19,518 - INFO - 
================================================================================

2026-04-10 17:31:19,877 - INFO - Screenshot captured: reports/RUN_20260410_173053\screenshots\02_Just_After_Login_Click_173119.png
2026-04-10 17:31:20,593 - INFO - Starting Onboarding Flow Test
2026-04-10 17:31:20,595 - INFO - Starting navigation to Onboard Customer page...
2026-04-10 17:31:20,595 - INFO - Clicking Workbench icon...
2026-04-10 17:31:21,343 - INFO - Workbench menu expanded.
2026-04-10 17:31:21,349 - INFO - Clicking 'Manage Accounts' sub-menu...
2026-04-10 17:31:22,061 - INFO - 'Manage Accounts' submenu expanded.
2026-04-10 17:31:22,061 - INFO - Clicking 'Onboard a Customer' link...
2026-04-10 17:31:23,664 - INFO - Successfully navigated to Onboard Customer page.
2026-04-10 17:31:24,440 - INFO - Screenshot captured: reports/RUN_20260410_173053\screenshots\02_Onboard_Customer_Landing_173123.png
2026-04-10 17:31:24,440 - INFO - Filling Onboarding details for United States...
2026-04-10 17:31:26,658 - INFO - Filled First Name: Veer
2026-04-10 17:31:28,299 - INFO - Filled Last Name: Issac
2026-04-10 17:31:29,609 - INFO - Checked: Use Same for Billing
2026-04-10 17:31:30,836 - INFO - Checked: Use Same for Shipping
2026-04-10 17:31:32,062 - INFO - Checked: Primary Address
2026-04-10 17:31:36,892 - INFO - Filled Address: 123 Automation Way
2026-04-10 17:31:38,524 - INFO - Filled Zip Code: 12345
2026-04-10 17:31:40,654 - INFO - Filled Unique Phone Number: 9677125232
2026-04-10 17:31:42,197 - INFO - Filled Email: auto_veer@test.com
2026-04-10 17:31:43,808 - INFO - Filled Confirm Email: auto_veer@test.com
2026-04-10 17:31:43,809 - INFO - Clicking 'Save & Next'...
2026-04-10 17:31:46,127 - INFO - Clicked 'Save & Next' button.
2026-04-10 17:31:46,297 - INFO - Successfully verified Step 1 completion.
2026-04-10 17:31:46,407 - INFO - Retrieved Temporary Account ID: 1000000550
2026-04-10 17:31:46,407 - INFO - Step 1 Success. ID: 1000000550
2026-04-10 17:31:46,407 - INFO - Starting Step 2: Adding 4 Vehicle(s)...
2026-04-10 17:31:48,090 - INFO - Filled Plate Number 1: QA5875GP
2026-04-10 17:31:54,558 - INFO - Filled Plate Start Date: 2026-04-10
2026-04-10 17:31:54,558 - INFO - Selecting 'Request Tag' radio button...
2026-04-10 17:31:56,774 - INFO - [1] Selecting Tag values...
2026-04-10 17:32:08,879 - INFO - Retrieved Temporary Account ID: 1000000550
2026-04-10 17:32:09,495 - INFO - [1] Attempting to click Add button...
2026-04-10 17:32:12,848 - INFO - Vehicle 1 addition action completed.
2026-04-10 17:32:14,537 - INFO - Filled Plate Number 2: QA6135GP
2026-04-10 17:32:21,069 - INFO - Filled Plate Start Date: 2026-04-10
2026-04-10 17:32:21,069 - INFO - Selecting 'Request Tag' radio button...
2026-04-10 17:32:23,242 - INFO - [2] Selecting Tag values...
2026-04-10 17:32:35,252 - INFO - Retrieved Temporary Account ID: 1000000550
2026-04-10 17:32:35,852 - INFO - [2] Attempting to click Add button...
2026-04-10 17:32:39,098 - INFO - Vehicle 2 addition action completed.
2026-04-10 17:32:40,598 - INFO - Filled Plate Number 3: QA8049GP
2026-04-10 17:32:46,984 - INFO - Filled Plate Start Date: 2026-04-10
2026-04-10 17:32:46,986 - INFO - Selecting 'Request Tag' radio button...
2026-04-10 17:32:49,153 - INFO - [3] Selecting Tag values...
2026-04-10 17:33:01,182 - INFO - Retrieved Temporary Account ID: 1000000550
2026-04-10 17:33:01,786 - INFO - [3] Attempting to click Add button...
2026-04-10 17:33:05,117 - INFO - Vehicle 3 addition action completed.
2026-04-10 17:33:06,562 - INFO - Filled Plate Number 4: QA9607GP
2026-04-10 17:33:12,902 - INFO - Filled Plate Start Date: 2026-04-10
2026-04-10 17:33:12,902 - INFO - Selecting 'Request Tag' radio button...
2026-04-10 17:33:15,122 - INFO - [4] Selecting Tag values...
2026-04-10 17:33:27,144 - INFO - Retrieved Temporary Account ID: 1000000550
2026-04-10 17:33:27,750 - INFO - [4] Attempting to click Add button...
2026-04-10 17:33:31,108 - INFO - Vehicle 4 addition action completed.
2026-04-10 17:33:31,719 - INFO - Step 2 complete successfully.
2026-04-10 17:33:31,720 - INFO - Test completed successfully up to Step 3.
