2026-04-20 12:58:24,085 - INFO - Test Session Started.
2026-04-20 12:58:24,105 - INFO - Navigating to Login Page: http://operator-qa.qmaastech.com/
2026-04-20 12:58:24,120 - INFO - Navigating to: http://operator-qa.qmaastech.com/
2026-04-20 12:58:27,315 - INFO - Attempting login for user: superadmin_qm@yopmail.com
2026-04-20 12:58:28,985 - INFO - Logging DOM elements BEFORE login click...
2026-04-20 12:58:28,987 - INFO - 
================================================================================
2026-04-20 12:58:28,987 - INFO - DOM SNAPSHOT AT STAGE: Before_Login
2026-04-20 12:58:28,989 - INFO - ================================================================================
2026-04-20 12:58:29,027 - INFO - 
Searching for pop-up elements in page content...
2026-04-20 12:58:29,273 - WARNING - ⚠ No known pop-up selectors found. Checking all visible divs...
2026-04-20 12:58:29,316 - INFO - Total DIV elements on page: 21
2026-04-20 12:58:29,721 - INFO -   Visible DIV 1: class='hero-pills' id='no-id' text='bolt
Real-time
smart_toy
AI-driven
hub
Multi-agenc'
2026-04-20 12:58:29,840 - INFO -   Visible DIV 2: class='auth-panel' id='no-id' text='Welcome Back

Sign in to your account to continue
'
2026-04-20 12:58:29,916 - INFO -   Visible DIV 3: class='auth-card' id='no-id' text='Welcome Back

Sign in to your account to continue
'
2026-04-20 12:58:29,987 - INFO -   Visible DIV 4: class='auth-step' id='no-id' text='Welcome Back

Sign in to your account to continue
'
2026-04-20 12:58:30,100 - INFO -   Visible DIV 5: class='field-wrap' id='no-id' text='Email ID / Username *
person'
2026-04-20 12:58:30,171 - INFO -   Visible DIV 6: class='input-shell' id='no-id' text='person'
2026-04-20 12:58:30,257 - INFO -   Visible DIV 7: class='field-wrap' id='no-id' text='Password *
lock
visibility_off'
2026-04-20 12:58:30,327 - INFO -   Visible DIV 8: class='input-shell' id='no-id' text='lock
visibility_off'
2026-04-20 12:58:30,409 - INFO -   Visible DIV 9: class='auth-bottom-links' id='no-id' text='New user?  Access Account

Forgot password?'
2026-04-20 12:58:30,450 - INFO - 
================================================================================

2026-04-20 12:58:31,029 - INFO - Login button clicked.
2026-04-20 12:58:31,033 - INFO - Taking rapid screenshots and validating pop-up...
2026-04-20 12:58:31,568 - INFO - Screenshot captured: reports\RUN_20260420_125815\screenshots\03_Popup_Immediate_1_125831.png
2026-04-20 12:58:31,573 - INFO - Screenshot 1 captured - Attempting validation...
2026-04-20 12:58:31,574 - INFO - 
================================================================================
2026-04-20 12:58:31,574 - INFO - STARTING COMPREHENSIVE POP-UP VALIDATION
2026-04-20 12:58:31,574 - INFO - ================================================================================
2026-04-20 12:58:31,599 - INFO - 
[VALIDATION 1] Checking Pop-up Visibility...
2026-04-20 12:58:31,623 - INFO -   Visibility Status: True
2026-04-20 12:58:31,624 - INFO -   PASSED: Pop-up is visible
2026-04-20 12:58:31,624 - INFO - 
[VALIDATION 2] Extracting and Validating Text Content...
2026-04-20 12:58:31,643 - INFO -   Extracted Text: 'Login Successful'
2026-04-20 12:58:31,643 - INFO -   PASSED: Text matches exactly: 'Login Successful'
2026-04-20 12:58:31,643 - INFO - 
[VALIDATION 3] Checking for Typos...
2026-04-20 12:58:31,649 - INFO -   PASSED: No known typos detected
2026-04-20 12:58:31,649 - INFO - 
[VALIDATION 4] Extracting CSS Classes and Attributes...
2026-04-20 12:58:31,677 - INFO -   CSS Classes: snackbar success-snackbar
2026-04-20 12:58:31,677 - INFO -   PASSED: 'success' class is present
2026-04-20 12:58:31,677 - INFO - 
[VALIDATION 5] Checking Element Properties...
2026-04-20 12:58:31,759 - INFO -   ID: Not set
2026-04-20 12:58:31,759 - INFO -   Data-TestID: Not set
2026-04-20 12:58:31,764 - INFO -   Role: Not set
2026-04-20 12:58:31,764 - INFO -   ARIA Label: Not set
2026-04-20 12:58:31,764 - INFO - 
[VALIDATION 6] Checking Position and Size...
2026-04-20 12:58:31,779 - INFO -   X: 1230, Y: 20
2026-04-20 12:58:31,779 - INFO -   Width: 250, Height: 43.5
2026-04-20 12:58:31,779 - INFO -   PASSED: Element has valid dimensions
2026-04-20 12:58:31,779 - INFO - 
[VALIDATION 7] Checking Computed Styles...
2026-04-20 12:58:31,809 - INFO -   Display: block
2026-04-20 12:58:31,809 - INFO -   Opacity: 1
2026-04-20 12:58:31,809 - INFO -   PASSED: Element is displayed with proper opacity
2026-04-20 12:58:31,809 - INFO - 
================================================================================
2026-04-20 12:58:31,809 - INFO - POP-UP VALIDATION SUMMARY
2026-04-20 12:58:31,809 - INFO - ================================================================================
2026-04-20 12:58:31,809 - INFO -   Visibility: PASSED
2026-04-20 12:58:31,809 - INFO -   Text Match: PASSED
2026-04-20 12:58:31,809 - INFO -   Typo Check: PASSED
2026-04-20 12:58:31,809 - INFO -   CSS Classes: Present
2026-04-20 12:58:31,809 - INFO -   Position & Size: Valid
2026-04-20 12:58:31,809 - INFO -   Computed Styles: Valid
2026-04-20 12:58:31,809 - INFO - ================================================================================

2026-04-20 12:58:31,809 - INFO - ✓ ALL VALIDATIONS PASSED - Pop-up is working correctly!
2026-04-20 12:58:32,237 - INFO - Screenshot captured: reports\RUN_20260420_125815\screenshots\03_Popup_Immediate_2_125831.png
2026-04-20 12:58:32,238 - INFO - Screenshot 2 captured - Attempting validation...
2026-04-20 12:58:32,239 - INFO - 
================================================================================
2026-04-20 12:58:32,239 - INFO - STARTING COMPREHENSIVE POP-UP VALIDATION
2026-04-20 12:58:32,240 - INFO - ================================================================================
2026-04-20 12:58:32,263 - ERROR - VALIDATION FAILED: Pop-up element not found!
2026-04-20 12:58:33,831 - INFO - Screenshot captured: reports\RUN_20260420_125815\screenshots\03_Popup_Immediate_3_125832.png
2026-04-20 12:58:33,831 - INFO - Screenshot 3 captured - Attempting validation...
2026-04-20 12:58:33,831 - INFO - 
================================================================================
2026-04-20 12:58:33,831 - INFO - STARTING COMPREHENSIVE POP-UP VALIDATION
2026-04-20 12:58:33,831 - INFO - ================================================================================
2026-04-20 12:58:33,853 - ERROR - VALIDATION FAILED: Pop-up element not found!
2026-04-20 12:58:33,974 - INFO - Logging DOM elements AFTER login click (pop-up should appear here)...
2026-04-20 12:58:33,976 - INFO - 
================================================================================
2026-04-20 12:58:33,978 - INFO - DOM SNAPSHOT AT STAGE: After_Login_Click
2026-04-20 12:58:33,978 - INFO - ================================================================================
2026-04-20 12:58:34,002 - INFO - 
Searching for pop-up elements in page content...
2026-04-20 12:58:34,257 - WARNING - ⚠ No known pop-up selectors found. Checking all visible divs...
2026-04-20 12:58:34,311 - INFO - Total DIV elements on page: 29
2026-04-20 12:58:34,504 - INFO -   Visible DIV 1: class='header-right' id='no-id' text='English
French
Spanish
Quantum Toll Authority
supe'
2026-04-20 12:58:34,601 - INFO -   Visible DIV 2: class='nav-user' id='no-id' text='Quantum Toll Authority
superadmin_qm@yopmail.com'
2026-04-20 12:58:34,720 - INFO -   Visible DIV 3: class='nav-user-info' id='no-id' text='Quantum Toll Authority
superadmin_qm@yopmail.com'
2026-04-20 12:58:34,812 - INFO -   Visible DIV 4: class='uname' id='no-id' text='Quantum Toll Authority'
2026-04-20 12:58:34,900 - INFO -   Visible DIV 5: class='urole' id='no-id' text='superadmin_qm@yopmail.com'
2026-04-20 12:58:34,998 - INFO -   Visible DIV 6: class='main-container' id='no-id' text='dashboard_2
group
decimal_increase
admin_panel_set'
2026-04-20 12:58:35,085 - INFO -   Visible DIV 7: class='inner' id='no-id' text='dashboard_2'
2026-04-20 12:58:35,169 - INFO -   Visible DIV 8: class='inner' id='no-id' text='group'
2026-04-20 12:58:35,273 - INFO -   Visible DIV 9: class='inner' id='no-id' text='decimal_increase'
2026-04-20 12:58:35,388 - INFO -   Visible DIV 10: class='inner' id='no-id' text='admin_panel_settings'
2026-04-20 12:58:35,512 - INFO -   Visible DIV 11: class='inner' id='no-id' text='nest_doorbell_visitor'
2026-04-20 12:58:35,610 - INFO -   Visible DIV 12: class='inner' id='no-id' text='key_visualizer'
2026-04-20 12:58:35,639 - INFO - 
================================================================================

2026-04-20 12:58:35,929 - INFO - Screenshot captured: reports\RUN_20260420_125815\screenshots\02_Just_After_Login_Click_125835.png
2026-04-20 12:58:36,277 - INFO - Starting Onboarding Flow Test
2026-04-20 12:58:36,278 - INFO - Starting navigation to Onboard Customer page...
2026-04-20 12:58:36,278 - INFO - Clicking Workbench icon...
2026-04-20 12:58:36,904 - INFO - Workbench menu expanded.
2026-04-20 12:58:36,906 - INFO - Clicking 'Manage Accounts' sub-menu...
2026-04-20 12:58:37,460 - INFO - 'Manage Accounts' submenu expanded.
2026-04-20 12:58:37,460 - INFO - Clicking 'Onboard a Customer' link...
2026-04-20 12:58:40,169 - INFO - Successfully navigated to Onboard Customer page.
2026-04-20 12:58:40,594 - INFO - Screenshot captured: reports\RUN_20260420_125815\screenshots\02_Onboard_Customer_Landing_125840.png
2026-04-20 12:58:40,595 - INFO - Filling Onboarding details for United States...
2026-04-20 12:59:06,336 - INFO - Test Session Started.
2026-04-20 12:59:06,337 - INFO - Navigating to Login Page: http://operator-qa.qmaastech.com/
2026-04-20 12:59:06,338 - INFO - Navigating to: http://operator-qa.qmaastech.com/
2026-04-20 12:59:08,993 - INFO - Attempting login for user: superadmin_qm@yopmail.com
2026-04-20 12:59:10,655 - INFO - Logging DOM elements BEFORE login click...
2026-04-20 12:59:10,655 - INFO - 
================================================================================
2026-04-20 12:59:10,655 - INFO - DOM SNAPSHOT AT STAGE: Before_Login
2026-04-20 12:59:10,658 - INFO - ================================================================================
2026-04-20 12:59:10,711 - INFO - 
Searching for pop-up elements in page content...
2026-04-20 12:59:10,988 - WARNING - ⚠ No known pop-up selectors found. Checking all visible divs...
2026-04-20 12:59:11,037 - INFO - Total DIV elements on page: 21
2026-04-20 12:59:11,523 - INFO -   Visible DIV 1: class='hero-pills' id='no-id' text='bolt
Real-time
smart_toy
AI-driven
hub
Multi-agenc'
2026-04-20 12:59:11,629 - INFO -   Visible DIV 2: class='auth-panel' id='no-id' text='Welcome Back

Sign in to your account to continue
'
2026-04-20 12:59:11,692 - INFO -   Visible DIV 3: class='auth-card' id='no-id' text='Welcome Back

Sign in to your account to continue
'
2026-04-20 12:59:11,782 - INFO -   Visible DIV 4: class='auth-step' id='no-id' text='Welcome Back

Sign in to your account to continue
'
2026-04-20 12:59:11,896 - INFO -   Visible DIV 5: class='field-wrap' id='no-id' text='Email ID / Username *
person'
2026-04-20 12:59:11,968 - INFO -   Visible DIV 6: class='input-shell' id='no-id' text='person'
2026-04-20 12:59:12,056 - INFO -   Visible DIV 7: class='field-wrap' id='no-id' text='Password *
lock
visibility_off'
2026-04-20 12:59:12,126 - INFO -   Visible DIV 8: class='input-shell' id='no-id' text='lock
visibility_off'
2026-04-20 12:59:12,210 - INFO -   Visible DIV 9: class='auth-bottom-links' id='no-id' text='New user?  Access Account

Forgot password?'
2026-04-20 12:59:12,247 - INFO - 
================================================================================

2026-04-20 12:59:12,819 - INFO - Login button clicked.
2026-04-20 12:59:12,824 - INFO - Taking rapid screenshots and validating pop-up...
2026-04-20 12:59:13,351 - INFO - Screenshot captured: reports\RUN_20260420_125904\screenshots\03_Popup_Immediate_1_125912.png
2026-04-20 12:59:13,353 - INFO - Screenshot 1 captured - Attempting validation...
2026-04-20 12:59:13,353 - INFO - 
================================================================================
2026-04-20 12:59:13,353 - INFO - STARTING COMPREHENSIVE POP-UP VALIDATION
2026-04-20 12:59:13,353 - INFO - ================================================================================
2026-04-20 12:59:13,381 - INFO - 
[VALIDATION 1] Checking Pop-up Visibility...
2026-04-20 12:59:13,393 - INFO -   Visibility Status: True
2026-04-20 12:59:13,393 - INFO -   PASSED: Pop-up is visible
2026-04-20 12:59:13,393 - INFO - 
[VALIDATION 2] Extracting and Validating Text Content...
2026-04-20 12:59:13,426 - INFO -   Extracted Text: 'Login Successful'
2026-04-20 12:59:13,426 - INFO -   PASSED: Text matches exactly: 'Login Successful'
2026-04-20 12:59:13,426 - INFO - 
[VALIDATION 3] Checking for Typos...
2026-04-20 12:59:13,426 - INFO -   PASSED: No known typos detected
2026-04-20 12:59:13,426 - INFO - 
[VALIDATION 4] Extracting CSS Classes and Attributes...
2026-04-20 12:59:13,449 - INFO -   CSS Classes: snackbar success-snackbar
2026-04-20 12:59:13,449 - INFO -   PASSED: 'success' class is present
2026-04-20 12:59:13,449 - INFO - 
[VALIDATION 5] Checking Element Properties...
2026-04-20 12:59:13,535 - INFO -   ID: Not set
2026-04-20 12:59:13,535 - INFO -   Data-TestID: Not set
2026-04-20 12:59:13,535 - INFO -   Role: Not set
2026-04-20 12:59:13,535 - INFO -   ARIA Label: Not set
2026-04-20 12:59:13,535 - INFO - 
[VALIDATION 6] Checking Position and Size...
2026-04-20 12:59:13,558 - INFO -   X: 1230, Y: 20
2026-04-20 12:59:13,558 - INFO -   Width: 250, Height: 43.5
2026-04-20 12:59:13,562 - INFO -   PASSED: Element has valid dimensions
2026-04-20 12:59:13,563 - INFO - 
[VALIDATION 7] Checking Computed Styles...
2026-04-20 12:59:13,592 - INFO -   Display: block
2026-04-20 12:59:13,592 - INFO -   Opacity: 1
2026-04-20 12:59:13,602 - INFO -   PASSED: Element is displayed with proper opacity
2026-04-20 12:59:13,602 - INFO - 
================================================================================
2026-04-20 12:59:13,602 - INFO - POP-UP VALIDATION SUMMARY
2026-04-20 12:59:13,602 - INFO - ================================================================================
2026-04-20 12:59:13,602 - INFO -   Visibility: PASSED
2026-04-20 12:59:13,602 - INFO -   Text Match: PASSED
2026-04-20 12:59:13,602 - INFO -   Typo Check: PASSED
2026-04-20 12:59:13,602 - INFO -   CSS Classes: Present
2026-04-20 12:59:13,602 - INFO -   Position & Size: Valid
2026-04-20 12:59:13,602 - INFO -   Computed Styles: Valid
2026-04-20 12:59:13,602 - INFO - ================================================================================

2026-04-20 12:59:13,602 - INFO - ✓ ALL VALIDATIONS PASSED - Pop-up is working correctly!
2026-04-20 12:59:14,021 - INFO - Screenshot captured: reports\RUN_20260420_125904\screenshots\03_Popup_Immediate_2_125913.png
2026-04-20 12:59:14,022 - INFO - Screenshot 2 captured - Attempting validation...
2026-04-20 12:59:14,022 - INFO - 
================================================================================
2026-04-20 12:59:14,023 - INFO - STARTING COMPREHENSIVE POP-UP VALIDATION
2026-04-20 12:59:14,023 - INFO - ================================================================================
2026-04-20 12:59:14,045 - ERROR - VALIDATION FAILED: Pop-up element not found!
2026-04-20 12:59:15,346 - INFO - Screenshot captured: reports\RUN_20260420_125904\screenshots\03_Popup_Immediate_3_125914.png
2026-04-20 12:59:15,347 - INFO - Screenshot 3 captured - Attempting validation...
2026-04-20 12:59:15,349 - INFO - 
================================================================================
2026-04-20 12:59:15,349 - INFO - STARTING COMPREHENSIVE POP-UP VALIDATION
2026-04-20 12:59:15,349 - INFO - ================================================================================
2026-04-20 12:59:15,360 - ERROR - VALIDATION FAILED: Pop-up element not found!
2026-04-20 12:59:15,495 - INFO - Logging DOM elements AFTER login click (pop-up should appear here)...
2026-04-20 12:59:15,495 - INFO - 
================================================================================
2026-04-20 12:59:15,495 - INFO - DOM SNAPSHOT AT STAGE: After_Login_Click
2026-04-20 12:59:15,495 - INFO - ================================================================================
2026-04-20 12:59:15,520 - INFO - 
Searching for pop-up elements in page content...
2026-04-20 12:59:15,832 - WARNING - ⚠ No known pop-up selectors found. Checking all visible divs...
2026-04-20 12:59:15,899 - INFO - Total DIV elements on page: 29
2026-04-20 12:59:16,092 - INFO -   Visible DIV 1: class='header-right' id='no-id' text='English
French
Spanish
Quantum Toll Authority
supe'
2026-04-20 12:59:16,189 - INFO -   Visible DIV 2: class='nav-user' id='no-id' text='Quantum Toll Authority
superadmin_qm@yopmail.com'
2026-04-20 12:59:16,319 - INFO -   Visible DIV 3: class='nav-user-info' id='no-id' text='Quantum Toll Authority
superadmin_qm@yopmail.com'
2026-04-20 12:59:16,405 - INFO -   Visible DIV 4: class='uname' id='no-id' text='Quantum Toll Authority'
2026-04-20 12:59:16,494 - INFO -   Visible DIV 5: class='urole' id='no-id' text='superadmin_qm@yopmail.com'
2026-04-20 12:59:16,582 - INFO -   Visible DIV 6: class='main-container' id='no-id' text='dashboard_2
group
decimal_increase
admin_panel_set'
2026-04-20 12:59:16,670 - INFO -   Visible DIV 7: class='inner' id='no-id' text='dashboard_2'
2026-04-20 12:59:16,756 - INFO -   Visible DIV 8: class='inner' id='no-id' text='group'
2026-04-20 12:59:16,856 - INFO -   Visible DIV 9: class='inner' id='no-id' text='decimal_increase'
2026-04-20 12:59:16,953 - INFO -   Visible DIV 10: class='inner' id='no-id' text='admin_panel_settings'
2026-04-20 12:59:17,069 - INFO -   Visible DIV 11: class='inner' id='no-id' text='nest_doorbell_visitor'
2026-04-20 12:59:17,168 - INFO -   Visible DIV 12: class='inner' id='no-id' text='key_visualizer'
2026-04-20 12:59:17,188 - INFO - 
================================================================================

2026-04-20 12:59:17,496 - INFO - Screenshot captured: reports\RUN_20260420_125904\screenshots\02_Just_After_Login_Click_125917.png
2026-04-20 12:59:17,733 - INFO - Starting Onboarding Flow Test
2026-04-20 12:59:17,734 - INFO - Starting navigation to Onboard Customer page...
2026-04-20 12:59:17,734 - INFO - Clicking Workbench icon...
2026-04-20 12:59:18,352 - INFO - Workbench menu expanded.
2026-04-20 12:59:18,353 - INFO - Clicking 'Manage Accounts' sub-menu...
2026-04-20 12:59:18,910 - INFO - 'Manage Accounts' submenu expanded.
2026-04-20 12:59:18,910 - INFO - Clicking 'Onboard a Customer' link...
2026-04-20 12:59:20,320 - INFO - Successfully navigated to Onboard Customer page.
2026-04-20 12:59:20,661 - INFO - Screenshot captured: reports\RUN_20260420_125904\screenshots\02_Onboard_Customer_Landing_125920.png
2026-04-20 12:59:20,661 - INFO - Filling Onboarding details for United States...
2026-04-20 13:01:26,842 - INFO - Test Session Started.
2026-04-20 13:01:26,844 - INFO - Navigating to Login Page: http://operator-qa.qmaastech.com/
2026-04-20 13:01:26,844 - INFO - Navigating to: http://operator-qa.qmaastech.com/
2026-04-20 13:01:29,544 - INFO - Attempting login for user: superadmin_qm@yopmail.com
2026-04-20 13:01:31,195 - INFO - Logging DOM elements BEFORE login click...
2026-04-20 13:01:31,198 - INFO - 
================================================================================
2026-04-20 13:01:31,198 - INFO - DOM SNAPSHOT AT STAGE: Before_Login
2026-04-20 13:01:31,201 - INFO - ================================================================================
2026-04-20 13:01:31,234 - INFO - 
Searching for pop-up elements in page content...
2026-04-20 13:01:31,512 - WARNING - ⚠ No known pop-up selectors found. Checking all visible divs...
2026-04-20 13:01:31,577 - INFO - Total DIV elements on page: 21
2026-04-20 13:01:32,012 - INFO -   Visible DIV 1: class='hero-pills' id='no-id' text='bolt
Real-time
smart_toy
AI-driven
hub
Multi-agenc'
2026-04-20 13:01:32,111 - INFO -   Visible DIV 2: class='auth-panel' id='no-id' text='Welcome Back

Sign in to your account to continue
'
2026-04-20 13:01:32,195 - INFO -   Visible DIV 3: class='auth-card' id='no-id' text='Welcome Back

Sign in to your account to continue
'
2026-04-20 13:01:32,296 - INFO -   Visible DIV 4: class='auth-step' id='no-id' text='Welcome Back

Sign in to your account to continue
'
2026-04-20 13:01:32,414 - INFO -   Visible DIV 5: class='field-wrap' id='no-id' text='Email ID / Username *
person'
2026-04-20 13:01:32,513 - INFO -   Visible DIV 6: class='input-shell' id='no-id' text='person'
2026-04-20 13:01:32,588 - INFO -   Visible DIV 7: class='field-wrap' id='no-id' text='Password *
lock
visibility_off'
2026-04-20 13:01:32,677 - INFO -   Visible DIV 8: class='input-shell' id='no-id' text='lock
visibility_off'
2026-04-20 13:01:32,761 - INFO -   Visible DIV 9: class='auth-bottom-links' id='no-id' text='New user?  Access Account

Forgot password?'
2026-04-20 13:01:32,796 - INFO - 
================================================================================

2026-04-20 13:01:33,379 - INFO - Login button clicked.
2026-04-20 13:01:33,380 - INFO - Taking rapid screenshots and validating pop-up...
2026-04-20 13:01:33,939 - INFO - Screenshot captured: reports\RUN_20260420_130124\screenshots\03_Popup_Immediate_1_130133.png
2026-04-20 13:01:33,941 - INFO - Screenshot 1 captured - Attempting validation...
2026-04-20 13:01:33,941 - INFO - 
================================================================================
2026-04-20 13:01:33,941 - INFO - STARTING COMPREHENSIVE POP-UP VALIDATION
2026-04-20 13:01:33,942 - INFO - ================================================================================
2026-04-20 13:01:33,962 - INFO - 
[VALIDATION 1] Checking Pop-up Visibility...
2026-04-20 13:01:33,979 - INFO -   Visibility Status: True
2026-04-20 13:01:33,979 - INFO -   PASSED: Pop-up is visible
2026-04-20 13:01:33,979 - INFO - 
[VALIDATION 2] Extracting and Validating Text Content...
2026-04-20 13:01:34,012 - INFO -   Extracted Text: 'Login Successful'
2026-04-20 13:01:34,012 - INFO -   PASSED: Text matches exactly: 'Login Successful'
2026-04-20 13:01:34,012 - INFO - 
[VALIDATION 3] Checking for Typos...
2026-04-20 13:01:34,012 - INFO -   PASSED: No known typos detected
2026-04-20 13:01:34,012 - INFO - 
[VALIDATION 4] Extracting CSS Classes and Attributes...
2026-04-20 13:01:34,029 - INFO -   CSS Classes: snackbar success-snackbar
2026-04-20 13:01:34,029 - INFO -   PASSED: 'success' class is present
2026-04-20 13:01:34,029 - INFO - 
[VALIDATION 5] Checking Element Properties...
2026-04-20 13:01:34,128 - INFO -   ID: Not set
2026-04-20 13:01:34,128 - INFO -   Data-TestID: Not set
2026-04-20 13:01:34,128 - INFO -   Role: Not set
2026-04-20 13:01:34,128 - INFO -   ARIA Label: Not set
2026-04-20 13:01:34,128 - INFO - 
[VALIDATION 6] Checking Position and Size...
2026-04-20 13:01:34,152 - INFO -   X: 1230, Y: 20
2026-04-20 13:01:34,152 - INFO -   Width: 250, Height: 43.5
2026-04-20 13:01:34,152 - INFO -   PASSED: Element has valid dimensions
2026-04-20 13:01:34,152 - INFO - 
[VALIDATION 7] Checking Computed Styles...
2026-04-20 13:01:34,178 - INFO -   Display: block
2026-04-20 13:01:34,180 - INFO -   Opacity: 1
2026-04-20 13:01:34,180 - INFO -   PASSED: Element is displayed with proper opacity
2026-04-20 13:01:34,180 - INFO - 
================================================================================
2026-04-20 13:01:34,182 - INFO - POP-UP VALIDATION SUMMARY
2026-04-20 13:01:34,182 - INFO - ================================================================================
2026-04-20 13:01:34,184 - INFO -   Visibility: PASSED
2026-04-20 13:01:34,184 - INFO -   Text Match: PASSED
2026-04-20 13:01:34,184 - INFO -   Typo Check: PASSED
2026-04-20 13:01:34,184 - INFO -   CSS Classes: Present
2026-04-20 13:01:34,184 - INFO -   Position & Size: Valid
2026-04-20 13:01:34,184 - INFO -   Computed Styles: Valid
2026-04-20 13:01:34,184 - INFO - ================================================================================

2026-04-20 13:01:34,184 - INFO - ✓ ALL VALIDATIONS PASSED - Pop-up is working correctly!
2026-04-20 13:01:34,632 - INFO - Screenshot captured: reports\RUN_20260420_130124\screenshots\03_Popup_Immediate_2_130134.png
2026-04-20 13:01:34,632 - INFO - Screenshot 2 captured - Attempting validation...
2026-04-20 13:01:34,635 - INFO - 
================================================================================
2026-04-20 13:01:34,636 - INFO - STARTING COMPREHENSIVE POP-UP VALIDATION
2026-04-20 13:01:34,636 - INFO - ================================================================================
2026-04-20 13:01:34,665 - ERROR - VALIDATION FAILED: Pop-up element not found!
2026-04-20 13:01:36,155 - INFO - Screenshot captured: reports\RUN_20260420_130124\screenshots\03_Popup_Immediate_3_130134.png
2026-04-20 13:01:36,155 - INFO - Screenshot 3 captured - Attempting validation...
2026-04-20 13:01:36,156 - INFO - 
================================================================================
2026-04-20 13:01:36,156 - INFO - STARTING COMPREHENSIVE POP-UP VALIDATION
2026-04-20 13:01:36,157 - INFO - ================================================================================
2026-04-20 13:01:36,179 - ERROR - VALIDATION FAILED: Pop-up element not found!
2026-04-20 13:01:36,315 - INFO - Logging DOM elements AFTER login click (pop-up should appear here)...
2026-04-20 13:01:36,315 - INFO - 
================================================================================
2026-04-20 13:01:36,316 - INFO - DOM SNAPSHOT AT STAGE: After_Login_Click
2026-04-20 13:01:36,316 - INFO - ================================================================================
2026-04-20 13:01:36,340 - INFO - 
Searching for pop-up elements in page content...
2026-04-20 13:01:36,590 - WARNING - ⚠ No known pop-up selectors found. Checking all visible divs...
2026-04-20 13:01:36,630 - INFO - Total DIV elements on page: 29
2026-04-20 13:01:36,812 - INFO -   Visible DIV 1: class='header-right' id='no-id' text='English
French
Spanish
Quantum Toll Authority
supe'
2026-04-20 13:01:36,903 - INFO -   Visible DIV 2: class='nav-user' id='no-id' text='Quantum Toll Authority
superadmin_qm@yopmail.com'
2026-04-20 13:01:37,037 - INFO -   Visible DIV 3: class='nav-user-info' id='no-id' text='Quantum Toll Authority
superadmin_qm@yopmail.com'
2026-04-20 13:01:37,130 - INFO -   Visible DIV 4: class='uname' id='no-id' text='Quantum Toll Authority'
2026-04-20 13:01:37,223 - INFO -   Visible DIV 5: class='urole' id='no-id' text='superadmin_qm@yopmail.com'
2026-04-20 13:01:37,322 - INFO -   Visible DIV 6: class='main-container' id='no-id' text='dashboard_2
group
decimal_increase
admin_panel_set'
2026-04-20 13:01:37,408 - INFO -   Visible DIV 7: class='inner' id='no-id' text='dashboard_2'
2026-04-20 13:01:37,484 - INFO -   Visible DIV 8: class='inner' id='no-id' text='group'
2026-04-20 13:01:37,584 - INFO -   Visible DIV 9: class='inner' id='no-id' text='decimal_increase'
2026-04-20 13:01:37,689 - INFO -   Visible DIV 10: class='inner' id='no-id' text='admin_panel_settings'
2026-04-20 13:01:37,801 - INFO -   Visible DIV 11: class='inner' id='no-id' text='nest_doorbell_visitor'
2026-04-20 13:01:37,901 - INFO -   Visible DIV 12: class='inner' id='no-id' text='key_visualizer'
2026-04-20 13:01:37,923 - INFO - 
================================================================================

2026-04-20 13:01:38,250 - INFO - Screenshot captured: reports\RUN_20260420_130124\screenshots\02_Just_After_Login_Click_130137.png
2026-04-20 13:01:38,480 - INFO - Starting Onboarding Flow Test
2026-04-20 13:01:38,481 - INFO - Starting navigation to Onboard Customer page...
2026-04-20 13:01:38,482 - INFO - Clicking Workbench icon...
2026-04-20 13:01:39,080 - INFO - Workbench menu expanded.
2026-04-20 13:01:39,080 - INFO - Clicking 'Manage Accounts' sub-menu...
2026-04-20 13:01:39,639 - INFO - 'Manage Accounts' submenu expanded.
2026-04-20 13:01:39,639 - INFO - Clicking 'Onboard a Customer' link...
2026-04-20 13:01:40,822 - INFO - Successfully navigated to Onboard Customer page.
2026-04-20 13:01:41,169 - INFO - Screenshot captured: reports\RUN_20260420_130124\screenshots\02_Onboard_Customer_Landing_130140.png
2026-04-20 13:01:41,170 - INFO - Filling Onboarding details for United States...
2026-04-20 13:55:14,242 - INFO - Test Session Started.
2026-04-20 13:55:14,243 - INFO - Navigating to Login Page: http://operator-qa.qmaastech.com/
2026-04-20 13:55:14,243 - INFO - Navigating to: http://operator-qa.qmaastech.com/
2026-04-20 13:55:16,505 - INFO - Attempting login for user: superadmin_qm@yopmail.com
2026-04-20 13:55:18,228 - INFO - Logging DOM elements BEFORE login click...
2026-04-20 13:55:18,229 - INFO - 
================================================================================
2026-04-20 13:55:18,231 - INFO - DOM SNAPSHOT AT STAGE: Before_Login
2026-04-20 13:55:18,232 - INFO - ================================================================================
2026-04-20 13:55:18,262 - INFO - 
Searching for pop-up elements in page content...
2026-04-20 13:55:18,667 - WARNING - ⚠ No known pop-up selectors found. Checking all visible divs...
2026-04-20 13:55:18,720 - INFO - Total DIV elements on page: 21
2026-04-20 13:55:19,243 - INFO -   Visible DIV 1: class='hero-pills' id='no-id' text='bolt
Real-time
smart_toy
AI-driven
hub
Multi-agenc'
2026-04-20 13:55:19,410 - INFO -   Visible DIV 2: class='auth-panel' id='no-id' text='Welcome Back

Sign in to your account to continue
'
2026-04-20 13:55:19,499 - INFO -   Visible DIV 3: class='auth-card' id='no-id' text='Welcome Back

Sign in to your account to continue
'
2026-04-20 13:55:19,597 - INFO -   Visible DIV 4: class='auth-step' id='no-id' text='Welcome Back

Sign in to your account to continue
'
2026-04-20 13:55:19,756 - INFO -   Visible DIV 5: class='field-wrap' id='no-id' text='Email ID / Username *
person'
2026-04-20 13:55:19,847 - INFO -   Visible DIV 6: class='input-shell' id='no-id' text='person'
2026-04-20 13:55:19,955 - INFO -   Visible DIV 7: class='field-wrap' id='no-id' text='Password *
lock
visibility_off'
2026-04-20 13:55:20,080 - INFO -   Visible DIV 8: class='input-shell' id='no-id' text='lock
visibility_off'
2026-04-20 13:55:20,221 - INFO -   Visible DIV 9: class='auth-bottom-links' id='no-id' text='New user?  Access Account

Forgot password?'
2026-04-20 13:55:20,297 - INFO - 
================================================================================

2026-04-20 13:55:20,911 - INFO - Login button clicked.
2026-04-20 13:55:20,914 - INFO - Taking rapid screenshots and validating pop-up...
2026-04-20 13:55:21,524 - INFO - Screenshot captured: reports\RUN_20260420_135511\screenshots\03_Popup_Immediate_1_135520.png
2026-04-20 13:55:21,526 - INFO - Screenshot 1 captured - Attempting validation...
2026-04-20 13:55:21,526 - INFO - 
================================================================================
2026-04-20 13:55:21,526 - INFO - STARTING COMPREHENSIVE POP-UP VALIDATION
2026-04-20 13:55:21,529 - INFO - ================================================================================
2026-04-20 13:55:21,571 - INFO - 
[VALIDATION 1] Checking Pop-up Visibility...
2026-04-20 13:55:21,611 - INFO -   Visibility Status: True
2026-04-20 13:55:21,612 - INFO -   PASSED: Pop-up is visible
2026-04-20 13:55:21,612 - INFO - 
[VALIDATION 2] Extracting and Validating Text Content...
2026-04-20 13:55:21,654 - INFO -   Extracted Text: 'Login Successful'
2026-04-20 13:55:21,654 - INFO -   PASSED: Text matches exactly: 'Login Successful'
2026-04-20 13:55:21,654 - INFO - 
[VALIDATION 3] Checking for Typos...
2026-04-20 13:55:21,661 - INFO -   PASSED: No known typos detected
2026-04-20 13:55:21,661 - INFO - 
[VALIDATION 4] Extracting CSS Classes and Attributes...
2026-04-20 13:55:21,695 - INFO -   CSS Classes: snackbar success-snackbar
2026-04-20 13:55:21,701 - INFO -   PASSED: 'success' class is present
2026-04-20 13:55:21,701 - INFO - 
[VALIDATION 5] Checking Element Properties...
2026-04-20 13:55:21,796 - INFO -   ID: Not set
2026-04-20 13:55:21,796 - INFO -   Data-TestID: Not set
2026-04-20 13:55:21,796 - INFO -   Role: Not set
2026-04-20 13:55:21,796 - INFO -   ARIA Label: Not set
2026-04-20 13:55:21,796 - INFO - 
[VALIDATION 6] Checking Position and Size...
2026-04-20 13:55:21,829 - INFO -   X: 1230, Y: 20
2026-04-20 13:55:21,829 - INFO -   Width: 250, Height: 43.5
2026-04-20 13:55:21,829 - INFO -   PASSED: Element has valid dimensions
2026-04-20 13:55:21,829 - INFO - 
[VALIDATION 7] Checking Computed Styles...
2026-04-20 13:55:21,973 - ERROR - Validation error: TypeError: Failed to execute 'getComputedStyle' on 'Window': parameter 1 is not of type 'Element'.
    at eval (eval at evaluate (:226:30), <anonymous>:1:8)
    at eval (<anonymous>)
    at UtilityScript.evaluate (<anonymous>:226:30)
    at UtilityScript.<anonymous> (<anonymous>:1:44)
2026-04-20 13:55:21,977 - WARNING -   WARNING: Could not check computed styles - element may have disappeared
2026-04-20 13:55:21,979 - INFO - 
================================================================================
2026-04-20 13:55:21,980 - INFO - POP-UP VALIDATION SUMMARY
2026-04-20 13:55:21,980 - INFO - ================================================================================
2026-04-20 13:55:21,981 - INFO -   Visibility: PASSED
2026-04-20 13:55:21,981 - INFO -   Text Match: PASSED
2026-04-20 13:55:21,984 - INFO -   Typo Check: PASSED
2026-04-20 13:55:21,984 - INFO -   CSS Classes: Present
2026-04-20 13:55:21,984 - INFO -   Position & Size: Valid
2026-04-20 13:55:21,986 - INFO -   Computed Styles: Valid
2026-04-20 13:55:21,986 - INFO - ================================================================================

2026-04-20 13:55:21,986 - INFO - ✓ ALL VALIDATIONS PASSED - Pop-up is working correctly!
2026-04-20 13:55:23,732 - INFO - Screenshot captured: reports\RUN_20260420_135511\screenshots\03_Popup_Immediate_2_135522.png
2026-04-20 13:55:23,733 - INFO - Screenshot 2 captured - Attempting validation...
2026-04-20 13:55:23,734 - INFO - 
================================================================================
2026-04-20 13:55:23,734 - INFO - STARTING COMPREHENSIVE POP-UP VALIDATION
2026-04-20 13:55:23,735 - INFO - ================================================================================
2026-04-20 13:55:23,765 - ERROR - VALIDATION FAILED: Pop-up element not found!
2026-04-20 13:55:24,284 - INFO - Screenshot captured: reports\RUN_20260420_135511\screenshots\03_Popup_Immediate_3_135523.png
2026-04-20 13:55:24,285 - INFO - Screenshot 3 captured - Attempting validation...
2026-04-20 13:55:24,285 - INFO - 
================================================================================
2026-04-20 13:55:24,288 - INFO - STARTING COMPREHENSIVE POP-UP VALIDATION
2026-04-20 13:55:24,293 - INFO - ================================================================================
2026-04-20 13:55:24,329 - ERROR - VALIDATION FAILED: Pop-up element not found!
2026-04-20 13:55:24,466 - INFO - Logging DOM elements AFTER login click (pop-up should appear here)...
2026-04-20 13:55:24,468 - INFO - 
================================================================================
2026-04-20 13:55:24,469 - INFO - DOM SNAPSHOT AT STAGE: After_Login_Click
2026-04-20 13:55:24,470 - INFO - ================================================================================
2026-04-20 13:55:24,508 - INFO - 
Searching for pop-up elements in page content...
2026-04-20 13:55:24,876 - WARNING - ⚠ No known pop-up selectors found. Checking all visible divs...
2026-04-20 13:55:24,939 - INFO - Total DIV elements on page: 29
2026-04-20 13:55:25,164 - INFO -   Visible DIV 1: class='header-right' id='no-id' text='English
French
Spanish
Quantum Toll Authority
supe'
2026-04-20 13:55:25,277 - INFO -   Visible DIV 2: class='nav-user' id='no-id' text='Quantum Toll Authority
superadmin_qm@yopmail.com'
2026-04-20 13:55:25,448 - INFO -   Visible DIV 3: class='nav-user-info' id='no-id' text='Quantum Toll Authority
superadmin_qm@yopmail.com'
2026-04-20 13:55:25,551 - INFO -   Visible DIV 4: class='uname' id='no-id' text='Quantum Toll Authority'
2026-04-20 13:55:25,662 - INFO -   Visible DIV 5: class='urole' id='no-id' text='superadmin_qm@yopmail.com'
2026-04-20 13:55:25,785 - INFO -   Visible DIV 6: class='main-container' id='no-id' text='dashboard_2
group
decimal_increase
admin_panel_set'
2026-04-20 13:55:25,904 - INFO -   Visible DIV 7: class='inner' id='no-id' text='dashboard_2'
2026-04-20 13:55:26,016 - INFO -   Visible DIV 8: class='inner' id='no-id' text='group'
2026-04-20 13:55:26,150 - INFO -   Visible DIV 9: class='inner' id='no-id' text='decimal_increase'
2026-04-20 13:55:26,267 - INFO -   Visible DIV 10: class='inner' id='no-id' text='admin_panel_settings'
2026-04-20 13:55:26,402 - INFO -   Visible DIV 11: class='inner' id='no-id' text='nest_doorbell_visitor'
2026-04-20 13:55:26,532 - INFO -   Visible DIV 12: class='inner' id='no-id' text='key_visualizer'
2026-04-20 13:55:26,554 - INFO - 
================================================================================

2026-04-20 13:55:26,759 - INFO - Screenshot captured: reports\RUN_20260420_135511\screenshots\02_Just_After_Login_Click_135526.png
2026-04-20 13:55:27,122 - INFO - Starting Onboarding Flow Test
2026-04-20 13:55:27,128 - INFO - Starting navigation to Onboard Customer page...
2026-04-20 13:55:27,129 - INFO - Clicking Workbench icon...
2026-04-20 13:55:27,763 - INFO - Workbench menu expanded.
2026-04-20 13:55:27,765 - INFO - Clicking 'Manage Accounts' sub-menu...
2026-04-20 13:55:28,362 - INFO - 'Manage Accounts' submenu expanded.
2026-04-20 13:55:28,364 - INFO - Clicking 'Onboard a Customer' link...
2026-04-20 13:55:30,021 - INFO - Successfully navigated to Onboard Customer page.
2026-04-20 13:55:30,527 - INFO - Screenshot captured: reports\RUN_20260420_135511\screenshots\02_Onboard_Customer_Landing_135530.png
2026-04-20 13:55:30,529 - INFO - Filling Onboarding details for United States...
2026-04-20 14:03:16,371 - INFO - Test Session Started.
2026-04-20 14:03:16,373 - INFO - Navigating to Login Page: http://operator-qa.qmaastech.com/
2026-04-20 14:03:16,373 - INFO - Navigating to: http://operator-qa.qmaastech.com/
2026-04-20 14:03:19,985 - INFO - Attempting login for user: superadmin_qm@yopmail.com
2026-04-20 14:03:21,643 - INFO - Logging DOM elements BEFORE login click...
2026-04-20 14:03:21,643 - INFO - 
================================================================================
2026-04-20 14:03:21,643 - INFO - DOM SNAPSHOT AT STAGE: Before_Login
2026-04-20 14:03:21,643 - INFO - ================================================================================
2026-04-20 14:03:21,677 - INFO - 
Searching for pop-up elements in page content...
2026-04-20 14:03:22,035 - WARNING - ⚠ No known pop-up selectors found. Checking all visible divs...
2026-04-20 14:03:22,078 - INFO - Total DIV elements on page: 21
2026-04-20 14:03:22,580 - INFO -   Visible DIV 1: class='hero-pills' id='no-id' text='bolt
Real-time
smart_toy
AI-driven
hub
Multi-agenc'
2026-04-20 14:03:22,704 - INFO -   Visible DIV 2: class='auth-panel' id='no-id' text='Welcome Back

Sign in to your account to continue
'
2026-04-20 14:03:22,787 - INFO -   Visible DIV 3: class='auth-card' id='no-id' text='Welcome Back

Sign in to your account to continue
'
2026-04-20 14:03:22,910 - INFO -   Visible DIV 4: class='auth-step' id='no-id' text='Welcome Back

Sign in to your account to continue
'
2026-04-20 14:03:23,083 - INFO -   Visible DIV 5: class='field-wrap' id='no-id' text='Email ID / Username *
person'
2026-04-20 14:03:23,195 - INFO -   Visible DIV 6: class='input-shell' id='no-id' text='person'
2026-04-20 14:03:23,287 - INFO -   Visible DIV 7: class='field-wrap' id='no-id' text='Password *
lock
visibility_off'
2026-04-20 14:03:23,397 - INFO -   Visible DIV 8: class='input-shell' id='no-id' text='lock
visibility_off'
2026-04-20 14:03:23,491 - INFO -   Visible DIV 9: class='auth-bottom-links' id='no-id' text='New user?  Access Account

Forgot password?'
2026-04-20 14:03:23,546 - INFO - 
================================================================================

2026-04-20 14:03:24,123 - INFO - Login button clicked.
2026-04-20 14:03:24,123 - INFO - Taking rapid screenshots and validating pop-up...
2026-04-20 14:03:24,832 - INFO - Screenshot captured: reports\RUN_20260420_140313\screenshots\03_Popup_Immediate_1_140324.png
2026-04-20 14:03:24,832 - INFO - Screenshot 1 captured - Attempting validation...
2026-04-20 14:03:24,832 - INFO - 
================================================================================
2026-04-20 14:03:24,832 - INFO - STARTING COMPREHENSIVE POP-UP VALIDATION
2026-04-20 14:03:24,832 - INFO - ================================================================================
2026-04-20 14:03:24,861 - INFO - 
[VALIDATION 1] Checking Pop-up Visibility...
2026-04-20 14:03:24,891 - INFO -   Visibility Status: True
2026-04-20 14:03:24,891 - INFO -   PASSED: Pop-up is visible
2026-04-20 14:03:24,891 - INFO - 
[VALIDATION 2] Extracting and Validating Text Content...
2026-04-20 14:03:24,927 - INFO -   Extracted Text: 'Login Successful'
2026-04-20 14:03:24,927 - INFO -   PASSED: Text matches exactly: 'Login Successful'
2026-04-20 14:03:24,927 - INFO - 
[VALIDATION 3] Checking for Typos...
2026-04-20 14:03:24,927 - INFO -   PASSED: No known typos detected
2026-04-20 14:03:24,927 - INFO - 
[VALIDATION 4] Extracting CSS Classes and Attributes...
2026-04-20 14:03:24,957 - INFO -   CSS Classes: snackbar success-snackbar
2026-04-20 14:03:24,957 - INFO -   PASSED: 'success' class is present
2026-04-20 14:03:24,957 - INFO - 
[VALIDATION 5] Checking Element Properties...
2026-04-20 14:03:25,057 - INFO -   ID: Not set
2026-04-20 14:03:25,057 - INFO -   Data-TestID: Not set
2026-04-20 14:03:25,057 - INFO -   Role: Not set
2026-04-20 14:03:25,057 - INFO -   ARIA Label: Not set
2026-04-20 14:03:25,072 - INFO - 
[VALIDATION 6] Checking Position and Size...
2026-04-20 14:03:25,100 - INFO -   X: 1230, Y: 20
2026-04-20 14:03:25,100 - INFO -   Width: 250, Height: 43.5
2026-04-20 14:03:25,100 - INFO -   PASSED: Element has valid dimensions
2026-04-20 14:03:25,100 - INFO - 
[VALIDATION 7] Checking Computed Styles...
2026-04-20 14:03:25,161 - INFO -   Display: block
2026-04-20 14:03:25,165 - INFO -   Opacity: 1
2026-04-20 14:03:25,165 - INFO -   PASSED: Element is displayed with proper opacity
2026-04-20 14:03:25,170 - INFO - 
================================================================================
2026-04-20 14:03:25,170 - INFO - POP-UP VALIDATION SUMMARY
2026-04-20 14:03:25,172 - INFO - ================================================================================
2026-04-20 14:03:25,175 - INFO -   Visibility: PASSED
2026-04-20 14:03:25,177 - INFO -   Text Match: PASSED
2026-04-20 14:03:25,179 - INFO -   Typo Check: PASSED
2026-04-20 14:03:25,179 - INFO -   CSS Classes: Present
2026-04-20 14:03:25,181 - INFO -   Position & Size: Valid
2026-04-20 14:03:25,183 - INFO -   Computed Styles: Valid
2026-04-20 14:03:25,184 - INFO - ================================================================================

2026-04-20 14:03:25,184 - INFO - ✓ ALL VALIDATIONS PASSED - Pop-up is working correctly!
2026-04-20 14:03:27,419 - INFO - Screenshot captured: reports\RUN_20260420_140313\screenshots\03_Popup_Immediate_2_140325.png
2026-04-20 14:03:27,419 - INFO - Screenshot 2 captured - Attempting validation...
2026-04-20 14:03:27,425 - INFO - 
================================================================================
2026-04-20 14:03:27,427 - INFO - STARTING COMPREHENSIVE POP-UP VALIDATION
2026-04-20 14:03:27,428 - INFO - ================================================================================
2026-04-20 14:03:27,465 - ERROR - VALIDATION FAILED: Pop-up element not found!
2026-04-20 14:03:28,166 - INFO - Screenshot captured: reports\RUN_20260420_140313\screenshots\03_Popup_Immediate_3_140327.png
2026-04-20 14:03:28,168 - INFO - Screenshot 3 captured - Attempting validation...
2026-04-20 14:03:28,168 - INFO - 
================================================================================
2026-04-20 14:03:28,169 - INFO - STARTING COMPREHENSIVE POP-UP VALIDATION
2026-04-20 14:03:28,170 - INFO - ================================================================================
2026-04-20 14:03:28,200 - ERROR - VALIDATION FAILED: Pop-up element not found!
2026-04-20 14:03:28,346 - INFO - Logging DOM elements AFTER login click (pop-up should appear here)...
2026-04-20 14:03:28,347 - INFO - 
================================================================================
2026-04-20 14:03:28,348 - INFO - DOM SNAPSHOT AT STAGE: After_Login_Click
2026-04-20 14:03:28,348 - INFO - ================================================================================
2026-04-20 14:03:28,389 - INFO - 
Searching for pop-up elements in page content...
2026-04-20 14:03:28,823 - WARNING - ⚠ No known pop-up selectors found. Checking all visible divs...
2026-04-20 14:03:28,902 - INFO - Total DIV elements on page: 29
2026-04-20 14:03:29,176 - INFO -   Visible DIV 1: class='header-right' id='no-id' text='English
French
Spanish
Quantum Toll Authority
supe'
2026-04-20 14:03:29,335 - INFO -   Visible DIV 2: class='nav-user' id='no-id' text='Quantum Toll Authority
superadmin_qm@yopmail.com'
2026-04-20 14:03:29,540 - INFO -   Visible DIV 3: class='nav-user-info' id='no-id' text='Quantum Toll Authority
superadmin_qm@yopmail.com'
2026-04-20 14:03:29,686 - INFO -   Visible DIV 4: class='uname' id='no-id' text='Quantum Toll Authority'
2026-04-20 14:03:29,817 - INFO -   Visible DIV 5: class='urole' id='no-id' text='superadmin_qm@yopmail.com'
2026-04-20 14:03:29,959 - INFO -   Visible DIV 6: class='main-container' id='no-id' text='dashboard_2
group
decimal_increase
admin_panel_set'
2026-04-20 14:03:30,091 - INFO -   Visible DIV 7: class='inner' id='no-id' text='dashboard_2'
2026-04-20 14:03:30,222 - INFO -   Visible DIV 8: class='inner' id='no-id' text='group'
2026-04-20 14:03:30,395 - INFO -   Visible DIV 9: class='inner' id='no-id' text='decimal_increase'
2026-04-20 14:03:30,541 - INFO -   Visible DIV 10: class='inner' id='no-id' text='admin_panel_settings'
2026-04-20 14:03:30,695 - INFO -   Visible DIV 11: class='inner' id='no-id' text='nest_doorbell_visitor'
2026-04-20 14:03:30,825 - INFO -   Visible DIV 12: class='inner' id='no-id' text='key_visualizer'
2026-04-20 14:03:30,858 - INFO - 
================================================================================

2026-04-20 14:03:31,061 - INFO - Screenshot captured: reports\RUN_20260420_140313\screenshots\02_Just_After_Login_Click_140330.png
2026-04-20 14:03:31,442 - INFO - Starting Onboarding Flow Test
2026-04-20 14:03:31,442 - INFO - Starting navigation to Onboard Customer page...
2026-04-20 14:03:31,442 - INFO - Clicking Workbench icon...
2026-04-20 14:03:32,117 - INFO - Workbench menu expanded.
2026-04-20 14:03:32,120 - INFO - Clicking 'Manage Accounts' sub-menu...
2026-04-20 14:03:32,783 - INFO - 'Manage Accounts' submenu expanded.
2026-04-20 14:03:32,784 - INFO - Clicking 'Onboard a Customer' link...
2026-04-20 14:03:34,329 - INFO - Successfully navigated to Onboard Customer page.
2026-04-20 14:03:35,002 - INFO - Screenshot captured: reports\RUN_20260420_140313\screenshots\02_Onboard_Customer_Landing_140334.png
2026-04-20 14:03:35,003 - INFO - Filling Onboarding details for United States...
2026-04-20 14:03:37,308 - INFO - Selected Account Type: PERSONAL
2026-04-20 14:03:38,756 - INFO - Filled First Name: MZgVXb
2026-04-20 14:03:40,157 - INFO - Filled Last Name: VvRorzmSlfkHZOFFAQdjhgdivdCjwIhC
2026-04-20 14:03:41,321 - INFO - Checked: Use Same for Billing
2026-04-20 14:03:42,483 - INFO - Checked: Use Same for Shipping
2026-04-20 14:03:43,627 - INFO - Checked: Primary Address
2026-04-20 14:03:48,172 - INFO - Filled Address: 123 Automation Way
2026-04-20 14:03:49,595 - INFO - Filled Zip Code: 12345
2026-04-20 14:03:51,536 - INFO - Filled Unique Phone Number: 7418642229
2026-04-20 14:03:52,973 - INFO - Filled Email: auto_mzgvxb@test.com
2026-04-20 14:03:54,416 - INFO - Filled Confirm Email: auto_mzgvxb@test.com
2026-04-20 14:03:54,416 - INFO - Clicking 'Save & Next'...
2026-04-20 14:03:56,077 - INFO - Successfully verified Step 1 completion.
2026-04-20 14:03:56,148 - INFO - Retrieved Temporary Account ID: 1000004266
2026-04-20 14:03:56,148 - INFO - Step 1 Success. ID: 1000004266
2026-04-20 14:03:56,148 - INFO - Starting Step 2: Adding 2 Vehicle(s)...
2026-04-20 14:03:57,538 - INFO - Filled Plate Number 1: QA9267GP
2026-04-20 14:04:04,260 - INFO - Filled Plate Start Date: 2026-04-20
2026-04-20 14:04:17,978 - INFO - Vehicle 1 added.
2026-04-20 14:04:19,395 - INFO - Filled Plate Number 2: QA2136GP
2026-04-20 14:04:26,071 - INFO - Filled Plate Start Date: 2026-04-20
2026-04-20 14:04:39,844 - INFO - Vehicle 2 added.
2026-04-20 14:04:40,879 - INFO - Chatbot icon hidden via CSS injection.
2026-04-20 14:04:42,078 - INFO - Captured Permanent Account Number: 2000003800
2026-04-20 14:04:42,078 - INFO - Starting Step 3: Payment Information...
2026-04-20 14:04:46,619 - INFO - Filled Cardholder Name: CardOne
2026-04-20 14:04:48,481 - INFO - Filled Card Number: 0239167833713877
2026-04-20 14:04:50,237 - INFO - Filled Expiry Date: 04/28
2026-04-20 14:04:51,962 - INFO - Filled CVV: 603
2026-04-20 14:04:54,742 - INFO - ✅ Step 3 (Payment & Summary) complete.
2026-04-20 14:04:54,743 - INFO - Starting Final Confirmation Modal...
2026-04-20 14:04:55,585 - INFO - ✅ Account onboarding completed successfully.
2026-04-20 14:04:55,585 - INFO - Finalizing process: Clicking 'Account Summary' button...
2026-04-20 14:04:56,363 - INFO - ✅ Navigating to Account Summary page.
2026-04-20 14:04:56,363 - INFO - Test completed successfully.
2026-04-20 14:48:19,692 - INFO - Test Session Started.
2026-04-20 14:48:19,694 - INFO - Navigating to Login Page: http://operator-qa.qmaastech.com/
2026-04-20 14:48:19,694 - INFO - Navigating to: http://operator-qa.qmaastech.com/
2026-04-20 14:48:22,050 - INFO - Attempting login for user: superadmin_qm@yopmail.com
2026-04-20 14:48:23,763 - INFO - Logging DOM elements BEFORE login click...
2026-04-20 14:48:23,763 - INFO - 
================================================================================
2026-04-20 14:48:23,763 - INFO - DOM SNAPSHOT AT STAGE: Before_Login
2026-04-20 14:48:23,763 - INFO - ================================================================================
2026-04-20 14:48:23,797 - INFO - 
Searching for pop-up elements in page content...
2026-04-20 14:48:24,137 - WARNING - ⚠ No known pop-up selectors found. Checking all visible divs...
2026-04-20 14:48:24,177 - INFO - Total DIV elements on page: 21
2026-04-20 14:48:24,768 - INFO -   Visible DIV 1: class='hero-pills' id='no-id' text='bolt
Real-time
smart_toy
AI-driven
hub
Multi-agenc'
2026-04-20 14:48:24,961 - INFO -   Visible DIV 2: class='auth-panel' id='no-id' text='Welcome Back

Sign in to your account to continue
'
2026-04-20 14:48:25,185 - INFO -   Visible DIV 3: class='auth-card' id='no-id' text='Welcome Back

Sign in to your account to continue
'
2026-04-20 14:48:25,327 - INFO -   Visible DIV 4: class='auth-step' id='no-id' text='Welcome Back

Sign in to your account to continue
'
2026-04-20 14:48:25,482 - INFO -   Visible DIV 5: class='field-wrap' id='no-id' text='Email ID / Username *
person'
2026-04-20 14:48:25,580 - INFO -   Visible DIV 6: class='input-shell' id='no-id' text='person'
2026-04-20 14:48:25,676 - INFO -   Visible DIV 7: class='field-wrap' id='no-id' text='Password *
lock
visibility_off'
2026-04-20 14:48:25,780 - INFO -   Visible DIV 8: class='input-shell' id='no-id' text='lock
visibility_off'
2026-04-20 14:48:25,869 - INFO -   Visible DIV 9: class='auth-bottom-links' id='no-id' text='New user?  Access Account

Forgot password?'
2026-04-20 14:48:25,919 - INFO - 
================================================================================

2026-04-20 14:48:26,490 - INFO - Login button clicked.
2026-04-20 14:48:26,490 - INFO - Taking rapid screenshots and validating pop-up...
2026-04-20 14:48:27,129 - INFO - Screenshot captured: reports\RUN_20260420_144817\screenshots\03_Popup_Immediate_1_144826.png
2026-04-20 14:48:27,129 - INFO - Screenshot 1 captured - Attempting validation...
2026-04-20 14:48:27,132 - INFO - 
================================================================================
2026-04-20 14:48:27,133 - INFO - STARTING COMPREHENSIVE POP-UP VALIDATION
2026-04-20 14:48:27,136 - INFO - ================================================================================
2026-04-20 14:48:27,155 - INFO - 
[VALIDATION 1] Checking Pop-up Visibility...
2026-04-20 14:48:27,185 - INFO -   Visibility Status: True
2026-04-20 14:48:27,185 - INFO -   PASSED: Pop-up is visible
2026-04-20 14:48:27,185 - INFO - 
[VALIDATION 2] Extracting and Validating Text Content...
2026-04-20 14:48:27,208 - INFO -   Extracted Text: 'Login Successful'
2026-04-20 14:48:27,208 - INFO -   PASSED: Text matches exactly: 'Login Successful'
2026-04-20 14:48:27,208 - INFO - 
[VALIDATION 3] Checking for Typos...
2026-04-20 14:48:27,208 - INFO -   PASSED: No known typos detected
2026-04-20 14:48:27,216 - INFO - 
[VALIDATION 4] Extracting CSS Classes and Attributes...
2026-04-20 14:48:27,234 - INFO -   CSS Classes: snackbar success-snackbar
2026-04-20 14:48:27,234 - INFO -   PASSED: 'success' class is present
2026-04-20 14:48:27,234 - INFO - 
[VALIDATION 5] Checking Element Properties...
2026-04-20 14:48:27,334 - INFO -   ID: Not set
2026-04-20 14:48:27,334 - INFO -   Data-TestID: Not set
2026-04-20 14:48:27,334 - INFO -   Role: Not set
2026-04-20 14:48:27,334 - INFO -   ARIA Label: Not set
2026-04-20 14:48:27,334 - INFO - 
[VALIDATION 6] Checking Position and Size...
2026-04-20 14:48:27,351 - INFO -   X: 1230, Y: 20
2026-04-20 14:48:27,351 - INFO -   Width: 250, Height: 43.5
2026-04-20 14:48:27,351 - INFO -   PASSED: Element has valid dimensions
2026-04-20 14:48:27,351 - INFO - 
[VALIDATION 7] Checking Computed Styles...
2026-04-20 14:48:27,384 - INFO -   Display: block
2026-04-20 14:48:27,399 - INFO -   Opacity: 1
2026-04-20 14:48:27,400 - INFO -   PASSED: Element is displayed with proper opacity
2026-04-20 14:48:27,401 - INFO - 
================================================================================
2026-04-20 14:48:27,401 - INFO - POP-UP VALIDATION SUMMARY
2026-04-20 14:48:27,401 - INFO - ================================================================================
2026-04-20 14:48:27,401 - INFO -   Visibility: PASSED
2026-04-20 14:48:27,401 - INFO -   Text Match: PASSED
2026-04-20 14:48:27,401 - INFO -   Typo Check: PASSED
2026-04-20 14:48:27,401 - INFO -   CSS Classes: Present
2026-04-20 14:48:27,401 - INFO -   Position & Size: Valid
2026-04-20 14:48:27,401 - INFO -   Computed Styles: Valid
2026-04-20 14:48:27,401 - INFO - ================================================================================

2026-04-20 14:48:27,401 - INFO - ✓ ALL VALIDATIONS PASSED - Pop-up is working correctly!
2026-04-20 14:48:27,891 - INFO - Screenshot captured: reports\RUN_20260420_144817\screenshots\03_Popup_Immediate_2_144827.png
2026-04-20 14:48:27,901 - INFO - Screenshot 2 captured - Attempting validation...
2026-04-20 14:48:27,902 - INFO - 
================================================================================
2026-04-20 14:48:27,903 - INFO - STARTING COMPREHENSIVE POP-UP VALIDATION
2026-04-20 14:48:27,903 - INFO - ================================================================================
2026-04-20 14:48:27,924 - ERROR - VALIDATION FAILED: Pop-up element not found!
2026-04-20 14:48:29,281 - INFO - Screenshot captured: reports\RUN_20260420_144817\screenshots\03_Popup_Immediate_3_144828.png
2026-04-20 14:48:29,284 - INFO - Screenshot 3 captured - Attempting validation...
2026-04-20 14:48:29,285 - INFO - 
================================================================================
2026-04-20 14:48:29,285 - INFO - STARTING COMPREHENSIVE POP-UP VALIDATION
2026-04-20 14:48:29,286 - INFO - ================================================================================
2026-04-20 14:48:29,315 - ERROR - VALIDATION FAILED: Pop-up element not found!
2026-04-20 14:48:29,437 - INFO - Logging DOM elements AFTER login click (pop-up should appear here)...
2026-04-20 14:48:29,437 - INFO - 
================================================================================
2026-04-20 14:48:29,437 - INFO - DOM SNAPSHOT AT STAGE: After_Login_Click
2026-04-20 14:48:29,437 - INFO - ================================================================================
2026-04-20 14:48:29,483 - INFO - 
Searching for pop-up elements in page content...
2026-04-20 14:48:29,826 - WARNING - ⚠ No known pop-up selectors found. Checking all visible divs...
2026-04-20 14:48:29,891 - INFO - Total DIV elements on page: 29
2026-04-20 14:48:30,148 - INFO -   Visible DIV 1: class='header-right' id='no-id' text='English
French
Spanish
Quantum Toll Authority
supe'
2026-04-20 14:48:30,279 - INFO -   Visible DIV 2: class='nav-user' id='no-id' text='Quantum Toll Authority
superadmin_qm@yopmail.com'
2026-04-20 14:48:30,485 - INFO -   Visible DIV 3: class='nav-user-info' id='no-id' text='Quantum Toll Authority
superadmin_qm@yopmail.com'
2026-04-20 14:48:30,630 - INFO -   Visible DIV 4: class='uname' id='no-id' text='Quantum Toll Authority'
2026-04-20 14:48:30,747 - INFO -   Visible DIV 5: class='urole' id='no-id' text='superadmin_qm@yopmail.com'
2026-04-20 14:48:30,880 - INFO -   Visible DIV 6: class='main-container' id='no-id' text='dashboard_2
group
decimal_increase
admin_panel_set'
2026-04-20 14:48:31,005 - INFO -   Visible DIV 7: class='inner' id='no-id' text='dashboard_2'
2026-04-20 14:48:31,114 - INFO -   Visible DIV 8: class='inner' id='no-id' text='group'
2026-04-20 14:48:31,253 - INFO -   Visible DIV 9: class='inner' id='no-id' text='decimal_increase'
2026-04-20 14:48:31,413 - INFO -   Visible DIV 10: class='inner' id='no-id' text='admin_panel_settings'
2026-04-20 14:48:31,562 - INFO -   Visible DIV 11: class='inner' id='no-id' text='nest_doorbell_visitor'
2026-04-20 14:48:31,705 - INFO -   Visible DIV 12: class='inner' id='no-id' text='key_visualizer'
2026-04-20 14:48:31,729 - INFO - 
================================================================================

2026-04-20 14:48:32,138 - INFO - Screenshot captured: reports\RUN_20260420_144817\screenshots\02_Just_After_Login_Click_144831.png
2026-04-20 14:48:32,453 - INFO - Starting Onboarding Flow Test
2026-04-20 14:48:32,465 - INFO - Starting navigation to Onboard Customer page...
2026-04-20 14:48:32,465 - INFO - Clicking Workbench icon...
2026-04-20 14:48:33,095 - INFO - Workbench menu expanded.
2026-04-20 14:48:33,096 - INFO - Clicking 'Manage Accounts' sub-menu...
2026-04-20 14:48:33,701 - INFO - 'Manage Accounts' submenu expanded.
2026-04-20 14:48:33,702 - INFO - Clicking 'Onboard a Customer' link...
2026-04-20 14:48:35,156 - INFO - Successfully navigated to Onboard Customer page.
2026-04-20 14:48:35,695 - INFO - Screenshot captured: reports\RUN_20260420_144817\screenshots\02_Onboard_Customer_Landing_144835.png
2026-04-20 14:48:35,697 - INFO - Filling Onboarding details for United States...
2026-04-20 14:48:37,985 - INFO - Selected Account Type: PERSONAL
2026-04-20 14:48:39,404 - INFO - Filled First Name: Sahil
2026-04-20 14:48:40,806 - INFO - Filled Middle Name: QA Team
2026-04-20 14:48:42,193 - INFO - Filled Last Name: Deshmukh
2026-04-20 14:48:43,349 - INFO - Checked: Use Same for Billing
2026-04-20 14:48:44,511 - INFO - Checked: Use Same for Shipping
2026-04-20 14:48:45,662 - INFO - Checked: Primary Address
2026-04-20 14:48:50,206 - INFO - Filled Address: 123 Automation Way
2026-04-20 14:48:51,600 - INFO - Filled Zip Code: 12345
2026-04-20 14:48:53,566 - INFO - Filled Unique Phone Number: 7827395455
2026-04-20 14:48:54,959 - INFO - Filled Email: auto_sahil_deshmukh@testmail.com
2026-04-20 14:48:56,332 - INFO - Filled Confirm Email: auto_sahil_deshmukh@testmail.com
2026-04-20 14:49:12,969 - ERROR - Verification failed: Timeout 15000ms exceeded.
2026-04-20 14:52:23,893 - INFO - Test Session Started.
2026-04-20 14:52:23,895 - INFO - Navigating to Login Page: http://operator-qa.qmaastech.com/
2026-04-20 14:52:23,895 - INFO - Navigating to: http://operator-qa.qmaastech.com/
2026-04-20 14:52:26,283 - INFO - Attempting login for user: superadmin_qm@yopmail.com
2026-04-20 14:52:27,985 - INFO - Logging DOM elements BEFORE login click...
2026-04-20 14:52:27,985 - INFO - 
================================================================================
2026-04-20 14:52:27,985 - INFO - DOM SNAPSHOT AT STAGE: Before_Login
2026-04-20 14:52:27,985 - INFO - ================================================================================
2026-04-20 14:52:28,029 - INFO - 
Searching for pop-up elements in page content...
2026-04-20 14:52:28,370 - WARNING - ⚠ No known pop-up selectors found. Checking all visible divs...
2026-04-20 14:52:28,424 - INFO - Total DIV elements on page: 21
2026-04-20 14:52:28,968 - INFO -   Visible DIV 1: class='hero-pills' id='no-id' text='bolt
Real-time
smart_toy
AI-driven
hub
Multi-agenc'
2026-04-20 14:52:29,112 - INFO -   Visible DIV 2: class='auth-panel' id='no-id' text='Welcome Back

Sign in to your account to continue
'
2026-04-20 14:52:29,217 - INFO -   Visible DIV 3: class='auth-card' id='no-id' text='Welcome Back

Sign in to your account to continue
'
2026-04-20 14:52:29,312 - INFO -   Visible DIV 4: class='auth-step' id='no-id' text='Welcome Back

Sign in to your account to continue
'
2026-04-20 14:52:29,450 - INFO -   Visible DIV 5: class='field-wrap' id='no-id' text='Email ID / Username *
person'
2026-04-20 14:52:29,546 - INFO -   Visible DIV 6: class='input-shell' id='no-id' text='person'
2026-04-20 14:52:29,638 - INFO -   Visible DIV 7: class='field-wrap' id='no-id' text='Password *
lock
visibility_off'
2026-04-20 14:52:29,723 - INFO -   Visible DIV 8: class='input-shell' id='no-id' text='lock
visibility_off'
2026-04-20 14:52:29,826 - INFO -   Visible DIV 9: class='auth-bottom-links' id='no-id' text='New user?  Access Account

Forgot password?'
2026-04-20 14:52:29,879 - INFO - 
================================================================================

2026-04-20 14:52:30,504 - INFO - Login button clicked.
2026-04-20 14:52:30,510 - INFO - Taking rapid screenshots and validating pop-up...
2026-04-20 14:52:31,308 - INFO - Screenshot captured: reports\RUN_20260420_145220\screenshots\03_Popup_Immediate_1_145230.png
2026-04-20 14:52:31,309 - INFO - Screenshot 1 captured - Attempting validation...
2026-04-20 14:52:31,313 - INFO - 
================================================================================
2026-04-20 14:52:31,314 - INFO - STARTING COMPREHENSIVE POP-UP VALIDATION
2026-04-20 14:52:31,314 - INFO - ================================================================================
2026-04-20 14:52:31,358 - INFO - 
[VALIDATION 1] Checking Pop-up Visibility...
2026-04-20 14:52:31,395 - INFO -   Visibility Status: True
2026-04-20 14:52:31,395 - INFO -   PASSED: Pop-up is visible
2026-04-20 14:52:31,395 - INFO - 
[VALIDATION 2] Extracting and Validating Text Content...
2026-04-20 14:52:31,430 - INFO -   Extracted Text: 'Login Successful'
2026-04-20 14:52:31,432 - INFO -   PASSED: Text matches exactly: 'Login Successful'
2026-04-20 14:52:31,432 - INFO - 
[VALIDATION 3] Checking for Typos...
2026-04-20 14:52:31,434 - INFO -   PASSED: No known typos detected
2026-04-20 14:52:31,435 - INFO - 
[VALIDATION 4] Extracting CSS Classes and Attributes...
2026-04-20 14:52:31,456 - INFO -   CSS Classes: snackbar success-snackbar
2026-04-20 14:52:31,456 - INFO -   PASSED: 'success' class is present
2026-04-20 14:52:31,456 - INFO - 
[VALIDATION 5] Checking Element Properties...
2026-04-20 14:52:31,743 - INFO -   ID: Not set
2026-04-20 14:52:31,743 - INFO -   Data-TestID: Not set
2026-04-20 14:52:31,743 - INFO -   Role: Not set
2026-04-20 14:52:31,743 - INFO -   ARIA Label: Not set
2026-04-20 14:52:31,743 - INFO - 
[VALIDATION 6] Checking Position and Size...
2026-04-20 14:52:31,780 - WARNING -   WARNING: Could not get bounding box
2026-04-20 14:52:31,783 - INFO - 
[VALIDATION 7] Checking Computed Styles...
2026-04-20 14:52:31,831 - ERROR - Validation error: TypeError: Failed to execute 'getComputedStyle' on 'Window': parameter 1 is not of type 'Element'.
    at eval (eval at evaluate (:226:30), <anonymous>:1:8)
    at eval (<anonymous>)
    at UtilityScript.evaluate (<anonymous>:226:30)
    at UtilityScript.<anonymous> (<anonymous>:1:44)
2026-04-20 14:52:31,832 - WARNING -   WARNING: Could not check computed styles - element may have disappeared
2026-04-20 14:52:31,832 - INFO - 
================================================================================
2026-04-20 14:52:31,833 - INFO - POP-UP VALIDATION SUMMARY
2026-04-20 14:52:31,833 - INFO - ================================================================================
2026-04-20 14:52:31,834 - INFO -   Visibility: PASSED
2026-04-20 14:52:31,834 - INFO -   Text Match: PASSED
2026-04-20 14:52:31,834 - INFO -   Typo Check: PASSED
2026-04-20 14:52:31,835 - INFO -   CSS Classes: Present
2026-04-20 14:52:31,835 - INFO -   Position & Size: Valid
2026-04-20 14:52:31,835 - INFO -   Computed Styles: Valid
2026-04-20 14:52:31,836 - INFO - ================================================================================

2026-04-20 14:52:31,836 - INFO - ✓ ALL VALIDATIONS PASSED - Pop-up is working correctly!
2026-04-20 14:52:33,599 - INFO - Screenshot captured: reports\RUN_20260420_145220\screenshots\03_Popup_Immediate_2_145231.png
2026-04-20 14:52:33,599 - INFO - Screenshot 2 captured - Attempting validation...
2026-04-20 14:52:33,599 - INFO - 
================================================================================
2026-04-20 14:52:33,599 - INFO - STARTING COMPREHENSIVE POP-UP VALIDATION
2026-04-20 14:52:33,599 - INFO - ================================================================================
2026-04-20 14:52:33,627 - ERROR - VALIDATION FAILED: Pop-up element not found!
2026-04-20 14:52:34,179 - INFO - Screenshot captured: reports\RUN_20260420_145220\screenshots\03_Popup_Immediate_3_145233.png
2026-04-20 14:52:34,180 - INFO - Screenshot 3 captured - Attempting validation...
2026-04-20 14:52:34,181 - INFO - 
================================================================================
2026-04-20 14:52:34,183 - INFO - STARTING COMPREHENSIVE POP-UP VALIDATION
2026-04-20 14:52:34,184 - INFO - ================================================================================
2026-04-20 14:52:34,219 - ERROR - VALIDATION FAILED: Pop-up element not found!
2026-04-20 14:52:34,350 - INFO - Logging DOM elements AFTER login click (pop-up should appear here)...
2026-04-20 14:52:34,350 - INFO - 
================================================================================
2026-04-20 14:52:34,350 - INFO - DOM SNAPSHOT AT STAGE: After_Login_Click
2026-04-20 14:52:34,350 - INFO - ================================================================================
2026-04-20 14:52:34,395 - INFO - 
Searching for pop-up elements in page content...
2026-04-20 14:52:34,810 - WARNING - ⚠ No known pop-up selectors found. Checking all visible divs...
2026-04-20 14:52:34,882 - INFO - Total DIV elements on page: 29
2026-04-20 14:52:35,134 - INFO -   Visible DIV 1: class='header-right' id='no-id' text='English
French
Spanish
Quantum Toll Authority
supe'
2026-04-20 14:52:35,269 - INFO -   Visible DIV 2: class='nav-user' id='no-id' text='Quantum Toll Authority
superadmin_qm@yopmail.com'
2026-04-20 14:52:35,452 - INFO -   Visible DIV 3: class='nav-user-info' id='no-id' text='Quantum Toll Authority
superadmin_qm@yopmail.com'
2026-04-20 14:52:35,578 - INFO -   Visible DIV 4: class='uname' id='no-id' text='Quantum Toll Authority'
2026-04-20 14:52:35,703 - INFO -   Visible DIV 5: class='urole' id='no-id' text='superadmin_qm@yopmail.com'
2026-04-20 14:52:35,831 - INFO -   Visible DIV 6: class='main-container' id='no-id' text='dashboard_2
group
decimal_increase
admin_panel_set'
2026-04-20 14:52:35,961 - INFO -   Visible DIV 7: class='inner' id='no-id' text='dashboard_2'
2026-04-20 14:52:36,095 - INFO -   Visible DIV 8: class='inner' id='no-id' text='group'
2026-04-20 14:52:36,244 - INFO -   Visible DIV 9: class='inner' id='no-id' text='decimal_increase'
2026-04-20 14:52:36,387 - INFO -   Visible DIV 10: class='inner' id='no-id' text='admin_panel_settings'
2026-04-20 14:52:36,532 - INFO -   Visible DIV 11: class='inner' id='no-id' text='nest_doorbell_visitor'
2026-04-20 14:52:36,678 - INFO -   Visible DIV 12: class='inner' id='no-id' text='key_visualizer'
2026-04-20 14:52:36,713 - INFO - 
================================================================================

2026-04-20 14:52:36,986 - INFO - Screenshot captured: reports\RUN_20260420_145220\screenshots\02_Just_After_Login_Click_145236.png
2026-04-20 14:52:37,357 - INFO - Starting Onboarding Flow Test
2026-04-20 14:52:37,358 - INFO - Starting navigation to Onboard Customer page...
2026-04-20 14:52:37,359 - INFO - Clicking Workbench icon...
2026-04-20 14:52:38,005 - INFO - Workbench menu expanded.
2026-04-20 14:52:38,006 - INFO - Clicking 'Manage Accounts' sub-menu...
2026-04-20 14:52:38,597 - INFO - 'Manage Accounts' submenu expanded.
2026-04-20 14:52:38,598 - INFO - Clicking 'Onboard a Customer' link...
2026-04-20 14:52:40,444 - INFO - Successfully navigated to Onboard Customer page.
2026-04-20 14:52:40,923 - INFO - Screenshot captured: reports\RUN_20260420_145220\screenshots\02_Onboard_Customer_Landing_145240.png
2026-04-20 14:52:40,924 - INFO - Filling Onboarding details for United States...
2026-04-20 14:52:43,206 - INFO - Selected Account Type: PERSONAL
2026-04-20 14:52:44,640 - INFO - Filled First Name: Amani
2026-04-20 14:52:46,058 - INFO - Filled Middle Name: QA Team
2026-04-20 14:52:47,489 - INFO - Filled Last Name: Rajagopalan
2026-04-20 14:52:48,676 - INFO - Checked: Use Same for Billing
2026-04-20 14:52:49,820 - INFO - Checked: Use Same for Shipping
2026-04-20 14:52:50,956 - INFO - Checked: Primary Address
2026-04-20 14:52:55,538 - INFO - Filled Address: 123 Automation Way
2026-04-20 14:52:56,944 - INFO - Filled Zip Code: 12345
2026-04-20 14:52:58,905 - INFO - Filled Unique Phone Number: 8665756236
2026-04-20 14:53:00,302 - INFO - Filled Email: auto_amani_rajagopalan@testmail.com
2026-04-20 14:53:01,731 - INFO - Filled Confirm Email: auto_amani_rajagopalan@testmail.com
2026-04-20 14:53:01,731 - INFO - Clicking 'Save & Next'...
2026-04-20 14:53:18,385 - ERROR - Verification failed: Timeout 15000ms exceeded.
2026-04-20 15:07:07,657 - INFO - Test Session Started.
2026-04-20 15:07:07,657 - INFO - Navigating to Login Page: http://operator-qa.qmaastech.com/
2026-04-20 15:07:07,660 - INFO - Navigating to: http://operator-qa.qmaastech.com/
2026-04-20 15:07:10,849 - INFO - Attempting login for user: superadmin_qm@yopmail.com
2026-04-20 15:07:12,522 - INFO - Logging DOM elements BEFORE login click...
2026-04-20 15:07:12,522 - INFO - 
================================================================================
2026-04-20 15:07:12,522 - INFO - DOM SNAPSHOT AT STAGE: Before_Login
2026-04-20 15:07:12,522 - INFO - ================================================================================
2026-04-20 15:07:12,547 - INFO - 
Searching for pop-up elements in page content...
2026-04-20 15:07:12,894 - WARNING - ⚠ No known pop-up selectors found. Checking all visible divs...
2026-04-20 15:07:12,967 - INFO - Total DIV elements on page: 21
2026-04-20 15:07:13,509 - INFO -   Visible DIV 1: class='hero-pills' id='no-id' text='bolt
Real-time
smart_toy
AI-driven
hub
Multi-agenc'
2026-04-20 15:07:13,676 - INFO -   Visible DIV 2: class='auth-panel' id='no-id' text='Welcome Back

Sign in to your account to continue
'
2026-04-20 15:07:13,789 - INFO -   Visible DIV 3: class='auth-card' id='no-id' text='Welcome Back

Sign in to your account to continue
'
2026-04-20 15:07:13,872 - INFO -   Visible DIV 4: class='auth-step' id='no-id' text='Welcome Back

Sign in to your account to continue
'
2026-04-20 15:07:14,049 - INFO -   Visible DIV 5: class='field-wrap' id='no-id' text='Email ID / Username *
person'
2026-04-20 15:07:14,133 - INFO -   Visible DIV 6: class='input-shell' id='no-id' text='person'
2026-04-20 15:07:14,236 - INFO -   Visible DIV 7: class='field-wrap' id='no-id' text='Password *
lock
visibility_off'
2026-04-20 15:07:14,321 - INFO -   Visible DIV 8: class='input-shell' id='no-id' text='lock
visibility_off'
2026-04-20 15:07:14,408 - INFO -   Visible DIV 9: class='auth-bottom-links' id='no-id' text='New user?  Access Account

Forgot password?'
2026-04-20 15:07:14,455 - INFO - 
================================================================================

2026-04-20 15:07:15,044 - INFO - Login button clicked.
2026-04-20 15:07:15,047 - INFO - Taking rapid screenshots and validating pop-up...
2026-04-20 15:07:15,653 - INFO - Screenshot captured: reports\RUN_20260420_150705\screenshots\03_Popup_Immediate_1_150715.png
2026-04-20 15:07:15,655 - INFO - Screenshot 1 captured - Attempting validation...
2026-04-20 15:07:15,655 - INFO - 
================================================================================
2026-04-20 15:07:15,655 - INFO - STARTING COMPREHENSIVE POP-UP VALIDATION
2026-04-20 15:07:15,657 - INFO - ================================================================================
2026-04-20 15:07:15,678 - INFO - 
[VALIDATION 1] Checking Pop-up Visibility...
2026-04-20 15:07:15,696 - INFO -   Visibility Status: True
2026-04-20 15:07:15,696 - INFO -   PASSED: Pop-up is visible
2026-04-20 15:07:15,696 - INFO - 
[VALIDATION 2] Extracting and Validating Text Content...
2026-04-20 15:07:15,732 - INFO -   Extracted Text: 'Login Successful'
2026-04-20 15:07:15,732 - INFO -   PASSED: Text matches exactly: 'Login Successful'
2026-04-20 15:07:15,732 - INFO - 
[VALIDATION 3] Checking for Typos...
2026-04-20 15:07:15,732 - INFO -   PASSED: No known typos detected
2026-04-20 15:07:15,732 - INFO - 
[VALIDATION 4] Extracting CSS Classes and Attributes...
2026-04-20 15:07:15,760 - INFO -   CSS Classes: snackbar success-snackbar
2026-04-20 15:07:15,760 - INFO -   PASSED: 'success' class is present
2026-04-20 15:07:15,760 - INFO - 
[VALIDATION 5] Checking Element Properties...
2026-04-20 15:07:15,897 - INFO -   ID: Not set
2026-04-20 15:07:15,897 - INFO -   Data-TestID: Not set
2026-04-20 15:07:15,897 - INFO -   Role: Not set
2026-04-20 15:07:15,897 - INFO -   ARIA Label: Not set
2026-04-20 15:07:15,897 - INFO - 
[VALIDATION 6] Checking Position and Size...
2026-04-20 15:07:15,916 - INFO -   X: 1230, Y: 20
2026-04-20 15:07:15,924 - INFO -   Width: 250, Height: 43.5
2026-04-20 15:07:15,925 - INFO -   PASSED: Element has valid dimensions
2026-04-20 15:07:15,925 - INFO - 
[VALIDATION 7] Checking Computed Styles...
2026-04-20 15:07:15,963 - INFO -   Display: block
2026-04-20 15:07:15,963 - INFO -   Opacity: 1
2026-04-20 15:07:15,963 - INFO -   PASSED: Element is displayed with proper opacity
2026-04-20 15:07:15,963 - INFO - 
================================================================================
2026-04-20 15:07:15,963 - INFO - POP-UP VALIDATION SUMMARY
2026-04-20 15:07:15,963 - INFO - ================================================================================
2026-04-20 15:07:15,963 - INFO -   Visibility: PASSED
2026-04-20 15:07:15,963 - INFO -   Text Match: PASSED
2026-04-20 15:07:15,963 - INFO -   Typo Check: PASSED
2026-04-20 15:07:15,963 - INFO -   CSS Classes: Present
2026-04-20 15:07:15,963 - INFO -   Position & Size: Valid
2026-04-20 15:07:15,963 - INFO -   Computed Styles: Valid
2026-04-20 15:07:15,963 - INFO - ================================================================================

2026-04-20 15:07:15,963 - INFO - ✓ ALL VALIDATIONS PASSED - Pop-up is working correctly!
2026-04-20 15:07:16,448 - INFO - Screenshot captured: reports\RUN_20260420_150705\screenshots\03_Popup_Immediate_2_150716.png
2026-04-20 15:07:16,457 - INFO - Screenshot 2 captured - Attempting validation...
2026-04-20 15:07:16,457 - INFO - 
================================================================================
2026-04-20 15:07:16,458 - INFO - STARTING COMPREHENSIVE POP-UP VALIDATION
2026-04-20 15:07:16,458 - INFO - ================================================================================
2026-04-20 15:07:16,479 - ERROR - VALIDATION FAILED: Pop-up element not found!
2026-04-20 15:07:17,950 - INFO - Screenshot captured: reports\RUN_20260420_150705\screenshots\03_Popup_Immediate_3_150716.png
2026-04-20 15:07:17,950 - INFO - Screenshot 3 captured - Attempting validation...
2026-04-20 15:07:17,950 - INFO - 
================================================================================
2026-04-20 15:07:17,950 - INFO - STARTING COMPREHENSIVE POP-UP VALIDATION
2026-04-20 15:07:17,950 - INFO - ================================================================================
2026-04-20 15:07:17,980 - ERROR - VALIDATION FAILED: Pop-up element not found!
2026-04-20 15:07:18,112 - INFO - Logging DOM elements AFTER login click (pop-up should appear here)...
2026-04-20 15:07:18,112 - INFO - 
================================================================================
2026-04-20 15:07:18,112 - INFO - DOM SNAPSHOT AT STAGE: After_Login_Click
2026-04-20 15:07:18,112 - INFO - ================================================================================
2026-04-20 15:07:18,146 - INFO - 
Searching for pop-up elements in page content...
2026-04-20 15:07:18,533 - WARNING - ⚠ No known pop-up selectors found. Checking all visible divs...
2026-04-20 15:07:18,604 - INFO - Total DIV elements on page: 29
2026-04-20 15:07:18,873 - INFO -   Visible DIV 1: class='header-right' id='no-id' text='English
French
Spanish
Quantum Toll Authority
supe'
2026-04-20 15:07:19,001 - INFO -   Visible DIV 2: class='nav-user' id='no-id' text='Quantum Toll Authority
superadmin_qm@yopmail.com'
2026-04-20 15:07:19,206 - INFO -   Visible DIV 3: class='nav-user-info' id='no-id' text='Quantum Toll Authority
superadmin_qm@yopmail.com'
2026-04-20 15:07:19,337 - INFO -   Visible DIV 4: class='uname' id='no-id' text='Quantum Toll Authority'
2026-04-20 15:07:19,474 - INFO -   Visible DIV 5: class='urole' id='no-id' text='superadmin_qm@yopmail.com'
2026-04-20 15:07:19,594 - INFO -   Visible DIV 6: class='main-container' id='no-id' text='dashboard_2
group
decimal_increase
admin_panel_set'
2026-04-20 15:07:19,731 - INFO -   Visible DIV 7: class='inner' id='no-id' text='dashboard_2'
2026-04-20 15:07:19,866 - INFO -   Visible DIV 8: class='inner' id='no-id' text='group'
2026-04-20 15:07:20,033 - INFO -   Visible DIV 9: class='inner' id='no-id' text='decimal_increase'
2026-04-20 15:07:20,198 - INFO -   Visible DIV 10: class='inner' id='no-id' text='admin_panel_settings'
2026-04-20 15:07:20,375 - INFO -   Visible DIV 11: class='inner' id='no-id' text='nest_doorbell_visitor'
2026-04-20 15:07:20,557 - INFO -   Visible DIV 12: class='inner' id='no-id' text='key_visualizer'
2026-04-20 15:07:20,589 - INFO - 
================================================================================

2026-04-20 15:07:21,038 - INFO - Screenshot captured: reports\RUN_20260420_150705\screenshots\02_Just_After_Login_Click_150720.png
2026-04-20 15:07:21,376 - INFO - Starting Onboarding Flow Test
2026-04-20 15:07:21,377 - INFO - Starting navigation to Onboard Customer page...
2026-04-20 15:07:21,378 - INFO - Clicking Workbench icon...
2026-04-20 15:07:22,008 - INFO - Workbench menu expanded.
2026-04-20 15:07:22,010 - INFO - Clicking 'Manage Accounts' sub-menu...
2026-04-20 15:07:22,584 - INFO - 'Manage Accounts' submenu expanded.
2026-04-20 15:07:22,585 - INFO - Clicking 'Onboard a Customer' link...
2026-04-20 15:07:24,472 - INFO - Successfully navigated to Onboard Customer page.
2026-04-20 15:07:24,986 - INFO - Screenshot captured: reports\RUN_20260420_150705\screenshots\02_Onboard_Customer_Landing_150724.png
2026-04-20 15:07:24,987 - INFO - Filling Onboarding details for United States...
2026-04-20 15:49:48,323 - INFO - Test Session Started.
2026-04-20 15:49:48,323 - INFO - Navigating to Login Page: http://operator-qa.qmaastech.com/
2026-04-20 15:49:48,323 - INFO - Navigating to: http://operator-qa.qmaastech.com/
2026-04-20 15:49:50,661 - INFO - Attempting login for user: superadmin_qm@yopmail.com
2026-04-20 15:49:52,362 - INFO - Logging DOM elements BEFORE login click...
2026-04-20 15:49:52,362 - INFO - 
================================================================================
2026-04-20 15:49:52,367 - INFO - DOM SNAPSHOT AT STAGE: Before_Login
2026-04-20 15:49:52,370 - INFO - ================================================================================
2026-04-20 15:49:52,392 - INFO - 
Searching for pop-up elements in page content...
2026-04-20 15:49:52,804 - WARNING - ⚠ No known pop-up selectors found. Checking all visible divs...
2026-04-20 15:49:52,849 - INFO - Total DIV elements on page: 21
2026-04-20 15:49:53,371 - INFO -   Visible DIV 1: class='hero-pills' id='no-id' text='bolt
Real-time
smart_toy
AI-driven
hub
Multi-agenc'
2026-04-20 15:49:53,546 - INFO -   Visible DIV 2: class='auth-panel' id='no-id' text='Welcome Back

Sign in to your account to continue
'
2026-04-20 15:49:53,659 - INFO -   Visible DIV 3: class='auth-card' id='no-id' text='Welcome Back

Sign in to your account to continue
'
2026-04-20 15:49:53,754 - INFO -   Visible DIV 4: class='auth-step' id='no-id' text='Welcome Back

Sign in to your account to continue
'
2026-04-20 15:49:53,879 - INFO -   Visible DIV 5: class='field-wrap' id='no-id' text='Email ID / Username *
person'
2026-04-20 15:49:53,968 - INFO -   Visible DIV 6: class='input-shell' id='no-id' text='person'
2026-04-20 15:49:54,049 - INFO -   Visible DIV 7: class='field-wrap' id='no-id' text='Password *
lock
visibility_off'
2026-04-20 15:49:54,145 - INFO -   Visible DIV 8: class='input-shell' id='no-id' text='lock
visibility_off'
2026-04-20 15:49:54,244 - INFO -   Visible DIV 9: class='auth-bottom-links' id='no-id' text='New user?  Access Account

Forgot password?'
2026-04-20 15:49:54,283 - INFO - 
================================================================================

2026-04-20 15:49:54,880 - INFO - Login button clicked.
2026-04-20 15:49:54,884 - INFO - Taking rapid screenshots and validating pop-up...
2026-04-20 15:49:55,551 - INFO - Screenshot captured: reports\RUN_20260420_154945\screenshots\03_Popup_Immediate_1_154954.png
2026-04-20 15:49:55,551 - INFO - Screenshot 1 captured - Attempting validation...
2026-04-20 15:49:55,551 - INFO - 
================================================================================
2026-04-20 15:49:55,551 - INFO - STARTING COMPREHENSIVE POP-UP VALIDATION
2026-04-20 15:49:55,551 - INFO - ================================================================================
2026-04-20 15:49:55,584 - INFO - 
[VALIDATION 1] Checking Pop-up Visibility...
2026-04-20 15:49:55,627 - INFO -   Visibility Status: True
2026-04-20 15:49:55,629 - INFO -   PASSED: Pop-up is visible
2026-04-20 15:49:55,629 - INFO - 
[VALIDATION 2] Extracting and Validating Text Content...
2026-04-20 15:49:55,660 - INFO -   Extracted Text: 'Login Successful'
2026-04-20 15:49:55,669 - INFO -   PASSED: Text matches exactly: 'Login Successful'
2026-04-20 15:49:55,669 - INFO - 
[VALIDATION 3] Checking for Typos...
2026-04-20 15:49:55,671 - INFO -   PASSED: No known typos detected
2026-04-20 15:49:55,671 - INFO - 
[VALIDATION 4] Extracting CSS Classes and Attributes...
2026-04-20 15:49:55,691 - INFO -   CSS Classes: snackbar success-snackbar
2026-04-20 15:49:55,691 - INFO -   PASSED: 'success' class is present
2026-04-20 15:49:55,692 - INFO - 
[VALIDATION 5] Checking Element Properties...
2026-04-20 15:49:55,783 - INFO -   ID: Not set
2026-04-20 15:49:55,783 - INFO -   Data-TestID: Not set
2026-04-20 15:49:55,799 - INFO -   Role: Not set
2026-04-20 15:49:55,800 - INFO -   ARIA Label: Not set
2026-04-20 15:49:55,800 - INFO - 
[VALIDATION 6] Checking Position and Size...
2026-04-20 15:49:55,829 - INFO -   X: 1230, Y: 20
2026-04-20 15:49:55,830 - INFO -   Width: 250, Height: 43.5
2026-04-20 15:49:55,830 - INFO -   PASSED: Element has valid dimensions
2026-04-20 15:49:55,831 - INFO - 
[VALIDATION 7] Checking Computed Styles...
2026-04-20 15:49:55,887 - INFO -   Display: block
2026-04-20 15:49:55,887 - INFO -   Opacity: 1
2026-04-20 15:49:55,889 - INFO -   PASSED: Element is displayed with proper opacity
2026-04-20 15:49:55,889 - INFO - 
================================================================================
2026-04-20 15:49:55,889 - INFO - POP-UP VALIDATION SUMMARY
2026-04-20 15:49:55,889 - INFO - ================================================================================
2026-04-20 15:49:55,891 - INFO -   Visibility: PASSED
2026-04-20 15:49:55,891 - INFO -   Text Match: PASSED
2026-04-20 15:49:55,891 - INFO -   Typo Check: PASSED
2026-04-20 15:49:55,891 - INFO -   CSS Classes: Present
2026-04-20 15:49:55,891 - INFO -   Position & Size: Valid
2026-04-20 15:49:55,894 - INFO -   Computed Styles: Valid
2026-04-20 15:49:55,894 - INFO - ================================================================================

2026-04-20 15:49:55,894 - INFO - ✓ ALL VALIDATIONS PASSED - Pop-up is working correctly!
2026-04-20 15:49:56,373 - INFO - Screenshot captured: reports\RUN_20260420_154945\screenshots\03_Popup_Immediate_2_154955.png
2026-04-20 15:49:56,374 - INFO - Screenshot 2 captured - Attempting validation...
2026-04-20 15:49:56,375 - INFO - 
================================================================================
2026-04-20 15:49:56,375 - INFO - STARTING COMPREHENSIVE POP-UP VALIDATION
2026-04-20 15:49:56,375 - INFO - ================================================================================
2026-04-20 15:49:56,403 - ERROR - VALIDATION FAILED: Pop-up element not found!
2026-04-20 15:49:57,961 - INFO - Screenshot captured: reports\RUN_20260420_154945\screenshots\03_Popup_Immediate_3_154956.png
2026-04-20 15:49:57,962 - INFO - Screenshot 3 captured - Attempting validation...
2026-04-20 15:49:57,963 - INFO - 
================================================================================
2026-04-20 15:49:57,964 - INFO - STARTING COMPREHENSIVE POP-UP VALIDATION
2026-04-20 15:49:57,966 - INFO - ================================================================================
2026-04-20 15:49:58,004 - ERROR - VALIDATION FAILED: Pop-up element not found!
2026-04-20 15:49:58,139 - INFO - Logging DOM elements AFTER login click (pop-up should appear here)...
2026-04-20 15:49:58,139 - INFO - 
================================================================================
2026-04-20 15:49:58,139 - INFO - DOM SNAPSHOT AT STAGE: After_Login_Click
2026-04-20 15:49:58,144 - INFO - ================================================================================
2026-04-20 15:49:58,174 - INFO - 
Searching for pop-up elements in page content...
2026-04-20 15:49:58,542 - WARNING - ⚠ No known pop-up selectors found. Checking all visible divs...
2026-04-20 15:49:58,600 - INFO - Total DIV elements on page: 29
2026-04-20 15:49:58,889 - INFO -   Visible DIV 1: class='header-right' id='no-id' text='English
French
Spanish
Quantum Toll Authority
supe'
2026-04-20 15:49:59,029 - INFO -   Visible DIV 2: class='nav-user' id='no-id' text='Quantum Toll Authority
superadmin_qm@yopmail.com'
2026-04-20 15:49:59,225 - INFO -   Visible DIV 3: class='nav-user-info' id='no-id' text='Quantum Toll Authority
superadmin_qm@yopmail.com'
2026-04-20 15:49:59,348 - INFO -   Visible DIV 4: class='uname' id='no-id' text='Quantum Toll Authority'
2026-04-20 15:49:59,484 - INFO -   Visible DIV 5: class='urole' id='no-id' text='superadmin_qm@yopmail.com'
2026-04-20 15:49:59,614 - INFO -   Visible DIV 6: class='main-container' id='no-id' text='dashboard_2
group
decimal_increase
admin_panel_set'
2026-04-20 15:49:59,733 - INFO -   Visible DIV 7: class='inner' id='no-id' text='dashboard_2'
2026-04-20 15:49:59,858 - INFO -   Visible DIV 8: class='inner' id='no-id' text='group'
2026-04-20 15:49:59,992 - INFO -   Visible DIV 9: class='inner' id='no-id' text='decimal_increase'
2026-04-20 15:50:00,147 - INFO -   Visible DIV 10: class='inner' id='no-id' text='admin_panel_settings'
2026-04-20 15:50:00,309 - INFO -   Visible DIV 11: class='inner' id='no-id' text='nest_doorbell_visitor'
2026-04-20 15:50:00,459 - INFO -   Visible DIV 12: class='inner' id='no-id' text='key_visualizer'
2026-04-20 15:50:00,487 - INFO - 
================================================================================

2026-04-20 15:50:00,907 - INFO - Screenshot captured: reports\RUN_20260420_154945\screenshots\02_Just_After_Login_Click_155000.png
2026-04-20 15:50:01,322 - INFO - Starting Onboarding Flow Test
2026-04-20 15:50:01,322 - INFO - Starting navigation to Onboard Customer page...
2026-04-20 15:50:01,322 - INFO - Clicking Workbench icon...
2026-04-20 15:50:02,014 - INFO - Workbench menu expanded.
2026-04-20 15:50:02,019 - INFO - Clicking 'Manage Accounts' sub-menu...
2026-04-20 15:50:02,614 - INFO - 'Manage Accounts' submenu expanded.
2026-04-20 15:50:02,614 - INFO - Clicking 'Onboard a Customer' link...
2026-04-20 15:50:04,941 - INFO - Successfully navigated to Onboard Customer page.
2026-04-20 15:50:05,513 - INFO - Screenshot captured: reports\RUN_20260420_154945\screenshots\02_Onboard_Customer_Landing_155004.png
2026-04-20 15:50:05,514 - INFO - Filling Onboarding details for United States...
2026-04-20 16:25:07,016 - INFO - Test Session Started.
2026-04-20 16:25:07,016 - INFO - Navigating to Login Page: http://operator-qa.qmaastech.com/
2026-04-20 16:25:07,022 - INFO - Navigating to: http://operator-qa.qmaastech.com/
2026-04-20 16:25:09,227 - INFO - Attempting login for user: superadmin_qm@yopmail.com
2026-04-20 16:25:10,902 - INFO - Logging DOM elements BEFORE login click...
2026-04-20 16:25:10,902 - INFO - 
================================================================================
2026-04-20 16:25:10,902 - INFO - DOM SNAPSHOT AT STAGE: Before_Login
2026-04-20 16:25:10,902 - INFO - ================================================================================
2026-04-20 16:25:10,939 - INFO - 
Searching for pop-up elements in page content...
2026-04-20 16:25:11,271 - WARNING - ⚠ No known pop-up selectors found. Checking all visible divs...
2026-04-20 16:25:11,312 - INFO - Total DIV elements on page: 21
2026-04-20 16:25:11,825 - INFO -   Visible DIV 1: class='hero-pills' id='no-id' text='bolt
Real-time
smart_toy
AI-driven
hub
Multi-agenc'
2026-04-20 16:25:11,999 - INFO -   Visible DIV 2: class='auth-panel' id='no-id' text='Welcome Back

Sign in to your account to continue
'
2026-04-20 16:25:12,107 - INFO -   Visible DIV 3: class='auth-card' id='no-id' text='Welcome Back

Sign in to your account to continue
'
2026-04-20 16:25:12,199 - INFO -   Visible DIV 4: class='auth-step' id='no-id' text='Welcome Back

Sign in to your account to continue
'
2026-04-20 16:25:12,377 - INFO -   Visible DIV 5: class='field-wrap' id='no-id' text='Email ID / Username *
person'
2026-04-20 16:25:12,484 - INFO -   Visible DIV 6: class='input-shell' id='no-id' text='person'
2026-04-20 16:25:12,578 - INFO -   Visible DIV 7: class='field-wrap' id='no-id' text='Password *
lock
visibility_off'
2026-04-20 16:25:12,673 - INFO -   Visible DIV 8: class='input-shell' id='no-id' text='lock
visibility_off'
2026-04-20 16:25:12,767 - INFO -   Visible DIV 9: class='auth-bottom-links' id='no-id' text='New user?  Access Account

Forgot password?'
2026-04-20 16:25:12,815 - INFO - 
================================================================================

2026-04-20 16:25:13,392 - INFO - Login button clicked.
2026-04-20 16:25:13,396 - INFO - Taking rapid screenshots and validating pop-up...
2026-04-20 16:25:14,025 - INFO - Screenshot captured: reports\RUN_20260420_162504\screenshots\03_Popup_Immediate_1_162513.png
2026-04-20 16:25:14,026 - INFO - Screenshot 1 captured - Attempting validation...
2026-04-20 16:25:14,027 - INFO - 
================================================================================
2026-04-20 16:25:14,027 - INFO - STARTING COMPREHENSIVE POP-UP VALIDATION
2026-04-20 16:25:14,028 - INFO - ================================================================================
2026-04-20 16:25:14,055 - INFO - 
[VALIDATION 1] Checking Pop-up Visibility...
2026-04-20 16:25:14,123 - INFO -   Visibility Status: True
2026-04-20 16:25:14,125 - INFO -   PASSED: Pop-up is visible
2026-04-20 16:25:14,125 - INFO - 
[VALIDATION 2] Extracting and Validating Text Content...
2026-04-20 16:25:14,153 - INFO -   Extracted Text: 'Login Successful'
2026-04-20 16:25:14,153 - INFO -   PASSED: Text matches exactly: 'Login Successful'
2026-04-20 16:25:14,153 - INFO - 
[VALIDATION 3] Checking for Typos...
2026-04-20 16:25:14,153 - INFO -   PASSED: No known typos detected
2026-04-20 16:25:14,153 - INFO - 
[VALIDATION 4] Extracting CSS Classes and Attributes...
2026-04-20 16:25:14,171 - INFO -   CSS Classes: snackbar success-snackbar
2026-04-20 16:25:14,171 - INFO -   PASSED: 'success' class is present
2026-04-20 16:25:14,171 - INFO - 
[VALIDATION 5] Checking Element Properties...
2026-04-20 16:25:14,276 - INFO -   ID: Not set
2026-04-20 16:25:14,276 - INFO -   Data-TestID: Not set
2026-04-20 16:25:14,276 - INFO -   Role: Not set
2026-04-20 16:25:14,276 - INFO -   ARIA Label: Not set
2026-04-20 16:25:14,276 - INFO - 
[VALIDATION 6] Checking Position and Size...
2026-04-20 16:25:14,292 - INFO -   X: 1230, Y: 20
2026-04-20 16:25:14,292 - INFO -   Width: 250, Height: 43.5
2026-04-20 16:25:14,292 - INFO -   PASSED: Element has valid dimensions
2026-04-20 16:25:14,292 - INFO - 
[VALIDATION 7] Checking Computed Styles...
2026-04-20 16:25:14,340 - INFO -   Display: block
2026-04-20 16:25:14,340 - INFO -   Opacity: 1
2026-04-20 16:25:14,340 - INFO -   PASSED: Element is displayed with proper opacity
2026-04-20 16:25:14,340 - INFO - 
================================================================================
2026-04-20 16:25:14,340 - INFO - POP-UP VALIDATION SUMMARY
2026-04-20 16:25:14,340 - INFO - ================================================================================
2026-04-20 16:25:14,340 - INFO -   Visibility: PASSED
2026-04-20 16:25:14,340 - INFO -   Text Match: PASSED
2026-04-20 16:25:14,340 - INFO -   Typo Check: PASSED
2026-04-20 16:25:14,340 - INFO -   CSS Classes: Present
2026-04-20 16:25:14,340 - INFO -   Position & Size: Valid
2026-04-20 16:25:14,340 - INFO -   Computed Styles: Valid
2026-04-20 16:25:14,340 - INFO - ================================================================================

2026-04-20 16:25:14,340 - INFO - ✓ ALL VALIDATIONS PASSED - Pop-up is working correctly!
2026-04-20 16:25:14,826 - INFO - Screenshot captured: reports\RUN_20260420_162504\screenshots\03_Popup_Immediate_2_162514.png
2026-04-20 16:25:14,829 - INFO - Screenshot 2 captured - Attempting validation...
2026-04-20 16:25:14,830 - INFO - 
================================================================================
2026-04-20 16:25:14,830 - INFO - STARTING COMPREHENSIVE POP-UP VALIDATION
2026-04-20 16:25:14,831 - INFO - ================================================================================
2026-04-20 16:25:14,857 - ERROR - VALIDATION FAILED: Pop-up element not found!
2026-04-20 16:25:16,230 - INFO - Screenshot captured: reports\RUN_20260420_162504\screenshots\03_Popup_Immediate_3_162514.png
2026-04-20 16:25:16,231 - INFO - Screenshot 3 captured - Attempting validation...
2026-04-20 16:25:16,232 - INFO - 
================================================================================
2026-04-20 16:25:16,232 - INFO - STARTING COMPREHENSIVE POP-UP VALIDATION
2026-04-20 16:25:16,233 - INFO - ================================================================================
2026-04-20 16:25:16,265 - ERROR - VALIDATION FAILED: Pop-up element not found!
2026-04-20 16:25:16,393 - INFO - Logging DOM elements AFTER login click (pop-up should appear here)...
2026-04-20 16:25:16,395 - INFO - 
================================================================================
2026-04-20 16:25:16,395 - INFO - DOM SNAPSHOT AT STAGE: After_Login_Click
2026-04-20 16:25:16,395 - INFO - ================================================================================
2026-04-20 16:25:16,426 - INFO - 
Searching for pop-up elements in page content...
2026-04-20 16:25:16,738 - WARNING - ⚠ No known pop-up selectors found. Checking all visible divs...
2026-04-20 16:25:16,798 - INFO - Total DIV elements on page: 29
2026-04-20 16:25:17,016 - INFO -   Visible DIV 1: class='header-right' id='no-id' text='English
French
Spanish
Quantum Toll Authority
supe'
2026-04-20 16:25:17,134 - INFO -   Visible DIV 2: class='nav-user' id='no-id' text='Quantum Toll Authority
superadmin_qm@yopmail.com'
2026-04-20 16:25:17,303 - INFO -   Visible DIV 3: class='nav-user-info' id='no-id' text='Quantum Toll Authority
superadmin_qm@yopmail.com'
2026-04-20 16:25:17,431 - INFO -   Visible DIV 4: class='uname' id='no-id' text='Quantum Toll Authority'
2026-04-20 16:25:17,544 - INFO -   Visible DIV 5: class='urole' id='no-id' text='superadmin_qm@yopmail.com'
2026-04-20 16:25:17,672 - INFO -   Visible DIV 6: class='main-container' id='no-id' text='dashboard_2
group
decimal_increase
admin_panel_set'
2026-04-20 16:25:17,799 - INFO -   Visible DIV 7: class='inner' id='no-id' text='dashboard_2'
2026-04-20 16:25:17,944 - INFO -   Visible DIV 8: class='inner' id='no-id' text='group'
2026-04-20 16:25:18,092 - INFO -   Visible DIV 9: class='inner' id='no-id' text='decimal_increase'
2026-04-20 16:25:18,250 - INFO -   Visible DIV 10: class='inner' id='no-id' text='admin_panel_settings'
2026-04-20 16:25:18,378 - INFO -   Visible DIV 11: class='inner' id='no-id' text='nest_doorbell_visitor'
2026-04-20 16:25:18,506 - INFO -   Visible DIV 12: class='inner' id='no-id' text='key_visualizer'
2026-04-20 16:25:18,536 - INFO - 
================================================================================

2026-04-20 16:25:19,179 - INFO - Screenshot captured: reports\RUN_20260420_162504\screenshots\02_Just_After_Login_Click_162518.png
2026-04-20 16:25:19,507 - INFO - Starting Onboarding Flow Test
2026-04-20 16:25:19,507 - INFO - Starting navigation to Onboard Customer page...
2026-04-20 16:25:19,511 - INFO - Clicking Workbench icon...
2026-04-20 16:25:20,149 - INFO - Workbench menu expanded.
2026-04-20 16:25:20,149 - INFO - Clicking 'Manage Accounts' sub-menu...
2026-04-20 16:25:20,748 - INFO - 'Manage Accounts' submenu expanded.
2026-04-20 16:25:20,750 - INFO - Clicking 'Onboard a Customer' link...
2026-04-20 16:25:21,927 - INFO - Successfully navigated to Onboard Customer page.
2026-04-20 16:25:22,388 - INFO - Screenshot captured: reports\RUN_20260420_162504\screenshots\02_Onboard_Customer_Landing_162521.png
2026-04-20 16:25:22,390 - INFO - Filling Onboarding details for United States...
2026-04-20 16:27:54,391 - INFO - Test Session Started.
2026-04-20 16:27:54,396 - INFO - Navigating to Login Page: http://operator-qa.qmaastech.com/
2026-04-20 16:27:54,397 - INFO - Navigating to: http://operator-qa.qmaastech.com/
2026-04-20 16:27:56,678 - INFO - Attempting login for user: superadmin_qm@yopmail.com
2026-04-20 16:27:58,413 - INFO - Logging DOM elements BEFORE login click...
2026-04-20 16:27:58,414 - INFO - 
================================================================================
2026-04-20 16:27:58,414 - INFO - DOM SNAPSHOT AT STAGE: Before_Login
2026-04-20 16:27:58,414 - INFO - ================================================================================
2026-04-20 16:27:58,450 - INFO - 
Searching for pop-up elements in page content...
2026-04-20 16:27:58,794 - WARNING - ⚠ No known pop-up selectors found. Checking all visible divs...
2026-04-20 16:27:58,835 - INFO - Total DIV elements on page: 21
2026-04-20 16:27:59,351 - INFO -   Visible DIV 1: class='hero-pills' id='no-id' text='bolt
Real-time
smart_toy
AI-driven
hub
Multi-agenc'
2026-04-20 16:27:59,476 - INFO -   Visible DIV 2: class='auth-panel' id='no-id' text='Welcome Back

Sign in to your account to continue
'
2026-04-20 16:27:59,582 - INFO -   Visible DIV 3: class='auth-card' id='no-id' text='Welcome Back

Sign in to your account to continue
'
2026-04-20 16:27:59,671 - INFO -   Visible DIV 4: class='auth-step' id='no-id' text='Welcome Back

Sign in to your account to continue
'
2026-04-20 16:27:59,775 - INFO -   Visible DIV 5: class='field-wrap' id='no-id' text='Email ID / Username *
person'
2026-04-20 16:27:59,885 - INFO -   Visible DIV 6: class='input-shell' id='no-id' text='person'
2026-04-20 16:27:59,947 - INFO -   Visible DIV 7: class='field-wrap' id='no-id' text='Password *
lock
visibility_off'
2026-04-20 16:28:00,060 - INFO -   Visible DIV 8: class='input-shell' id='no-id' text='lock
visibility_off'
2026-04-20 16:28:00,152 - INFO -   Visible DIV 9: class='auth-bottom-links' id='no-id' text='New user?  Access Account

Forgot password?'
2026-04-20 16:28:00,213 - INFO - 
================================================================================

2026-04-20 16:28:00,795 - INFO - Login button clicked.
2026-04-20 16:28:00,797 - INFO - Taking rapid screenshots and validating pop-up...
2026-04-20 16:28:01,398 - INFO - Screenshot captured: reports\RUN_20260420_162751\screenshots\03_Popup_Immediate_1_162800.png
2026-04-20 16:28:01,399 - INFO - Screenshot 1 captured - Attempting validation...
2026-04-20 16:28:01,400 - INFO - 
================================================================================
2026-04-20 16:28:01,401 - INFO - STARTING COMPREHENSIVE POP-UP VALIDATION
2026-04-20 16:28:01,403 - INFO - ================================================================================
2026-04-20 16:28:01,431 - INFO - 
[VALIDATION 1] Checking Pop-up Visibility...
2026-04-20 16:28:01,458 - INFO -   Visibility Status: True
2026-04-20 16:28:01,460 - INFO -   PASSED: Pop-up is visible
2026-04-20 16:28:01,460 - INFO - 
[VALIDATION 2] Extracting and Validating Text Content...
2026-04-20 16:28:01,476 - INFO -   Extracted Text: 'Login Successful'
2026-04-20 16:28:01,476 - INFO -   PASSED: Text matches exactly: 'Login Successful'
2026-04-20 16:28:01,476 - INFO - 
[VALIDATION 3] Checking for Typos...
2026-04-20 16:28:01,476 - INFO -   PASSED: No known typos detected
2026-04-20 16:28:01,476 - INFO - 
[VALIDATION 4] Extracting CSS Classes and Attributes...
2026-04-20 16:28:01,509 - INFO -   CSS Classes: snackbar success-snackbar
2026-04-20 16:28:01,509 - INFO -   PASSED: 'success' class is present
2026-04-20 16:28:01,509 - INFO - 
[VALIDATION 5] Checking Element Properties...
2026-04-20 16:28:01,626 - INFO -   ID: Not set
2026-04-20 16:28:01,626 - INFO -   Data-TestID: Not set
2026-04-20 16:28:01,633 - INFO -   Role: Not set
2026-04-20 16:28:01,634 - INFO -   ARIA Label: Not set
2026-04-20 16:28:01,634 - INFO - 
[VALIDATION 6] Checking Position and Size...
2026-04-20 16:28:01,642 - INFO -   X: 1230, Y: 20
2026-04-20 16:28:01,642 - INFO -   Width: 250, Height: 43.5
2026-04-20 16:28:01,642 - INFO -   PASSED: Element has valid dimensions
2026-04-20 16:28:01,642 - INFO - 
[VALIDATION 7] Checking Computed Styles...
2026-04-20 16:28:01,701 - INFO -   Display: block
2026-04-20 16:28:01,701 - INFO -   Opacity: 1
2026-04-20 16:28:01,702 - INFO -   PASSED: Element is displayed with proper opacity
2026-04-20 16:28:01,702 - INFO - 
================================================================================
2026-04-20 16:28:01,702 - INFO - POP-UP VALIDATION SUMMARY
2026-04-20 16:28:01,702 - INFO - ================================================================================
2026-04-20 16:28:01,702 - INFO -   Visibility: PASSED
2026-04-20 16:28:01,703 - INFO -   Text Match: PASSED
2026-04-20 16:28:01,703 - INFO -   Typo Check: PASSED
2026-04-20 16:28:01,703 - INFO -   CSS Classes: Present
2026-04-20 16:28:01,703 - INFO -   Position & Size: Valid
2026-04-20 16:28:01,703 - INFO -   Computed Styles: Valid
2026-04-20 16:28:01,704 - INFO - ================================================================================

2026-04-20 16:28:01,704 - INFO - ✓ ALL VALIDATIONS PASSED - Pop-up is working correctly!
2026-04-20 16:28:02,314 - INFO - Screenshot captured: reports\RUN_20260420_162751\screenshots\03_Popup_Immediate_2_162801.png
2026-04-20 16:28:02,315 - INFO - Screenshot 2 captured - Attempting validation...
2026-04-20 16:28:02,316 - INFO - 
================================================================================
2026-04-20 16:28:02,316 - INFO - STARTING COMPREHENSIVE POP-UP VALIDATION
2026-04-20 16:28:02,317 - INFO - ================================================================================
2026-04-20 16:28:02,341 - ERROR - VALIDATION FAILED: Pop-up element not found!
2026-04-20 16:28:03,650 - INFO - Screenshot captured: reports\RUN_20260420_162751\screenshots\03_Popup_Immediate_3_162802.png
2026-04-20 16:28:03,650 - INFO - Screenshot 3 captured - Attempting validation...
2026-04-20 16:28:03,650 - INFO - 
================================================================================
2026-04-20 16:28:03,662 - INFO - STARTING COMPREHENSIVE POP-UP VALIDATION
2026-04-20 16:28:03,662 - INFO - ================================================================================
2026-04-20 16:28:03,694 - ERROR - VALIDATION FAILED: Pop-up element not found!
2026-04-20 16:28:03,827 - INFO - Logging DOM elements AFTER login click (pop-up should appear here)...
2026-04-20 16:28:03,827 - INFO - 
================================================================================
2026-04-20 16:28:03,827 - INFO - DOM SNAPSHOT AT STAGE: After_Login_Click
2026-04-20 16:28:03,827 - INFO - ================================================================================
2026-04-20 16:28:03,858 - INFO - 
Searching for pop-up elements in page content...
2026-04-20 16:28:04,258 - WARNING - ⚠ No known pop-up selectors found. Checking all visible divs...
2026-04-20 16:28:04,307 - INFO - Total DIV elements on page: 29
2026-04-20 16:28:04,527 - INFO -   Visible DIV 1: class='header-right' id='no-id' text='English
French
Spanish
Quantum Toll Authority
supe'
2026-04-20 16:28:04,651 - INFO -   Visible DIV 2: class='nav-user' id='no-id' text='Quantum Toll Authority
superadmin_qm@yopmail.com'
2026-04-20 16:28:04,831 - INFO -   Visible DIV 3: class='nav-user-info' id='no-id' text='Quantum Toll Authority
superadmin_qm@yopmail.com'
2026-04-20 16:28:04,951 - INFO -   Visible DIV 4: class='uname' id='no-id' text='Quantum Toll Authority'
2026-04-20 16:28:05,068 - INFO -   Visible DIV 5: class='urole' id='no-id' text='superadmin_qm@yopmail.com'
2026-04-20 16:28:05,231 - INFO -   Visible DIV 6: class='main-container' id='no-id' text='dashboard_2
group
decimal_increase
admin_panel_set'
2026-04-20 16:28:05,373 - INFO -   Visible DIV 7: class='inner' id='no-id' text='dashboard_2'
2026-04-20 16:28:05,502 - INFO -   Visible DIV 8: class='inner' id='no-id' text='group'
2026-04-20 16:28:05,643 - INFO -   Visible DIV 9: class='inner' id='no-id' text='decimal_increase'
2026-04-20 16:28:05,801 - INFO -   Visible DIV 10: class='inner' id='no-id' text='admin_panel_settings'
2026-04-20 16:28:05,947 - INFO -   Visible DIV 11: class='inner' id='no-id' text='nest_doorbell_visitor'
2026-04-20 16:28:06,099 - INFO -   Visible DIV 12: class='inner' id='no-id' text='key_visualizer'
2026-04-20 16:28:06,134 - INFO - 
================================================================================

2026-04-20 16:28:06,747 - INFO - Screenshot captured: reports\RUN_20260420_162751\screenshots\02_Just_After_Login_Click_162806.png
2026-04-20 16:28:07,194 - INFO - Starting Onboarding Flow Test
2026-04-20 16:28:07,194 - INFO - Starting navigation to Onboard Customer page...
2026-04-20 16:28:07,194 - INFO - Clicking Workbench icon...
2026-04-20 16:28:07,845 - INFO - Workbench menu expanded.
2026-04-20 16:28:07,846 - INFO - Clicking 'Manage Accounts' sub-menu...
2026-04-20 16:28:08,489 - INFO - 'Manage Accounts' submenu expanded.
2026-04-20 16:28:08,489 - INFO - Clicking 'Onboard a Customer' link...
2026-04-20 16:28:09,984 - INFO - Successfully navigated to Onboard Customer page.
2026-04-20 16:28:10,550 - INFO - Screenshot captured: reports\RUN_20260420_162751\screenshots\02_Onboard_Customer_Landing_162809.png
2026-04-20 16:28:10,552 - INFO - Filling Onboarding details for United States...
2026-04-20 16:29:20,775 - INFO - Test Session Started.
2026-04-20 16:29:20,780 - INFO - Navigating to Login Page: http://operator-qa.qmaastech.com/
2026-04-20 16:29:20,784 - INFO - Navigating to: http://operator-qa.qmaastech.com/
2026-04-20 16:29:23,055 - INFO - Attempting login for user: superadmin_qm@yopmail.com
2026-04-20 16:29:24,757 - INFO - Logging DOM elements BEFORE login click...
2026-04-20 16:29:24,757 - INFO - 
================================================================================
2026-04-20 16:29:24,757 - INFO - DOM SNAPSHOT AT STAGE: Before_Login
2026-04-20 16:29:24,761 - INFO - ================================================================================
2026-04-20 16:29:24,791 - INFO - 
Searching for pop-up elements in page content...
2026-04-20 16:29:25,112 - WARNING - ⚠ No known pop-up selectors found. Checking all visible divs...
2026-04-20 16:29:25,166 - INFO - Total DIV elements on page: 21
2026-04-20 16:29:25,673 - INFO -   Visible DIV 1: class='hero-pills' id='no-id' text='bolt
Real-time
smart_toy
AI-driven
hub
Multi-agenc'
2026-04-20 16:29:25,814 - INFO -   Visible DIV 2: class='auth-panel' id='no-id' text='Welcome Back

Sign in to your account to continue
'
2026-04-20 16:29:25,908 - INFO -   Visible DIV 3: class='auth-card' id='no-id' text='Welcome Back

Sign in to your account to continue
'
2026-04-20 16:29:25,996 - INFO -   Visible DIV 4: class='auth-step' id='no-id' text='Welcome Back

Sign in to your account to continue
'
2026-04-20 16:29:26,126 - INFO -   Visible DIV 5: class='field-wrap' id='no-id' text='Email ID / Username *
person'
2026-04-20 16:29:26,225 - INFO -   Visible DIV 6: class='input-shell' id='no-id' text='person'
2026-04-20 16:29:26,320 - INFO -   Visible DIV 7: class='field-wrap' id='no-id' text='Password *
lock
visibility_off'
2026-04-20 16:29:26,406 - INFO -   Visible DIV 8: class='input-shell' id='no-id' text='lock
visibility_off'
2026-04-20 16:29:26,497 - INFO -   Visible DIV 9: class='auth-bottom-links' id='no-id' text='New user?  Access Account

Forgot password?'
2026-04-20 16:29:26,537 - INFO - 
================================================================================

2026-04-20 16:29:27,132 - INFO - Login button clicked.
2026-04-20 16:29:27,135 - INFO - Taking rapid screenshots and validating pop-up...
2026-04-20 16:29:27,745 - INFO - Screenshot captured: reports\RUN_20260420_162918\screenshots\03_Popup_Immediate_1_162927.png
2026-04-20 16:29:27,745 - INFO - Screenshot 1 captured - Attempting validation...
2026-04-20 16:29:27,745 - INFO - 
================================================================================
2026-04-20 16:29:27,750 - INFO - STARTING COMPREHENSIVE POP-UP VALIDATION
2026-04-20 16:29:27,750 - INFO - ================================================================================
2026-04-20 16:29:27,780 - INFO - 
[VALIDATION 1] Checking Pop-up Visibility...
2026-04-20 16:29:27,804 - INFO -   Visibility Status: True
2026-04-20 16:29:27,816 - INFO -   PASSED: Pop-up is visible
2026-04-20 16:29:27,818 - INFO - 
[VALIDATION 2] Extracting and Validating Text Content...
2026-04-20 16:29:27,841 - INFO -   Extracted Text: 'Login Successful'
2026-04-20 16:29:27,841 - INFO -   PASSED: Text matches exactly: 'Login Successful'
2026-04-20 16:29:27,841 - INFO - 
[VALIDATION 3] Checking for Typos...
2026-04-20 16:29:27,842 - INFO -   PASSED: No known typos detected
2026-04-20 16:29:27,843 - INFO - 
[VALIDATION 4] Extracting CSS Classes and Attributes...
2026-04-20 16:29:27,861 - INFO -   CSS Classes: snackbar success-snackbar
2026-04-20 16:29:27,861 - INFO -   PASSED: 'success' class is present
2026-04-20 16:29:27,861 - INFO - 
[VALIDATION 5] Checking Element Properties...
2026-04-20 16:29:27,962 - INFO -   ID: Not set
2026-04-20 16:29:27,968 - INFO -   Data-TestID: Not set
2026-04-20 16:29:27,971 - INFO -   Role: Not set
2026-04-20 16:29:27,971 - INFO -   ARIA Label: Not set
2026-04-20 16:29:27,971 - INFO - 
[VALIDATION 6] Checking Position and Size...
2026-04-20 16:29:27,977 - INFO -   X: 1230, Y: 20
2026-04-20 16:29:27,977 - INFO -   Width: 250, Height: 43.5
2026-04-20 16:29:27,977 - INFO -   PASSED: Element has valid dimensions
2026-04-20 16:29:27,977 - INFO - 
[VALIDATION 7] Checking Computed Styles...
2026-04-20 16:29:28,036 - INFO -   Display: block
2026-04-20 16:29:28,036 - INFO -   Opacity: 1
2026-04-20 16:29:28,036 - INFO -   PASSED: Element is displayed with proper opacity
2026-04-20 16:29:28,036 - INFO - 
================================================================================
2026-04-20 16:29:28,036 - INFO - POP-UP VALIDATION SUMMARY
2026-04-20 16:29:28,036 - INFO - ================================================================================
2026-04-20 16:29:28,036 - INFO -   Visibility: PASSED
2026-04-20 16:29:28,036 - INFO -   Text Match: PASSED
2026-04-20 16:29:28,036 - INFO -   Typo Check: PASSED
2026-04-20 16:29:28,036 - INFO -   CSS Classes: Present
2026-04-20 16:29:28,036 - INFO -   Position & Size: Valid
2026-04-20 16:29:28,043 - INFO -   Computed Styles: Valid
2026-04-20 16:29:28,043 - INFO - ================================================================================

2026-04-20 16:29:28,044 - INFO - ✓ ALL VALIDATIONS PASSED - Pop-up is working correctly!
2026-04-20 16:29:28,518 - INFO - Screenshot captured: reports\RUN_20260420_162918\screenshots\03_Popup_Immediate_2_162928.png
2026-04-20 16:29:28,518 - INFO - Screenshot 2 captured - Attempting validation...
2026-04-20 16:29:28,518 - INFO - 
================================================================================
2026-04-20 16:29:28,518 - INFO - STARTING COMPREHENSIVE POP-UP VALIDATION
2026-04-20 16:29:28,525 - INFO - ================================================================================
2026-04-20 16:29:28,553 - ERROR - VALIDATION FAILED: Pop-up element not found!
2026-04-20 16:29:29,869 - INFO - Screenshot captured: reports\RUN_20260420_162918\screenshots\03_Popup_Immediate_3_162928.png
2026-04-20 16:29:29,870 - INFO - Screenshot 3 captured - Attempting validation...
2026-04-20 16:29:29,871 - INFO - 
================================================================================
2026-04-20 16:29:29,871 - INFO - STARTING COMPREHENSIVE POP-UP VALIDATION
2026-04-20 16:29:29,871 - INFO - ================================================================================
2026-04-20 16:29:29,902 - ERROR - VALIDATION FAILED: Pop-up element not found!
2026-04-20 16:29:30,030 - INFO - Logging DOM elements AFTER login click (pop-up should appear here)...
2026-04-20 16:29:30,030 - INFO - 
================================================================================
2026-04-20 16:29:30,032 - INFO - DOM SNAPSHOT AT STAGE: After_Login_Click
2026-04-20 16:29:30,032 - INFO - ================================================================================
2026-04-20 16:29:30,068 - INFO - 
Searching for pop-up elements in page content...
2026-04-20 16:29:30,452 - WARNING - ⚠ No known pop-up selectors found. Checking all visible divs...
2026-04-20 16:29:30,508 - INFO - Total DIV elements on page: 29
2026-04-20 16:29:30,793 - INFO -   Visible DIV 1: class='header-right' id='no-id' text='English
French
Spanish
Quantum Toll Authority
supe'
2026-04-20 16:29:30,950 - INFO -   Visible DIV 2: class='nav-user' id='no-id' text='Quantum Toll Authority
superadmin_qm@yopmail.com'
2026-04-20 16:29:31,148 - INFO -   Visible DIV 3: class='nav-user-info' id='no-id' text='Quantum Toll Authority
superadmin_qm@yopmail.com'
2026-04-20 16:29:31,258 - INFO -   Visible DIV 4: class='uname' id='no-id' text='Quantum Toll Authority'
2026-04-20 16:29:31,359 - INFO -   Visible DIV 5: class='urole' id='no-id' text='superadmin_qm@yopmail.com'
2026-04-20 16:29:31,489 - INFO -   Visible DIV 6: class='main-container' id='no-id' text='dashboard_2
group
decimal_increase
admin_panel_set'
2026-04-20 16:29:31,593 - INFO -   Visible DIV 7: class='inner' id='no-id' text='dashboard_2'
2026-04-20 16:29:31,724 - INFO -   Visible DIV 8: class='inner' id='no-id' text='group'
2026-04-20 16:29:31,869 - INFO -   Visible DIV 9: class='inner' id='no-id' text='decimal_increase'
2026-04-20 16:29:32,005 - INFO -   Visible DIV 10: class='inner' id='no-id' text='admin_panel_settings'
2026-04-20 16:29:32,154 - INFO -   Visible DIV 11: class='inner' id='no-id' text='nest_doorbell_visitor'
2026-04-20 16:29:32,287 - INFO -   Visible DIV 12: class='inner' id='no-id' text='key_visualizer'
2026-04-20 16:29:32,322 - INFO - 
================================================================================

2026-04-20 16:29:33,026 - INFO - Screenshot captured: reports\RUN_20260420_162918\screenshots\02_Just_After_Login_Click_162932.png
2026-04-20 16:29:33,346 - INFO - Starting Onboarding Flow Test
2026-04-20 16:29:33,353 - INFO - Starting navigation to Onboard Customer page...
2026-04-20 16:29:33,353 - INFO - Clicking Workbench icon...
2026-04-20 16:29:34,004 - INFO - Workbench menu expanded.
2026-04-20 16:29:34,005 - INFO - Clicking 'Manage Accounts' sub-menu...
2026-04-20 16:29:34,612 - INFO - 'Manage Accounts' submenu expanded.
2026-04-20 16:29:34,613 - INFO - Clicking 'Onboard a Customer' link...
2026-04-20 16:29:35,877 - INFO - Successfully navigated to Onboard Customer page.
2026-04-20 16:29:36,389 - INFO - Screenshot captured: reports\RUN_20260420_162918\screenshots\02_Onboard_Customer_Landing_162935.png
2026-04-20 16:29:36,390 - INFO - Filling Onboarding details for United States...
2026-04-20 16:31:22,580 - INFO - Test Session Started.
2026-04-20 16:31:22,588 - INFO - Navigating to Login Page: http://operator-qa.qmaastech.com/
2026-04-20 16:31:22,590 - INFO - Navigating to: http://operator-qa.qmaastech.com/
2026-04-20 16:31:24,810 - INFO - Attempting login for user: superadmin_qm@yopmail.com
2026-04-20 16:31:26,535 - INFO - Logging DOM elements BEFORE login click...
2026-04-20 16:31:26,535 - INFO - 
================================================================================
2026-04-20 16:31:26,535 - INFO - DOM SNAPSHOT AT STAGE: Before_Login
2026-04-20 16:31:26,542 - INFO - ================================================================================
2026-04-20 16:31:26,598 - INFO - 
Searching for pop-up elements in page content...
2026-04-20 16:31:27,101 - WARNING - ⚠ No known pop-up selectors found. Checking all visible divs...
2026-04-20 16:31:27,172 - INFO - Total DIV elements on page: 21
2026-04-20 16:31:27,725 - INFO -   Visible DIV 1: class='hero-pills' id='no-id' text='bolt
Real-time
smart_toy
AI-driven
hub
Multi-agenc'
2026-04-20 16:31:27,861 - INFO -   Visible DIV 2: class='auth-panel' id='no-id' text='Welcome Back

Sign in to your account to continue
'
2026-04-20 16:31:27,965 - INFO -   Visible DIV 3: class='auth-card' id='no-id' text='Welcome Back

Sign in to your account to continue
'
2026-04-20 16:31:28,055 - INFO -   Visible DIV 4: class='auth-step' id='no-id' text='Welcome Back

Sign in to your account to continue
'
2026-04-20 16:31:28,192 - INFO -   Visible DIV 5: class='field-wrap' id='no-id' text='Email ID / Username *
person'
2026-04-20 16:31:28,292 - INFO -   Visible DIV 6: class='input-shell' id='no-id' text='person'
2026-04-20 16:31:28,398 - INFO -   Visible DIV 7: class='field-wrap' id='no-id' text='Password *
lock
visibility_off'
2026-04-20 16:31:28,509 - INFO -   Visible DIV 8: class='input-shell' id='no-id' text='lock
visibility_off'
2026-04-20 16:31:28,591 - INFO -   Visible DIV 9: class='auth-bottom-links' id='no-id' text='New user?  Access Account

Forgot password?'
2026-04-20 16:31:28,646 - INFO - 
================================================================================

2026-04-20 16:31:29,248 - INFO - Login button clicked.
2026-04-20 16:31:29,254 - INFO - Taking rapid screenshots and validating pop-up...
2026-04-20 16:31:29,884 - INFO - Screenshot captured: reports\RUN_20260420_163120\screenshots\03_Popup_Immediate_1_163129.png
2026-04-20 16:31:29,885 - INFO - Screenshot 1 captured - Attempting validation...
2026-04-20 16:31:29,887 - INFO - 
================================================================================
2026-04-20 16:31:29,888 - INFO - STARTING COMPREHENSIVE POP-UP VALIDATION
2026-04-20 16:31:29,890 - INFO - ================================================================================
2026-04-20 16:31:29,923 - INFO - 
[VALIDATION 1] Checking Pop-up Visibility...
2026-04-20 16:31:29,941 - INFO -   Visibility Status: True
2026-04-20 16:31:29,941 - INFO -   PASSED: Pop-up is visible
2026-04-20 16:31:29,941 - INFO - 
[VALIDATION 2] Extracting and Validating Text Content...
2026-04-20 16:31:29,964 - INFO -   Extracted Text: 'Login Successful'
2026-04-20 16:31:29,964 - INFO -   PASSED: Text matches exactly: 'Login Successful'
2026-04-20 16:31:29,964 - INFO - 
[VALIDATION 3] Checking for Typos...
2026-04-20 16:31:29,964 - INFO -   PASSED: No known typos detected
2026-04-20 16:31:29,964 - INFO - 
[VALIDATION 4] Extracting CSS Classes and Attributes...
2026-04-20 16:31:30,001 - INFO -   CSS Classes: snackbar success-snackbar
2026-04-20 16:31:30,001 - INFO -   PASSED: 'success' class is present
2026-04-20 16:31:30,001 - INFO - 
[VALIDATION 5] Checking Element Properties...
2026-04-20 16:31:30,086 - INFO -   ID: Not set
2026-04-20 16:31:30,086 - INFO -   Data-TestID: Not set
2026-04-20 16:31:30,086 - INFO -   Role: Not set
2026-04-20 16:31:30,096 - INFO -   ARIA Label: Not set
2026-04-20 16:31:30,097 - INFO - 
[VALIDATION 6] Checking Position and Size...
2026-04-20 16:31:30,117 - INFO -   X: 1230, Y: 20
2026-04-20 16:31:30,117 - INFO -   Width: 250, Height: 43.5
2026-04-20 16:31:30,117 - INFO -   PASSED: Element has valid dimensions
2026-04-20 16:31:30,117 - INFO - 
[VALIDATION 7] Checking Computed Styles...
2026-04-20 16:31:30,170 - INFO -   Display: block
2026-04-20 16:31:30,170 - INFO -   Opacity: 1
2026-04-20 16:31:30,170 - INFO -   PASSED: Element is displayed with proper opacity
2026-04-20 16:31:30,170 - INFO - 
================================================================================
2026-04-20 16:31:30,170 - INFO - POP-UP VALIDATION SUMMARY
2026-04-20 16:31:30,170 - INFO - ================================================================================
2026-04-20 16:31:30,170 - INFO -   Visibility: PASSED
2026-04-20 16:31:30,170 - INFO -   Text Match: PASSED
2026-04-20 16:31:30,170 - INFO -   Typo Check: PASSED
2026-04-20 16:31:30,170 - INFO -   CSS Classes: Present
2026-04-20 16:31:30,170 - INFO -   Position & Size: Valid
2026-04-20 16:31:30,179 - INFO -   Computed Styles: Valid
2026-04-20 16:31:30,180 - INFO - ================================================================================

2026-04-20 16:31:30,180 - INFO - ✓ ALL VALIDATIONS PASSED - Pop-up is working correctly!
2026-04-20 16:31:30,666 - INFO - Screenshot captured: reports\RUN_20260420_163120\screenshots\03_Popup_Immediate_2_163130.png
2026-04-20 16:31:30,668 - INFO - Screenshot 2 captured - Attempting validation...
2026-04-20 16:31:30,669 - INFO - 
================================================================================
2026-04-20 16:31:30,670 - INFO - STARTING COMPREHENSIVE POP-UP VALIDATION
2026-04-20 16:31:30,671 - INFO - ================================================================================
2026-04-20 16:31:30,682 - ERROR - VALIDATION FAILED: Pop-up element not found!
2026-04-20 16:31:32,058 - INFO - Screenshot captured: reports\RUN_20260420_163120\screenshots\03_Popup_Immediate_3_163130.png
2026-04-20 16:31:32,058 - INFO - Screenshot 3 captured - Attempting validation...
2026-04-20 16:31:32,059 - INFO - 
================================================================================
2026-04-20 16:31:32,060 - INFO - STARTING COMPREHENSIVE POP-UP VALIDATION
2026-04-20 16:31:32,061 - INFO - ================================================================================
2026-04-20 16:31:32,089 - ERROR - VALIDATION FAILED: Pop-up element not found!
2026-04-20 16:31:32,214 - INFO - Logging DOM elements AFTER login click (pop-up should appear here)...
2026-04-20 16:31:32,214 - INFO - 
================================================================================
2026-04-20 16:31:32,217 - INFO - DOM SNAPSHOT AT STAGE: After_Login_Click
2026-04-20 16:31:32,217 - INFO - ================================================================================
2026-04-20 16:31:32,249 - INFO - 
Searching for pop-up elements in page content...
2026-04-20 16:31:32,588 - WARNING - ⚠ No known pop-up selectors found. Checking all visible divs...
2026-04-20 16:31:32,633 - INFO - Total DIV elements on page: 29
2026-04-20 16:31:32,888 - INFO -   Visible DIV 1: class='header-right' id='no-id' text='English
French
Spanish
Quantum Toll Authority
supe'
2026-04-20 16:31:33,009 - INFO -   Visible DIV 2: class='nav-user' id='no-id' text='Quantum Toll Authority
superadmin_qm@yopmail.com'
2026-04-20 16:31:33,179 - INFO -   Visible DIV 3: class='nav-user-info' id='no-id' text='Quantum Toll Authority
superadmin_qm@yopmail.com'
2026-04-20 16:31:33,291 - INFO -   Visible DIV 4: class='uname' id='no-id' text='Quantum Toll Authority'
2026-04-20 16:31:33,436 - INFO -   Visible DIV 5: class='urole' id='no-id' text='superadmin_qm@yopmail.com'
2026-04-20 16:31:33,545 - INFO -   Visible DIV 6: class='main-container' id='no-id' text='dashboard_2
group
decimal_increase
admin_panel_set'
2026-04-20 16:31:33,671 - INFO -   Visible DIV 7: class='inner' id='no-id' text='dashboard_2'
2026-04-20 16:31:33,788 - INFO -   Visible DIV 8: class='inner' id='no-id' text='group'
2026-04-20 16:31:33,925 - INFO -   Visible DIV 9: class='inner' id='no-id' text='decimal_increase'
2026-04-20 16:31:34,061 - INFO -   Visible DIV 10: class='inner' id='no-id' text='admin_panel_settings'
2026-04-20 16:31:34,208 - INFO -   Visible DIV 11: class='inner' id='no-id' text='nest_doorbell_visitor'
2026-04-20 16:31:34,340 - INFO -   Visible DIV 12: class='inner' id='no-id' text='key_visualizer'
2026-04-20 16:31:34,363 - INFO - 
================================================================================

2026-04-20 16:31:34,721 - INFO - Screenshot captured: reports\RUN_20260420_163120\screenshots\02_Just_After_Login_Click_163134.png
2026-04-20 16:31:35,025 - INFO - Starting Onboarding Flow Test
2026-04-20 16:31:35,026 - INFO - Starting navigation to Onboard Customer page...
2026-04-20 16:31:35,026 - INFO - Clicking Workbench icon...
2026-04-20 16:31:35,668 - INFO - Workbench menu expanded.
2026-04-20 16:31:35,670 - INFO - Clicking 'Manage Accounts' sub-menu...
2026-04-20 16:31:36,270 - INFO - 'Manage Accounts' submenu expanded.
2026-04-20 16:31:36,271 - INFO - Clicking 'Onboard a Customer' link...
2026-04-20 16:31:38,073 - INFO - Successfully navigated to Onboard Customer page.
2026-04-20 16:31:38,562 - INFO - Screenshot captured: reports\RUN_20260420_163120\screenshots\02_Onboard_Customer_Landing_163138.png
2026-04-20 16:31:38,563 - INFO - Filling Onboarding details for United States...
2026-04-20 16:33:47,143 - INFO - Test Session Started.
2026-04-20 16:33:47,150 - INFO - Navigating to Login Page: http://operator-qa.qmaastech.com/
2026-04-20 16:33:47,150 - INFO - Navigating to: http://operator-qa.qmaastech.com/
2026-04-20 16:33:49,322 - INFO - Attempting login for user: superadmin_qm@yopmail.com
2026-04-20 16:33:50,999 - INFO - Logging DOM elements BEFORE login click...
2026-04-20 16:33:50,999 - INFO - 
================================================================================
2026-04-20 16:33:50,999 - INFO - DOM SNAPSHOT AT STAGE: Before_Login
2026-04-20 16:33:50,999 - INFO - ================================================================================
2026-04-20 16:33:51,040 - INFO - 
Searching for pop-up elements in page content...
2026-04-20 16:33:51,537 - WARNING - ⚠ No known pop-up selectors found. Checking all visible divs...
2026-04-20 16:33:51,596 - INFO - Total DIV elements on page: 21
2026-04-20 16:33:52,100 - INFO -   Visible DIV 1: class='hero-pills' id='no-id' text='bolt
Real-time
smart_toy
AI-driven
hub
Multi-agenc'
2026-04-20 16:33:52,242 - INFO -   Visible DIV 2: class='auth-panel' id='no-id' text='Welcome Back

Sign in to your account to continue
'
2026-04-20 16:33:52,342 - INFO -   Visible DIV 3: class='auth-card' id='no-id' text='Welcome Back

Sign in to your account to continue
'
2026-04-20 16:33:52,416 - INFO -   Visible DIV 4: class='auth-step' id='no-id' text='Welcome Back

Sign in to your account to continue
'
2026-04-20 16:33:52,579 - INFO -   Visible DIV 5: class='field-wrap' id='no-id' text='Email ID / Username *
person'
2026-04-20 16:33:52,660 - INFO -   Visible DIV 6: class='input-shell' id='no-id' text='person'
2026-04-20 16:33:52,758 - INFO -   Visible DIV 7: class='field-wrap' id='no-id' text='Password *
lock
visibility_off'
2026-04-20 16:33:52,832 - INFO -   Visible DIV 8: class='input-shell' id='no-id' text='lock
visibility_off'
2026-04-20 16:33:52,922 - INFO -   Visible DIV 9: class='auth-bottom-links' id='no-id' text='New user?  Access Account

Forgot password?'
2026-04-20 16:33:52,982 - INFO - 
================================================================================

2026-04-20 16:33:53,584 - INFO - Login button clicked.
2026-04-20 16:33:53,584 - INFO - Taking rapid screenshots and validating pop-up...
2026-04-20 16:33:54,192 - INFO - Screenshot captured: reports\RUN_20260420_163344\screenshots\03_Popup_Immediate_1_163353.png
2026-04-20 16:33:54,192 - INFO - Screenshot 1 captured - Attempting validation...
2026-04-20 16:33:54,199 - INFO - 
================================================================================
2026-04-20 16:33:54,199 - INFO - STARTING COMPREHENSIVE POP-UP VALIDATION
2026-04-20 16:33:54,200 - INFO - ================================================================================
2026-04-20 16:33:54,220 - INFO - 
[VALIDATION 1] Checking Pop-up Visibility...
2026-04-20 16:33:54,254 - INFO -   Visibility Status: True
2026-04-20 16:33:54,254 - INFO -   PASSED: Pop-up is visible
2026-04-20 16:33:54,254 - INFO - 
[VALIDATION 2] Extracting and Validating Text Content...
2026-04-20 16:33:54,283 - INFO -   Extracted Text: 'Login Successful'
2026-04-20 16:33:54,283 - INFO -   PASSED: Text matches exactly: 'Login Successful'
2026-04-20 16:33:54,283 - INFO - 
[VALIDATION 3] Checking for Typos...
2026-04-20 16:33:54,283 - INFO -   PASSED: No known typos detected
2026-04-20 16:33:54,283 - INFO - 
[VALIDATION 4] Extracting CSS Classes and Attributes...
2026-04-20 16:33:54,316 - INFO -   CSS Classes: snackbar success-snackbar
2026-04-20 16:33:54,317 - INFO -   PASSED: 'success' class is present
2026-04-20 16:33:54,317 - INFO - 
[VALIDATION 5] Checking Element Properties...
2026-04-20 16:33:54,400 - INFO -   ID: Not set
2026-04-20 16:33:54,400 - INFO -   Data-TestID: Not set
2026-04-20 16:33:54,400 - INFO -   Role: Not set
2026-04-20 16:33:54,400 - INFO -   ARIA Label: Not set
2026-04-20 16:33:54,400 - INFO - 
[VALIDATION 6] Checking Position and Size...
2026-04-20 16:33:54,417 - INFO -   X: 1230, Y: 20
2026-04-20 16:33:54,417 - INFO -   Width: 250, Height: 43.5
2026-04-20 16:33:54,417 - INFO -   PASSED: Element has valid dimensions
2026-04-20 16:33:54,417 - INFO - 
[VALIDATION 7] Checking Computed Styles...
2026-04-20 16:33:54,473 - INFO -   Display: block
2026-04-20 16:33:54,475 - INFO -   Opacity: 1
2026-04-20 16:33:54,476 - INFO -   PASSED: Element is displayed with proper opacity
2026-04-20 16:33:54,476 - INFO - 
================================================================================
2026-04-20 16:33:54,476 - INFO - POP-UP VALIDATION SUMMARY
2026-04-20 16:33:54,476 - INFO - ================================================================================
2026-04-20 16:33:54,476 - INFO -   Visibility: PASSED
2026-04-20 16:33:54,476 - INFO -   Text Match: PASSED
2026-04-20 16:33:54,476 - INFO -   Typo Check: PASSED
2026-04-20 16:33:54,476 - INFO -   CSS Classes: Present
2026-04-20 16:33:54,476 - INFO -   Position & Size: Valid
2026-04-20 16:33:54,476 - INFO -   Computed Styles: Valid
2026-04-20 16:33:54,476 - INFO - ================================================================================

2026-04-20 16:33:54,476 - INFO - ✓ ALL VALIDATIONS PASSED - Pop-up is working correctly!
2026-04-20 16:33:54,937 - INFO - Screenshot captured: reports\RUN_20260420_163344\screenshots\03_Popup_Immediate_2_163354.png
2026-04-20 16:33:54,937 - INFO - Screenshot 2 captured - Attempting validation...
2026-04-20 16:33:54,937 - INFO - 
================================================================================
2026-04-20 16:33:54,937 - INFO - STARTING COMPREHENSIVE POP-UP VALIDATION
2026-04-20 16:33:54,937 - INFO - ================================================================================
2026-04-20 16:33:54,970 - ERROR - VALIDATION FAILED: Pop-up element not found!
2026-04-20 16:33:56,311 - INFO - Screenshot captured: reports\RUN_20260420_163344\screenshots\03_Popup_Immediate_3_163355.png
2026-04-20 16:33:56,313 - INFO - Screenshot 3 captured - Attempting validation...
2026-04-20 16:33:56,314 - INFO - 
================================================================================
2026-04-20 16:33:56,314 - INFO - STARTING COMPREHENSIVE POP-UP VALIDATION
2026-04-20 16:33:56,315 - INFO - ================================================================================
2026-04-20 16:33:56,355 - ERROR - VALIDATION FAILED: Pop-up element not found!
2026-04-20 16:33:56,484 - INFO - Logging DOM elements AFTER login click (pop-up should appear here)...
2026-04-20 16:33:56,485 - INFO - 
================================================================================
2026-04-20 16:33:56,485 - INFO - DOM SNAPSHOT AT STAGE: After_Login_Click
2026-04-20 16:33:56,485 - INFO - ================================================================================
2026-04-20 16:33:56,530 - INFO - 
Searching for pop-up elements in page content...
2026-04-20 16:33:56,862 - WARNING - ⚠ No known pop-up selectors found. Checking all visible divs...
2026-04-20 16:33:56,908 - INFO - Total DIV elements on page: 29
2026-04-20 16:33:57,133 - INFO -   Visible DIV 1: class='header-right' id='no-id' text='English
French
Spanish
Quantum Toll Authority
supe'
2026-04-20 16:33:57,245 - INFO -   Visible DIV 2: class='nav-user' id='no-id' text='Quantum Toll Authority
superadmin_qm@yopmail.com'
2026-04-20 16:33:57,425 - INFO -   Visible DIV 3: class='nav-user-info' id='no-id' text='Quantum Toll Authority
superadmin_qm@yopmail.com'
2026-04-20 16:33:57,541 - INFO -   Visible DIV 4: class='uname' id='no-id' text='Quantum Toll Authority'
2026-04-20 16:33:57,660 - INFO -   Visible DIV 5: class='urole' id='no-id' text='superadmin_qm@yopmail.com'
2026-04-20 16:33:57,780 - INFO -   Visible DIV 6: class='main-container' id='no-id' text='dashboard_2
group
decimal_increase
admin_panel_set'
2026-04-20 16:33:57,892 - INFO -   Visible DIV 7: class='inner' id='no-id' text='dashboard_2'
2026-04-20 16:33:57,998 - INFO -   Visible DIV 8: class='inner' id='no-id' text='group'
2026-04-20 16:33:58,130 - INFO -   Visible DIV 9: class='inner' id='no-id' text='decimal_increase'
2026-04-20 16:33:58,258 - INFO -   Visible DIV 10: class='inner' id='no-id' text='admin_panel_settings'
2026-04-20 16:33:58,385 - INFO -   Visible DIV 11: class='inner' id='no-id' text='nest_doorbell_visitor'
2026-04-20 16:33:58,528 - INFO -   Visible DIV 12: class='inner' id='no-id' text='key_visualizer'
2026-04-20 16:33:58,548 - INFO - 
================================================================================

2026-04-20 16:33:59,024 - INFO - Screenshot captured: reports\RUN_20260420_163344\screenshots\02_Just_After_Login_Click_163358.png
2026-04-20 16:33:59,409 - INFO - Starting Onboarding Flow Test
2026-04-20 16:33:59,416 - INFO - Starting navigation to Onboard Customer page...
2026-04-20 16:33:59,417 - INFO - Clicking Workbench icon...
2026-04-20 16:34:00,057 - INFO - Workbench menu expanded.
2026-04-20 16:34:00,057 - INFO - Clicking 'Manage Accounts' sub-menu...
2026-04-20 16:34:00,653 - INFO - 'Manage Accounts' submenu expanded.
2026-04-20 16:34:00,655 - INFO - Clicking 'Onboard a Customer' link...
2026-04-20 16:34:01,784 - INFO - Successfully navigated to Onboard Customer page.
2026-04-20 16:34:02,296 - INFO - Screenshot captured: reports\RUN_20260420_163344\screenshots\02_Onboard_Customer_Landing_163401.png
2026-04-20 16:34:02,298 - INFO - Filling Onboarding details for United States...
2026-04-20 16:35:47,180 - INFO - Test Session Started.
2026-04-20 16:35:47,181 - INFO - Navigating to Login Page: http://operator-qa.qmaastech.com/
2026-04-20 16:35:47,182 - INFO - Navigating to: http://operator-qa.qmaastech.com/
2026-04-20 16:35:49,334 - INFO - Attempting login for user: superadmin_qm@yopmail.com
2026-04-20 16:35:51,028 - INFO - Logging DOM elements BEFORE login click...
2026-04-20 16:35:51,028 - INFO - 
================================================================================
2026-04-20 16:35:51,028 - INFO - DOM SNAPSHOT AT STAGE: Before_Login
2026-04-20 16:35:51,028 - INFO - ================================================================================
2026-04-20 16:35:51,049 - INFO - 
Searching for pop-up elements in page content...
2026-04-20 16:35:51,445 - WARNING - ⚠ No known pop-up selectors found. Checking all visible divs...
2026-04-20 16:35:51,565 - INFO - Total DIV elements on page: 21
2026-04-20 16:35:52,169 - INFO -   Visible DIV 1: class='hero-pills' id='no-id' text='bolt
Real-time
smart_toy
AI-driven
hub
Multi-agenc'
2026-04-20 16:35:52,313 - INFO -   Visible DIV 2: class='auth-panel' id='no-id' text='Welcome Back

Sign in to your account to continue
'
2026-04-20 16:35:52,432 - INFO -   Visible DIV 3: class='auth-card' id='no-id' text='Welcome Back

Sign in to your account to continue
'
2026-04-20 16:35:52,527 - INFO -   Visible DIV 4: class='auth-step' id='no-id' text='Welcome Back

Sign in to your account to continue
'
2026-04-20 16:35:52,649 - INFO -   Visible DIV 5: class='field-wrap' id='no-id' text='Email ID / Username *
person'
2026-04-20 16:35:52,738 - INFO -   Visible DIV 6: class='input-shell' id='no-id' text='person'
2026-04-20 16:35:52,814 - INFO -   Visible DIV 7: class='field-wrap' id='no-id' text='Password *
lock
visibility_off'
2026-04-20 16:35:52,890 - INFO -   Visible DIV 8: class='input-shell' id='no-id' text='lock
visibility_off'
2026-04-20 16:35:52,967 - INFO -   Visible DIV 9: class='auth-bottom-links' id='no-id' text='New user?  Access Account

Forgot password?'
2026-04-20 16:35:53,019 - INFO - 
================================================================================

2026-04-20 16:35:53,681 - INFO - Login button clicked.
2026-04-20 16:35:53,684 - INFO - Taking rapid screenshots and validating pop-up...
2026-04-20 16:35:54,286 - INFO - Screenshot captured: reports\RUN_20260420_163544\screenshots\03_Popup_Immediate_1_163553.png
2026-04-20 16:35:54,287 - INFO - Screenshot 1 captured - Attempting validation...
2026-04-20 16:35:54,288 - INFO - 
================================================================================
2026-04-20 16:35:54,288 - INFO - STARTING COMPREHENSIVE POP-UP VALIDATION
2026-04-20 16:35:54,288 - INFO - ================================================================================
2026-04-20 16:35:54,311 - INFO - 
[VALIDATION 1] Checking Pop-up Visibility...
2026-04-20 16:35:54,336 - INFO -   Visibility Status: True
2026-04-20 16:35:54,336 - INFO -   PASSED: Pop-up is visible
2026-04-20 16:35:54,336 - INFO - 
[VALIDATION 2] Extracting and Validating Text Content...
2026-04-20 16:35:54,369 - INFO -   Extracted Text: 'Login Successful'
2026-04-20 16:35:54,371 - INFO -   PASSED: Text matches exactly: 'Login Successful'
2026-04-20 16:35:54,371 - INFO - 
[VALIDATION 3] Checking for Typos...
2026-04-20 16:35:54,371 - INFO -   PASSED: No known typos detected
2026-04-20 16:35:54,371 - INFO - 
[VALIDATION 4] Extracting CSS Classes and Attributes...
2026-04-20 16:35:54,387 - INFO -   CSS Classes: snackbar success-snackbar
2026-04-20 16:35:54,387 - INFO -   PASSED: 'success' class is present
2026-04-20 16:35:54,387 - INFO - 
[VALIDATION 5] Checking Element Properties...
2026-04-20 16:35:54,491 - INFO -   ID: Not set
2026-04-20 16:35:54,491 - INFO -   Data-TestID: Not set
2026-04-20 16:35:54,491 - INFO -   Role: Not set
2026-04-20 16:35:54,491 - INFO -   ARIA Label: Not set
2026-04-20 16:35:54,491 - INFO - 
[VALIDATION 6] Checking Position and Size...
2026-04-20 16:35:54,513 - INFO -   X: 1230, Y: 20
2026-04-20 16:35:54,513 - INFO -   Width: 250, Height: 43.5
2026-04-20 16:35:54,513 - INFO -   PASSED: Element has valid dimensions
2026-04-20 16:35:54,513 - INFO - 
[VALIDATION 7] Checking Computed Styles...
2026-04-20 16:35:54,562 - INFO -   Display: block
2026-04-20 16:35:54,564 - INFO -   Opacity: 1
2026-04-20 16:35:54,564 - INFO -   PASSED: Element is displayed with proper opacity
2026-04-20 16:35:54,564 - INFO - 
================================================================================
2026-04-20 16:35:54,564 - INFO - POP-UP VALIDATION SUMMARY
2026-04-20 16:35:54,564 - INFO - ================================================================================
2026-04-20 16:35:54,564 - INFO -   Visibility: PASSED
2026-04-20 16:35:54,564 - INFO -   Text Match: PASSED
2026-04-20 16:35:54,568 - INFO -   Typo Check: PASSED
2026-04-20 16:35:54,569 - INFO -   CSS Classes: Present
2026-04-20 16:35:54,569 - INFO -   Position & Size: Valid
2026-04-20 16:35:54,569 - INFO -   Computed Styles: Valid
2026-04-20 16:35:54,573 - INFO - ================================================================================

2026-04-20 16:35:54,573 - INFO - ✓ ALL VALIDATIONS PASSED - Pop-up is working correctly!
2026-04-20 16:35:55,000 - INFO - Screenshot captured: reports\RUN_20260420_163544\screenshots\03_Popup_Immediate_2_163554.png
2026-04-20 16:35:55,005 - INFO - Screenshot 2 captured - Attempting validation...
2026-04-20 16:35:55,006 - INFO - 
================================================================================
2026-04-20 16:35:55,006 - INFO - STARTING COMPREHENSIVE POP-UP VALIDATION
2026-04-20 16:35:55,007 - INFO - ================================================================================
2026-04-20 16:35:55,032 - ERROR - VALIDATION FAILED: Pop-up element not found!
2026-04-20 16:35:56,454 - INFO - Screenshot captured: reports\RUN_20260420_163544\screenshots\03_Popup_Immediate_3_163555.png
2026-04-20 16:35:56,457 - INFO - Screenshot 3 captured - Attempting validation...
2026-04-20 16:35:56,458 - INFO - 
================================================================================
2026-04-20 16:35:56,458 - INFO - STARTING COMPREHENSIVE POP-UP VALIDATION
2026-04-20 16:35:56,459 - INFO - ================================================================================
2026-04-20 16:35:56,488 - ERROR - VALIDATION FAILED: Pop-up element not found!
2026-04-20 16:35:56,623 - INFO - Logging DOM elements AFTER login click (pop-up should appear here)...
2026-04-20 16:35:56,625 - INFO - 
================================================================================
2026-04-20 16:35:56,625 - INFO - DOM SNAPSHOT AT STAGE: After_Login_Click
2026-04-20 16:35:56,625 - INFO - ================================================================================
2026-04-20 16:35:56,652 - INFO - 
Searching for pop-up elements in page content...
2026-04-20 16:35:56,990 - WARNING - ⚠ No known pop-up selectors found. Checking all visible divs...
2026-04-20 16:35:57,044 - INFO - Total DIV elements on page: 29
2026-04-20 16:35:57,299 - INFO -   Visible DIV 1: class='header-right' id='no-id' text='English
French
Spanish
Quantum Toll Authority
supe'
2026-04-20 16:35:57,423 - INFO -   Visible DIV 2: class='nav-user' id='no-id' text='Quantum Toll Authority
superadmin_qm@yopmail.com'
2026-04-20 16:35:57,614 - INFO -   Visible DIV 3: class='nav-user-info' id='no-id' text='Quantum Toll Authority
superadmin_qm@yopmail.com'
2026-04-20 16:35:57,732 - INFO -   Visible DIV 4: class='uname' id='no-id' text='Quantum Toll Authority'
2026-04-20 16:35:57,840 - INFO -   Visible DIV 5: class='urole' id='no-id' text='superadmin_qm@yopmail.com'
2026-04-20 16:35:57,936 - INFO -   Visible DIV 6: class='main-container' id='no-id' text='dashboard_2
group
decimal_increase
admin_panel_set'
2026-04-20 16:35:58,042 - INFO -   Visible DIV 7: class='inner' id='no-id' text='dashboard_2'
2026-04-20 16:35:58,143 - INFO -   Visible DIV 8: class='inner' id='no-id' text='group'
2026-04-20 16:35:58,268 - INFO -   Visible DIV 9: class='inner' id='no-id' text='decimal_increase'
2026-04-20 16:35:58,397 - INFO -   Visible DIV 10: class='inner' id='no-id' text='admin_panel_settings'
2026-04-20 16:35:58,535 - INFO -   Visible DIV 11: class='inner' id='no-id' text='nest_doorbell_visitor'
2026-04-20 16:35:58,663 - INFO -   Visible DIV 12: class='inner' id='no-id' text='key_visualizer'
2026-04-20 16:35:58,696 - INFO - 
================================================================================

2026-04-20 16:35:59,144 - INFO - Screenshot captured: reports\RUN_20260420_163544\screenshots\02_Just_After_Login_Click_163558.png
2026-04-20 16:35:59,497 - INFO - Starting Onboarding Flow Test
2026-04-20 16:35:59,498 - INFO - Starting navigation to Onboard Customer page...
2026-04-20 16:35:59,498 - INFO - Clicking Workbench icon...
2026-04-20 16:36:00,129 - INFO - Workbench menu expanded.
2026-04-20 16:36:00,131 - INFO - Clicking 'Manage Accounts' sub-menu...
2026-04-20 16:36:00,711 - INFO - 'Manage Accounts' submenu expanded.
2026-04-20 16:36:00,712 - INFO - Clicking 'Onboard a Customer' link...
2026-04-20 16:36:02,867 - INFO - Successfully navigated to Onboard Customer page.
2026-04-20 16:36:03,276 - INFO - Screenshot captured: reports\RUN_20260420_163544\screenshots\02_Onboard_Customer_Landing_163602.png
2026-04-20 16:36:03,280 - INFO - Filling Onboarding details for United States...
2026-04-20 16:39:44,110 - INFO - Test Session Started.
2026-04-20 16:39:44,117 - INFO - Navigating to Login Page: http://operator-qa.qmaastech.com/
2026-04-20 16:39:44,118 - INFO - Navigating to: http://operator-qa.qmaastech.com/
2026-04-20 16:39:46,285 - INFO - Attempting login for user: superadmin_qm@yopmail.com
2026-04-20 16:39:47,997 - INFO - Logging DOM elements BEFORE login click...
2026-04-20 16:39:47,997 - INFO - 
================================================================================
2026-04-20 16:39:47,997 - INFO - DOM SNAPSHOT AT STAGE: Before_Login
2026-04-20 16:39:47,997 - INFO - ================================================================================
2026-04-20 16:39:48,015 - INFO - 
Searching for pop-up elements in page content...
2026-04-20 16:39:48,344 - WARNING - ⚠ No known pop-up selectors found. Checking all visible divs...
2026-04-20 16:39:48,410 - INFO - Total DIV elements on page: 21
2026-04-20 16:39:48,887 - INFO -   Visible DIV 1: class='hero-pills' id='no-id' text='bolt
Real-time
smart_toy
AI-driven
hub
Multi-agenc'
2026-04-20 16:39:49,013 - INFO -   Visible DIV 2: class='auth-panel' id='no-id' text='Welcome Back

Sign in to your account to continue
'
2026-04-20 16:39:49,088 - INFO -   Visible DIV 3: class='auth-card' id='no-id' text='Welcome Back

Sign in to your account to continue
'
2026-04-20 16:39:49,180 - INFO -   Visible DIV 4: class='auth-step' id='no-id' text='Welcome Back

Sign in to your account to continue
'
2026-04-20 16:39:49,312 - INFO -   Visible DIV 5: class='field-wrap' id='no-id' text='Email ID / Username *
person'
2026-04-20 16:39:49,414 - INFO -   Visible DIV 6: class='input-shell' id='no-id' text='person'
2026-04-20 16:39:49,511 - INFO -   Visible DIV 7: class='field-wrap' id='no-id' text='Password *
lock
visibility_off'
2026-04-20 16:39:49,594 - INFO -   Visible DIV 8: class='input-shell' id='no-id' text='lock
visibility_off'
2026-04-20 16:39:49,683 - INFO -   Visible DIV 9: class='auth-bottom-links' id='no-id' text='New user?  Access Account

Forgot password?'
2026-04-20 16:39:49,733 - INFO - 
================================================================================

2026-04-20 16:39:50,315 - INFO - Login button clicked.
2026-04-20 16:39:50,320 - INFO - Taking rapid screenshots and validating pop-up...
2026-04-20 16:39:50,986 - INFO - Screenshot captured: reports\RUN_20260420_163941\screenshots\03_Popup_Immediate_1_163950.png
2026-04-20 16:39:50,986 - INFO - Screenshot 1 captured - Attempting validation...
2026-04-20 16:39:50,987 - INFO - 
================================================================================
2026-04-20 16:39:50,987 - INFO - STARTING COMPREHENSIVE POP-UP VALIDATION
2026-04-20 16:39:50,987 - INFO - ================================================================================
2026-04-20 16:39:51,008 - INFO - 
[VALIDATION 1] Checking Pop-up Visibility...
2026-04-20 16:39:51,045 - INFO -   Visibility Status: True
2026-04-20 16:39:51,045 - INFO -   PASSED: Pop-up is visible
2026-04-20 16:39:51,045 - INFO - 
[VALIDATION 2] Extracting and Validating Text Content...
2026-04-20 16:39:51,061 - INFO -   Extracted Text: 'Login Successful'
2026-04-20 16:39:51,061 - INFO -   PASSED: Text matches exactly: 'Login Successful'
2026-04-20 16:39:51,061 - INFO - 
[VALIDATION 3] Checking for Typos...
2026-04-20 16:39:51,061 - INFO -   PASSED: No known typos detected
2026-04-20 16:39:51,061 - INFO - 
[VALIDATION 4] Extracting CSS Classes and Attributes...
2026-04-20 16:39:51,096 - INFO -   CSS Classes: snackbar success-snackbar
2026-04-20 16:39:51,096 - INFO -   PASSED: 'success' class is present
2026-04-20 16:39:51,096 - INFO - 
[VALIDATION 5] Checking Element Properties...
2026-04-20 16:39:51,194 - INFO -   ID: Not set
2026-04-20 16:39:51,194 - INFO -   Data-TestID: Not set
2026-04-20 16:39:51,194 - INFO -   Role: Not set
2026-04-20 16:39:51,194 - INFO -   ARIA Label: Not set
2026-04-20 16:39:51,194 - INFO - 
[VALIDATION 6] Checking Position and Size...
2026-04-20 16:39:51,214 - INFO -   X: 1230, Y: 20
2026-04-20 16:39:51,214 - INFO -   Width: 250, Height: 43.5
2026-04-20 16:39:51,214 - INFO -   PASSED: Element has valid dimensions
2026-04-20 16:39:51,214 - INFO - 
[VALIDATION 7] Checking Computed Styles...
2026-04-20 16:39:51,254 - INFO -   Display: block
2026-04-20 16:39:51,257 - INFO -   Opacity: 1
2026-04-20 16:39:51,258 - INFO -   PASSED: Element is displayed with proper opacity
2026-04-20 16:39:51,258 - INFO - 
================================================================================
2026-04-20 16:39:51,258 - INFO - POP-UP VALIDATION SUMMARY
2026-04-20 16:39:51,258 - INFO - ================================================================================
2026-04-20 16:39:51,258 - INFO -   Visibility: PASSED
2026-04-20 16:39:51,258 - INFO -   Text Match: PASSED
2026-04-20 16:39:51,258 - INFO -   Typo Check: PASSED
2026-04-20 16:39:51,258 - INFO -   CSS Classes: Present
2026-04-20 16:39:51,258 - INFO -   Position & Size: Valid
2026-04-20 16:39:51,258 - INFO -   Computed Styles: Valid
2026-04-20 16:39:51,258 - INFO - ================================================================================

2026-04-20 16:39:51,258 - INFO - ✓ ALL VALIDATIONS PASSED - Pop-up is working correctly!
2026-04-20 16:39:51,709 - INFO - Screenshot captured: reports\RUN_20260420_163941\screenshots\03_Popup_Immediate_2_163951.png
2026-04-20 16:39:51,710 - INFO - Screenshot 2 captured - Attempting validation...
2026-04-20 16:39:51,711 - INFO - 
================================================================================
2026-04-20 16:39:51,712 - INFO - STARTING COMPREHENSIVE POP-UP VALIDATION
2026-04-20 16:39:51,713 - INFO - ================================================================================
2026-04-20 16:39:51,727 - ERROR - VALIDATION FAILED: Pop-up element not found!
2026-04-20 16:39:53,042 - INFO - Screenshot captured: reports\RUN_20260420_163941\screenshots\03_Popup_Immediate_3_163951.png
2026-04-20 16:39:53,044 - INFO - Screenshot 3 captured - Attempting validation...
2026-04-20 16:39:53,045 - INFO - 
================================================================================
2026-04-20 16:39:53,046 - INFO - STARTING COMPREHENSIVE POP-UP VALIDATION
2026-04-20 16:39:53,047 - INFO - ================================================================================
2026-04-20 16:39:53,079 - ERROR - VALIDATION FAILED: Pop-up element not found!
2026-04-20 16:39:53,212 - INFO - Logging DOM elements AFTER login click (pop-up should appear here)...
2026-04-20 16:39:53,213 - INFO - 
================================================================================
2026-04-20 16:39:53,213 - INFO - DOM SNAPSHOT AT STAGE: After_Login_Click
2026-04-20 16:39:53,213 - INFO - ================================================================================
2026-04-20 16:39:53,246 - INFO - 
Searching for pop-up elements in page content...
2026-04-20 16:39:53,651 - WARNING - ⚠ No known pop-up selectors found. Checking all visible divs...
2026-04-20 16:39:53,704 - INFO - Total DIV elements on page: 29
2026-04-20 16:39:53,958 - INFO -   Visible DIV 1: class='header-right' id='no-id' text='English
French
Spanish
Quantum Toll Authority
supe'
2026-04-20 16:39:54,067 - INFO -   Visible DIV 2: class='nav-user' id='no-id' text='Quantum Toll Authority
superadmin_qm@yopmail.com'
2026-04-20 16:39:54,236 - INFO -   Visible DIV 3: class='nav-user-info' id='no-id' text='Quantum Toll Authority
superadmin_qm@yopmail.com'
2026-04-20 16:39:54,351 - INFO -   Visible DIV 4: class='uname' id='no-id' text='Quantum Toll Authority'
2026-04-20 16:39:54,455 - INFO -   Visible DIV 5: class='urole' id='no-id' text='superadmin_qm@yopmail.com'
2026-04-20 16:39:54,596 - INFO -   Visible DIV 6: class='main-container' id='no-id' text='dashboard_2
group
decimal_increase
admin_panel_set'
2026-04-20 16:39:54,706 - INFO -   Visible DIV 7: class='inner' id='no-id' text='dashboard_2'
2026-04-20 16:39:54,814 - INFO -   Visible DIV 8: class='inner' id='no-id' text='group'
2026-04-20 16:39:54,941 - INFO -   Visible DIV 9: class='inner' id='no-id' text='decimal_increase'
2026-04-20 16:39:55,071 - INFO -   Visible DIV 10: class='inner' id='no-id' text='admin_panel_settings'
2026-04-20 16:39:55,199 - INFO -   Visible DIV 11: class='inner' id='no-id' text='nest_doorbell_visitor'
2026-04-20 16:39:55,337 - INFO -   Visible DIV 12: class='inner' id='no-id' text='key_visualizer'
2026-04-20 16:39:55,358 - INFO - 
================================================================================

2026-04-20 16:39:55,899 - INFO - Screenshot captured: reports\RUN_20260420_163941\screenshots\02_Just_After_Login_Click_163955.png
2026-04-20 16:39:56,244 - INFO - Starting Onboarding Flow Test
2026-04-20 16:39:56,246 - INFO - Starting navigation to Onboard Customer page...
2026-04-20 16:39:56,246 - INFO - Clicking Workbench icon...
2026-04-20 16:39:56,878 - INFO - Workbench menu expanded.
2026-04-20 16:39:56,879 - INFO - Clicking 'Manage Accounts' sub-menu...
2026-04-20 16:39:57,464 - INFO - 'Manage Accounts' submenu expanded.
2026-04-20 16:39:57,465 - INFO - Clicking 'Onboard a Customer' link...
2026-04-20 16:39:59,865 - INFO - Successfully navigated to Onboard Customer page.
2026-04-20 16:40:00,365 - INFO - Screenshot captured: reports\RUN_20260420_163941\screenshots\02_Onboard_Customer_Landing_163959.png
2026-04-20 16:40:00,366 - INFO - Filling Onboarding details for United States...
2026-04-20 16:41:55,670 - INFO - Test Session Started.
2026-04-20 16:41:55,673 - INFO - Navigating to Login Page: http://operator-qa.qmaastech.com/
2026-04-20 16:41:55,673 - INFO - Navigating to: http://operator-qa.qmaastech.com/
2026-04-20 16:41:57,918 - INFO - Attempting login for user: superadmin_qm@yopmail.com
2026-04-20 16:41:59,577 - INFO - Logging DOM elements BEFORE login click...
2026-04-20 16:41:59,578 - INFO - 
================================================================================
2026-04-20 16:41:59,578 - INFO - DOM SNAPSHOT AT STAGE: Before_Login
2026-04-20 16:41:59,578 - INFO - ================================================================================
2026-04-20 16:41:59,597 - INFO - 
Searching for pop-up elements in page content...
2026-04-20 16:41:59,921 - WARNING - ⚠ No known pop-up selectors found. Checking all visible divs...
2026-04-20 16:41:59,968 - INFO - Total DIV elements on page: 21
2026-04-20 16:42:00,484 - INFO -   Visible DIV 1: class='hero-pills' id='no-id' text='bolt
Real-time
smart_toy
AI-driven
hub
Multi-agenc'
2026-04-20 16:42:00,625 - INFO -   Visible DIV 2: class='auth-panel' id='no-id' text='Welcome Back

Sign in to your account to continue
'
2026-04-20 16:42:00,702 - INFO -   Visible DIV 3: class='auth-card' id='no-id' text='Welcome Back

Sign in to your account to continue
'
2026-04-20 16:42:00,798 - INFO -   Visible DIV 4: class='auth-step' id='no-id' text='Welcome Back

Sign in to your account to continue
'
2026-04-20 16:42:00,932 - INFO -   Visible DIV 5: class='field-wrap' id='no-id' text='Email ID / Username *
person'
2026-04-20 16:42:01,000 - INFO -   Visible DIV 6: class='input-shell' id='no-id' text='person'
2026-04-20 16:42:01,087 - INFO -   Visible DIV 7: class='field-wrap' id='no-id' text='Password *
lock
visibility_off'
2026-04-20 16:42:01,163 - INFO -   Visible DIV 8: class='input-shell' id='no-id' text='lock
visibility_off'
2026-04-20 16:42:01,247 - INFO -   Visible DIV 9: class='auth-bottom-links' id='no-id' text='New user?  Access Account

Forgot password?'
2026-04-20 16:42:01,293 - INFO - 
================================================================================

2026-04-20 16:42:01,873 - INFO - Login button clicked.
2026-04-20 16:42:01,878 - INFO - Taking rapid screenshots and validating pop-up...
2026-04-20 16:42:02,496 - INFO - Screenshot captured: reports\RUN_20260420_164153\screenshots\03_Popup_Immediate_1_164201.png
2026-04-20 16:42:02,497 - INFO - Screenshot 1 captured - Attempting validation...
2026-04-20 16:42:02,497 - INFO - 
================================================================================
2026-04-20 16:42:02,497 - INFO - STARTING COMPREHENSIVE POP-UP VALIDATION
2026-04-20 16:42:02,499 - INFO - ================================================================================
2026-04-20 16:42:02,516 - INFO - 
[VALIDATION 1] Checking Pop-up Visibility...
2026-04-20 16:42:02,545 - INFO -   Visibility Status: True
2026-04-20 16:42:02,545 - INFO -   PASSED: Pop-up is visible
2026-04-20 16:42:02,545 - INFO - 
[VALIDATION 2] Extracting and Validating Text Content...
2026-04-20 16:42:02,571 - INFO -   Extracted Text: 'Login Successful'
2026-04-20 16:42:02,571 - INFO -   PASSED: Text matches exactly: 'Login Successful'
2026-04-20 16:42:02,571 - INFO - 
[VALIDATION 3] Checking for Typos...
2026-04-20 16:42:02,577 - INFO -   PASSED: No known typos detected
2026-04-20 16:42:02,577 - INFO - 
[VALIDATION 4] Extracting CSS Classes and Attributes...
2026-04-20 16:42:02,597 - INFO -   CSS Classes: snackbar success-snackbar
2026-04-20 16:42:02,597 - INFO -   PASSED: 'success' class is present
2026-04-20 16:42:02,597 - INFO - 
[VALIDATION 5] Checking Element Properties...
2026-04-20 16:42:02,682 - INFO -   ID: Not set
2026-04-20 16:42:02,682 - INFO -   Data-TestID: Not set
2026-04-20 16:42:02,682 - INFO -   Role: Not set
2026-04-20 16:42:02,682 - INFO -   ARIA Label: Not set
2026-04-20 16:42:02,682 - INFO - 
[VALIDATION 6] Checking Position and Size...
2026-04-20 16:42:02,698 - INFO -   X: 1230, Y: 20
2026-04-20 16:42:02,711 - INFO -   Width: 250, Height: 43.5
2026-04-20 16:42:02,712 - INFO -   PASSED: Element has valid dimensions
2026-04-20 16:42:02,712 - INFO - 
[VALIDATION 7] Checking Computed Styles...
2026-04-20 16:42:02,748 - INFO -   Display: block
2026-04-20 16:42:02,748 - INFO -   Opacity: 1
2026-04-20 16:42:02,748 - INFO -   PASSED: Element is displayed with proper opacity
2026-04-20 16:42:02,748 - INFO - 
================================================================================
2026-04-20 16:42:02,748 - INFO - POP-UP VALIDATION SUMMARY
2026-04-20 16:42:02,748 - INFO - ================================================================================
2026-04-20 16:42:02,748 - INFO -   Visibility: PASSED
2026-04-20 16:42:02,760 - INFO -   Text Match: PASSED
2026-04-20 16:42:02,761 - INFO -   Typo Check: PASSED
2026-04-20 16:42:02,761 - INFO -   CSS Classes: Present
2026-04-20 16:42:02,761 - INFO -   Position & Size: Valid
2026-04-20 16:42:02,761 - INFO -   Computed Styles: Valid
2026-04-20 16:42:02,761 - INFO - ================================================================================

2026-04-20 16:42:02,761 - INFO - ✓ ALL VALIDATIONS PASSED - Pop-up is working correctly!
2026-04-20 16:42:03,235 - INFO - Screenshot captured: reports\RUN_20260420_164153\screenshots\03_Popup_Immediate_2_164202.png
2026-04-20 16:42:03,235 - INFO - Screenshot 2 captured - Attempting validation...
2026-04-20 16:42:03,235 - INFO - 
================================================================================
2026-04-20 16:42:03,235 - INFO - STARTING COMPREHENSIVE POP-UP VALIDATION
2026-04-20 16:42:03,235 - INFO - ================================================================================
2026-04-20 16:42:03,261 - ERROR - VALIDATION FAILED: Pop-up element not found!
2026-04-20 16:42:04,807 - INFO - Screenshot captured: reports\RUN_20260420_164153\screenshots\03_Popup_Immediate_3_164203.png
2026-04-20 16:42:04,807 - INFO - Screenshot 3 captured - Attempting validation...
2026-04-20 16:42:04,809 - INFO - 
================================================================================
2026-04-20 16:42:04,812 - INFO - STARTING COMPREHENSIVE POP-UP VALIDATION
2026-04-20 16:42:04,813 - INFO - ================================================================================
2026-04-20 16:42:04,838 - ERROR - VALIDATION FAILED: Pop-up element not found!
2026-04-20 16:42:04,979 - INFO - Logging DOM elements AFTER login click (pop-up should appear here)...
2026-04-20 16:42:04,981 - INFO - 
================================================================================
2026-04-20 16:42:04,981 - INFO - DOM SNAPSHOT AT STAGE: After_Login_Click
2026-04-20 16:42:04,982 - INFO - ================================================================================
2026-04-20 16:42:05,013 - INFO - 
Searching for pop-up elements in page content...
2026-04-20 16:42:05,346 - WARNING - ⚠ No known pop-up selectors found. Checking all visible divs...
2026-04-20 16:42:05,403 - INFO - Total DIV elements on page: 29
2026-04-20 16:42:05,657 - INFO -   Visible DIV 1: class='header-right' id='no-id' text='English
French
Spanish
Quantum Toll Authority
supe'
2026-04-20 16:42:05,789 - INFO -   Visible DIV 2: class='nav-user' id='no-id' text='Quantum Toll Authority
superadmin_qm@yopmail.com'
2026-04-20 16:42:06,007 - INFO -   Visible DIV 3: class='nav-user-info' id='no-id' text='Quantum Toll Authority
superadmin_qm@yopmail.com'
2026-04-20 16:42:06,122 - INFO -   Visible DIV 4: class='uname' id='no-id' text='Quantum Toll Authority'
2026-04-20 16:42:06,239 - INFO -   Visible DIV 5: class='urole' id='no-id' text='superadmin_qm@yopmail.com'
2026-04-20 16:42:06,367 - INFO -   Visible DIV 6: class='main-container' id='no-id' text='dashboard_2
group
decimal_increase
admin_panel_set'
2026-04-20 16:42:06,482 - INFO -   Visible DIV 7: class='inner' id='no-id' text='dashboard_2'
2026-04-20 16:42:06,616 - INFO -   Visible DIV 8: class='inner' id='no-id' text='group'
2026-04-20 16:42:06,763 - INFO -   Visible DIV 9: class='inner' id='no-id' text='decimal_increase'
2026-04-20 16:42:06,905 - INFO -   Visible DIV 10: class='inner' id='no-id' text='admin_panel_settings'
2026-04-20 16:42:07,041 - INFO -   Visible DIV 11: class='inner' id='no-id' text='nest_doorbell_visitor'
2026-04-20 16:42:07,196 - INFO -   Visible DIV 12: class='inner' id='no-id' text='key_visualizer'
2026-04-20 16:42:07,219 - INFO - 
================================================================================

2026-04-20 16:42:07,738 - INFO - Screenshot captured: reports\RUN_20260420_164153\screenshots\02_Just_After_Login_Click_164207.png
2026-04-20 16:42:08,166 - INFO - Starting Onboarding Flow Test
2026-04-20 16:42:08,167 - INFO - Starting navigation to Onboard Customer page...
2026-04-20 16:42:08,168 - INFO - Clicking Workbench icon...
2026-04-20 16:42:08,811 - INFO - Workbench menu expanded.
2026-04-20 16:42:08,814 - INFO - Clicking 'Manage Accounts' sub-menu...
2026-04-20 16:42:09,452 - INFO - 'Manage Accounts' submenu expanded.
2026-04-20 16:42:09,453 - INFO - Clicking 'Onboard a Customer' link...
2026-04-20 16:42:11,455 - INFO - Successfully navigated to Onboard Customer page.
2026-04-20 16:42:11,980 - INFO - Screenshot captured: reports\RUN_20260420_164153\screenshots\02_Onboard_Customer_Landing_164211.png
2026-04-20 16:42:11,981 - INFO - Filling Onboarding details for United States...
2026-04-20 16:43:20,791 - INFO - Test Session Started.
2026-04-20 16:43:20,792 - INFO - Navigating to Login Page: http://operator-qa.qmaastech.com/
2026-04-20 16:43:20,792 - INFO - Navigating to: http://operator-qa.qmaastech.com/
2026-04-20 16:43:23,073 - INFO - Attempting login for user: superadmin_qm@yopmail.com
2026-04-20 16:43:24,748 - INFO - Logging DOM elements BEFORE login click...
2026-04-20 16:43:24,753 - INFO - 
================================================================================
2026-04-20 16:43:24,754 - INFO - DOM SNAPSHOT AT STAGE: Before_Login
2026-04-20 16:43:24,754 - INFO - ================================================================================
2026-04-20 16:43:24,780 - INFO - 
Searching for pop-up elements in page content...
2026-04-20 16:43:25,114 - WARNING - ⚠ No known pop-up selectors found. Checking all visible divs...
2026-04-20 16:43:25,153 - INFO - Total DIV elements on page: 21
2026-04-20 16:43:25,604 - INFO -   Visible DIV 1: class='hero-pills' id='no-id' text='bolt
Real-time
smart_toy
AI-driven
hub
Multi-agenc'
2026-04-20 16:43:25,730 - INFO -   Visible DIV 2: class='auth-panel' id='no-id' text='Welcome Back

Sign in to your account to continue
'
2026-04-20 16:43:25,816 - INFO -   Visible DIV 3: class='auth-card' id='no-id' text='Welcome Back

Sign in to your account to continue
'
2026-04-20 16:43:25,907 - INFO -   Visible DIV 4: class='auth-step' id='no-id' text='Welcome Back

Sign in to your account to continue
'
2026-04-20 16:43:26,048 - INFO -   Visible DIV 5: class='field-wrap' id='no-id' text='Email ID / Username *
person'
2026-04-20 16:43:26,137 - INFO -   Visible DIV 6: class='input-shell' id='no-id' text='person'
2026-04-20 16:43:26,243 - INFO -   Visible DIV 7: class='field-wrap' id='no-id' text='Password *
lock
visibility_off'
2026-04-20 16:43:26,344 - INFO -   Visible DIV 8: class='input-shell' id='no-id' text='lock
visibility_off'
2026-04-20 16:43:26,441 - INFO -   Visible DIV 9: class='auth-bottom-links' id='no-id' text='New user?  Access Account

Forgot password?'
2026-04-20 16:43:26,481 - INFO - 
================================================================================

2026-04-20 16:43:27,087 - INFO - Login button clicked.
2026-04-20 16:43:27,088 - INFO - Taking rapid screenshots and validating pop-up...
2026-04-20 16:43:27,701 - INFO - Screenshot captured: reports\RUN_20260420_164318\screenshots\03_Popup_Immediate_1_164327.png
2026-04-20 16:43:27,702 - INFO - Screenshot 1 captured - Attempting validation...
2026-04-20 16:43:27,703 - INFO - 
================================================================================
2026-04-20 16:43:27,703 - INFO - STARTING COMPREHENSIVE POP-UP VALIDATION
2026-04-20 16:43:27,704 - INFO - ================================================================================
2026-04-20 16:43:27,730 - INFO - 
[VALIDATION 1] Checking Pop-up Visibility...
2026-04-20 16:43:27,768 - INFO -   Visibility Status: True
2026-04-20 16:43:27,768 - INFO -   PASSED: Pop-up is visible
2026-04-20 16:43:27,768 - INFO - 
[VALIDATION 2] Extracting and Validating Text Content...
2026-04-20 16:43:27,796 - INFO -   Extracted Text: 'Login Successful'
2026-04-20 16:43:27,796 - INFO -   PASSED: Text matches exactly: 'Login Successful'
2026-04-20 16:43:27,796 - INFO - 
[VALIDATION 3] Checking for Typos...
2026-04-20 16:43:27,796 - INFO -   PASSED: No known typos detected
2026-04-20 16:43:27,796 - INFO - 
[VALIDATION 4] Extracting CSS Classes and Attributes...
2026-04-20 16:43:27,831 - INFO -   CSS Classes: snackbar success-snackbar
2026-04-20 16:43:27,831 - INFO -   PASSED: 'success' class is present
2026-04-20 16:43:27,831 - INFO - 
[VALIDATION 5] Checking Element Properties...
2026-04-20 16:43:27,929 - INFO -   ID: Not set
2026-04-20 16:43:27,929 - INFO -   Data-TestID: Not set
2026-04-20 16:43:27,929 - INFO -   Role: Not set
2026-04-20 16:43:27,929 - INFO -   ARIA Label: Not set
2026-04-20 16:43:27,929 - INFO - 
[VALIDATION 6] Checking Position and Size...
2026-04-20 16:43:27,946 - INFO -   X: 1230, Y: 20
2026-04-20 16:43:27,946 - INFO -   Width: 250, Height: 43.5
2026-04-20 16:43:27,946 - INFO -   PASSED: Element has valid dimensions
2026-04-20 16:43:27,946 - INFO - 
[VALIDATION 7] Checking Computed Styles...
2026-04-20 16:43:27,980 - INFO -   Display: block
2026-04-20 16:43:27,980 - INFO -   Opacity: 1
2026-04-20 16:43:27,980 - INFO -   PASSED: Element is displayed with proper opacity
2026-04-20 16:43:27,994 - INFO - 
================================================================================
2026-04-20 16:43:28,000 - INFO - POP-UP VALIDATION SUMMARY
2026-04-20 16:43:28,002 - INFO - ================================================================================
2026-04-20 16:43:28,002 - INFO -   Visibility: PASSED
2026-04-20 16:43:28,007 - INFO -   Text Match: PASSED
2026-04-20 16:43:28,007 - INFO -   Typo Check: PASSED
2026-04-20 16:43:28,007 - INFO -   CSS Classes: Present
2026-04-20 16:43:28,007 - INFO -   Position & Size: Valid
2026-04-20 16:43:28,007 - INFO -   Computed Styles: Valid
2026-04-20 16:43:28,013 - INFO - ================================================================================

2026-04-20 16:43:28,014 - INFO - ✓ ALL VALIDATIONS PASSED - Pop-up is working correctly!
2026-04-20 16:43:28,585 - INFO - Screenshot captured: reports\RUN_20260420_164318\screenshots\03_Popup_Immediate_2_164328.png
2026-04-20 16:43:28,592 - INFO - Screenshot 2 captured - Attempting validation...
2026-04-20 16:43:28,592 - INFO - 
================================================================================
2026-04-20 16:43:28,592 - INFO - STARTING COMPREHENSIVE POP-UP VALIDATION
2026-04-20 16:43:28,595 - INFO - ================================================================================
2026-04-20 16:43:28,614 - ERROR - VALIDATION FAILED: Pop-up element not found!
2026-04-20 16:43:29,985 - INFO - Screenshot captured: reports\RUN_20260420_164318\screenshots\03_Popup_Immediate_3_164328.png
2026-04-20 16:43:29,986 - INFO - Screenshot 3 captured - Attempting validation...
2026-04-20 16:43:29,987 - INFO - 
================================================================================
2026-04-20 16:43:29,988 - INFO - STARTING COMPREHENSIVE POP-UP VALIDATION
2026-04-20 16:43:29,988 - INFO - ================================================================================
2026-04-20 16:43:30,013 - ERROR - VALIDATION FAILED: Pop-up element not found!
2026-04-20 16:43:30,150 - INFO - Logging DOM elements AFTER login click (pop-up should appear here)...
2026-04-20 16:43:30,150 - INFO - 
================================================================================
2026-04-20 16:43:30,150 - INFO - DOM SNAPSHOT AT STAGE: After_Login_Click
2026-04-20 16:43:30,150 - INFO - ================================================================================
2026-04-20 16:43:30,184 - INFO - 
Searching for pop-up elements in page content...
2026-04-20 16:43:30,519 - WARNING - ⚠ No known pop-up selectors found. Checking all visible divs...
2026-04-20 16:43:30,570 - INFO - Total DIV elements on page: 29
2026-04-20 16:43:30,804 - INFO -   Visible DIV 1: class='header-right' id='no-id' text='English
French
Spanish
Quantum Toll Authority
supe'
2026-04-20 16:43:30,935 - INFO -   Visible DIV 2: class='nav-user' id='no-id' text='Quantum Toll Authority
superadmin_qm@yopmail.com'
2026-04-20 16:43:31,091 - INFO -   Visible DIV 3: class='nav-user-info' id='no-id' text='Quantum Toll Authority
superadmin_qm@yopmail.com'
2026-04-20 16:43:31,220 - INFO -   Visible DIV 4: class='uname' id='no-id' text='Quantum Toll Authority'
2026-04-20 16:43:31,358 - INFO -   Visible DIV 5: class='urole' id='no-id' text='superadmin_qm@yopmail.com'
2026-04-20 16:43:31,474 - INFO -   Visible DIV 6: class='main-container' id='no-id' text='dashboard_2
group
decimal_increase
admin_panel_set'
2026-04-20 16:43:31,591 - INFO -   Visible DIV 7: class='inner' id='no-id' text='dashboard_2'
2026-04-20 16:43:31,707 - INFO -   Visible DIV 8: class='inner' id='no-id' text='group'
2026-04-20 16:43:31,844 - INFO -   Visible DIV 9: class='inner' id='no-id' text='decimal_increase'
2026-04-20 16:43:31,990 - INFO -   Visible DIV 10: class='inner' id='no-id' text='admin_panel_settings'
2026-04-20 16:43:32,119 - INFO -   Visible DIV 11: class='inner' id='no-id' text='nest_doorbell_visitor'
2026-04-20 16:43:32,257 - INFO -   Visible DIV 12: class='inner' id='no-id' text='key_visualizer'
2026-04-20 16:43:32,277 - INFO - 
================================================================================

2026-04-20 16:43:32,711 - INFO - Screenshot captured: reports\RUN_20260420_164318\screenshots\02_Just_After_Login_Click_164332.png
2026-04-20 16:43:33,051 - INFO - Starting Onboarding Flow Test
2026-04-20 16:43:33,052 - INFO - Starting navigation to Onboard Customer page...
2026-04-20 16:43:33,053 - INFO - Clicking Workbench icon...
2026-04-20 16:43:33,697 - INFO - Workbench menu expanded.
2026-04-20 16:43:33,699 - INFO - Clicking 'Manage Accounts' sub-menu...
2026-04-20 16:43:34,293 - INFO - 'Manage Accounts' submenu expanded.
2026-04-20 16:43:34,293 - INFO - Clicking 'Onboard a Customer' link...
2026-04-20 16:43:35,659 - INFO - Successfully navigated to Onboard Customer page.
2026-04-20 16:43:36,153 - INFO - Screenshot captured: reports\RUN_20260420_164318\screenshots\02_Onboard_Customer_Landing_164335.png
2026-04-20 16:43:36,155 - INFO - Filling Onboarding details for United States...
2026-04-20 16:46:19,070 - INFO - Test Session Started.
2026-04-20 16:46:19,071 - INFO - Navigating to Login Page: http://operator-qa.qmaastech.com/
2026-04-20 16:46:19,071 - INFO - Navigating to: http://operator-qa.qmaastech.com/
2026-04-20 16:46:21,358 - INFO - Attempting login for user: superadmin_qm@yopmail.com
2026-04-20 16:46:23,072 - INFO - Logging DOM elements BEFORE login click...
2026-04-20 16:46:23,077 - INFO - 
================================================================================
2026-04-20 16:46:23,077 - INFO - DOM SNAPSHOT AT STAGE: Before_Login
2026-04-20 16:46:23,078 - INFO - ================================================================================
2026-04-20 16:46:23,106 - INFO - 
Searching for pop-up elements in page content...
2026-04-20 16:46:23,447 - WARNING - ⚠ No known pop-up selectors found. Checking all visible divs...
2026-04-20 16:46:23,497 - INFO - Total DIV elements on page: 21
2026-04-20 16:46:24,042 - INFO -   Visible DIV 1: class='hero-pills' id='no-id' text='bolt
Real-time
smart_toy
AI-driven
hub
Multi-agenc'
2026-04-20 16:46:24,171 - INFO -   Visible DIV 2: class='auth-panel' id='no-id' text='Welcome Back

Sign in to your account to continue
'
2026-04-20 16:46:24,264 - INFO -   Visible DIV 3: class='auth-card' id='no-id' text='Welcome Back

Sign in to your account to continue
'
2026-04-20 16:46:24,357 - INFO -   Visible DIV 4: class='auth-step' id='no-id' text='Welcome Back

Sign in to your account to continue
'
2026-04-20 16:46:24,494 - INFO -   Visible DIV 5: class='field-wrap' id='no-id' text='Email ID / Username *
person'
2026-04-20 16:46:24,581 - INFO -   Visible DIV 6: class='input-shell' id='no-id' text='person'
2026-04-20 16:46:24,685 - INFO -   Visible DIV 7: class='field-wrap' id='no-id' text='Password *
lock
visibility_off'
2026-04-20 16:46:24,778 - INFO -   Visible DIV 8: class='input-shell' id='no-id' text='lock
visibility_off'
2026-04-20 16:46:24,870 - INFO -   Visible DIV 9: class='auth-bottom-links' id='no-id' text='New user?  Access Account

Forgot password?'
2026-04-20 16:46:24,918 - INFO - 
================================================================================

2026-04-20 16:46:25,507 - INFO - Login button clicked.
2026-04-20 16:46:25,512 - INFO - Taking rapid screenshots and validating pop-up...
2026-04-20 16:46:26,082 - INFO - Screenshot captured: reports\RUN_20260420_164616\screenshots\03_Popup_Immediate_1_164625.png
2026-04-20 16:46:26,083 - INFO - Screenshot 1 captured - Attempting validation...
2026-04-20 16:46:26,083 - INFO - 
================================================================================
2026-04-20 16:46:26,083 - INFO - STARTING COMPREHENSIVE POP-UP VALIDATION
2026-04-20 16:46:26,085 - INFO - ================================================================================
2026-04-20 16:46:26,118 - INFO - 
[VALIDATION 1] Checking Pop-up Visibility...
2026-04-20 16:46:26,141 - INFO -   Visibility Status: True
2026-04-20 16:46:26,145 - INFO -   PASSED: Pop-up is visible
2026-04-20 16:46:26,152 - INFO - 
[VALIDATION 2] Extracting and Validating Text Content...
2026-04-20 16:46:26,175 - INFO -   Extracted Text: 'Login Successful'
2026-04-20 16:46:26,175 - INFO -   PASSED: Text matches exactly: 'Login Successful'
2026-04-20 16:46:26,175 - INFO - 
[VALIDATION 3] Checking for Typos...
2026-04-20 16:46:26,175 - INFO -   PASSED: No known typos detected
2026-04-20 16:46:26,175 - INFO - 
[VALIDATION 4] Extracting CSS Classes and Attributes...
2026-04-20 16:46:26,202 - INFO -   CSS Classes: snackbar success-snackbar
2026-04-20 16:46:26,202 - INFO -   PASSED: 'success' class is present
2026-04-20 16:46:26,202 - INFO - 
[VALIDATION 5] Checking Element Properties...
2026-04-20 16:46:26,292 - INFO -   ID: Not set
2026-04-20 16:46:26,298 - INFO -   Data-TestID: Not set
2026-04-20 16:46:26,298 - INFO -   Role: Not set
2026-04-20 16:46:26,299 - INFO -   ARIA Label: Not set
2026-04-20 16:46:26,300 - INFO - 
[VALIDATION 6] Checking Position and Size...
2026-04-20 16:46:26,317 - INFO -   X: 1230, Y: 20
2026-04-20 16:46:26,318 - INFO -   Width: 250, Height: 43.5
2026-04-20 16:46:26,318 - INFO -   PASSED: Element has valid dimensions
2026-04-20 16:46:26,318 - INFO - 
[VALIDATION 7] Checking Computed Styles...
2026-04-20 16:46:26,357 - INFO -   Display: block
2026-04-20 16:46:26,357 - INFO -   Opacity: 1
2026-04-20 16:46:26,357 - INFO -   PASSED: Element is displayed with proper opacity
2026-04-20 16:46:26,357 - INFO - 
================================================================================
2026-04-20 16:46:26,364 - INFO - POP-UP VALIDATION SUMMARY
2026-04-20 16:46:26,364 - INFO - ================================================================================
2026-04-20 16:46:26,364 - INFO -   Visibility: PASSED
2026-04-20 16:46:26,364 - INFO -   Text Match: PASSED
2026-04-20 16:46:26,364 - INFO -   Typo Check: PASSED
2026-04-20 16:46:26,366 - INFO -   CSS Classes: Present
2026-04-20 16:46:26,366 - INFO -   Position & Size: Valid
2026-04-20 16:46:26,366 - INFO -   Computed Styles: Valid
2026-04-20 16:46:26,366 - INFO - ================================================================================

2026-04-20 16:46:26,366 - INFO - ✓ ALL VALIDATIONS PASSED - Pop-up is working correctly!
2026-04-20 16:46:26,873 - INFO - Screenshot captured: reports\RUN_20260420_164616\screenshots\03_Popup_Immediate_2_164626.png
2026-04-20 16:46:26,873 - INFO - Screenshot 2 captured - Attempting validation...
2026-04-20 16:46:26,873 - INFO - 
================================================================================
2026-04-20 16:46:26,873 - INFO - STARTING COMPREHENSIVE POP-UP VALIDATION
2026-04-20 16:46:26,873 - INFO - ================================================================================
2026-04-20 16:46:26,903 - ERROR - VALIDATION FAILED: Pop-up element not found!
2026-04-20 16:46:28,196 - INFO - Screenshot captured: reports\RUN_20260420_164616\screenshots\03_Popup_Immediate_3_164626.png
2026-04-20 16:46:28,198 - INFO - Screenshot 3 captured - Attempting validation...
2026-04-20 16:46:28,199 - INFO - 
================================================================================
2026-04-20 16:46:28,199 - INFO - STARTING COMPREHENSIVE POP-UP VALIDATION
2026-04-20 16:46:28,200 - INFO - ================================================================================
2026-04-20 16:46:28,237 - ERROR - VALIDATION FAILED: Pop-up element not found!
2026-04-20 16:46:28,370 - INFO - Logging DOM elements AFTER login click (pop-up should appear here)...
2026-04-20 16:46:28,371 - INFO - 
================================================================================
2026-04-20 16:46:28,371 - INFO - DOM SNAPSHOT AT STAGE: After_Login_Click
2026-04-20 16:46:28,371 - INFO - ================================================================================
2026-04-20 16:46:28,406 - INFO - 
Searching for pop-up elements in page content...
2026-04-20 16:46:28,745 - WARNING - ⚠ No known pop-up selectors found. Checking all visible divs...
2026-04-20 16:46:28,806 - INFO - Total DIV elements on page: 29
2026-04-20 16:46:29,031 - INFO -   Visible DIV 1: class='header-right' id='no-id' text='English
French
Spanish
Quantum Toll Authority
supe'
2026-04-20 16:46:29,139 - INFO -   Visible DIV 2: class='nav-user' id='no-id' text='Quantum Toll Authority
superadmin_qm@yopmail.com'
2026-04-20 16:46:29,297 - INFO -   Visible DIV 3: class='nav-user-info' id='no-id' text='Quantum Toll Authority
superadmin_qm@yopmail.com'
2026-04-20 16:46:29,429 - INFO -   Visible DIV 4: class='uname' id='no-id' text='Quantum Toll Authority'
2026-04-20 16:46:29,543 - INFO -   Visible DIV 5: class='urole' id='no-id' text='superadmin_qm@yopmail.com'
2026-04-20 16:46:29,675 - INFO -   Visible DIV 6: class='main-container' id='no-id' text='dashboard_2
group
decimal_increase
admin_panel_set'
2026-04-20 16:46:29,805 - INFO -   Visible DIV 7: class='inner' id='no-id' text='dashboard_2'
2026-04-20 16:46:29,931 - INFO -   Visible DIV 8: class='inner' id='no-id' text='group'
2026-04-20 16:46:30,080 - INFO -   Visible DIV 9: class='inner' id='no-id' text='decimal_increase'
2026-04-20 16:46:30,219 - INFO -   Visible DIV 10: class='inner' id='no-id' text='admin_panel_settings'
2026-04-20 16:46:30,363 - INFO -   Visible DIV 11: class='inner' id='no-id' text='nest_doorbell_visitor'
2026-04-20 16:46:30,515 - INFO -   Visible DIV 12: class='inner' id='no-id' text='key_visualizer'
2026-04-20 16:46:30,546 - INFO - 
================================================================================

2026-04-20 16:46:31,158 - INFO - Screenshot captured: reports\RUN_20260420_164616\screenshots\02_Just_After_Login_Click_164630.png
2026-04-20 16:46:31,478 - INFO - Starting Onboarding Flow Test
2026-04-20 16:46:31,480 - INFO - Starting navigation to Onboard Customer page...
2026-04-20 16:46:31,480 - INFO - Clicking Workbench icon...
2026-04-20 16:46:32,111 - INFO - Workbench menu expanded.
2026-04-20 16:46:32,112 - INFO - Clicking 'Manage Accounts' sub-menu...
2026-04-20 16:46:32,697 - INFO - 'Manage Accounts' submenu expanded.
2026-04-20 16:46:32,698 - INFO - Clicking 'Onboard a Customer' link...
2026-04-20 16:46:34,561 - INFO - Successfully navigated to Onboard Customer page.
2026-04-20 16:46:35,298 - INFO - Screenshot captured: reports\RUN_20260420_164616\screenshots\02_Onboard_Customer_Landing_164634.png
2026-04-20 16:46:35,304 - INFO - Filling Onboarding details for United States...
2026-04-20 16:49:12,000 - INFO - Test Session Started.
2026-04-20 16:49:12,003 - INFO - Navigating to Login Page: http://operator-qa.qmaastech.com/
2026-04-20 16:49:12,004 - INFO - Navigating to: http://operator-qa.qmaastech.com/
2026-04-20 16:49:14,397 - INFO - Attempting login for user: superadmin_qm@yopmail.com
2026-04-20 16:49:16,118 - INFO - Logging DOM elements BEFORE login click...
2026-04-20 16:49:16,121 - INFO - 
================================================================================
2026-04-20 16:49:16,123 - INFO - DOM SNAPSHOT AT STAGE: Before_Login
2026-04-20 16:49:16,123 - INFO - ================================================================================
2026-04-20 16:49:16,159 - INFO - 
Searching for pop-up elements in page content...
2026-04-20 16:49:16,474 - WARNING - ⚠ No known pop-up selectors found. Checking all visible divs...
2026-04-20 16:49:16,516 - INFO - Total DIV elements on page: 21
2026-04-20 16:49:16,953 - INFO -   Visible DIV 1: class='hero-pills' id='no-id' text='bolt
Real-time
smart_toy
AI-driven
hub
Multi-agenc'
2026-04-20 16:49:17,088 - INFO -   Visible DIV 2: class='auth-panel' id='no-id' text='Welcome Back

Sign in to your account to continue
'
2026-04-20 16:49:17,183 - INFO -   Visible DIV 3: class='auth-card' id='no-id' text='Welcome Back

Sign in to your account to continue
'
2026-04-20 16:49:17,253 - INFO -   Visible DIV 4: class='auth-step' id='no-id' text='Welcome Back

Sign in to your account to continue
'
2026-04-20 16:49:17,390 - INFO -   Visible DIV 5: class='field-wrap' id='no-id' text='Email ID / Username *
person'
2026-04-20 16:49:17,477 - INFO -   Visible DIV 6: class='input-shell' id='no-id' text='person'
2026-04-20 16:49:17,551 - INFO -   Visible DIV 7: class='field-wrap' id='no-id' text='Password *
lock
visibility_off'
2026-04-20 16:49:17,633 - INFO -   Visible DIV 8: class='input-shell' id='no-id' text='lock
visibility_off'
2026-04-20 16:49:17,737 - INFO -   Visible DIV 9: class='auth-bottom-links' id='no-id' text='New user?  Access Account

Forgot password?'
2026-04-20 16:49:17,782 - INFO - 
================================================================================

2026-04-20 16:49:18,365 - INFO - Login button clicked.
2026-04-20 16:49:18,367 - INFO - Taking rapid screenshots and validating pop-up...
2026-04-20 16:49:19,028 - INFO - Screenshot captured: reports\RUN_20260420_164909\screenshots\03_Popup_Immediate_1_164918.png
2026-04-20 16:49:19,028 - INFO - Screenshot 1 captured - Attempting validation...
2026-04-20 16:49:19,028 - INFO - 
================================================================================
2026-04-20 16:49:19,028 - INFO - STARTING COMPREHENSIVE POP-UP VALIDATION
2026-04-20 16:49:19,028 - INFO - ================================================================================
2026-04-20 16:49:19,064 - INFO - 
[VALIDATION 1] Checking Pop-up Visibility...
2026-04-20 16:49:19,088 - INFO -   Visibility Status: True
2026-04-20 16:49:19,088 - INFO -   PASSED: Pop-up is visible
2026-04-20 16:49:19,088 - INFO - 
[VALIDATION 2] Extracting and Validating Text Content...
2026-04-20 16:49:19,110 - INFO -   Extracted Text: 'Login Successful'
2026-04-20 16:49:19,110 - INFO -   PASSED: Text matches exactly: 'Login Successful'
2026-04-20 16:49:19,110 - INFO - 
[VALIDATION 3] Checking for Typos...
2026-04-20 16:49:19,110 - INFO -   PASSED: No known typos detected
2026-04-20 16:49:19,110 - INFO - 
[VALIDATION 4] Extracting CSS Classes and Attributes...
2026-04-20 16:49:19,148 - INFO -   CSS Classes: snackbar success-snackbar
2026-04-20 16:49:19,148 - INFO -   PASSED: 'success' class is present
2026-04-20 16:49:19,148 - INFO - 
[VALIDATION 5] Checking Element Properties...
2026-04-20 16:49:19,238 - INFO -   ID: Not set
2026-04-20 16:49:19,238 - INFO -   Data-TestID: Not set
2026-04-20 16:49:19,238 - INFO -   Role: Not set
2026-04-20 16:49:19,238 - INFO -   ARIA Label: Not set
2026-04-20 16:49:19,238 - INFO - 
[VALIDATION 6] Checking Position and Size...
2026-04-20 16:49:19,255 - INFO -   X: 1230, Y: 20
2026-04-20 16:49:19,260 - INFO -   Width: 250, Height: 43.5
2026-04-20 16:49:19,260 - INFO -   PASSED: Element has valid dimensions
2026-04-20 16:49:19,260 - INFO - 
[VALIDATION 7] Checking Computed Styles...
2026-04-20 16:49:19,303 - INFO -   Display: block
2026-04-20 16:49:19,304 - INFO -   Opacity: 1
2026-04-20 16:49:19,304 - INFO -   PASSED: Element is displayed with proper opacity
2026-04-20 16:49:19,304 - INFO - 
================================================================================
2026-04-20 16:49:19,304 - INFO - POP-UP VALIDATION SUMMARY
2026-04-20 16:49:19,304 - INFO - ================================================================================
2026-04-20 16:49:19,304 - INFO -   Visibility: PASSED
2026-04-20 16:49:19,304 - INFO -   Text Match: PASSED
2026-04-20 16:49:19,304 - INFO -   Typo Check: PASSED
2026-04-20 16:49:19,304 - INFO -   CSS Classes: Present
2026-04-20 16:49:19,304 - INFO -   Position & Size: Valid
2026-04-20 16:49:19,304 - INFO -   Computed Styles: Valid
2026-04-20 16:49:19,304 - INFO - ================================================================================

2026-04-20 16:49:19,304 - INFO - ✓ ALL VALIDATIONS PASSED - Pop-up is working correctly!
2026-04-20 16:49:19,773 - INFO - Screenshot captured: reports\RUN_20260420_164909\screenshots\03_Popup_Immediate_2_164919.png
2026-04-20 16:49:19,774 - INFO - Screenshot 2 captured - Attempting validation...
2026-04-20 16:49:19,775 - INFO - 
================================================================================
2026-04-20 16:49:19,775 - INFO - STARTING COMPREHENSIVE POP-UP VALIDATION
2026-04-20 16:49:19,776 - INFO - ================================================================================
2026-04-20 16:49:19,791 - ERROR - VALIDATION FAILED: Pop-up element not found!
2026-04-20 16:49:21,028 - INFO - Screenshot captured: reports\RUN_20260420_164909\screenshots\03_Popup_Immediate_3_164919.png
2026-04-20 16:49:21,028 - INFO - Screenshot 3 captured - Attempting validation...
2026-04-20 16:49:21,028 - INFO - 
================================================================================
2026-04-20 16:49:21,028 - INFO - STARTING COMPREHENSIVE POP-UP VALIDATION
2026-04-20 16:49:21,028 - INFO - ================================================================================
2026-04-20 16:49:21,054 - ERROR - VALIDATION FAILED: Pop-up element not found!
2026-04-20 16:49:21,192 - INFO - Logging DOM elements AFTER login click (pop-up should appear here)...
2026-04-20 16:49:21,197 - INFO - 
================================================================================
2026-04-20 16:49:21,197 - INFO - DOM SNAPSHOT AT STAGE: After_Login_Click
2026-04-20 16:49:21,197 - INFO - ================================================================================
2026-04-20 16:49:21,226 - INFO - 
Searching for pop-up elements in page content...
2026-04-20 16:49:21,567 - WARNING - ⚠ No known pop-up selectors found. Checking all visible divs...
2026-04-20 16:49:21,618 - INFO - Total DIV elements on page: 29
2026-04-20 16:49:21,851 - INFO -   Visible DIV 1: class='header-right' id='no-id' text='English
French
Spanish
Quantum Toll Authority
supe'
2026-04-20 16:49:21,979 - INFO -   Visible DIV 2: class='nav-user' id='no-id' text='Quantum Toll Authority
superadmin_qm@yopmail.com'
2026-04-20 16:49:22,156 - INFO -   Visible DIV 3: class='nav-user-info' id='no-id' text='Quantum Toll Authority
superadmin_qm@yopmail.com'
2026-04-20 16:49:22,284 - INFO -   Visible DIV 4: class='uname' id='no-id' text='Quantum Toll Authority'
2026-04-20 16:49:22,382 - INFO -   Visible DIV 5: class='urole' id='no-id' text='superadmin_qm@yopmail.com'
2026-04-20 16:49:22,489 - INFO -   Visible DIV 6: class='main-container' id='no-id' text='dashboard_2
group
decimal_increase
admin_panel_set'
2026-04-20 16:49:22,595 - INFO -   Visible DIV 7: class='inner' id='no-id' text='dashboard_2'
2026-04-20 16:49:22,713 - INFO -   Visible DIV 8: class='inner' id='no-id' text='group'
2026-04-20 16:49:22,846 - INFO -   Visible DIV 9: class='inner' id='no-id' text='decimal_increase'
2026-04-20 16:49:22,987 - INFO -   Visible DIV 10: class='inner' id='no-id' text='admin_panel_settings'
2026-04-20 16:49:23,126 - INFO -   Visible DIV 11: class='inner' id='no-id' text='nest_doorbell_visitor'
2026-04-20 16:49:23,283 - INFO -   Visible DIV 12: class='inner' id='no-id' text='key_visualizer'
2026-04-20 16:49:23,314 - INFO - 
================================================================================

2026-04-20 16:49:23,918 - INFO - Screenshot captured: reports\RUN_20260420_164909\screenshots\02_Just_After_Login_Click_164923.png
2026-04-20 16:49:24,279 - INFO - Starting Onboarding Flow Test
2026-04-20 16:49:24,282 - INFO - Starting navigation to Onboard Customer page...
2026-04-20 16:49:24,283 - INFO - Clicking Workbench icon...
2026-04-20 16:49:24,922 - INFO - Workbench menu expanded.
2026-04-20 16:49:24,922 - INFO - Clicking 'Manage Accounts' sub-menu...
2026-04-20 16:49:25,548 - INFO - 'Manage Accounts' submenu expanded.
2026-04-20 16:49:25,558 - INFO - Clicking 'Onboard a Customer' link...
2026-04-20 16:49:27,530 - INFO - Successfully navigated to Onboard Customer page.
2026-04-20 16:49:28,015 - INFO - Screenshot captured: reports\RUN_20260420_164909\screenshots\02_Onboard_Customer_Landing_164927.png
2026-04-20 16:49:28,016 - INFO - Filling Onboarding details for United States...
2026-04-20 16:53:46,107 - INFO - Test Session Started.
2026-04-20 16:53:46,110 - INFO - Navigating to Login Page: http://operator-qa.qmaastech.com/
2026-04-20 16:53:46,110 - INFO - Navigating to: http://operator-qa.qmaastech.com/
2026-04-20 16:53:48,452 - INFO - Attempting login for user: superadmin_qm@yopmail.com
2026-04-20 16:53:50,146 - INFO - Logging DOM elements BEFORE login click...
2026-04-20 16:53:50,146 - INFO - 
================================================================================
2026-04-20 16:53:50,146 - INFO - DOM SNAPSHOT AT STAGE: Before_Login
2026-04-20 16:53:50,146 - INFO - ================================================================================
2026-04-20 16:53:50,184 - INFO - 
Searching for pop-up elements in page content...
2026-04-20 16:53:50,501 - WARNING - ⚠ No known pop-up selectors found. Checking all visible divs...
2026-04-20 16:53:50,547 - INFO - Total DIV elements on page: 21
2026-04-20 16:53:51,078 - INFO -   Visible DIV 1: class='hero-pills' id='no-id' text='bolt
Real-time
smart_toy
AI-driven
hub
Multi-agenc'
2026-04-20 16:53:51,217 - INFO -   Visible DIV 2: class='auth-panel' id='no-id' text='Welcome Back

Sign in to your account to continue
'
2026-04-20 16:53:51,300 - INFO -   Visible DIV 3: class='auth-card' id='no-id' text='Welcome Back

Sign in to your account to continue
'
2026-04-20 16:53:51,397 - INFO -   Visible DIV 4: class='auth-step' id='no-id' text='Welcome Back

Sign in to your account to continue
'
2026-04-20 16:53:51,527 - INFO -   Visible DIV 5: class='field-wrap' id='no-id' text='Email ID / Username *
person'
2026-04-20 16:53:51,617 - INFO -   Visible DIV 6: class='input-shell' id='no-id' text='person'
2026-04-20 16:53:51,729 - INFO - 
================================================================================

2026-04-20 16:53:51,759 - ERROR - Login action failed: Target page, context or browser has been closed
2026-04-20 16:56:21,428 - INFO - Test Session Started.
2026-04-20 16:56:21,430 - INFO - Navigating to Login Page: http://operator-qa.qmaastech.com/
2026-04-20 16:56:21,432 - INFO - Navigating to: http://operator-qa.qmaastech.com/
2026-04-20 16:56:23,800 - INFO - Attempting login for user: superadmin_qm@yopmail.com
2026-04-20 16:56:25,518 - INFO - Logging DOM elements BEFORE login click...
2026-04-20 16:56:25,520 - INFO - 
================================================================================
2026-04-20 16:56:25,520 - INFO - DOM SNAPSHOT AT STAGE: Before_Login
2026-04-20 16:56:25,522 - INFO - ================================================================================
2026-04-20 16:56:25,549 - INFO - 
Searching for pop-up elements in page content...
2026-04-20 16:56:25,998 - WARNING - ⚠ No known pop-up selectors found. Checking all visible divs...
2026-04-20 16:56:26,053 - INFO - Total DIV elements on page: 21
2026-04-20 16:56:26,595 - INFO -   Visible DIV 1: class='hero-pills' id='no-id' text='bolt
Real-time
smart_toy
AI-driven
hub
Multi-agenc'
2026-04-20 16:56:26,757 - INFO -   Visible DIV 2: class='auth-panel' id='no-id' text='Welcome Back

Sign in to your account to continue
'
2026-04-20 16:56:26,893 - INFO -   Visible DIV 3: class='auth-card' id='no-id' text='Welcome Back

Sign in to your account to continue
'
2026-04-20 16:56:26,991 - INFO -   Visible DIV 4: class='auth-step' id='no-id' text='Welcome Back

Sign in to your account to continue
'
2026-04-20 16:56:27,132 - INFO -   Visible DIV 5: class='field-wrap' id='no-id' text='Email ID / Username *
person'
2026-04-20 16:56:27,232 - INFO -   Visible DIV 6: class='input-shell' id='no-id' text='person'
2026-04-20 16:56:27,337 - INFO -   Visible DIV 7: class='field-wrap' id='no-id' text='Password *
lock
visibility_off'
2026-04-20 16:56:27,427 - INFO -   Visible DIV 8: class='input-shell' id='no-id' text='lock
visibility_off'
2026-04-20 16:56:27,521 - INFO -   Visible DIV 9: class='auth-bottom-links' id='no-id' text='New user?  Access Account

Forgot password?'
2026-04-20 16:56:27,578 - INFO - 
================================================================================

2026-04-20 16:56:28,162 - INFO - Login button clicked.
2026-04-20 16:56:28,163 - INFO - Taking rapid screenshots and validating pop-up...
2026-04-20 16:56:28,888 - INFO - Screenshot captured: reports\RUN_20260420_165619\screenshots\03_Popup_Immediate_1_165628.png
2026-04-20 16:56:28,888 - INFO - Screenshot 1 captured - Attempting validation...
2026-04-20 16:56:28,888 - INFO - 
================================================================================
2026-04-20 16:56:28,888 - INFO - STARTING COMPREHENSIVE POP-UP VALIDATION
2026-04-20 16:56:28,888 - INFO - ================================================================================
2026-04-20 16:56:28,919 - INFO - 
[VALIDATION 1] Checking Pop-up Visibility...
2026-04-20 16:56:28,949 - INFO -   Visibility Status: True
2026-04-20 16:56:28,951 - INFO -   PASSED: Pop-up is visible
2026-04-20 16:56:28,951 - INFO - 
[VALIDATION 2] Extracting and Validating Text Content...
2026-04-20 16:56:28,981 - INFO -   Extracted Text: 'Login Successful'
2026-04-20 16:56:28,982 - INFO -   PASSED: Text matches exactly: 'Login Successful'
2026-04-20 16:56:28,982 - INFO - 
[VALIDATION 3] Checking for Typos...
2026-04-20 16:56:28,982 - INFO -   PASSED: No known typos detected
2026-04-20 16:56:28,982 - INFO - 
[VALIDATION 4] Extracting CSS Classes and Attributes...
2026-04-20 16:56:29,004 - INFO -   CSS Classes: snackbar success-snackbar
2026-04-20 16:56:29,004 - INFO -   PASSED: 'success' class is present
2026-04-20 16:56:29,010 - INFO - 
[VALIDATION 5] Checking Element Properties...
2026-04-20 16:56:29,099 - INFO -   ID: Not set
2026-04-20 16:56:29,099 - INFO -   Data-TestID: Not set
2026-04-20 16:56:29,099 - INFO -   Role: Not set
2026-04-20 16:56:29,099 - INFO -   ARIA Label: Not set
2026-04-20 16:56:29,099 - INFO - 
[VALIDATION 6] Checking Position and Size...
2026-04-20 16:56:29,125 - INFO -   X: 1230, Y: 20
2026-04-20 16:56:29,125 - INFO -   Width: 250, Height: 43.5
2026-04-20 16:56:29,129 - INFO -   PASSED: Element has valid dimensions
2026-04-20 16:56:29,129 - INFO - 
[VALIDATION 7] Checking Computed Styles...
2026-04-20 16:56:29,313 - ERROR - Validation error: TypeError: Failed to execute 'getComputedStyle' on 'Window': parameter 1 is not of type 'Element'.
    at eval (eval at evaluate (:226:30), <anonymous>:1:8)
    at eval (<anonymous>)
    at UtilityScript.evaluate (<anonymous>:226:30)
    at UtilityScript.<anonymous> (<anonymous>:1:44)
2026-04-20 16:56:29,317 - WARNING -   WARNING: Could not check computed styles - element may have disappeared
2026-04-20 16:56:29,319 - INFO - 
================================================================================
2026-04-20 16:56:29,321 - INFO - POP-UP VALIDATION SUMMARY
2026-04-20 16:56:29,325 - INFO - ================================================================================
2026-04-20 16:56:29,325 - INFO -   Visibility: PASSED
2026-04-20 16:56:29,325 - INFO -   Text Match: PASSED
2026-04-20 16:56:29,327 - INFO -   Typo Check: PASSED
2026-04-20 16:56:29,327 - INFO -   CSS Classes: Present
2026-04-20 16:56:29,327 - INFO -   Position & Size: Valid
2026-04-20 16:56:29,329 - INFO -   Computed Styles: Valid
2026-04-20 16:56:29,331 - INFO - ================================================================================

2026-04-20 16:56:29,332 - INFO - ✓ ALL VALIDATIONS PASSED - Pop-up is working correctly!
2026-04-20 16:56:31,320 - INFO - Screenshot captured: reports\RUN_20260420_165619\screenshots\03_Popup_Immediate_2_165629.png
2026-04-20 16:56:31,321 - INFO - Screenshot 2 captured - Attempting validation...
2026-04-20 16:56:31,321 - INFO - 
================================================================================
2026-04-20 16:56:31,321 - INFO - STARTING COMPREHENSIVE POP-UP VALIDATION
2026-04-20 16:56:31,321 - INFO - ================================================================================
2026-04-20 16:56:31,349 - ERROR - VALIDATION FAILED: Pop-up element not found!
2026-04-20 16:56:31,859 - INFO - Screenshot captured: reports\RUN_20260420_165619\screenshots\03_Popup_Immediate_3_165631.png
2026-04-20 16:56:31,860 - INFO - Screenshot 3 captured - Attempting validation...
2026-04-20 16:56:31,861 - INFO - 
================================================================================
2026-04-20 16:56:31,861 - INFO - STARTING COMPREHENSIVE POP-UP VALIDATION
2026-04-20 16:56:31,861 - INFO - ================================================================================
2026-04-20 16:56:31,903 - ERROR - VALIDATION FAILED: Pop-up element not found!
2026-04-20 16:56:32,055 - INFO - Logging DOM elements AFTER login click (pop-up should appear here)...
2026-04-20 16:56:32,056 - INFO - 
================================================================================
2026-04-20 16:56:32,056 - INFO - DOM SNAPSHOT AT STAGE: After_Login_Click
2026-04-20 16:56:32,057 - INFO - ================================================================================
2026-04-20 16:56:32,103 - INFO - 
Searching for pop-up elements in page content...
2026-04-20 16:56:32,521 - WARNING - ⚠ No known pop-up selectors found. Checking all visible divs...
2026-04-20 16:56:32,582 - INFO - Total DIV elements on page: 29
2026-04-20 16:56:32,859 - INFO -   Visible DIV 1: class='header-right' id='no-id' text='English
French
Spanish
Quantum Toll Authority
supe'
2026-04-20 16:56:32,994 - INFO -   Visible DIV 2: class='nav-user' id='no-id' text='Quantum Toll Authority
superadmin_qm@yopmail.com'
2026-04-20 16:56:33,205 - INFO -   Visible DIV 3: class='nav-user-info' id='no-id' text='Quantum Toll Authority
superadmin_qm@yopmail.com'
2026-04-20 16:56:33,339 - INFO -   Visible DIV 4: class='uname' id='no-id' text='Quantum Toll Authority'
2026-04-20 16:56:33,471 - INFO -   Visible DIV 5: class='urole' id='no-id' text='superadmin_qm@yopmail.com'
2026-04-20 16:56:33,616 - INFO -   Visible DIV 6: class='main-container' id='no-id' text='dashboard_2
group
decimal_increase
admin_panel_set'
2026-04-20 16:56:33,734 - INFO -   Visible DIV 7: class='inner' id='no-id' text='dashboard_2'
2026-04-20 16:56:33,867 - INFO -   Visible DIV 8: class='inner' id='no-id' text='group'
2026-04-20 16:56:34,023 - INFO -   Visible DIV 9: class='inner' id='no-id' text='decimal_increase'
2026-04-20 16:56:34,180 - INFO -   Visible DIV 10: class='inner' id='no-id' text='admin_panel_settings'
2026-04-20 16:56:34,338 - INFO -   Visible DIV 11: class='inner' id='no-id' text='nest_doorbell_visitor'
2026-04-20 16:56:34,481 - INFO -   Visible DIV 12: class='inner' id='no-id' text='key_visualizer'
2026-04-20 16:56:34,507 - INFO - 
================================================================================

2026-04-20 16:56:34,727 - INFO - Screenshot captured: reports\RUN_20260420_165619\screenshots\02_Just_After_Login_Click_165634.png
2026-04-20 16:56:35,038 - INFO - Starting Onboarding Flow Test
2026-04-20 16:56:35,038 - INFO - Starting navigation to Onboard Customer page...
2026-04-20 16:56:35,038 - INFO - Clicking Workbench icon...
2026-04-20 16:56:35,676 - INFO - Workbench menu expanded.
2026-04-20 16:56:35,677 - INFO - Clicking 'Manage Accounts' sub-menu...
2026-04-20 16:56:36,283 - INFO - 'Manage Accounts' submenu expanded.
2026-04-20 16:56:36,285 - INFO - Clicking 'Onboard a Customer' link...
2026-04-20 16:56:37,954 - INFO - Successfully navigated to Onboard Customer page.
2026-04-20 16:56:38,648 - INFO - Screenshot captured: reports\RUN_20260420_165619\screenshots\02_Onboard_Customer_Landing_165637.png
2026-04-20 16:56:38,650 - INFO - Filling Onboarding details for United States...
2026-04-20 16:56:38,654 - WARNING - ⚠️ CSV headers invalid. Recreating file...
2026-04-20 16:56:41,197 - INFO - Selected Revenue Category
2026-04-20 16:56:42,380 - INFO - Selected Payment Model: PREPAID
2026-04-20 16:56:43,781 - INFO - Filled First Name: Bhavin
2026-04-20 16:56:45,215 - INFO - Filled Middle Name: QA Team
2026-04-20 16:56:46,597 - INFO - Filled Last Name: Hayre
2026-04-20 16:56:47,778 - INFO - Checked: Use Same for Billing
2026-04-20 16:56:48,924 - INFO - Checked: Use Same for Shipping
2026-04-20 16:56:54,065 - INFO - Filled Address: 123 Automation Way
2026-04-20 16:56:55,449 - INFO - Filled Zip Code: 12345
2026-04-20 16:56:57,398 - INFO - Filled Unique Phone Number: 8648731091
2026-04-20 16:56:58,829 - INFO - Filled Email: bhavin.hayre@testmail.com
2026-04-20 16:57:00,233 - INFO - Filled Confirm Email: bhavin.hayre@testmail.com
2026-04-20 16:57:00,235 - INFO - Clicking 'Save & Next'...
2026-04-20 16:57:16,928 - ERROR - Verification failed: Timeout 15000ms exceeded.
2026-04-20 17:04:13,284 - INFO - Test Session Started.
2026-04-20 17:04:13,288 - INFO - Navigating to Login Page: http://operator-qa.qmaastech.com/
2026-04-20 17:04:13,289 - INFO - Navigating to: http://operator-qa.qmaastech.com/
2026-04-20 17:04:16,001 - INFO - Attempting login for user: superadmin_qm@yopmail.com
2026-04-20 17:04:17,699 - INFO - Logging DOM elements BEFORE login click...
2026-04-20 17:04:17,699 - INFO - 
================================================================================
2026-04-20 17:04:17,699 - INFO - DOM SNAPSHOT AT STAGE: Before_Login
2026-04-20 17:04:17,699 - INFO - ================================================================================
2026-04-20 17:04:17,723 - INFO - 
Searching for pop-up elements in page content...
2026-04-20 17:04:18,025 - WARNING - ⚠ No known pop-up selectors found. Checking all visible divs...
2026-04-20 17:04:18,057 - INFO - Total DIV elements on page: 21
2026-04-20 17:04:18,764 - INFO -   Visible DIV 1: class='hero-pills' id='no-id' text='bolt
Real-time
smart_toy
AI-driven
hub
Multi-agenc'
2026-04-20 17:04:18,984 - INFO -   Visible DIV 2: class='auth-panel' id='no-id' text='Welcome Back

Sign in to your account to continue
'
2026-04-20 17:04:19,099 - INFO -   Visible DIV 3: class='auth-card' id='no-id' text='Welcome Back

Sign in to your account to continue
'
2026-04-20 17:04:19,192 - INFO -   Visible DIV 4: class='auth-step' id='no-id' text='Welcome Back

Sign in to your account to continue
'
2026-04-20 17:04:19,400 - INFO -   Visible DIV 5: class='field-wrap' id='no-id' text='Email ID / Username *
person'
2026-04-20 17:04:19,536 - INFO -   Visible DIV 6: class='input-shell' id='no-id' text='person'
2026-04-20 17:04:19,617 - INFO -   Visible DIV 7: class='field-wrap' id='no-id' text='Password *
lock
visibility_off'
2026-04-20 17:04:19,741 - INFO -   Visible DIV 8: class='input-shell' id='no-id' text='lock
visibility_off'
2026-04-20 17:04:19,848 - INFO -   Visible DIV 9: class='auth-bottom-links' id='no-id' text='New user?  Access Account

Forgot password?'
2026-04-20 17:04:19,906 - INFO - 
================================================================================

2026-04-20 17:04:20,503 - INFO - Login button clicked.
2026-04-20 17:04:20,508 - INFO - Taking rapid screenshots and validating pop-up...
2026-04-20 17:04:21,158 - INFO - Screenshot captured: reports\RUN_20260420_170410\screenshots\03_Popup_Immediate_1_170420.png
2026-04-20 17:04:21,158 - INFO - Screenshot 1 captured - Attempting validation...
2026-04-20 17:04:21,160 - INFO - 
================================================================================
2026-04-20 17:04:21,160 - INFO - STARTING COMPREHENSIVE POP-UP VALIDATION
2026-04-20 17:04:21,160 - INFO - ================================================================================
2026-04-20 17:04:21,192 - INFO - 
[VALIDATION 1] Checking Pop-up Visibility...
2026-04-20 17:04:21,223 - INFO -   Visibility Status: True
2026-04-20 17:04:21,224 - INFO -   PASSED: Pop-up is visible
2026-04-20 17:04:21,225 - INFO - 
[VALIDATION 2] Extracting and Validating Text Content...
2026-04-20 17:04:21,241 - INFO -   Extracted Text: 'Login Successful'
2026-04-20 17:04:21,241 - INFO -   PASSED: Text matches exactly: 'Login Successful'
2026-04-20 17:04:21,241 - INFO - 
[VALIDATION 3] Checking for Typos...
2026-04-20 17:04:21,241 - INFO -   PASSED: No known typos detected
2026-04-20 17:04:21,241 - INFO - 
[VALIDATION 4] Extracting CSS Classes and Attributes...
2026-04-20 17:04:21,276 - INFO -   CSS Classes: snackbar success-snackbar
2026-04-20 17:04:21,276 - INFO -   PASSED: 'success' class is present
2026-04-20 17:04:21,276 - INFO - 
[VALIDATION 5] Checking Element Properties...
2026-04-20 17:04:21,361 - INFO -   ID: Not set
2026-04-20 17:04:21,361 - INFO -   Data-TestID: Not set
2026-04-20 17:04:21,361 - INFO -   Role: Not set
2026-04-20 17:04:21,361 - INFO -   ARIA Label: Not set
2026-04-20 17:04:21,373 - INFO - 
[VALIDATION 6] Checking Position and Size...
2026-04-20 17:04:21,394 - INFO -   X: 1230, Y: 20
2026-04-20 17:04:21,394 - INFO -   Width: 250, Height: 43.5
2026-04-20 17:04:21,394 - INFO -   PASSED: Element has valid dimensions
2026-04-20 17:04:21,394 - INFO - 
[VALIDATION 7] Checking Computed Styles...
2026-04-20 17:04:21,441 - INFO -   Display: block
2026-04-20 17:04:21,441 - INFO -   Opacity: 1
2026-04-20 17:04:21,441 - INFO -   PASSED: Element is displayed with proper opacity
2026-04-20 17:04:21,441 - INFO - 
================================================================================
2026-04-20 17:04:21,441 - INFO - POP-UP VALIDATION SUMMARY
2026-04-20 17:04:21,441 - INFO - ================================================================================
2026-04-20 17:04:21,441 - INFO -   Visibility: PASSED
2026-04-20 17:04:21,441 - INFO -   Text Match: PASSED
2026-04-20 17:04:21,441 - INFO -   Typo Check: PASSED
2026-04-20 17:04:21,441 - INFO -   CSS Classes: Present
2026-04-20 17:04:21,441 - INFO -   Position & Size: Valid
2026-04-20 17:04:21,441 - INFO -   Computed Styles: Valid
2026-04-20 17:04:21,441 - INFO - ================================================================================

2026-04-20 17:04:21,441 - INFO - ✓ ALL VALIDATIONS PASSED - Pop-up is working correctly!
2026-04-20 17:04:21,881 - INFO - Screenshot captured: reports\RUN_20260420_170410\screenshots\03_Popup_Immediate_2_170421.png
2026-04-20 17:04:21,882 - INFO - Screenshot 2 captured - Attempting validation...
2026-04-20 17:04:21,882 - INFO - 
================================================================================
2026-04-20 17:04:21,883 - INFO - STARTING COMPREHENSIVE POP-UP VALIDATION
2026-04-20 17:04:21,884 - INFO - ================================================================================
2026-04-20 17:04:21,911 - ERROR - VALIDATION FAILED: Pop-up element not found!
2026-04-20 17:04:23,181 - INFO - Screenshot captured: reports\RUN_20260420_170410\screenshots\03_Popup_Immediate_3_170421.png
2026-04-20 17:04:23,182 - INFO - Screenshot 3 captured - Attempting validation...
2026-04-20 17:04:23,183 - INFO - 
================================================================================
2026-04-20 17:04:23,183 - INFO - STARTING COMPREHENSIVE POP-UP VALIDATION
2026-04-20 17:04:23,184 - INFO - ================================================================================
2026-04-20 17:04:23,210 - ERROR - VALIDATION FAILED: Pop-up element not found!
2026-04-20 17:04:23,341 - INFO - Logging DOM elements AFTER login click (pop-up should appear here)...
2026-04-20 17:04:23,345 - INFO - 
================================================================================
2026-04-20 17:04:23,346 - INFO - DOM SNAPSHOT AT STAGE: After_Login_Click
2026-04-20 17:04:23,346 - INFO - ================================================================================
2026-04-20 17:04:23,379 - INFO - 
Searching for pop-up elements in page content...
2026-04-20 17:04:23,755 - WARNING - ⚠ No known pop-up selectors found. Checking all visible divs...
2026-04-20 17:04:23,817 - INFO - Total DIV elements on page: 29
2026-04-20 17:04:24,053 - INFO -   Visible DIV 1: class='header-right' id='no-id' text='English
French
Spanish
Quantum Toll Authority
supe'
2026-04-20 17:04:24,167 - INFO -   Visible DIV 2: class='nav-user' id='no-id' text='Quantum Toll Authority
superadmin_qm@yopmail.com'
2026-04-20 17:04:24,323 - INFO -   Visible DIV 3: class='nav-user-info' id='no-id' text='Quantum Toll Authority
superadmin_qm@yopmail.com'
2026-04-20 17:04:24,437 - INFO -   Visible DIV 4: class='uname' id='no-id' text='Quantum Toll Authority'
2026-04-20 17:04:24,570 - INFO -   Visible DIV 5: class='urole' id='no-id' text='superadmin_qm@yopmail.com'
2026-04-20 17:04:24,700 - INFO -   Visible DIV 6: class='main-container' id='no-id' text='dashboard_2
group
decimal_increase
admin_panel_set'
2026-04-20 17:04:24,811 - INFO -   Visible DIV 7: class='inner' id='no-id' text='dashboard_2'
2026-04-20 17:04:24,924 - INFO -   Visible DIV 8: class='inner' id='no-id' text='group'
2026-04-20 17:04:25,048 - INFO -   Visible DIV 9: class='inner' id='no-id' text='decimal_increase'
2026-04-20 17:04:25,182 - INFO -   Visible DIV 10: class='inner' id='no-id' text='admin_panel_settings'
2026-04-20 17:04:25,317 - INFO -   Visible DIV 11: class='inner' id='no-id' text='nest_doorbell_visitor'
2026-04-20 17:04:25,454 - INFO -   Visible DIV 12: class='inner' id='no-id' text='key_visualizer'
2026-04-20 17:04:25,478 - INFO - 
================================================================================

2026-04-20 17:04:25,910 - INFO - Screenshot captured: reports\RUN_20260420_170410\screenshots\02_Just_After_Login_Click_170425.png
2026-04-20 17:04:26,166 - INFO - Starting Onboarding Flow Test
2026-04-20 17:04:26,173 - INFO - Starting navigation to Onboard Customer page...
2026-04-20 17:04:26,173 - INFO - Clicking Workbench icon...
2026-04-20 17:04:26,796 - INFO - Workbench menu expanded.
2026-04-20 17:04:26,797 - INFO - Clicking 'Manage Accounts' sub-menu...
2026-04-20 17:04:27,420 - INFO - 'Manage Accounts' submenu expanded.
2026-04-20 17:04:27,421 - INFO - Clicking 'Onboard a Customer' link...
2026-04-20 17:04:28,733 - INFO - Successfully navigated to Onboard Customer page.
2026-04-20 17:04:29,215 - INFO - Screenshot captured: reports\RUN_20260420_170410\screenshots\02_Onboard_Customer_Landing_170428.png
2026-04-20 17:04:29,216 - INFO - Filling Onboarding details for United States...
2026-04-20 17:04:31,794 - INFO - Selected Revenue Category
2026-04-20 17:04:32,979 - INFO - Selected Payment Model: PREPAID
2026-04-20 17:04:34,404 - INFO - Filled First Name: Samaira
2026-04-20 17:04:35,889 - INFO - Filled Middle Name: QATeam
2026-04-20 17:04:37,289 - INFO - Filled Last Name: Chacko
2026-04-20 17:04:38,459 - INFO - Checked: Use Same for Billing
2026-04-20 17:04:39,607 - INFO - Checked: Use Same for Shipping
2026-04-20 17:04:44,743 - INFO - Filled Address: 123 Automation Way
2026-04-20 17:04:46,192 - INFO - Filled Zip Code: 12345
2026-04-20 17:04:48,145 - INFO - Filled Unique Phone Number: 7174668668
2026-04-20 17:04:49,559 - INFO - Filled Email: samaira.chacko@testmail.com
2026-04-20 17:04:50,992 - INFO - Filled Confirm Email: samaira.chacko@testmail.com
2026-04-20 17:04:50,993 - INFO - Clicking 'Save & Next'...
2026-04-20 17:04:52,652 - INFO - Successfully verified Step 1 for: Samaira Chacko
2026-04-20 17:04:52,696 - INFO - Retrieved Temporary Account ID: 1000004286
2026-04-20 17:04:52,696 - INFO - Step 1 Success. ID: 1000004286
2026-04-20 17:04:52,696 - INFO - Starting Step 2: Adding 2 Vehicle(s)...
2026-04-20 17:04:54,087 - INFO - Filled Plate Number 1: QA2049GP
2026-04-20 17:05:00,755 - INFO - Filled Plate Start Date: 2026-04-20
2026-04-20 17:05:14,556 - INFO - Vehicle 1 added.
2026-04-20 17:05:15,945 - INFO - Filled Plate Number 2: QA2022GP
2026-04-20 17:05:22,603 - INFO - Filled Plate Start Date: 2026-04-20
2026-04-20 17:05:36,336 - INFO - Vehicle 2 added.
2026-04-20 17:05:37,367 - INFO - Chatbot icon hidden via CSS injection.
2026-04-20 17:05:38,511 - INFO - Captured Permanent Account Number: 2000003812
2026-04-20 17:05:38,511 - INFO - Starting Step 3: Payment Information...
2026-04-20 17:05:38,516 - INFO - Activating 'Save and Pay' tab...
2026-04-20 17:05:40,074 - INFO - Selecting 'Credit Card'...
2026-04-20 17:05:41,761 - INFO - Opening 'Add Payment Method' modal for Card 1...
2026-04-20 17:05:43,459 - INFO - Filled Cardholder Name: CardOne
2026-04-20 17:05:45,164 - INFO - Filled Card Number: 3112831288346998
2026-04-20 17:05:46,857 - INFO - Filled Expiry Date: 04/28
2026-04-20 17:05:48,552 - INFO - Filled CVV: 920
2026-04-20 17:05:48,552 - INFO - Clicking 'Add Card' submit for CardOne...
2026-04-20 17:05:50,242 - INFO - Selecting the first Credit Card from the list...
2026-04-20 17:05:51,357 - INFO - Clicking 'Preview and Pay'...
2026-04-20 17:05:52,586 - INFO - Waiting for Payment Summary card...
2026-04-20 17:05:53,413 - INFO - ✅ Step 3 (Payment & Summary) complete.
2026-04-20 17:05:53,413 - INFO - Starting Final Confirmation Modal...
2026-04-20 17:05:53,413 - INFO - Waiting for Payment Confirmation modal...
2026-04-20 17:05:53,559 - INFO - Clicking the final 'Pay' button inside the Confirmation Modal...
2026-04-20 17:05:56,278 - INFO - ✅ Account onboarding completed successfully.
2026-04-20 17:05:56,283 - INFO - Finalizing process: Clicking 'Account Summary' button...
2026-04-20 17:05:57,125 - INFO - ✅ Navigating to Account Summary page.
2026-04-20 17:05:57,125 - INFO - Test completed successfully.
