2026-05-05 12:55:03,453 - INFO - Navigating to Login Page: http://operator-qa.qmaastech.com/
2026-05-05 12:55:07,151 - INFO - Attempting login for user: superadmin_qm@yopmail.com
2026-05-05 12:55:09,204 - INFO - Logging DOM elements BEFORE login click...
2026-05-05 12:55:09,206 - INFO - 
================================================================================
2026-05-05 12:55:09,209 - INFO - DOM SNAPSHOT AT STAGE: Before_Login
2026-05-05 12:55:09,211 - INFO - ================================================================================
2026-05-05 12:55:09,285 - INFO - 
Searching for pop-up elements in page content...
2026-05-05 12:55:09,928 - WARNING - ⚠ No known pop-up selectors found. Checking all visible divs...
2026-05-05 12:55:09,995 - INFO - Total DIV elements on page: 21
2026-05-05 12:55:11,291 - INFO -   Visible DIV 1: class='hero-pills' id='no-id' text='bolt
Real-time
smart_toy
AI-driven
hub
Multi-agenc'
2026-05-05 12:55:11,572 - INFO -   Visible DIV 2: class='auth-panel' id='no-id' text='Welcome Back

Sign in to your account to continue
'
2026-05-05 12:55:11,704 - INFO -   Visible DIV 3: class='auth-card' id='no-id' text='Welcome Back

Sign in to your account to continue
'
2026-05-05 12:55:11,821 - INFO -   Visible DIV 4: class='auth-step' id='no-id' text='Welcome Back

Sign in to your account to continue
'
2026-05-05 12:55:12,055 - INFO -   Visible DIV 5: class='field-wrap' id='no-id' text='Email ID / Username *
person'
2026-05-05 12:55:12,189 - INFO -   Visible DIV 6: class='input-shell' id='no-id' text='person'
2026-05-05 12:55:12,340 - INFO -   Visible DIV 7: class='field-wrap' id='no-id' text='Password *
lock
visibility_off'
2026-05-05 12:55:12,517 - INFO -   Visible DIV 8: class='input-shell' id='no-id' text='lock
visibility_off'
2026-05-05 12:55:12,720 - INFO -   Visible DIV 9: class='auth-bottom-links' id='no-id' text='New user?  Access Account

Forgot password?'
2026-05-05 12:55:12,797 - INFO - 
================================================================================

2026-05-05 12:55:13,402 - INFO - Login button clicked.
2026-05-05 12:55:13,406 - INFO - Taking rapid screenshots and validating pop-up...
2026-05-05 12:55:14,603 - INFO - Screenshot 1 captured - Attempting validation...
2026-05-05 12:55:14,604 - INFO - 
================================================================================
2026-05-05 12:55:14,607 - INFO - STARTING COMPREHENSIVE POP-UP VALIDATION
2026-05-05 12:55:14,612 - INFO - ================================================================================
2026-05-05 12:55:14,951 - ERROR - VALIDATION FAILED: Pop-up element not found!
2026-05-05 12:55:16,946 - INFO - Screenshot 2 captured - Attempting validation...
2026-05-05 12:55:16,947 - INFO - 
================================================================================
2026-05-05 12:55:16,947 - INFO - STARTING COMPREHENSIVE POP-UP VALIDATION
2026-05-05 12:55:16,948 - INFO - ================================================================================
2026-05-05 12:55:17,000 - ERROR - VALIDATION FAILED: Pop-up element not found!
2026-05-05 12:55:17,423 - INFO - Screenshot 3 captured - Attempting validation...
2026-05-05 12:55:17,424 - INFO - 
================================================================================
2026-05-05 12:55:17,424 - INFO - STARTING COMPREHENSIVE POP-UP VALIDATION
2026-05-05 12:55:17,425 - INFO - ================================================================================
2026-05-05 12:55:17,474 - ERROR - VALIDATION FAILED: Pop-up element not found!
2026-05-05 12:55:17,613 - INFO - Logging DOM elements AFTER login click (pop-up should appear here)...
2026-05-05 12:55:17,614 - INFO - 
================================================================================
2026-05-05 12:55:17,614 - INFO - DOM SNAPSHOT AT STAGE: After_Login_Click
2026-05-05 12:55:17,617 - INFO - ================================================================================
2026-05-05 12:55:17,654 - INFO - 
Searching for pop-up elements in page content...
2026-05-05 12:55:18,325 - WARNING - ⚠ No known pop-up selectors found. Checking all visible divs...
2026-05-05 12:55:18,531 - INFO - Total DIV elements on page: 29
2026-05-05 12:55:19,599 - INFO -   Visible DIV 1: class='header-right' id='no-id' text='English
French
Spanish
Quantum Toll Authority
supe'
2026-05-05 12:55:20,033 - INFO -   Visible DIV 2: class='nav-user' id='no-id' text='Quantum Toll Authority
superadmin_qm@yopmail.com'
2026-05-05 12:55:20,330 - INFO -   Visible DIV 3: class='nav-user-info' id='no-id' text='Quantum Toll Authority
superadmin_qm@yopmail.com'
2026-05-05 12:55:20,562 - INFO -   Visible DIV 4: class='uname' id='no-id' text='Quantum Toll Authority'
2026-05-05 12:55:20,781 - INFO -   Visible DIV 5: class='urole' id='no-id' text='superadmin_qm@yopmail.com'
2026-05-05 12:55:20,964 - INFO -   Visible DIV 6: class='main-container' id='no-id' text='dashboard_2
group
decimal_increase
admin_panel_set'
2026-05-05 12:55:21,148 - INFO -   Visible DIV 7: class='inner' id='no-id' text='dashboard_2'
2026-05-05 12:55:21,322 - INFO -   Visible DIV 8: class='inner' id='no-id' text='group'
2026-05-05 12:55:21,524 - INFO -   Visible DIV 9: class='inner' id='no-id' text='decimal_increase'
2026-05-05 12:55:21,809 - INFO -   Visible DIV 10: class='inner' id='no-id' text='admin_panel_settings'
2026-05-05 12:55:22,035 - INFO -   Visible DIV 11: class='inner' id='no-id' text='nest_doorbell_visitor'
2026-05-05 12:55:22,276 - INFO -   Visible DIV 12: class='inner' id='no-id' text='key_visualizer'
2026-05-05 12:55:22,328 - INFO - 
================================================================================

2026-05-05 12:55:22,643 - INFO - Waiting for dashboard URL...
2026-05-05 12:55:22,645 - INFO - 
================================================================================
2026-05-05 12:55:22,646 - INFO - DOM SNAPSHOT AT STAGE: Before_Dashboard_Navigation
2026-05-05 12:55:22,648 - INFO - ================================================================================
2026-05-05 12:55:22,763 - INFO - 
Searching for pop-up elements in page content...
2026-05-05 12:55:23,221 - WARNING - ⚠ No known pop-up selectors found. Checking all visible divs...
2026-05-05 12:55:23,327 - INFO - Total DIV elements on page: 29
2026-05-05 12:55:23,723 - INFO -   Visible DIV 1: class='header-right' id='no-id' text='English
French
Spanish
Quantum Toll Authority
supe'
2026-05-05 12:55:23,989 - INFO -   Visible DIV 2: class='nav-user' id='no-id' text='Quantum Toll Authority
superadmin_qm@yopmail.com'
2026-05-05 12:55:24,389 - INFO -   Visible DIV 3: class='nav-user-info' id='no-id' text='Quantum Toll Authority
superadmin_qm@yopmail.com'
2026-05-05 12:55:24,623 - INFO -   Visible DIV 4: class='uname' id='no-id' text='Quantum Toll Authority'
2026-05-05 12:55:24,855 - INFO -   Visible DIV 5: class='urole' id='no-id' text='superadmin_qm@yopmail.com'
2026-05-05 12:55:25,123 - INFO -   Visible DIV 6: class='main-container' id='no-id' text='dashboard_2
group
decimal_increase
admin_panel_set'
2026-05-05 12:55:25,426 - INFO -   Visible DIV 7: class='inner' id='no-id' text='dashboard_2'
2026-05-05 12:55:25,639 - INFO -   Visible DIV 8: class='inner' id='no-id' text='group'
2026-05-05 12:55:25,956 - INFO -   Visible DIV 9: class='inner' id='no-id' text='decimal_increase'
2026-05-05 12:55:26,256 - INFO -   Visible DIV 10: class='inner' id='no-id' text='admin_panel_settings'
2026-05-05 12:55:26,520 - INFO -   Visible DIV 11: class='inner' id='no-id' text='nest_doorbell_visitor'
2026-05-05 12:55:26,788 - INFO -   Visible DIV 12: class='inner' id='no-id' text='key_visualizer'
2026-05-05 12:55:26,838 - INFO - 
================================================================================

2026-05-05 12:55:26,923 - INFO - Login SUCCESS: Dashboard URL reached.
2026-05-05 12:55:27,489 - INFO - 
================================================================================
2026-05-05 12:55:27,491 - INFO - DOM SNAPSHOT AT STAGE: After_Dashboard_Loaded
2026-05-05 12:55:27,492 - INFO - ================================================================================
2026-05-05 12:55:27,572 - INFO - 
Searching for pop-up elements in page content...
2026-05-05 12:55:28,189 - WARNING - ⚠ No known pop-up selectors found. Checking all visible divs...
2026-05-05 12:55:28,340 - INFO - Total DIV elements on page: 29
2026-05-05 12:55:28,820 - INFO -   Visible DIV 1: class='header-right' id='no-id' text='English
French
Spanish
Quantum Toll Authority
supe'
2026-05-05 12:55:28,987 - INFO -   Visible DIV 2: class='nav-user' id='no-id' text='Quantum Toll Authority
superadmin_qm@yopmail.com'
2026-05-05 12:55:29,290 - INFO -   Visible DIV 3: class='nav-user-info' id='no-id' text='Quantum Toll Authority
superadmin_qm@yopmail.com'
2026-05-05 12:55:29,555 - INFO -   Visible DIV 4: class='uname' id='no-id' text='Quantum Toll Authority'
2026-05-05 12:55:29,802 - INFO -   Visible DIV 5: class='urole' id='no-id' text='superadmin_qm@yopmail.com'
2026-05-05 12:55:30,021 - INFO -   Visible DIV 6: class='main-container' id='no-id' text='dashboard_2
group
decimal_increase
admin_panel_set'
2026-05-05 12:55:30,341 - INFO -   Visible DIV 7: class='inner' id='no-id' text='dashboard_2'
2026-05-05 12:55:30,652 - INFO -   Visible DIV 8: class='inner' id='no-id' text='group'
2026-05-05 12:55:31,025 - INFO -   Visible DIV 9: class='inner' id='no-id' text='decimal_increase'
2026-05-05 12:55:31,253 - INFO -   Visible DIV 10: class='inner' id='no-id' text='admin_panel_settings'
2026-05-05 12:55:31,555 - INFO -   Visible DIV 11: class='inner' id='no-id' text='nest_doorbell_visitor'
2026-05-05 12:55:31,845 - INFO -   Visible DIV 12: class='inner' id='no-id' text='key_visualizer'
2026-05-05 12:55:31,907 - INFO - 
================================================================================

2026-05-05 12:55:31,909 - INFO - Checking for dashboard header 'Welcome to QM Toll portal!'...
2026-05-05 12:55:32,107 - INFO - ✅ Dashboard header found with selector: h4:has-text("Welcome to QM Toll portal!")
2026-05-05 12:55:32,120 - INFO -    Header text: 'Welcome to QM Toll portal!'
2026-05-05 12:55:32,122 - INFO - ✅ DASHBOARD VALIDATION PASSED: 'Welcome to QM Toll portal!' header found
2026-05-05 12:55:33,331 - INFO - Step 1: Navigating and Starting Onboarding...
2026-05-05 12:55:33,338 - INFO - Executing Sidebar Navigation Sequence...
2026-05-05 12:55:36,996 - INFO - Filling Step 1: Account Details...
2026-05-05 12:55:41,868 - INFO - Filled First Name: Amira
2026-05-05 12:55:43,336 - INFO - Filled Middle Name: QA Team
2026-05-05 12:55:44,769 - INFO - Filled Last Name: Rastogi
2026-05-05 12:55:46,202 - INFO - Checked: Use Same for Billing
2026-05-05 12:55:47,602 - INFO - Checked: Use Same for Shipping
2026-05-05 12:55:49,102 - INFO - Checked: Primary Address
2026-05-05 12:55:53,319 - INFO - Filled Address: 123 Automation Blvd
2026-05-05 12:55:54,753 - INFO - Filled Zip Code: 12345
2026-05-05 12:55:56,786 - INFO - Filled Phone: 8769341509
2026-05-05 12:55:58,179 - INFO - Filled Email: amira.rastogi15@testmail.com
2026-05-05 12:55:59,586 - INFO - Filled Confirm Email: amira.rastogi15@testmail.com
2026-05-05 12:55:59,586 - INFO - Clicking Save & Next...
2026-05-05 12:55:59,647 - INFO - Chatbot elements hidden via CSS injection.
2026-05-05 12:56:02,139 - INFO - Step 1 Submitted.
2026-05-05 12:56:02,142 - INFO - Adding 1 Vehicle(s)...
2026-05-05 12:56:03,390 - INFO - Step 2 loaded successfully.
2026-05-05 12:56:03,592 - INFO - Chatbot elements hidden via CSS injection.
2026-05-05 12:56:05,551 - INFO - Filled Plate 1: QA8384GP
2026-05-05 12:56:11,304 - INFO - Filled Plate Start Date: 2026-05-05
2026-05-05 12:56:23,858 - INFO - Clicking 'Add' button for Vehicle 1...
2026-05-05 12:56:23,921 - INFO - Chatbot elements hidden via CSS injection.
2026-05-05 12:56:27,589 - INFO - Vehicle 1 added successfully.
2026-05-05 12:56:29,173 - INFO - Highlighting and clicking 'Next' button...
2026-05-05 12:56:29,263 - INFO - Chatbot elements hidden via CSS injection.
2026-05-05 12:56:33,072 - INFO - Captured Permanent Account Number: 2000011274
2026-05-05 12:56:33,072 - INFO - Account 2000011274 saved to SharedData.
2026-05-05 12:56:33,079 - INFO - Starting Step 3: Payment Information...
2026-05-05 12:56:33,156 - INFO - Chatbot elements hidden via CSS injection.
2026-05-05 12:56:38,541 - INFO - Filled Cardholder Name: vulhLYVE
2026-05-05 12:56:40,393 - INFO - Filled Card Number: 6175301756451358
2026-05-05 12:56:42,220 - INFO - Filled Expiry Date: 05/28
2026-05-05 12:56:43,936 - INFO - Filled CVV: 928
2026-05-05 12:56:46,502 - INFO - Clicking 'Preview and Pay'...
2026-05-05 12:56:46,614 - INFO - Chatbot elements hidden via CSS injection.
2026-05-05 12:56:47,690 - INFO - Waiting for Payment Summary card...
2026-05-05 12:56:49,628 - INFO - Starting Final Confirmation Modal...
2026-05-05 12:56:52,192 - INFO - ✅ Account onboarding completed successfully.
2026-05-05 12:56:52,211 - INFO - Finalizing process: Clicking 'Account Summary' button...
2026-05-05 12:56:53,798 - INFO - Step 2: Creating case for account: 2000011274
2026-05-05 13:01:40,403 - INFO - Navigating to Login Page: http://operator-qa.qmaastech.com/
2026-05-05 13:01:43,295 - INFO - Attempting login for user: superadmin_qm@yopmail.com
2026-05-05 13:01:45,076 - INFO - Logging DOM elements BEFORE login click...
2026-05-05 13:01:45,078 - INFO - 
================================================================================
2026-05-05 13:01:45,080 - INFO - DOM SNAPSHOT AT STAGE: Before_Login
2026-05-05 13:01:45,082 - INFO - ================================================================================
2026-05-05 13:01:45,141 - INFO - 
Searching for pop-up elements in page content...
2026-05-05 13:01:45,755 - WARNING - ⚠ No known pop-up selectors found. Checking all visible divs...
2026-05-05 13:01:45,813 - INFO - Total DIV elements on page: 21
2026-05-05 13:01:47,093 - INFO -   Visible DIV 1: class='hero-pills' id='no-id' text='bolt
Real-time
smart_toy
AI-driven
hub
Multi-agenc'
2026-05-05 13:01:47,543 - INFO -   Visible DIV 2: class='auth-panel' id='no-id' text='Welcome Back

Sign in to your account to continue
'
2026-05-05 13:01:47,809 - INFO -   Visible DIV 3: class='auth-card' id='no-id' text='Welcome Back

Sign in to your account to continue
'
2026-05-05 13:01:48,145 - INFO -   Visible DIV 4: class='auth-step' id='no-id' text='Welcome Back

Sign in to your account to continue
'
2026-05-05 13:01:48,404 - INFO -   Visible DIV 5: class='field-wrap' id='no-id' text='Email ID / Username *
person'
2026-05-05 13:01:48,707 - INFO -   Visible DIV 6: class='input-shell' id='no-id' text='person'
2026-05-05 13:01:48,952 - INFO -   Visible DIV 7: class='field-wrap' id='no-id' text='Password *
lock
visibility_off'
2026-05-05 13:01:49,209 - INFO -   Visible DIV 8: class='input-shell' id='no-id' text='lock
visibility_off'
2026-05-05 13:01:49,515 - INFO -   Visible DIV 9: class='auth-bottom-links' id='no-id' text='New user?  Access Account

Forgot password?'
2026-05-05 13:01:49,663 - INFO - 
================================================================================

2026-05-05 13:01:50,361 - INFO - Login button clicked.
2026-05-05 13:01:50,363 - INFO - Taking rapid screenshots and validating pop-up...
2026-05-05 13:01:51,616 - INFO - Screenshot 1 captured - Attempting validation...
2026-05-05 13:01:51,618 - INFO - 
================================================================================
2026-05-05 13:01:51,621 - INFO - STARTING COMPREHENSIVE POP-UP VALIDATION
2026-05-05 13:01:51,629 - INFO - ================================================================================
2026-05-05 13:01:52,091 - ERROR - VALIDATION FAILED: Pop-up element not found!
2026-05-05 13:01:56,538 - INFO - Screenshot 2 captured - Attempting validation...
2026-05-05 13:01:56,545 - INFO - 
================================================================================
2026-05-05 13:01:56,551 - INFO - STARTING COMPREHENSIVE POP-UP VALIDATION
2026-05-05 13:01:56,554 - INFO - ================================================================================
2026-05-05 13:01:56,662 - ERROR - VALIDATION FAILED: Pop-up element not found!
2026-05-05 13:01:57,757 - INFO - Screenshot 3 captured - Attempting validation...
2026-05-05 13:01:57,768 - INFO - 
================================================================================
2026-05-05 13:01:57,785 - INFO - STARTING COMPREHENSIVE POP-UP VALIDATION
2026-05-05 13:01:57,788 - INFO - ================================================================================
2026-05-05 13:01:57,942 - ERROR - VALIDATION FAILED: Pop-up element not found!
2026-05-05 13:01:58,172 - INFO - Logging DOM elements AFTER login click (pop-up should appear here)...
2026-05-05 13:01:58,173 - INFO - 
================================================================================
2026-05-05 13:01:58,175 - INFO - DOM SNAPSHOT AT STAGE: After_Login_Click
2026-05-05 13:01:58,175 - INFO - ================================================================================
2026-05-05 13:01:58,242 - INFO - 
Searching for pop-up elements in page content...
2026-05-05 13:01:58,967 - WARNING - ⚠ No known pop-up selectors found. Checking all visible divs...
2026-05-05 13:01:59,062 - INFO - Total DIV elements on page: 29
2026-05-05 13:01:59,437 - INFO -   Visible DIV 1: class='header-right' id='no-id' text='English
French
Spanish
Quantum Toll Authority
supe'
2026-05-05 13:01:59,614 - INFO -   Visible DIV 2: class='nav-user' id='no-id' text='Quantum Toll Authority
superadmin_qm@yopmail.com'
2026-05-05 13:01:59,918 - INFO -   Visible DIV 3: class='nav-user-info' id='no-id' text='Quantum Toll Authority
superadmin_qm@yopmail.com'
2026-05-05 13:02:00,091 - INFO -   Visible DIV 4: class='uname' id='no-id' text='Quantum Toll Authority'
2026-05-05 13:02:00,224 - INFO -   Visible DIV 5: class='urole' id='no-id' text='superadmin_qm@yopmail.com'
2026-05-05 13:02:00,381 - INFO -   Visible DIV 6: class='main-container' id='no-id' text='dashboard_2
group
decimal_increase
admin_panel_set'
2026-05-05 13:02:00,606 - INFO -   Visible DIV 7: class='inner' id='no-id' text='dashboard_2'
2026-05-05 13:02:00,849 - INFO -   Visible DIV 8: class='inner' id='no-id' text='group'
2026-05-05 13:02:01,097 - INFO -   Visible DIV 9: class='inner' id='no-id' text='decimal_increase'
2026-05-05 13:02:01,460 - INFO -   Visible DIV 10: class='inner' id='no-id' text='admin_panel_settings'
2026-05-05 13:02:01,727 - INFO -   Visible DIV 11: class='inner' id='no-id' text='nest_doorbell_visitor'
2026-05-05 13:02:01,984 - INFO -   Visible DIV 12: class='inner' id='no-id' text='key_visualizer'
2026-05-05 13:02:02,070 - INFO - 
================================================================================

2026-05-05 13:02:02,401 - INFO - Waiting for dashboard URL...
2026-05-05 13:02:02,403 - INFO - 
================================================================================
2026-05-05 13:02:02,406 - INFO - DOM SNAPSHOT AT STAGE: Before_Dashboard_Navigation
2026-05-05 13:02:02,407 - INFO - ================================================================================
2026-05-05 13:02:02,497 - INFO - 
Searching for pop-up elements in page content...
2026-05-05 13:02:03,257 - WARNING - ⚠ No known pop-up selectors found. Checking all visible divs...
2026-05-05 13:02:03,417 - INFO - Total DIV elements on page: 29
2026-05-05 13:02:04,031 - INFO -   Visible DIV 1: class='header-right' id='no-id' text='English
French
Spanish
Quantum Toll Authority
supe'
2026-05-05 13:02:04,342 - INFO -   Visible DIV 2: class='nav-user' id='no-id' text='Quantum Toll Authority
superadmin_qm@yopmail.com'
2026-05-05 13:02:04,766 - INFO -   Visible DIV 3: class='nav-user-info' id='no-id' text='Quantum Toll Authority
superadmin_qm@yopmail.com'
2026-05-05 13:02:05,070 - INFO -   Visible DIV 4: class='uname' id='no-id' text='Quantum Toll Authority'
2026-05-05 13:02:05,220 - INFO -   Visible DIV 5: class='urole' id='no-id' text='superadmin_qm@yopmail.com'
2026-05-05 13:02:05,474 - INFO -   Visible DIV 6: class='main-container' id='no-id' text='dashboard_2
group
decimal_increase
admin_panel_set'
2026-05-05 13:02:05,772 - INFO -   Visible DIV 7: class='inner' id='no-id' text='dashboard_2'
2026-05-05 13:02:06,125 - INFO -   Visible DIV 8: class='inner' id='no-id' text='group'
2026-05-05 13:02:06,379 - INFO -   Visible DIV 9: class='inner' id='no-id' text='decimal_increase'
2026-05-05 13:02:06,687 - INFO -   Visible DIV 10: class='inner' id='no-id' text='admin_panel_settings'
2026-05-05 13:02:06,900 - INFO -   Visible DIV 11: class='inner' id='no-id' text='nest_doorbell_visitor'
2026-05-05 13:02:07,209 - INFO -   Visible DIV 12: class='inner' id='no-id' text='key_visualizer'
2026-05-05 13:02:07,259 - INFO - 
================================================================================

2026-05-05 13:02:07,327 - INFO - Login SUCCESS: Dashboard URL reached.
2026-05-05 13:02:07,872 - INFO - 
================================================================================
2026-05-05 13:02:07,873 - INFO - DOM SNAPSHOT AT STAGE: After_Dashboard_Loaded
2026-05-05 13:02:07,874 - INFO - ================================================================================
2026-05-05 13:02:07,937 - INFO - 
Searching for pop-up elements in page content...
2026-05-05 13:02:08,474 - WARNING - ⚠ No known pop-up selectors found. Checking all visible divs...
2026-05-05 13:02:08,570 - INFO - Total DIV elements on page: 29
2026-05-05 13:02:08,890 - INFO -   Visible DIV 1: class='header-right' id='no-id' text='English
French
Spanish
Quantum Toll Authority
supe'
2026-05-05 13:02:09,070 - INFO -   Visible DIV 2: class='nav-user' id='no-id' text='Quantum Toll Authority
superadmin_qm@yopmail.com'
2026-05-05 13:02:09,352 - INFO -   Visible DIV 3: class='nav-user-info' id='no-id' text='Quantum Toll Authority
superadmin_qm@yopmail.com'
2026-05-05 13:02:09,567 - INFO -   Visible DIV 4: class='uname' id='no-id' text='Quantum Toll Authority'
2026-05-05 13:02:09,809 - INFO -   Visible DIV 5: class='urole' id='no-id' text='superadmin_qm@yopmail.com'
2026-05-05 13:02:09,972 - INFO -   Visible DIV 6: class='main-container' id='no-id' text='dashboard_2
group
decimal_increase
admin_panel_set'
2026-05-05 13:02:10,137 - INFO -   Visible DIV 7: class='inner' id='no-id' text='dashboard_2'
2026-05-05 13:02:10,364 - INFO -   Visible DIV 8: class='inner' id='no-id' text='group'
2026-05-05 13:02:10,575 - INFO -   Visible DIV 9: class='inner' id='no-id' text='decimal_increase'
2026-05-05 13:02:11,109 - INFO -   Visible DIV 10: class='inner' id='no-id' text='admin_panel_settings'
2026-05-05 13:02:11,827 - INFO -   Visible DIV 11: class='inner' id='no-id' text='nest_doorbell_visitor'
2026-05-05 13:02:12,506 - INFO -   Visible DIV 12: class='inner' id='no-id' text='key_visualizer'
2026-05-05 13:02:12,595 - INFO - 
================================================================================

2026-05-05 13:02:12,597 - INFO - Checking for dashboard header 'Welcome to QM Toll portal!'...
2026-05-05 13:02:13,006 - INFO - ✅ Dashboard header found with selector: h4:has-text("Welcome to QM Toll portal!")
2026-05-05 13:02:13,011 - INFO -    Header text: 'Welcome to QM Toll portal!'
2026-05-05 13:02:13,016 - INFO - ✅ DASHBOARD VALIDATION PASSED: 'Welcome to QM Toll portal!' header found
2026-05-05 13:02:14,378 - INFO - Step 1: Navigating and Starting Onboarding...
2026-05-05 13:02:14,381 - INFO - Executing Sidebar Navigation Sequence...
2026-05-05 13:02:17,448 - INFO - Filling Step 1: Account Details...
2026-05-05 13:02:21,003 - INFO - Filled First Name: Renee
2026-05-05 13:02:22,273 - INFO - Filled Middle Name: QA Team
2026-05-05 13:02:23,559 - INFO - Filled Last Name: Dewan
2026-05-05 13:02:24,811 - INFO - Checked: Use Same for Billing
2026-05-05 13:02:26,053 - INFO - Checked: Use Same for Shipping
2026-05-05 13:02:27,349 - INFO - Checked: Primary Address
2026-05-05 13:02:31,343 - INFO - Filled Address: 123 Automation Blvd
2026-05-05 13:02:32,573 - INFO - Filled Zip Code: 12345
2026-05-05 13:02:34,475 - INFO - Filled Phone: 7787261706
2026-05-05 13:02:35,805 - INFO - Filled Email: renee.dewan27@testmail.com
2026-05-05 13:02:37,128 - INFO - Filled Confirm Email: renee.dewan27@testmail.com
2026-05-05 13:02:37,130 - INFO - Clicking Save & Next...
2026-05-05 13:02:37,186 - INFO - Chatbot elements hidden via CSS injection.
2026-05-05 13:02:39,108 - INFO - Step 1 Submitted.
2026-05-05 13:02:39,109 - INFO - Adding 1 Vehicle(s)...
2026-05-05 13:02:39,624 - INFO - Step 2 loaded successfully.
2026-05-05 13:02:39,660 - INFO - Chatbot elements hidden via CSS injection.
2026-05-05 13:02:41,083 - INFO - Filled Plate 1: QA4664GP
2026-05-05 13:02:45,926 - INFO - Filled Plate Start Date: 2026-05-05
2026-05-05 13:02:57,787 - INFO - Clicking 'Add' button for Vehicle 1...
2026-05-05 13:02:57,843 - INFO - Chatbot elements hidden via CSS injection.
2026-05-05 13:03:01,314 - INFO - Vehicle 1 added successfully.
2026-05-05 13:03:02,899 - INFO - Highlighting and clicking 'Next' button...
2026-05-05 13:03:02,960 - INFO - Chatbot elements hidden via CSS injection.
2026-05-05 13:03:05,941 - INFO - Captured Permanent Account Number: 2000011275
2026-05-05 13:03:05,942 - INFO - Account 2000011275 saved to SharedData.
2026-05-05 13:03:05,942 - INFO - Starting Step 3: Payment Information...
2026-05-05 13:03:06,007 - INFO - Chatbot elements hidden via CSS injection.
2026-05-05 13:03:10,678 - INFO - Filled Cardholder Name: BWPtwxsdtceWaCmqoCzN
2026-05-05 13:03:12,390 - INFO - Filled Card Number: 6688279413384360
2026-05-05 13:03:14,123 - INFO - Filled Expiry Date: 05/28
2026-05-05 13:03:15,846 - INFO - Filled CVV: 423
2026-05-05 13:03:18,373 - INFO - Clicking 'Preview and Pay'...
2026-05-05 13:03:18,429 - INFO - Chatbot elements hidden via CSS injection.
2026-05-05 13:03:19,255 - INFO - Waiting for Payment Summary card...
2026-05-05 13:03:20,772 - INFO - Starting Final Confirmation Modal...
2026-05-05 13:03:22,214 - INFO - ✅ Account onboarding completed successfully.
2026-05-05 13:03:22,218 - INFO - Finalizing process: Clicking 'Account Summary' button...
2026-05-05 13:03:22,547 - INFO - Step 2: Creating case for account: 2000011275
2026-05-05 14:14:23,226 - INFO - Navigating to Login Page: http://operator-qa.qmaastech.com/
2026-05-05 14:14:26,014 - INFO - Attempting login for user: superadmin_qm@yopmail.com
2026-05-05 14:14:27,808 - INFO - Logging DOM elements BEFORE login click...
2026-05-05 14:14:27,808 - INFO - 
================================================================================
2026-05-05 14:14:27,813 - INFO - DOM SNAPSHOT AT STAGE: Before_Login
2026-05-05 14:14:27,813 - INFO - ================================================================================
2026-05-05 14:14:27,844 - INFO - 
Searching for pop-up elements in page content...
2026-05-05 14:14:28,208 - WARNING - ⚠ No known pop-up selectors found. Checking all visible divs...
2026-05-05 14:14:28,255 - INFO - Total DIV elements on page: 21
2026-05-05 14:14:28,785 - INFO -   Visible DIV 1: class='hero-pills' id='no-id' text='bolt
Real-time
smart_toy
AI-driven
hub
Multi-agenc'
2026-05-05 14:14:28,930 - INFO -   Visible DIV 2: class='auth-panel' id='no-id' text='Welcome Back

Sign in to your account to continue
'
2026-05-05 14:14:29,026 - INFO -   Visible DIV 3: class='auth-card' id='no-id' text='Welcome Back

Sign in to your account to continue
'
2026-05-05 14:14:29,143 - INFO -   Visible DIV 4: class='auth-step' id='no-id' text='Welcome Back

Sign in to your account to continue
'
2026-05-05 14:14:29,270 - INFO -   Visible DIV 5: class='field-wrap' id='no-id' text='Email ID / Username *
person'
2026-05-05 14:14:29,362 - INFO -   Visible DIV 6: class='input-shell' id='no-id' text='person'
2026-05-05 14:14:29,446 - INFO -   Visible DIV 7: class='field-wrap' id='no-id' text='Password *
lock
visibility_off'
2026-05-05 14:14:29,541 - INFO -   Visible DIV 8: class='input-shell' id='no-id' text='lock
visibility_off'
2026-05-05 14:14:29,636 - INFO -   Visible DIV 9: class='auth-bottom-links' id='no-id' text='New user?  Access Account

Forgot password?'
2026-05-05 14:14:29,700 - INFO - 
================================================================================

2026-05-05 14:14:30,277 - INFO - Login button clicked.
2026-05-05 14:14:30,285 - INFO - Taking rapid screenshots and validating pop-up...
2026-05-05 14:14:30,832 - INFO - Screenshot 1 captured - Attempting validation...
2026-05-05 14:14:30,832 - INFO - 
================================================================================
2026-05-05 14:14:30,833 - INFO - STARTING COMPREHENSIVE POP-UP VALIDATION
2026-05-05 14:14:30,834 - INFO - ================================================================================
2026-05-05 14:14:30,849 - INFO - 
[VALIDATION 1] Checking Pop-up Visibility...
2026-05-05 14:14:30,883 - INFO -   Visibility Status: True
2026-05-05 14:14:30,883 - INFO -   PASSED: Pop-up is visible
2026-05-05 14:14:30,883 - INFO - 
[VALIDATION 2] Extracting and Validating Text Content...
2026-05-05 14:14:30,916 - INFO -   Extracted Text: 'Login Successful'
2026-05-05 14:14:30,916 - INFO -   PASSED: Text matches exactly: 'Login Successful'
2026-05-05 14:14:30,916 - INFO - 
[VALIDATION 3] Checking for Typos...
2026-05-05 14:14:30,916 - INFO -   PASSED: No known typos detected
2026-05-05 14:14:30,916 - INFO - 
[VALIDATION 4] Extracting CSS Classes and Attributes...
2026-05-05 14:14:30,932 - INFO -   CSS Classes: snackbar success-snackbar
2026-05-05 14:14:30,932 - INFO -   PASSED: 'success' class is present
2026-05-05 14:14:30,932 - INFO - 
[VALIDATION 5] Checking Element Properties...
2026-05-05 14:14:31,036 - INFO -   ID: Not set
2026-05-05 14:14:31,036 - INFO -   Data-TestID: Not set
2026-05-05 14:14:31,036 - INFO -   Role: Not set
2026-05-05 14:14:31,036 - INFO -   ARIA Label: Not set
2026-05-05 14:14:31,036 - INFO - 
[VALIDATION 6] Checking Position and Size...
2026-05-05 14:14:31,048 - INFO -   X: 1230, Y: 20
2026-05-05 14:14:31,063 - INFO -   Width: 250, Height: 43.5
2026-05-05 14:14:31,063 - INFO -   PASSED: Element has valid dimensions
2026-05-05 14:14:31,064 - INFO - 
[VALIDATION 7] Checking Computed Styles...
2026-05-05 14:14:31,101 - INFO -   Display: block
2026-05-05 14:14:31,102 - INFO -   Opacity: 1
2026-05-05 14:14:31,102 - INFO -   PASSED: Element is displayed with proper opacity
2026-05-05 14:14:31,102 - INFO - 
================================================================================
2026-05-05 14:14:31,102 - INFO - POP-UP VALIDATION SUMMARY
2026-05-05 14:14:31,102 - INFO - ================================================================================
2026-05-05 14:14:31,102 - INFO -   Visibility: PASSED
2026-05-05 14:14:31,102 - INFO -   Text Match: PASSED
2026-05-05 14:14:31,102 - INFO -   Typo Check: PASSED
2026-05-05 14:14:31,102 - INFO -   CSS Classes: Present
2026-05-05 14:14:31,102 - INFO -   Position & Size: Valid
2026-05-05 14:14:31,102 - INFO -   Computed Styles: Valid
2026-05-05 14:14:31,102 - INFO - ================================================================================

2026-05-05 14:14:31,102 - INFO - ✓ ALL VALIDATIONS PASSED - Pop-up is working correctly!
2026-05-05 14:14:31,476 - INFO - Screenshot 2 captured - Attempting validation...
2026-05-05 14:14:31,479 - INFO - 
================================================================================
2026-05-05 14:14:31,480 - INFO - STARTING COMPREHENSIVE POP-UP VALIDATION
2026-05-05 14:14:31,481 - INFO - ================================================================================
2026-05-05 14:14:31,504 - ERROR - VALIDATION FAILED: Pop-up element not found!
2026-05-05 14:14:33,137 - INFO - Screenshot 3 captured - Attempting validation...
2026-05-05 14:14:33,137 - INFO - 
================================================================================
2026-05-05 14:14:33,137 - INFO - STARTING COMPREHENSIVE POP-UP VALIDATION
2026-05-05 14:14:33,137 - INFO - ================================================================================
2026-05-05 14:14:33,176 - ERROR - VALIDATION FAILED: Pop-up element not found!
2026-05-05 14:14:33,314 - INFO - Logging DOM elements AFTER login click (pop-up should appear here)...
2026-05-05 14:14:33,315 - INFO - 
================================================================================
2026-05-05 14:14:33,316 - INFO - DOM SNAPSHOT AT STAGE: After_Login_Click
2026-05-05 14:14:33,316 - INFO - ================================================================================
2026-05-05 14:14:33,343 - INFO - 
Searching for pop-up elements in page content...
2026-05-05 14:14:33,640 - WARNING - ⚠ No known pop-up selectors found. Checking all visible divs...
2026-05-05 14:14:33,741 - INFO - Total DIV elements on page: 29
2026-05-05 14:14:33,933 - INFO -   Visible DIV 1: class='header-right' id='no-id' text='English
French
Spanish
Quantum Toll Authority
supe'
2026-05-05 14:14:34,042 - INFO -   Visible DIV 2: class='nav-user' id='no-id' text='Quantum Toll Authority
superadmin_qm@yopmail.com'
2026-05-05 14:14:34,194 - INFO -   Visible DIV 3: class='nav-user-info' id='no-id' text='Quantum Toll Authority
superadmin_qm@yopmail.com'
2026-05-05 14:14:34,300 - INFO -   Visible DIV 4: class='uname' id='no-id' text='Quantum Toll Authority'
2026-05-05 14:14:34,400 - INFO -   Visible DIV 5: class='urole' id='no-id' text='superadmin_qm@yopmail.com'
2026-05-05 14:14:34,505 - INFO -   Visible DIV 6: class='main-container' id='no-id' text='dashboard_2
group
decimal_increase
admin_panel_set'
2026-05-05 14:14:34,610 - INFO -   Visible DIV 7: class='inner' id='no-id' text='dashboard_2'
2026-05-05 14:14:34,717 - INFO -   Visible DIV 8: class='inner' id='no-id' text='group'
2026-05-05 14:14:34,838 - INFO -   Visible DIV 9: class='inner' id='no-id' text='decimal_increase'
2026-05-05 14:14:34,956 - INFO -   Visible DIV 10: class='inner' id='no-id' text='admin_panel_settings'
2026-05-05 14:14:35,054 - INFO -   Visible DIV 11: class='inner' id='no-id' text='nest_doorbell_visitor'
2026-05-05 14:14:35,179 - INFO -   Visible DIV 12: class='inner' id='no-id' text='key_visualizer'
2026-05-05 14:14:35,200 - INFO - 
================================================================================

2026-05-05 14:14:35,434 - INFO - Waiting for dashboard URL...
2026-05-05 14:14:35,435 - INFO - 
================================================================================
2026-05-05 14:14:35,435 - INFO - DOM SNAPSHOT AT STAGE: Before_Dashboard_Navigation
2026-05-05 14:14:35,436 - INFO - ================================================================================
2026-05-05 14:14:35,472 - INFO - 
Searching for pop-up elements in page content...
2026-05-05 14:14:35,700 - WARNING - ⚠ No known pop-up selectors found. Checking all visible divs...
2026-05-05 14:14:35,754 - INFO - Total DIV elements on page: 29
2026-05-05 14:14:35,917 - INFO -   Visible DIV 1: class='header-right' id='no-id' text='English
French
Spanish
Quantum Toll Authority
supe'
2026-05-05 14:14:35,983 - INFO -   Visible DIV 2: class='nav-user' id='no-id' text='Quantum Toll Authority
superadmin_qm@yopmail.com'
2026-05-05 14:14:36,122 - INFO -   Visible DIV 3: class='nav-user-info' id='no-id' text='Quantum Toll Authority
superadmin_qm@yopmail.com'
2026-05-05 14:14:36,207 - INFO -   Visible DIV 4: class='uname' id='no-id' text='Quantum Toll Authority'
2026-05-05 14:14:36,283 - INFO -   Visible DIV 5: class='urole' id='no-id' text='superadmin_qm@yopmail.com'
2026-05-05 14:14:36,366 - INFO -   Visible DIV 6: class='main-container' id='no-id' text='dashboard_2
group
decimal_increase
admin_panel_set'
2026-05-05 14:14:36,456 - INFO -   Visible DIV 7: class='inner' id='no-id' text='dashboard_2'
2026-05-05 14:14:36,532 - INFO -   Visible DIV 8: class='inner' id='no-id' text='group'
2026-05-05 14:14:36,631 - INFO -   Visible DIV 9: class='inner' id='no-id' text='decimal_increase'
2026-05-05 14:14:36,733 - INFO -   Visible DIV 10: class='inner' id='no-id' text='admin_panel_settings'
2026-05-05 14:14:36,831 - INFO -   Visible DIV 11: class='inner' id='no-id' text='nest_doorbell_visitor'
2026-05-05 14:14:36,933 - INFO -   Visible DIV 12: class='inner' id='no-id' text='key_visualizer'
2026-05-05 14:14:36,965 - INFO - 
================================================================================

2026-05-05 14:14:36,985 - INFO - Login SUCCESS: Dashboard URL reached.
2026-05-05 14:14:37,515 - INFO - 
================================================================================
2026-05-05 14:14:37,515 - INFO - DOM SNAPSHOT AT STAGE: After_Dashboard_Loaded
2026-05-05 14:14:37,515 - INFO - ================================================================================
2026-05-05 14:14:37,535 - INFO - 
Searching for pop-up elements in page content...
2026-05-05 14:14:37,714 - WARNING - ⚠ No known pop-up selectors found. Checking all visible divs...
2026-05-05 14:14:37,769 - INFO - Total DIV elements on page: 29
2026-05-05 14:14:37,916 - INFO -   Visible DIV 1: class='header-right' id='no-id' text='English
French
Spanish
Quantum Toll Authority
supe'
2026-05-05 14:14:38,017 - INFO -   Visible DIV 2: class='nav-user' id='no-id' text='Quantum Toll Authority
superadmin_qm@yopmail.com'
2026-05-05 14:14:38,241 - INFO -   Visible DIV 3: class='nav-user-info' id='no-id' text='Quantum Toll Authority
superadmin_qm@yopmail.com'
2026-05-05 14:14:38,365 - INFO -   Visible DIV 4: class='uname' id='no-id' text='Quantum Toll Authority'
2026-05-05 14:14:38,467 - INFO -   Visible DIV 5: class='urole' id='no-id' text='superadmin_qm@yopmail.com'
2026-05-05 14:14:38,634 - INFO -   Visible DIV 6: class='main-container' id='no-id' text='dashboard_2
group
decimal_increase
admin_panel_set'
2026-05-05 14:14:38,821 - INFO -   Visible DIV 7: class='inner' id='no-id' text='dashboard_2'
2026-05-05 14:14:38,941 - INFO -   Visible DIV 8: class='inner' id='no-id' text='group'
2026-05-05 14:14:39,196 - INFO -   Visible DIV 9: class='inner' id='no-id' text='decimal_increase'
2026-05-05 14:14:39,326 - INFO -   Visible DIV 10: class='inner' id='no-id' text='admin_panel_settings'
2026-05-05 14:14:39,487 - INFO -   Visible DIV 11: class='inner' id='no-id' text='nest_doorbell_visitor'
2026-05-05 14:14:39,635 - INFO -   Visible DIV 12: class='inner' id='no-id' text='key_visualizer'
2026-05-05 14:14:39,674 - INFO - 
================================================================================

2026-05-05 14:14:39,678 - INFO - Checking for dashboard header 'Welcome to QM Toll portal!'...
2026-05-05 14:14:39,775 - INFO - ✅ Dashboard header found with selector: h4:has-text("Welcome to QM Toll portal!")
2026-05-05 14:14:39,775 - INFO -    Header text: 'Welcome to QM Toll portal!'
2026-05-05 14:14:39,779 - INFO - ✅ DASHBOARD VALIDATION PASSED: 'Welcome to QM Toll portal!' header found
2026-05-05 14:14:40,599 - INFO - Step 1: Navigating and Starting Onboarding...
2026-05-05 14:14:40,602 - INFO - Executing Sidebar Navigation Sequence...
2026-05-05 14:14:43,550 - INFO - Filling Step 1: Account Details...
2026-05-05 14:14:51,323 - INFO - Filled First Name: Tejas
2026-05-05 14:14:52,447 - INFO - Filled Middle Name: QA Team
2026-05-05 14:14:53,708 - INFO - Filled Last Name: Mangal
2026-05-05 14:14:54,923 - INFO - Checked: Use Same for Billing
2026-05-05 14:14:56,094 - INFO - Checked: Use Same for Shipping
2026-05-05 14:14:57,277 - INFO - Checked: Primary Address
2026-05-05 14:15:01,149 - INFO - Filled Address: 123 Automation Blvd
2026-05-05 14:15:02,355 - INFO - Filled Zip Code: 12345
2026-05-05 14:15:04,098 - INFO - Filled Phone: 8670763729
2026-05-05 14:15:05,329 - INFO - Filled Email: tejas.mangal69@testmail.com
2026-05-05 14:15:06,594 - INFO - Filled Confirm Email: tejas.mangal69@testmail.com
2026-05-05 14:15:06,597 - INFO - Clicking Save & Next...
2026-05-05 14:15:06,641 - INFO - Chatbot elements hidden via CSS injection.
2026-05-05 14:15:08,446 - INFO - Step 1 Submitted.
2026-05-05 14:15:08,446 - INFO - Adding 1 Vehicle(s)...
2026-05-05 14:15:08,966 - INFO - Step 2 loaded successfully.
2026-05-05 14:15:08,994 - INFO - Chatbot elements hidden via CSS injection.
2026-05-05 14:15:10,221 - INFO - Filled Plate 1: QA3190GP
2026-05-05 14:15:14,782 - INFO - Filled Plate Start Date: 2026-05-05
2026-05-05 14:15:26,062 - INFO - Clicking 'Add' button for Vehicle 1...
2026-05-05 14:15:26,093 - INFO - Chatbot elements hidden via CSS injection.
2026-05-05 14:15:29,303 - INFO - Vehicle 1 added successfully.
2026-05-05 14:15:30,825 - INFO - Highlighting and clicking 'Next' button...
2026-05-05 14:15:30,850 - INFO - Chatbot elements hidden via CSS injection.
2026-05-05 14:15:33,554 - INFO - Captured Permanent Account Number: 2000011278
2026-05-05 14:15:33,554 - INFO - Account 2000011278 saved to SharedData.
2026-05-05 14:15:33,554 - INFO - Starting Step 3: Payment Information...
2026-05-05 14:15:33,570 - INFO - Chatbot elements hidden via CSS injection.
2026-05-05 14:15:37,970 - INFO - Filled Cardholder Name: TcQpFecHlFitXOVOvWwXFtqahgKK
2026-05-05 14:15:39,552 - INFO - Filled Card Number: 9009405080619256
2026-05-05 14:15:41,135 - INFO - Filled Expiry Date: 05/28
2026-05-05 14:15:42,724 - INFO - Filled CVV: 194
2026-05-05 14:15:45,091 - INFO - Clicking 'Preview and Pay'...
2026-05-05 14:15:45,107 - INFO - Chatbot elements hidden via CSS injection.
2026-05-05 14:15:45,747 - INFO - Waiting for Payment Summary card...
2026-05-05 14:15:47,195 - INFO - Starting Final Confirmation Modal...
2026-05-05 14:15:48,408 - INFO - ✅ Account onboarding completed successfully.
2026-05-05 14:15:48,412 - INFO - Finalizing process: Clicking 'Account Summary' button...
2026-05-05 14:15:48,667 - INFO - Step 2: Creating case for account: 2000011278
2026-05-05 14:39:12,460 - INFO - Navigating to Login Page: http://operator-qa.qmaastech.com/
2026-05-05 14:39:15,297 - INFO - Attempting login for user: superadmin_qm@yopmail.com
2026-05-05 14:39:16,984 - INFO - Logging DOM elements BEFORE login click...
2026-05-05 14:39:16,984 - INFO - 
================================================================================
2026-05-05 14:39:16,984 - INFO - DOM SNAPSHOT AT STAGE: Before_Login
2026-05-05 14:39:16,984 - INFO - ================================================================================
2026-05-05 14:39:17,019 - INFO - 
Searching for pop-up elements in page content...
2026-05-05 14:39:17,279 - WARNING - ⚠ No known pop-up selectors found. Checking all visible divs...
2026-05-05 14:39:17,298 - INFO - Total DIV elements on page: 21
2026-05-05 14:39:17,934 - INFO -   Visible DIV 1: class='hero-pills' id='no-id' text='bolt
Real-time
smart_toy
AI-driven
hub
Multi-agenc'
2026-05-05 14:39:18,087 - INFO -   Visible DIV 2: class='auth-panel' id='no-id' text='Welcome Back

Sign in to your account to continue
'
2026-05-05 14:39:18,180 - INFO -   Visible DIV 3: class='auth-card' id='no-id' text='Welcome Back

Sign in to your account to continue
'
2026-05-05 14:39:18,310 - INFO -   Visible DIV 4: class='auth-step' id='no-id' text='Welcome Back

Sign in to your account to continue
'
2026-05-05 14:39:18,461 - INFO -   Visible DIV 5: class='field-wrap' id='no-id' text='Email ID / Username *
person'
2026-05-05 14:39:18,543 - INFO -   Visible DIV 6: class='input-shell' id='no-id' text='person'
2026-05-05 14:39:18,624 - INFO -   Visible DIV 7: class='field-wrap' id='no-id' text='Password *
lock
visibility_off'
2026-05-05 14:39:18,716 - INFO -   Visible DIV 8: class='input-shell' id='no-id' text='lock
visibility_off'
2026-05-05 14:39:18,817 - INFO -   Visible DIV 9: class='auth-bottom-links' id='no-id' text='New user?  Access Account

Forgot password?'
2026-05-05 14:39:18,855 - INFO - 
================================================================================

2026-05-05 14:39:19,427 - INFO - Login button clicked.
2026-05-05 14:39:19,434 - INFO - Taking rapid screenshots and validating pop-up...
2026-05-05 14:39:19,983 - INFO - Screenshot 1 captured - Attempting validation...
2026-05-05 14:39:19,983 - INFO - 
================================================================================
2026-05-05 14:39:19,983 - INFO - STARTING COMPREHENSIVE POP-UP VALIDATION
2026-05-05 14:39:19,983 - INFO - ================================================================================
2026-05-05 14:39:20,004 - INFO - 
[VALIDATION 1] Checking Pop-up Visibility...
2026-05-05 14:39:20,032 - INFO -   Visibility Status: True
2026-05-05 14:39:20,032 - INFO -   PASSED: Pop-up is visible
2026-05-05 14:39:20,032 - INFO - 
[VALIDATION 2] Extracting and Validating Text Content...
2026-05-05 14:39:20,066 - INFO -   Extracted Text: 'Login Successful'
2026-05-05 14:39:20,066 - INFO -   PASSED: Text matches exactly: 'Login Successful'
2026-05-05 14:39:20,066 - INFO - 
[VALIDATION 3] Checking for Typos...
2026-05-05 14:39:20,066 - INFO -   PASSED: No known typos detected
2026-05-05 14:39:20,066 - INFO - 
[VALIDATION 4] Extracting CSS Classes and Attributes...
2026-05-05 14:39:20,100 - INFO -   CSS Classes: snackbar success-snackbar
2026-05-05 14:39:20,100 - INFO -   PASSED: 'success' class is present
2026-05-05 14:39:20,100 - INFO - 
[VALIDATION 5] Checking Element Properties...
2026-05-05 14:39:20,199 - INFO -   ID: Not set
2026-05-05 14:39:20,199 - INFO -   Data-TestID: Not set
2026-05-05 14:39:20,199 - INFO -   Role: Not set
2026-05-05 14:39:20,199 - INFO -   ARIA Label: Not set
2026-05-05 14:39:20,199 - INFO - 
[VALIDATION 6] Checking Position and Size...
2026-05-05 14:39:20,239 - INFO -   X: 1230, Y: 20
2026-05-05 14:39:20,239 - INFO -   Width: 250, Height: 43.5
2026-05-05 14:39:20,239 - INFO -   PASSED: Element has valid dimensions
2026-05-05 14:39:20,239 - INFO - 
[VALIDATION 7] Checking Computed Styles...
2026-05-05 14:39:20,265 - INFO -   Display: block
2026-05-05 14:39:20,265 - INFO -   Opacity: 1
2026-05-05 14:39:20,280 - INFO -   PASSED: Element is displayed with proper opacity
2026-05-05 14:39:20,281 - INFO - 
================================================================================
2026-05-05 14:39:20,281 - INFO - POP-UP VALIDATION SUMMARY
2026-05-05 14:39:20,282 - INFO - ================================================================================
2026-05-05 14:39:20,282 - INFO -   Visibility: PASSED
2026-05-05 14:39:20,282 - INFO -   Text Match: PASSED
2026-05-05 14:39:20,282 - INFO -   Typo Check: PASSED
2026-05-05 14:39:20,282 - INFO -   CSS Classes: Present
2026-05-05 14:39:20,282 - INFO -   Position & Size: Valid
2026-05-05 14:39:20,282 - INFO -   Computed Styles: Valid
2026-05-05 14:39:20,282 - INFO - ================================================================================

2026-05-05 14:39:20,282 - INFO - ✓ ALL VALIDATIONS PASSED - Pop-up is working correctly!
2026-05-05 14:39:20,669 - INFO - Screenshot 2 captured - Attempting validation...
2026-05-05 14:39:20,669 - INFO - 
================================================================================
2026-05-05 14:39:20,672 - INFO - STARTING COMPREHENSIVE POP-UP VALIDATION
2026-05-05 14:39:20,672 - INFO - ================================================================================
2026-05-05 14:39:20,704 - ERROR - VALIDATION FAILED: Pop-up element not found!
2026-05-05 14:39:22,327 - INFO - Screenshot 3 captured - Attempting validation...
2026-05-05 14:39:22,328 - INFO - 
================================================================================
2026-05-05 14:39:22,329 - INFO - STARTING COMPREHENSIVE POP-UP VALIDATION
2026-05-05 14:39:22,329 - INFO - ================================================================================
2026-05-05 14:39:22,353 - ERROR - VALIDATION FAILED: Pop-up element not found!
2026-05-05 14:39:22,473 - INFO - Logging DOM elements AFTER login click (pop-up should appear here)...
2026-05-05 14:39:22,474 - INFO - 
================================================================================
2026-05-05 14:39:22,475 - INFO - DOM SNAPSHOT AT STAGE: After_Login_Click
2026-05-05 14:39:22,475 - INFO - ================================================================================
2026-05-05 14:39:22,506 - INFO - 
Searching for pop-up elements in page content...
2026-05-05 14:39:22,814 - WARNING - ⚠ No known pop-up selectors found. Checking all visible divs...
2026-05-05 14:39:22,876 - INFO - Total DIV elements on page: 29
2026-05-05 14:39:23,098 - INFO -   Visible DIV 1: class='header-right' id='no-id' text='English
French
Spanish
Quantum Toll Authority
supe'
2026-05-05 14:39:23,206 - INFO -   Visible DIV 2: class='nav-user' id='no-id' text='Quantum Toll Authority
superadmin_qm@yopmail.com'
2026-05-05 14:39:23,339 - INFO -   Visible DIV 3: class='nav-user-info' id='no-id' text='Quantum Toll Authority
superadmin_qm@yopmail.com'
2026-05-05 14:39:23,448 - INFO -   Visible DIV 4: class='uname' id='no-id' text='Quantum Toll Authority'
2026-05-05 14:39:23,555 - INFO -   Visible DIV 5: class='urole' id='no-id' text='superadmin_qm@yopmail.com'
2026-05-05 14:39:23,650 - INFO -   Visible DIV 6: class='main-container' id='no-id' text='dashboard_2
group
decimal_increase
admin_panel_set'
2026-05-05 14:39:23,751 - INFO -   Visible DIV 7: class='inner' id='no-id' text='dashboard_2'
2026-05-05 14:39:23,843 - INFO -   Visible DIV 8: class='inner' id='no-id' text='group'
2026-05-05 14:39:23,972 - INFO -   Visible DIV 9: class='inner' id='no-id' text='decimal_increase'
2026-05-05 14:39:24,099 - INFO -   Visible DIV 10: class='inner' id='no-id' text='admin_panel_settings'
2026-05-05 14:39:24,203 - INFO -   Visible DIV 11: class='inner' id='no-id' text='nest_doorbell_visitor'
2026-05-05 14:39:24,324 - INFO -   Visible DIV 12: class='inner' id='no-id' text='key_visualizer'
2026-05-05 14:39:24,351 - INFO - 
================================================================================

2026-05-05 14:39:24,586 - INFO - Waiting for dashboard URL...
2026-05-05 14:39:24,587 - INFO - 
================================================================================
2026-05-05 14:39:24,587 - INFO - DOM SNAPSHOT AT STAGE: Before_Dashboard_Navigation
2026-05-05 14:39:24,587 - INFO - ================================================================================
2026-05-05 14:39:24,627 - INFO - 
Searching for pop-up elements in page content...
2026-05-05 14:39:24,851 - WARNING - ⚠ No known pop-up selectors found. Checking all visible divs...
2026-05-05 14:39:24,901 - INFO - Total DIV elements on page: 29
2026-05-05 14:39:25,052 - INFO -   Visible DIV 1: class='header-right' id='no-id' text='English
French
Spanish
Quantum Toll Authority
supe'
2026-05-05 14:39:25,135 - INFO -   Visible DIV 2: class='nav-user' id='no-id' text='Quantum Toll Authority
superadmin_qm@yopmail.com'
2026-05-05 14:39:25,233 - INFO -   Visible DIV 3: class='nav-user-info' id='no-id' text='Quantum Toll Authority
superadmin_qm@yopmail.com'
2026-05-05 14:39:25,300 - INFO -   Visible DIV 4: class='uname' id='no-id' text='Quantum Toll Authority'
2026-05-05 14:39:25,384 - INFO -   Visible DIV 5: class='urole' id='no-id' text='superadmin_qm@yopmail.com'
2026-05-05 14:39:25,489 - INFO -   Visible DIV 6: class='main-container' id='no-id' text='dashboard_2
group
decimal_increase
admin_panel_set'
2026-05-05 14:39:25,568 - INFO -   Visible DIV 7: class='inner' id='no-id' text='dashboard_2'
2026-05-05 14:39:25,634 - INFO -   Visible DIV 8: class='inner' id='no-id' text='group'
2026-05-05 14:39:25,748 - INFO -   Visible DIV 9: class='inner' id='no-id' text='decimal_increase'
2026-05-05 14:39:25,838 - INFO -   Visible DIV 10: class='inner' id='no-id' text='admin_panel_settings'
2026-05-05 14:39:25,933 - INFO -   Visible DIV 11: class='inner' id='no-id' text='nest_doorbell_visitor'
2026-05-05 14:39:26,023 - INFO -   Visible DIV 12: class='inner' id='no-id' text='key_visualizer'
2026-05-05 14:39:26,033 - INFO - 
================================================================================

2026-05-05 14:39:26,067 - INFO - Login SUCCESS: Dashboard URL reached.
2026-05-05 14:39:26,583 - INFO - 
================================================================================
2026-05-05 14:39:26,583 - INFO - DOM SNAPSHOT AT STAGE: After_Dashboard_Loaded
2026-05-05 14:39:26,583 - INFO - ================================================================================
2026-05-05 14:39:26,600 - INFO - 
Searching for pop-up elements in page content...
2026-05-05 14:39:26,783 - WARNING - ⚠ No known pop-up selectors found. Checking all visible divs...
2026-05-05 14:39:26,817 - INFO - Total DIV elements on page: 29
2026-05-05 14:39:26,983 - INFO -   Visible DIV 1: class='header-right' id='no-id' text='English
French
Spanish
Quantum Toll Authority
supe'
2026-05-05 14:39:27,061 - INFO -   Visible DIV 2: class='nav-user' id='no-id' text='Quantum Toll Authority
superadmin_qm@yopmail.com'
2026-05-05 14:39:27,167 - INFO -   Visible DIV 3: class='nav-user-info' id='no-id' text='Quantum Toll Authority
superadmin_qm@yopmail.com'
2026-05-05 14:39:27,243 - INFO -   Visible DIV 4: class='uname' id='no-id' text='Quantum Toll Authority'
2026-05-05 14:39:27,413 - INFO -   Visible DIV 5: class='urole' id='no-id' text='superadmin_qm@yopmail.com'
2026-05-05 14:39:27,514 - INFO -   Visible DIV 6: class='main-container' id='no-id' text='dashboard_2
group
decimal_increase
admin_panel_set'
2026-05-05 14:39:27,617 - INFO -   Visible DIV 7: class='inner' id='no-id' text='dashboard_2'
2026-05-05 14:39:27,732 - INFO -   Visible DIV 8: class='inner' id='no-id' text='group'
2026-05-05 14:39:27,957 - INFO -   Visible DIV 9: class='inner' id='no-id' text='decimal_increase'
2026-05-05 14:39:28,112 - INFO -   Visible DIV 10: class='inner' id='no-id' text='admin_panel_settings'
2026-05-05 14:39:28,260 - INFO -   Visible DIV 11: class='inner' id='no-id' text='nest_doorbell_visitor'
2026-05-05 14:39:28,410 - INFO -   Visible DIV 12: class='inner' id='no-id' text='key_visualizer'
2026-05-05 14:39:28,445 - INFO - 
================================================================================

2026-05-05 14:39:28,447 - INFO - Checking for dashboard header 'Welcome to QM Toll portal!'...
2026-05-05 14:39:28,540 - INFO - ✅ Dashboard header found with selector: h4:has-text("Welcome to QM Toll portal!")
2026-05-05 14:39:28,541 - INFO -    Header text: 'Welcome to QM Toll portal!'
2026-05-05 14:39:28,543 - INFO - ✅ DASHBOARD VALIDATION PASSED: 'Welcome to QM Toll portal!' header found
2026-05-05 14:39:29,378 - INFO - Step 1: Navigating and Starting Onboarding...
2026-05-05 14:39:29,378 - INFO - Executing Sidebar Navigation Sequence...
2026-05-05 14:39:32,306 - INFO - Filling Step 1: Account Details...
2026-05-05 14:39:36,040 - INFO - Filled First Name: Tejas
2026-05-05 14:39:37,194 - INFO - Filled Middle Name: QA Team
2026-05-05 14:39:38,373 - INFO - Filled Last Name: Soman
2026-05-05 14:39:39,528 - INFO - Checked: Use Same for Billing
2026-05-05 14:39:40,728 - INFO - Checked: Use Same for Shipping
2026-05-05 14:39:41,927 - INFO - Checked: Primary Address
2026-05-05 14:39:45,789 - INFO - Filled Address: 123 Automation Blvd
2026-05-05 14:39:47,020 - INFO - Filled Zip Code: 12345
2026-05-05 14:39:48,748 - INFO - Filled Phone: 9525568960
2026-05-05 14:39:49,976 - INFO - Filled Email: tejas.soman22@testmail.com
2026-05-05 14:39:51,198 - INFO - Filled Confirm Email: tejas.soman22@testmail.com
2026-05-05 14:39:51,203 - INFO - Clicking Save & Next...
2026-05-05 14:39:51,233 - INFO - Chatbot elements hidden via CSS injection.
2026-05-05 14:39:53,075 - INFO - Step 1 Submitted.
2026-05-05 14:39:53,075 - INFO - Adding 1 Vehicle(s)...
2026-05-05 14:39:53,619 - INFO - Step 2 loaded successfully.
2026-05-05 14:39:53,649 - INFO - Chatbot elements hidden via CSS injection.
2026-05-05 14:39:54,900 - INFO - Filled Plate 1: QA2589GP
2026-05-05 14:39:59,377 - INFO - Filled Plate Start Date: 2026-05-05
2026-05-05 14:40:10,837 - INFO - Clicking 'Add' button for Vehicle 1...
2026-05-05 14:40:10,870 - INFO - Chatbot elements hidden via CSS injection.
2026-05-05 14:40:14,093 - INFO - Vehicle 1 added successfully.
2026-05-05 14:40:15,635 - INFO - Highlighting and clicking 'Next' button...
2026-05-05 14:40:15,688 - INFO - Chatbot elements hidden via CSS injection.
2026-05-05 14:40:18,415 - INFO - Captured Permanent Account Number: 2000011280
2026-05-05 14:40:18,415 - INFO - Account 2000011280 saved to SharedData.
2026-05-05 14:40:18,415 - INFO - Starting Step 3: Payment Information...
2026-05-05 14:40:18,440 - INFO - Chatbot elements hidden via CSS injection.
2026-05-05 14:40:22,624 - INFO - Filled Cardholder Name: MdabnuKUgwwpNFxZSFXXHguIVlqNz
2026-05-05 14:40:24,247 - INFO - Filled Card Number: 7192315823472104
2026-05-05 14:40:25,827 - INFO - Filled Expiry Date: 05/28
2026-05-05 14:40:27,369 - INFO - Filled CVV: 576
2026-05-05 14:40:29,694 - INFO - Clicking 'Preview and Pay'...
2026-05-05 14:40:29,711 - INFO - Chatbot elements hidden via CSS injection.
2026-05-05 14:40:30,379 - INFO - Waiting for Payment Summary card...
2026-05-05 14:40:31,855 - INFO - Starting Final Confirmation Modal...
2026-05-05 14:40:33,051 - INFO - ✅ Account onboarding completed successfully.
2026-05-05 14:40:33,055 - INFO - Finalizing process: Clicking 'Account Summary' button...
2026-05-05 14:40:33,304 - INFO - Step 2: Creating case for account: 2000011280
2026-05-05 14:45:27,808 - INFO - Navigating to Login Page: http://operator-qa.qmaastech.com/
2026-05-05 14:45:30,490 - INFO - Attempting login for user: superadmin_qm@yopmail.com
2026-05-05 14:45:32,204 - INFO - Logging DOM elements BEFORE login click...
2026-05-05 14:45:32,207 - INFO - 
================================================================================
2026-05-05 14:45:32,207 - INFO - DOM SNAPSHOT AT STAGE: Before_Login
2026-05-05 14:45:32,207 - INFO - ================================================================================
2026-05-05 14:45:32,243 - INFO - 
Searching for pop-up elements in page content...
2026-05-05 14:45:32,575 - WARNING - ⚠ No known pop-up selectors found. Checking all visible divs...
2026-05-05 14:45:32,628 - INFO - Total DIV elements on page: 21
2026-05-05 14:45:33,098 - INFO -   Visible DIV 1: class='hero-pills' id='no-id' text='bolt
Real-time
smart_toy
AI-driven
hub
Multi-agenc'
2026-05-05 14:45:33,210 - INFO -   Visible DIV 2: class='auth-panel' id='no-id' text='Welcome Back

Sign in to your account to continue
'
2026-05-05 14:45:33,289 - INFO -   Visible DIV 3: class='auth-card' id='no-id' text='Welcome Back

Sign in to your account to continue
'
2026-05-05 14:45:33,385 - INFO -   Visible DIV 4: class='auth-step' id='no-id' text='Welcome Back

Sign in to your account to continue
'
2026-05-05 14:45:33,505 - INFO -   Visible DIV 5: class='field-wrap' id='no-id' text='Email ID / Username *
person'
2026-05-05 14:45:33,573 - INFO -   Visible DIV 6: class='input-shell' id='no-id' text='person'
2026-05-05 14:45:33,659 - INFO -   Visible DIV 7: class='field-wrap' id='no-id' text='Password *
lock
visibility_off'
2026-05-05 14:45:33,746 - INFO -   Visible DIV 8: class='input-shell' id='no-id' text='lock
visibility_off'
2026-05-05 14:45:33,832 - INFO -   Visible DIV 9: class='auth-bottom-links' id='no-id' text='New user?  Access Account

Forgot password?'
2026-05-05 14:45:33,876 - INFO - 
================================================================================

2026-05-05 14:45:34,481 - INFO - Login button clicked.
2026-05-05 14:45:34,483 - INFO - Taking rapid screenshots and validating pop-up...
2026-05-05 14:45:35,047 - INFO - Screenshot 1 captured - Attempting validation...
2026-05-05 14:45:35,047 - INFO - 
================================================================================
2026-05-05 14:45:35,047 - INFO - STARTING COMPREHENSIVE POP-UP VALIDATION
2026-05-05 14:45:35,047 - INFO - ================================================================================
2026-05-05 14:45:35,082 - INFO - 
[VALIDATION 1] Checking Pop-up Visibility...
2026-05-05 14:45:35,093 - INFO -   Visibility Status: True
2026-05-05 14:45:35,093 - INFO -   PASSED: Pop-up is visible
2026-05-05 14:45:35,093 - INFO - 
[VALIDATION 2] Extracting and Validating Text Content...
2026-05-05 14:45:35,115 - INFO -   Extracted Text: 'Login Successful'
2026-05-05 14:45:35,115 - INFO -   PASSED: Text matches exactly: 'Login Successful'
2026-05-05 14:45:35,115 - INFO - 
[VALIDATION 3] Checking for Typos...
2026-05-05 14:45:35,115 - INFO -   PASSED: No known typos detected
2026-05-05 14:45:35,115 - INFO - 
[VALIDATION 4] Extracting CSS Classes and Attributes...
2026-05-05 14:45:35,142 - INFO -   CSS Classes: snackbar success-snackbar
2026-05-05 14:45:35,142 - INFO -   PASSED: 'success' class is present
2026-05-05 14:45:35,142 - INFO - 
[VALIDATION 5] Checking Element Properties...
2026-05-05 14:45:35,225 - INFO -   ID: Not set
2026-05-05 14:45:35,225 - INFO -   Data-TestID: Not set
2026-05-05 14:45:35,225 - INFO -   Role: Not set
2026-05-05 14:45:35,225 - INFO -   ARIA Label: Not set
2026-05-05 14:45:35,225 - INFO - 
[VALIDATION 6] Checking Position and Size...
2026-05-05 14:45:35,239 - INFO -   X: 1230, Y: 20
2026-05-05 14:45:35,240 - INFO -   Width: 250, Height: 43.5
2026-05-05 14:45:35,240 - INFO -   PASSED: Element has valid dimensions
2026-05-05 14:45:35,241 - INFO - 
[VALIDATION 7] Checking Computed Styles...
2026-05-05 14:45:35,275 - INFO -   Display: block
2026-05-05 14:45:35,275 - INFO -   Opacity: 1
2026-05-05 14:45:35,275 - INFO -   PASSED: Element is displayed with proper opacity
2026-05-05 14:45:35,275 - INFO - 
================================================================================
2026-05-05 14:45:35,275 - INFO - POP-UP VALIDATION SUMMARY
2026-05-05 14:45:35,275 - INFO - ================================================================================
2026-05-05 14:45:35,275 - INFO -   Visibility: PASSED
2026-05-05 14:45:35,275 - INFO -   Text Match: PASSED
2026-05-05 14:45:35,275 - INFO -   Typo Check: PASSED
2026-05-05 14:45:35,275 - INFO -   CSS Classes: Present
2026-05-05 14:45:35,275 - INFO -   Position & Size: Valid
2026-05-05 14:45:35,275 - INFO -   Computed Styles: Valid
2026-05-05 14:45:35,275 - INFO - ================================================================================

2026-05-05 14:45:35,275 - INFO - ✓ ALL VALIDATIONS PASSED - Pop-up is working correctly!
2026-05-05 14:45:35,641 - INFO - Screenshot 2 captured - Attempting validation...
2026-05-05 14:45:35,642 - INFO - 
================================================================================
2026-05-05 14:45:35,643 - INFO - STARTING COMPREHENSIVE POP-UP VALIDATION
2026-05-05 14:45:35,643 - INFO - ================================================================================
2026-05-05 14:45:35,748 - ERROR - VALIDATION FAILED: Pop-up element not found!
2026-05-05 14:45:37,396 - INFO - Screenshot 3 captured - Attempting validation...
2026-05-05 14:45:37,396 - INFO - 
================================================================================
2026-05-05 14:45:37,397 - INFO - STARTING COMPREHENSIVE POP-UP VALIDATION
2026-05-05 14:45:37,397 - INFO - ================================================================================
2026-05-05 14:45:37,419 - ERROR - VALIDATION FAILED: Pop-up element not found!
2026-05-05 14:45:37,544 - INFO - Logging DOM elements AFTER login click (pop-up should appear here)...
2026-05-05 14:45:37,544 - INFO - 
================================================================================
2026-05-05 14:45:37,545 - INFO - DOM SNAPSHOT AT STAGE: After_Login_Click
2026-05-05 14:45:37,546 - INFO - ================================================================================
2026-05-05 14:45:37,571 - INFO - 
Searching for pop-up elements in page content...
2026-05-05 14:45:37,843 - WARNING - ⚠ No known pop-up selectors found. Checking all visible divs...
2026-05-05 14:45:37,895 - INFO - Total DIV elements on page: 29
2026-05-05 14:45:38,100 - INFO -   Visible DIV 1: class='header-right' id='no-id' text='English
French
Spanish
Quantum Toll Authority
supe'
2026-05-05 14:45:38,189 - INFO -   Visible DIV 2: class='nav-user' id='no-id' text='Quantum Toll Authority
superadmin_qm@yopmail.com'
2026-05-05 14:45:38,295 - INFO -   Visible DIV 3: class='nav-user-info' id='no-id' text='Quantum Toll Authority
superadmin_qm@yopmail.com'
2026-05-05 14:45:38,361 - INFO -   Visible DIV 4: class='uname' id='no-id' text='Quantum Toll Authority'
2026-05-05 14:45:38,465 - INFO -   Visible DIV 5: class='urole' id='no-id' text='superadmin_qm@yopmail.com'
2026-05-05 14:45:38,551 - INFO -   Visible DIV 6: class='main-container' id='no-id' text='dashboard_2
group
decimal_increase
admin_panel_set'
2026-05-05 14:45:38,644 - INFO -   Visible DIV 7: class='inner' id='no-id' text='dashboard_2'
2026-05-05 14:45:38,762 - INFO -   Visible DIV 8: class='inner' id='no-id' text='group'
2026-05-05 14:45:38,884 - INFO -   Visible DIV 9: class='inner' id='no-id' text='decimal_increase'
2026-05-05 14:45:38,977 - INFO -   Visible DIV 10: class='inner' id='no-id' text='admin_panel_settings'
2026-05-05 14:45:39,109 - INFO -   Visible DIV 11: class='inner' id='no-id' text='nest_doorbell_visitor'
2026-05-05 14:45:39,211 - INFO -   Visible DIV 12: class='inner' id='no-id' text='key_visualizer'
2026-05-05 14:45:39,228 - INFO - 
================================================================================

2026-05-05 14:45:39,483 - INFO - Waiting for dashboard URL...
2026-05-05 14:45:39,483 - INFO - 
================================================================================
2026-05-05 14:45:39,483 - INFO - DOM SNAPSHOT AT STAGE: Before_Dashboard_Navigation
2026-05-05 14:45:39,483 - INFO - ================================================================================
2026-05-05 14:45:39,517 - INFO - 
Searching for pop-up elements in page content...
2026-05-05 14:45:39,764 - WARNING - ⚠ No known pop-up selectors found. Checking all visible divs...
2026-05-05 14:45:39,818 - INFO - Total DIV elements on page: 29
2026-05-05 14:45:39,994 - INFO -   Visible DIV 1: class='header-right' id='no-id' text='English
French
Spanish
Quantum Toll Authority
supe'
2026-05-05 14:45:40,100 - INFO -   Visible DIV 2: class='nav-user' id='no-id' text='Quantum Toll Authority
superadmin_qm@yopmail.com'
2026-05-05 14:45:40,219 - INFO -   Visible DIV 3: class='nav-user-info' id='no-id' text='Quantum Toll Authority
superadmin_qm@yopmail.com'
2026-05-05 14:45:40,293 - INFO -   Visible DIV 4: class='uname' id='no-id' text='Quantum Toll Authority'
2026-05-05 14:45:40,369 - INFO -   Visible DIV 5: class='urole' id='no-id' text='superadmin_qm@yopmail.com'
2026-05-05 14:45:40,444 - INFO -   Visible DIV 6: class='main-container' id='no-id' text='dashboard_2
group
decimal_increase
admin_panel_set'
2026-05-05 14:45:40,528 - INFO -   Visible DIV 7: class='inner' id='no-id' text='dashboard_2'
2026-05-05 14:45:40,608 - INFO -   Visible DIV 8: class='inner' id='no-id' text='group'
2026-05-05 14:45:40,694 - INFO -   Visible DIV 9: class='inner' id='no-id' text='decimal_increase'
2026-05-05 14:45:40,794 - INFO -   Visible DIV 10: class='inner' id='no-id' text='admin_panel_settings'
2026-05-05 14:45:40,887 - INFO -   Visible DIV 11: class='inner' id='no-id' text='nest_doorbell_visitor'
2026-05-05 14:45:40,977 - INFO -   Visible DIV 12: class='inner' id='no-id' text='key_visualizer'
2026-05-05 14:45:41,016 - INFO - 
================================================================================

2026-05-05 14:45:41,043 - INFO - Login SUCCESS: Dashboard URL reached.
2026-05-05 14:45:41,559 - INFO - 
================================================================================
2026-05-05 14:45:41,560 - INFO - DOM SNAPSHOT AT STAGE: After_Dashboard_Loaded
2026-05-05 14:45:41,561 - INFO - ================================================================================
2026-05-05 14:45:41,576 - INFO - 
Searching for pop-up elements in page content...
2026-05-05 14:45:41,759 - WARNING - ⚠ No known pop-up selectors found. Checking all visible divs...
2026-05-05 14:45:41,807 - INFO - Total DIV elements on page: 29
2026-05-05 14:45:41,957 - INFO -   Visible DIV 1: class='header-right' id='no-id' text='English
French
Spanish
Quantum Toll Authority
supe'
2026-05-05 14:45:42,033 - INFO -   Visible DIV 2: class='nav-user' id='no-id' text='Quantum Toll Authority
superadmin_qm@yopmail.com'
2026-05-05 14:45:42,160 - INFO -   Visible DIV 3: class='nav-user-info' id='no-id' text='Quantum Toll Authority
superadmin_qm@yopmail.com'
2026-05-05 14:45:42,226 - INFO -   Visible DIV 4: class='uname' id='no-id' text='Quantum Toll Authority'
2026-05-05 14:45:42,310 - INFO -   Visible DIV 5: class='urole' id='no-id' text='superadmin_qm@yopmail.com'
2026-05-05 14:45:42,394 - INFO -   Visible DIV 6: class='main-container' id='no-id' text='dashboard_2
group
decimal_increase
admin_panel_set'
2026-05-05 14:45:42,477 - INFO -   Visible DIV 7: class='inner' id='no-id' text='dashboard_2'
2026-05-05 14:45:42,544 - INFO -   Visible DIV 8: class='inner' id='no-id' text='group'
2026-05-05 14:45:42,695 - INFO -   Visible DIV 9: class='inner' id='no-id' text='decimal_increase'
2026-05-05 14:45:42,827 - INFO -   Visible DIV 10: class='inner' id='no-id' text='admin_panel_settings'
2026-05-05 14:45:42,961 - INFO -   Visible DIV 11: class='inner' id='no-id' text='nest_doorbell_visitor'
2026-05-05 14:45:43,090 - INFO -   Visible DIV 12: class='inner' id='no-id' text='key_visualizer'
2026-05-05 14:45:43,111 - INFO - 
================================================================================

2026-05-05 14:45:43,118 - INFO - Checking for dashboard header 'Welcome to QM Toll portal!'...
2026-05-05 14:45:43,203 - INFO - ✅ Dashboard header found with selector: h4:has-text("Welcome to QM Toll portal!")
2026-05-05 14:45:43,205 - INFO -    Header text: 'Welcome to QM Toll portal!'
2026-05-05 14:45:43,206 - INFO - ✅ DASHBOARD VALIDATION PASSED: 'Welcome to QM Toll portal!' header found
2026-05-05 14:45:44,772 - INFO - Step 1: Navigating and Starting Onboarding...
2026-05-05 14:45:44,773 - INFO - Executing Sidebar Navigation Sequence...
2026-05-05 14:45:47,746 - INFO - Filling Step 1: Account Details...
2026-05-05 14:45:51,528 - INFO - Filled First Name: Advik
2026-05-05 14:45:52,676 - INFO - Filled Middle Name: QA Team
2026-05-05 14:45:53,843 - INFO - Filled Last Name: Behl
2026-05-05 14:45:54,986 - INFO - Checked: Use Same for Billing
2026-05-05 14:45:56,173 - INFO - Checked: Use Same for Shipping
2026-05-05 14:45:57,313 - INFO - Checked: Primary Address
2026-05-05 14:46:01,109 - INFO - Filled Address: 123 Automation Blvd
2026-05-05 14:46:02,293 - INFO - Filled Zip Code: 12345
2026-05-05 14:46:03,961 - INFO - Filled Phone: 7188901748
2026-05-05 14:46:05,110 - INFO - Filled Email: advik.behl40@testmail.com
2026-05-05 14:46:06,261 - INFO - Filled Confirm Email: advik.behl40@testmail.com
2026-05-05 14:46:06,262 - INFO - Clicking Save & Next...
2026-05-05 14:46:06,279 - INFO - Chatbot elements hidden via CSS injection.
2026-05-05 14:46:08,051 - INFO - Step 1 Submitted.
2026-05-05 14:46:08,053 - INFO - Adding 1 Vehicle(s)...
2026-05-05 14:46:08,502 - INFO - Step 2 loaded successfully.
2026-05-05 14:46:08,534 - INFO - Chatbot elements hidden via CSS injection.
2026-05-05 14:46:09,716 - INFO - Filled Plate 1: QA2208GP
2026-05-05 14:46:14,256 - INFO - Filled Plate Start Date: 2026-05-05
2026-05-05 14:46:25,629 - INFO - Clicking 'Add' button for Vehicle 1...
2026-05-05 14:46:25,650 - INFO - Chatbot elements hidden via CSS injection.
2026-05-05 14:46:28,887 - INFO - Vehicle 1 added successfully.
2026-05-05 14:46:30,419 - INFO - Highlighting and clicking 'Next' button...
2026-05-05 14:46:30,448 - INFO - Chatbot elements hidden via CSS injection.
2026-05-05 14:46:33,169 - INFO - Captured Permanent Account Number: 2000011281
2026-05-05 14:46:33,169 - INFO - Account 2000011281 saved to SharedData.
2026-05-05 14:46:33,169 - INFO - Starting Step 3: Payment Information...
2026-05-05 14:46:33,203 - INFO - Chatbot elements hidden via CSS injection.
2026-05-05 14:46:37,435 - INFO - Filled Cardholder Name: UyXeYjaVLfrZRc
2026-05-05 14:46:39,016 - INFO - Filled Card Number: 5189128147138945
2026-05-05 14:46:40,589 - INFO - Filled Expiry Date: 05/28
2026-05-05 14:46:42,112 - INFO - Filled CVV: 110
2026-05-05 14:46:44,430 - INFO - Clicking 'Preview and Pay'...
2026-05-05 14:46:44,446 - INFO - Chatbot elements hidden via CSS injection.
2026-05-05 14:46:45,139 - INFO - Waiting for Payment Summary card...
2026-05-05 14:46:46,593 - INFO - Starting Final Confirmation Modal...
2026-05-05 14:46:47,424 - INFO - ✅ Account onboarding completed successfully.
2026-05-05 14:46:47,425 - INFO - Finalizing process: Clicking 'Account Summary' button...
2026-05-05 14:46:47,860 - INFO - Step 2: Creating case for account: 2000011281
2026-05-05 15:37:30,520 - INFO - Navigating to Login Page: http://operator-qa.qmaastech.com/
2026-05-05 15:37:34,713 - INFO - Attempting login for user: superadmin_qm@yopmail.com
2026-05-05 15:37:36,420 - INFO - Logging DOM elements BEFORE login click...
2026-05-05 15:37:36,420 - INFO - 
================================================================================
2026-05-05 15:37:36,420 - INFO - DOM SNAPSHOT AT STAGE: Before_Login
2026-05-05 15:37:36,420 - INFO - ================================================================================
2026-05-05 15:37:36,495 - INFO - 
Searching for pop-up elements in page content...
2026-05-05 15:37:36,867 - WARNING - ⚠ No known pop-up selectors found. Checking all visible divs...
2026-05-05 15:37:36,916 - INFO - Total DIV elements on page: 21
2026-05-05 15:37:37,487 - INFO -   Visible DIV 1: class='hero-pills' id='no-id' text='bolt
Real-time
smart_toy
AI-driven
hub
Multi-agenc'
2026-05-05 15:37:37,618 - INFO -   Visible DIV 2: class='auth-panel' id='no-id' text='Welcome Back

Sign in to your account to continue
'
2026-05-05 15:37:37,719 - INFO -   Visible DIV 3: class='auth-card' id='no-id' text='Welcome Back

Sign in to your account to continue
'
2026-05-05 15:37:37,834 - INFO -   Visible DIV 4: class='auth-step' id='no-id' text='Welcome Back

Sign in to your account to continue
'
2026-05-05 15:37:37,998 - INFO -   Visible DIV 5: class='field-wrap' id='no-id' text='Email ID / Username *
person'
2026-05-05 15:37:38,115 - INFO -   Visible DIV 6: class='input-shell' id='no-id' text='person'
2026-05-05 15:37:38,198 - INFO -   Visible DIV 7: class='field-wrap' id='no-id' text='Password *
lock
visibility_off'
2026-05-05 15:37:38,288 - INFO -   Visible DIV 8: class='input-shell' id='no-id' text='lock
visibility_off'
2026-05-05 15:37:38,381 - INFO -   Visible DIV 9: class='auth-bottom-links' id='no-id' text='New user?  Access Account

Forgot password?'
2026-05-05 15:37:38,418 - INFO - 
================================================================================

2026-05-05 15:37:39,010 - INFO - Login button clicked.
2026-05-05 15:37:39,016 - INFO - Taking rapid screenshots and validating pop-up...
2026-05-05 15:37:39,587 - INFO - Screenshot 1 captured - Attempting validation...
2026-05-05 15:37:39,588 - INFO - 
================================================================================
2026-05-05 15:37:39,588 - INFO - STARTING COMPREHENSIVE POP-UP VALIDATION
2026-05-05 15:37:39,588 - INFO - ================================================================================
2026-05-05 15:37:39,597 - INFO - 
[VALIDATION 1] Checking Pop-up Visibility...
2026-05-05 15:37:39,632 - INFO -   Visibility Status: True
2026-05-05 15:37:39,632 - INFO -   PASSED: Pop-up is visible
2026-05-05 15:37:39,632 - INFO - 
[VALIDATION 2] Extracting and Validating Text Content...
2026-05-05 15:37:39,647 - INFO -   Extracted Text: 'Login Successful'
2026-05-05 15:37:39,647 - INFO -   PASSED: Text matches exactly: 'Login Successful'
2026-05-05 15:37:39,647 - INFO - 
[VALIDATION 3] Checking for Typos...
2026-05-05 15:37:39,647 - INFO -   PASSED: No known typos detected
2026-05-05 15:37:39,647 - INFO - 
[VALIDATION 4] Extracting CSS Classes and Attributes...
2026-05-05 15:37:39,665 - INFO -   CSS Classes: snackbar success-snackbar
2026-05-05 15:37:39,665 - INFO -   PASSED: 'success' class is present
2026-05-05 15:37:39,665 - INFO - 
[VALIDATION 5] Checking Element Properties...
2026-05-05 15:37:39,748 - INFO -   ID: Not set
2026-05-05 15:37:39,748 - INFO -   Data-TestID: Not set
2026-05-05 15:37:39,748 - INFO -   Role: Not set
2026-05-05 15:37:39,748 - INFO -   ARIA Label: Not set
2026-05-05 15:37:39,748 - INFO - 
[VALIDATION 6] Checking Position and Size...
2026-05-05 15:37:39,764 - INFO -   X: 1230, Y: 20
2026-05-05 15:37:39,764 - INFO -   Width: 250, Height: 43.5
2026-05-05 15:37:39,764 - INFO -   PASSED: Element has valid dimensions
2026-05-05 15:37:39,779 - INFO - 
[VALIDATION 7] Checking Computed Styles...
2026-05-05 15:37:39,814 - INFO -   Display: block
2026-05-05 15:37:39,814 - INFO -   Opacity: 1
2026-05-05 15:37:39,814 - INFO -   PASSED: Element is displayed with proper opacity
2026-05-05 15:37:39,814 - INFO - 
================================================================================
2026-05-05 15:37:39,817 - INFO - POP-UP VALIDATION SUMMARY
2026-05-05 15:37:39,817 - INFO - ================================================================================
2026-05-05 15:37:39,817 - INFO -   Visibility: PASSED
2026-05-05 15:37:39,817 - INFO -   Text Match: PASSED
2026-05-05 15:37:39,817 - INFO -   Typo Check: PASSED
2026-05-05 15:37:39,821 - INFO -   CSS Classes: Present
2026-05-05 15:37:39,821 - INFO -   Position & Size: Valid
2026-05-05 15:37:39,821 - INFO -   Computed Styles: Valid
2026-05-05 15:37:39,821 - INFO - ================================================================================

2026-05-05 15:37:39,821 - INFO - ✓ ALL VALIDATIONS PASSED - Pop-up is working correctly!
2026-05-05 15:37:40,268 - INFO - Screenshot 2 captured - Attempting validation...
2026-05-05 15:37:40,268 - INFO - 
================================================================================
2026-05-05 15:37:40,268 - INFO - STARTING COMPREHENSIVE POP-UP VALIDATION
2026-05-05 15:37:40,268 - INFO - ================================================================================
2026-05-05 15:37:40,290 - ERROR - VALIDATION FAILED: Pop-up element not found!
2026-05-05 15:37:41,897 - INFO - Screenshot 3 captured - Attempting validation...
2026-05-05 15:37:41,899 - INFO - 
================================================================================
2026-05-05 15:37:41,900 - INFO - STARTING COMPREHENSIVE POP-UP VALIDATION
2026-05-05 15:37:41,901 - INFO - ================================================================================
2026-05-05 15:37:41,924 - ERROR - VALIDATION FAILED: Pop-up element not found!
2026-05-05 15:37:42,043 - INFO - Logging DOM elements AFTER login click (pop-up should appear here)...
2026-05-05 15:37:42,044 - INFO - 
================================================================================
2026-05-05 15:37:42,044 - INFO - DOM SNAPSHOT AT STAGE: After_Login_Click
2026-05-05 15:37:42,044 - INFO - ================================================================================
2026-05-05 15:37:42,074 - INFO - 
Searching for pop-up elements in page content...
2026-05-05 15:37:42,352 - WARNING - ⚠ No known pop-up selectors found. Checking all visible divs...
2026-05-05 15:37:42,410 - INFO - Total DIV elements on page: 29
2026-05-05 15:37:42,597 - INFO -   Visible DIV 1: class='header-right' id='no-id' text='English
French
Spanish
Quantum Toll Authority
supe'
2026-05-05 15:37:42,698 - INFO -   Visible DIV 2: class='nav-user' id='no-id' text='Quantum Toll Authority
superadmin_qm@yopmail.com'
2026-05-05 15:37:42,845 - INFO -   Visible DIV 3: class='nav-user-info' id='no-id' text='Quantum Toll Authority
superadmin_qm@yopmail.com'
2026-05-05 15:37:42,939 - INFO -   Visible DIV 4: class='uname' id='no-id' text='Quantum Toll Authority'
2026-05-05 15:37:43,040 - INFO -   Visible DIV 5: class='urole' id='no-id' text='superadmin_qm@yopmail.com'
2026-05-05 15:37:43,138 - INFO -   Visible DIV 6: class='main-container' id='no-id' text='dashboard_2
group
decimal_increase
admin_panel_set'
2026-05-05 15:37:43,232 - INFO -   Visible DIV 7: class='inner' id='no-id' text='dashboard_2'
2026-05-05 15:37:43,341 - INFO -   Visible DIV 8: class='inner' id='no-id' text='group'
2026-05-05 15:37:43,452 - INFO -   Visible DIV 9: class='inner' id='no-id' text='decimal_increase'
2026-05-05 15:37:43,574 - INFO -   Visible DIV 10: class='inner' id='no-id' text='admin_panel_settings'
2026-05-05 15:37:43,687 - INFO -   Visible DIV 11: class='inner' id='no-id' text='nest_doorbell_visitor'
2026-05-05 15:37:43,794 - INFO -   Visible DIV 12: class='inner' id='no-id' text='key_visualizer'
2026-05-05 15:37:43,814 - INFO - 
================================================================================

2026-05-05 15:37:44,073 - INFO - Waiting for dashboard URL...
2026-05-05 15:37:44,074 - INFO - 
================================================================================
2026-05-05 15:37:44,074 - INFO - DOM SNAPSHOT AT STAGE: Before_Dashboard_Navigation
2026-05-05 15:37:44,074 - INFO - ================================================================================
2026-05-05 15:37:44,099 - INFO - 
Searching for pop-up elements in page content...
2026-05-05 15:37:44,317 - WARNING - ⚠ No known pop-up selectors found. Checking all visible divs...
2026-05-05 15:37:44,359 - INFO - Total DIV elements on page: 29
2026-05-05 15:37:44,483 - INFO -   Visible DIV 1: class='header-right' id='no-id' text='English
French
Spanish
Quantum Toll Authority
supe'
2026-05-05 15:37:44,550 - INFO -   Visible DIV 2: class='nav-user' id='no-id' text='Quantum Toll Authority
superadmin_qm@yopmail.com'
2026-05-05 15:37:44,666 - INFO -   Visible DIV 3: class='nav-user-info' id='no-id' text='Quantum Toll Authority
superadmin_qm@yopmail.com'
2026-05-05 15:37:44,734 - INFO -   Visible DIV 4: class='uname' id='no-id' text='Quantum Toll Authority'
2026-05-05 15:37:44,816 - INFO -   Visible DIV 5: class='urole' id='no-id' text='superadmin_qm@yopmail.com'
2026-05-05 15:37:44,883 - INFO -   Visible DIV 6: class='main-container' id='no-id' text='dashboard_2
group
decimal_increase
admin_panel_set'
2026-05-05 15:37:44,967 - INFO -   Visible DIV 7: class='inner' id='no-id' text='dashboard_2'
2026-05-05 15:37:45,050 - INFO -   Visible DIV 8: class='inner' id='no-id' text='group'
2026-05-05 15:37:45,134 - INFO -   Visible DIV 9: class='inner' id='no-id' text='decimal_increase'
2026-05-05 15:37:45,234 - INFO -   Visible DIV 10: class='inner' id='no-id' text='admin_panel_settings'
2026-05-05 15:37:45,335 - INFO -   Visible DIV 11: class='inner' id='no-id' text='nest_doorbell_visitor'
2026-05-05 15:37:45,469 - INFO -   Visible DIV 12: class='inner' id='no-id' text='key_visualizer'
2026-05-05 15:37:45,486 - INFO - 
================================================================================

2026-05-05 15:37:45,518 - INFO - Login SUCCESS: Dashboard URL reached.
2026-05-05 15:37:46,045 - INFO - 
================================================================================
2026-05-05 15:37:46,054 - INFO - DOM SNAPSHOT AT STAGE: After_Dashboard_Loaded
2026-05-05 15:37:46,055 - INFO - ================================================================================
2026-05-05 15:37:46,097 - INFO - 
Searching for pop-up elements in page content...
2026-05-05 15:37:46,384 - WARNING - ⚠ No known pop-up selectors found. Checking all visible divs...
2026-05-05 15:37:46,457 - INFO - Total DIV elements on page: 29
2026-05-05 15:37:46,750 - INFO -   Visible DIV 1: class='header-right' id='no-id' text='English
French
Spanish
Quantum Toll Authority
supe'
2026-05-05 15:37:46,878 - INFO -   Visible DIV 2: class='nav-user' id='no-id' text='Quantum Toll Authority
superadmin_qm@yopmail.com'
2026-05-05 15:37:47,030 - INFO -   Visible DIV 3: class='nav-user-info' id='no-id' text='Quantum Toll Authority
superadmin_qm@yopmail.com'
2026-05-05 15:37:47,208 - INFO -   Visible DIV 4: class='uname' id='no-id' text='Quantum Toll Authority'
2026-05-05 15:37:47,319 - INFO -   Visible DIV 5: class='urole' id='no-id' text='superadmin_qm@yopmail.com'
2026-05-05 15:37:47,416 - INFO -   Visible DIV 6: class='main-container' id='no-id' text='dashboard_2
group
decimal_increase
admin_panel_set'
2026-05-05 15:37:47,525 - INFO -   Visible DIV 7: class='inner' id='no-id' text='dashboard_2'
2026-05-05 15:37:47,609 - INFO -   Visible DIV 8: class='inner' id='no-id' text='group'
2026-05-05 15:37:47,818 - INFO -   Visible DIV 9: class='inner' id='no-id' text='decimal_increase'
2026-05-05 15:37:47,951 - INFO -   Visible DIV 10: class='inner' id='no-id' text='admin_panel_settings'
2026-05-05 15:37:48,093 - INFO -   Visible DIV 11: class='inner' id='no-id' text='nest_doorbell_visitor'
2026-05-05 15:37:48,196 - INFO -   Visible DIV 12: class='inner' id='no-id' text='key_visualizer'
2026-05-05 15:37:48,217 - INFO - 
================================================================================

2026-05-05 15:37:48,217 - INFO - Checking for dashboard header 'Welcome to QM Toll portal!'...
2026-05-05 15:37:48,299 - INFO - ✅ Dashboard header found with selector: h4:has-text("Welcome to QM Toll portal!")
2026-05-05 15:37:48,299 - INFO -    Header text: 'Welcome to QM Toll portal!'
2026-05-05 15:37:48,299 - INFO - ✅ DASHBOARD VALIDATION PASSED: 'Welcome to QM Toll portal!' header found
2026-05-05 15:37:48,916 - INFO - Step 1: Navigating and Starting Onboarding...
2026-05-05 15:37:48,916 - INFO - Executing Sidebar Navigation Sequence...
2026-05-05 15:37:51,803 - INFO - Filling Step 1: Account Details...
2026-05-05 15:37:55,661 - INFO - Filled First Name: Farhan
2026-05-05 15:37:56,877 - INFO - Filled Middle Name: QA Team
2026-05-05 15:37:58,088 - INFO - Filled Last Name: Salvi
2026-05-05 15:37:59,277 - INFO - Checked: Use Same for Billing
2026-05-05 15:38:00,514 - INFO - Checked: Use Same for Shipping
2026-05-05 15:38:01,680 - INFO - Checked: Primary Address
2026-05-05 15:38:05,526 - INFO - Filled Address: 123 Automation Blvd
2026-05-05 15:38:06,733 - INFO - Filled Zip Code: 12345
2026-05-05 15:38:08,430 - INFO - Filled Phone: 9401531482
2026-05-05 15:38:09,613 - INFO - Filled Email: farhan.salvi91@testmail.com
2026-05-05 15:38:10,850 - INFO - Filled Confirm Email: farhan.salvi91@testmail.com
2026-05-05 15:38:10,852 - INFO - Clicking Save & Next...
2026-05-05 15:38:10,883 - INFO - Chatbot elements hidden via CSS injection.
2026-05-05 15:38:12,706 - INFO - Step 1 Submitted.
2026-05-05 15:38:12,708 - INFO - Adding 1 Vehicle(s)...
2026-05-05 15:38:13,100 - INFO - Step 2 loaded successfully.
2026-05-05 15:38:13,123 - INFO - Chatbot elements hidden via CSS injection.
2026-05-05 15:38:14,402 - INFO - Filled Plate 1: QA5910GP
2026-05-05 15:38:18,949 - INFO - Filled Plate Start Date: 2026-05-05
2026-05-05 15:38:30,330 - INFO - Clicking 'Add' button for Vehicle 1...
2026-05-05 15:38:30,359 - INFO - Chatbot elements hidden via CSS injection.
2026-05-05 15:38:33,602 - INFO - Vehicle 1 added successfully.
2026-05-05 15:38:35,145 - INFO - Highlighting and clicking 'Next' button...
2026-05-05 15:38:35,185 - INFO - Chatbot elements hidden via CSS injection.
2026-05-05 15:38:37,925 - INFO - Captured Permanent Account Number: 2000011283
2026-05-05 15:38:37,925 - INFO - Account 2000011283 saved to SharedData.
2026-05-05 15:38:37,925 - INFO - Starting Step 3: Payment Information...
2026-05-05 15:38:37,978 - INFO - Chatbot elements hidden via CSS injection.
2026-05-05 15:38:42,170 - INFO - Filled Cardholder Name: gGcSMqqpVGMhHqJyfiDWZjCUwWJqSByXAKdonokuMWoDG
2026-05-05 15:38:43,802 - INFO - Filled Card Number: 6734055635637190
2026-05-05 15:38:45,434 - INFO - Filled Expiry Date: 05/28
2026-05-05 15:38:46,984 - INFO - Filled CVV: 239
2026-05-05 15:38:49,318 - INFO - Clicking 'Preview and Pay'...
2026-05-05 15:38:49,340 - INFO - Chatbot elements hidden via CSS injection.
2026-05-05 15:38:50,014 - INFO - Waiting for Payment Summary card...
2026-05-05 15:38:51,475 - INFO - Starting Final Confirmation Modal...
2026-05-05 15:38:52,649 - INFO - ✅ Account onboarding completed successfully.
2026-05-05 15:38:52,652 - INFO - Finalizing process: Clicking 'Account Summary' button...
2026-05-05 15:38:52,915 - INFO - Step 2: Creating case for account: 2000011283
2026-05-05 15:44:02,808 - INFO - Navigating to Login Page: http://operator-qa.qmaastech.com/
2026-05-05 15:44:05,640 - INFO - Attempting login for user: superadmin_qm@yopmail.com
2026-05-05 15:44:07,332 - INFO - Logging DOM elements BEFORE login click...
2026-05-05 15:44:07,332 - INFO - 
================================================================================
2026-05-05 15:44:07,332 - INFO - DOM SNAPSHOT AT STAGE: Before_Login
2026-05-05 15:44:07,332 - INFO - ================================================================================
2026-05-05 15:44:07,373 - INFO - 
Searching for pop-up elements in page content...
2026-05-05 15:44:07,656 - WARNING - ⚠ No known pop-up selectors found. Checking all visible divs...
2026-05-05 15:44:07,696 - INFO - Total DIV elements on page: 21
2026-05-05 15:44:08,228 - INFO -   Visible DIV 1: class='hero-pills' id='no-id' text='bolt
Real-time
smart_toy
AI-driven
hub
Multi-agenc'
2026-05-05 15:44:08,361 - INFO -   Visible DIV 2: class='auth-panel' id='no-id' text='Welcome Back

Sign in to your account to continue
'
2026-05-05 15:44:08,503 - INFO -   Visible DIV 3: class='auth-card' id='no-id' text='Welcome Back

Sign in to your account to continue
'
2026-05-05 15:44:08,619 - INFO -   Visible DIV 4: class='auth-step' id='no-id' text='Welcome Back

Sign in to your account to continue
'
2026-05-05 15:44:08,753 - INFO -   Visible DIV 5: class='field-wrap' id='no-id' text='Email ID / Username *
person'
2026-05-05 15:44:08,834 - INFO -   Visible DIV 6: class='input-shell' id='no-id' text='person'
2026-05-05 15:44:08,913 - INFO -   Visible DIV 7: class='field-wrap' id='no-id' text='Password *
lock
visibility_off'
2026-05-05 15:44:08,993 - INFO -   Visible DIV 8: class='input-shell' id='no-id' text='lock
visibility_off'
2026-05-05 15:44:09,088 - INFO -   Visible DIV 9: class='auth-bottom-links' id='no-id' text='New user?  Access Account

Forgot password?'
2026-05-05 15:44:09,119 - INFO - 
================================================================================

2026-05-05 15:44:09,728 - INFO - Login button clicked.
2026-05-05 15:44:09,729 - INFO - Taking rapid screenshots and validating pop-up...
2026-05-05 15:44:10,391 - INFO - Screenshot 1 captured - Attempting validation...
2026-05-05 15:44:10,391 - INFO - 
================================================================================
2026-05-05 15:44:10,391 - INFO - STARTING COMPREHENSIVE POP-UP VALIDATION
2026-05-05 15:44:10,391 - INFO - ================================================================================
2026-05-05 15:44:10,424 - INFO - 
[VALIDATION 1] Checking Pop-up Visibility...
2026-05-05 15:44:10,457 - INFO -   Visibility Status: True
2026-05-05 15:44:10,457 - INFO -   PASSED: Pop-up is visible
2026-05-05 15:44:10,457 - INFO - 
[VALIDATION 2] Extracting and Validating Text Content...
2026-05-05 15:44:10,474 - INFO -   Extracted Text: 'Login Successful'
2026-05-05 15:44:10,474 - INFO -   PASSED: Text matches exactly: 'Login Successful'
2026-05-05 15:44:10,474 - INFO - 
[VALIDATION 3] Checking for Typos...
2026-05-05 15:44:10,474 - INFO -   PASSED: No known typos detected
2026-05-05 15:44:10,474 - INFO - 
[VALIDATION 4] Extracting CSS Classes and Attributes...
2026-05-05 15:44:10,507 - INFO -   CSS Classes: snackbar success-snackbar
2026-05-05 15:44:10,507 - INFO -   PASSED: 'success' class is present
2026-05-05 15:44:10,507 - INFO - 
[VALIDATION 5] Checking Element Properties...
2026-05-05 15:44:10,607 - INFO -   ID: Not set
2026-05-05 15:44:10,607 - INFO -   Data-TestID: Not set
2026-05-05 15:44:10,607 - INFO -   Role: Not set
2026-05-05 15:44:10,607 - INFO -   ARIA Label: Not set
2026-05-05 15:44:10,623 - INFO - 
[VALIDATION 6] Checking Position and Size...
2026-05-05 15:44:10,641 - INFO -   X: 1230, Y: 20
2026-05-05 15:44:10,641 - INFO -   Width: 250, Height: 43.5
2026-05-05 15:44:10,641 - INFO -   PASSED: Element has valid dimensions
2026-05-05 15:44:10,641 - INFO - 
[VALIDATION 7] Checking Computed Styles...
2026-05-05 15:44:10,691 - INFO -   Display: block
2026-05-05 15:44:10,691 - INFO -   Opacity: 1
2026-05-05 15:44:10,691 - INFO -   PASSED: Element is displayed with proper opacity
2026-05-05 15:44:10,691 - INFO - 
================================================================================
2026-05-05 15:44:10,691 - INFO - POP-UP VALIDATION SUMMARY
2026-05-05 15:44:10,691 - INFO - ================================================================================
2026-05-05 15:44:10,691 - INFO -   Visibility: PASSED
2026-05-05 15:44:10,691 - INFO -   Text Match: PASSED
2026-05-05 15:44:10,691 - INFO -   Typo Check: PASSED
2026-05-05 15:44:10,691 - INFO -   CSS Classes: Present
2026-05-05 15:44:10,691 - INFO -   Position & Size: Valid
2026-05-05 15:44:10,706 - INFO -   Computed Styles: Valid
2026-05-05 15:44:10,707 - INFO - ================================================================================

2026-05-05 15:44:10,707 - INFO - ✓ ALL VALIDATIONS PASSED - Pop-up is working correctly!
2026-05-05 15:44:11,093 - INFO - Screenshot 2 captured - Attempting validation...
2026-05-05 15:44:11,093 - INFO - 
================================================================================
2026-05-05 15:44:11,094 - INFO - STARTING COMPREHENSIVE POP-UP VALIDATION
2026-05-05 15:44:11,095 - INFO - ================================================================================
2026-05-05 15:44:11,117 - ERROR - VALIDATION FAILED: Pop-up element not found!
2026-05-05 15:44:12,382 - INFO - Screenshot 3 captured - Attempting validation...
2026-05-05 15:44:12,382 - INFO - 
================================================================================
2026-05-05 15:44:12,390 - INFO - STARTING COMPREHENSIVE POP-UP VALIDATION
2026-05-05 15:44:12,392 - INFO - ================================================================================
2026-05-05 15:44:12,417 - ERROR - VALIDATION FAILED: Pop-up element not found!
2026-05-05 15:44:12,541 - INFO - Logging DOM elements AFTER login click (pop-up should appear here)...
2026-05-05 15:44:12,542 - INFO - 
================================================================================
2026-05-05 15:44:12,543 - INFO - DOM SNAPSHOT AT STAGE: After_Login_Click
2026-05-05 15:44:12,543 - INFO - ================================================================================
2026-05-05 15:44:12,578 - INFO - 
Searching for pop-up elements in page content...
2026-05-05 15:44:12,929 - WARNING - ⚠ No known pop-up selectors found. Checking all visible divs...
2026-05-05 15:44:12,983 - INFO - Total DIV elements on page: 29
2026-05-05 15:44:13,216 - INFO -   Visible DIV 1: class='header-right' id='no-id' text='English
French
Spanish
Quantum Toll Authority
supe'
2026-05-05 15:44:13,320 - INFO -   Visible DIV 2: class='nav-user' id='no-id' text='Quantum Toll Authority
superadmin_qm@yopmail.com'
2026-05-05 15:44:13,483 - INFO -   Visible DIV 3: class='nav-user-info' id='no-id' text='Quantum Toll Authority
superadmin_qm@yopmail.com'
2026-05-05 15:44:13,587 - INFO -   Visible DIV 4: class='uname' id='no-id' text='Quantum Toll Authority'
2026-05-05 15:44:13,693 - INFO -   Visible DIV 5: class='urole' id='no-id' text='superadmin_qm@yopmail.com'
2026-05-05 15:44:13,818 - INFO -   Visible DIV 6: class='main-container' id='no-id' text='dashboard_2
group
decimal_increase
admin_panel_set'
2026-05-05 15:44:13,944 - INFO -   Visible DIV 7: class='inner' id='no-id' text='dashboard_2'
2026-05-05 15:44:14,066 - INFO -   Visible DIV 8: class='inner' id='no-id' text='group'
2026-05-05 15:44:14,205 - INFO -   Visible DIV 9: class='inner' id='no-id' text='decimal_increase'
2026-05-05 15:44:14,352 - INFO -   Visible DIV 10: class='inner' id='no-id' text='admin_panel_settings'
2026-05-05 15:44:14,498 - INFO -   Visible DIV 11: class='inner' id='no-id' text='nest_doorbell_visitor'
2026-05-05 15:44:14,645 - INFO -   Visible DIV 12: class='inner' id='no-id' text='key_visualizer'
2026-05-05 15:44:14,669 - INFO - 
================================================================================

2026-05-05 15:44:15,142 - INFO - Waiting for dashboard URL...
2026-05-05 15:44:15,142 - INFO - 
================================================================================
2026-05-05 15:44:15,145 - INFO - DOM SNAPSHOT AT STAGE: Before_Dashboard_Navigation
2026-05-05 15:44:15,146 - INFO - ================================================================================
2026-05-05 15:44:15,182 - INFO - 
Searching for pop-up elements in page content...
2026-05-05 15:44:15,402 - WARNING - ⚠ No known pop-up selectors found. Checking all visible divs...
2026-05-05 15:44:15,446 - INFO - Total DIV elements on page: 29
2026-05-05 15:44:15,592 - INFO -   Visible DIV 1: class='header-right' id='no-id' text='English
French
Spanish
Quantum Toll Authority
supe'
2026-05-05 15:44:15,675 - INFO -   Visible DIV 2: class='nav-user' id='no-id' text='Quantum Toll Authority
superadmin_qm@yopmail.com'
2026-05-05 15:44:15,817 - INFO -   Visible DIV 3: class='nav-user-info' id='no-id' text='Quantum Toll Authority
superadmin_qm@yopmail.com'
2026-05-05 15:44:15,892 - INFO -   Visible DIV 4: class='uname' id='no-id' text='Quantum Toll Authority'
2026-05-05 15:44:15,974 - INFO -   Visible DIV 5: class='urole' id='no-id' text='superadmin_qm@yopmail.com'
2026-05-05 15:44:16,059 - INFO -   Visible DIV 6: class='main-container' id='no-id' text='dashboard_2
group
decimal_increase
admin_panel_set'
2026-05-05 15:44:16,142 - INFO -   Visible DIV 7: class='inner' id='no-id' text='dashboard_2'
2026-05-05 15:44:16,225 - INFO -   Visible DIV 8: class='inner' id='no-id' text='group'
2026-05-05 15:44:16,326 - INFO -   Visible DIV 9: class='inner' id='no-id' text='decimal_increase'
2026-05-05 15:44:16,426 - INFO -   Visible DIV 10: class='inner' id='no-id' text='admin_panel_settings'
2026-05-05 15:44:16,515 - INFO -   Visible DIV 11: class='inner' id='no-id' text='nest_doorbell_visitor'
2026-05-05 15:44:16,591 - INFO -   Visible DIV 12: class='inner' id='no-id' text='key_visualizer'
2026-05-05 15:44:16,615 - INFO - 
================================================================================

2026-05-05 15:44:16,639 - INFO - Login SUCCESS: Dashboard URL reached.
2026-05-05 15:44:17,146 - INFO - 
================================================================================
2026-05-05 15:44:17,146 - INFO - DOM SNAPSHOT AT STAGE: After_Dashboard_Loaded
2026-05-05 15:44:17,157 - INFO - ================================================================================
2026-05-05 15:44:17,193 - INFO - 
Searching for pop-up elements in page content...
2026-05-05 15:44:17,392 - WARNING - ⚠ No known pop-up selectors found. Checking all visible divs...
2026-05-05 15:44:17,466 - INFO - Total DIV elements on page: 29
2026-05-05 15:44:17,680 - INFO -   Visible DIV 1: class='header-right' id='no-id' text='English
French
Spanish
Quantum Toll Authority
supe'
2026-05-05 15:44:17,790 - INFO -   Visible DIV 2: class='nav-user' id='no-id' text='Quantum Toll Authority
superadmin_qm@yopmail.com'
2026-05-05 15:44:17,891 - INFO -   Visible DIV 3: class='nav-user-info' id='no-id' text='Quantum Toll Authority
superadmin_qm@yopmail.com'
2026-05-05 15:44:17,959 - INFO -   Visible DIV 4: class='uname' id='no-id' text='Quantum Toll Authority'
2026-05-05 15:44:18,073 - INFO -   Visible DIV 5: class='urole' id='no-id' text='superadmin_qm@yopmail.com'
2026-05-05 15:44:18,181 - INFO -   Visible DIV 6: class='main-container' id='no-id' text='dashboard_2
group
decimal_increase
admin_panel_set'
2026-05-05 15:44:18,282 - INFO -   Visible DIV 7: class='inner' id='no-id' text='dashboard_2'
2026-05-05 15:44:18,384 - INFO -   Visible DIV 8: class='inner' id='no-id' text='group'
2026-05-05 15:44:18,594 - INFO -   Visible DIV 9: class='inner' id='no-id' text='decimal_increase'
2026-05-05 15:44:18,731 - INFO -   Visible DIV 10: class='inner' id='no-id' text='admin_panel_settings'
2026-05-05 15:44:18,864 - INFO -   Visible DIV 11: class='inner' id='no-id' text='nest_doorbell_visitor'
2026-05-05 15:44:18,993 - INFO -   Visible DIV 12: class='inner' id='no-id' text='key_visualizer'
2026-05-05 15:44:19,009 - INFO - 
================================================================================

2026-05-05 15:44:19,018 - INFO - Checking for dashboard header 'Welcome to QM Toll portal!'...
2026-05-05 15:44:19,092 - INFO - ✅ Dashboard header found with selector: h4:has-text("Welcome to QM Toll portal!")
2026-05-05 15:44:19,092 - INFO -    Header text: 'Welcome to QM Toll portal!'
2026-05-05 15:44:19,102 - INFO - ✅ DASHBOARD VALIDATION PASSED: 'Welcome to QM Toll portal!' header found
2026-05-05 15:44:19,543 - INFO - Step 1: Navigating and Starting Onboarding...
2026-05-05 15:44:19,543 - INFO - Executing Sidebar Navigation Sequence...
2026-05-05 15:44:22,410 - INFO - Filling Step 1: Account Details...
2026-05-05 15:44:26,139 - INFO - Filled First Name: Neelofar
2026-05-05 15:44:27,312 - INFO - Filled Middle Name: QA Team
2026-05-05 15:44:28,482 - INFO - Filled Last Name: Bedi
2026-05-05 15:44:29,725 - INFO - Checked: Use Same for Billing
2026-05-05 15:44:30,909 - INFO - Checked: Use Same for Shipping
2026-05-05 15:44:32,068 - INFO - Checked: Primary Address
2026-05-05 15:44:35,974 - INFO - Filled Address: 123 Automation Blvd
2026-05-05 15:44:37,197 - INFO - Filled Zip Code: 12345
2026-05-05 15:44:38,897 - INFO - Filled Phone: 7216872398
2026-05-05 15:44:40,057 - INFO - Filled Email: neelofar.bedi66@testmail.com
2026-05-05 15:44:41,228 - INFO - Filled Confirm Email: neelofar.bedi66@testmail.com
2026-05-05 15:44:41,228 - INFO - Clicking Save & Next...
2026-05-05 15:44:41,266 - INFO - Chatbot elements hidden via CSS injection.
2026-05-05 15:44:43,075 - INFO - Step 1 Submitted.
2026-05-05 15:44:43,077 - INFO - Adding 1 Vehicle(s)...
2026-05-05 15:44:43,516 - INFO - Step 2 loaded successfully.
2026-05-05 15:44:43,555 - INFO - Chatbot elements hidden via CSS injection.
2026-05-05 15:44:44,741 - INFO - Filled Plate 1: QA1118GP
2026-05-05 15:44:49,351 - INFO - Filled Plate Start Date: 2026-05-05
2026-05-05 15:45:00,629 - INFO - Clicking 'Add' button for Vehicle 1...
2026-05-05 15:45:00,650 - INFO - Chatbot elements hidden via CSS injection.
2026-05-05 15:45:03,838 - INFO - Vehicle 1 added successfully.
2026-05-05 15:45:05,350 - INFO - Highlighting and clicking 'Next' button...
2026-05-05 15:45:05,382 - INFO - Chatbot elements hidden via CSS injection.
2026-05-05 15:45:08,169 - INFO - Captured Permanent Account Number: 2000011284
2026-05-05 15:45:08,169 - INFO - Account 2000011284 saved to SharedData.
2026-05-05 15:45:08,169 - INFO - Starting Step 3: Payment Information...
2026-05-05 15:45:08,208 - INFO - Chatbot elements hidden via CSS injection.
2026-05-05 15:45:12,438 - INFO - Filled Cardholder Name: FAswafGpWDWTrwgKrhQKwc
2026-05-05 15:45:14,004 - INFO - Filled Card Number: 4211418285032448
2026-05-05 15:45:15,632 - INFO - Filled Expiry Date: 05/28
2026-05-05 15:45:17,254 - INFO - Filled CVV: 711
2026-05-05 15:45:19,634 - INFO - Clicking 'Preview and Pay'...
2026-05-05 15:45:19,657 - INFO - Chatbot elements hidden via CSS injection.
2026-05-05 15:45:20,330 - INFO - Waiting for Payment Summary card...
2026-05-05 15:45:21,797 - INFO - Starting Final Confirmation Modal...
2026-05-05 15:45:22,582 - INFO - ✅ Account onboarding completed successfully.
2026-05-05 15:45:22,584 - INFO - Finalizing process: Clicking 'Account Summary' button...
2026-05-05 15:45:22,876 - INFO - Step 2: Creating case for account: 2000011284
2026-05-05 15:46:30,567 - INFO - Navigating to Login Page: http://operator-qa.qmaastech.com/
2026-05-05 15:46:33,341 - INFO - Attempting login for user: superadmin_qm@yopmail.com
2026-05-05 15:46:35,051 - INFO - Logging DOM elements BEFORE login click...
2026-05-05 15:46:35,051 - INFO - 
================================================================================
2026-05-05 15:46:35,051 - INFO - DOM SNAPSHOT AT STAGE: Before_Login
2026-05-05 15:46:35,051 - INFO - ================================================================================
2026-05-05 15:46:35,083 - INFO - 
Searching for pop-up elements in page content...
2026-05-05 15:46:35,376 - WARNING - ⚠ No known pop-up selectors found. Checking all visible divs...
2026-05-05 15:46:35,416 - INFO - Total DIV elements on page: 21
2026-05-05 15:46:36,019 - INFO -   Visible DIV 1: class='hero-pills' id='no-id' text='bolt
Real-time
smart_toy
AI-driven
hub
Multi-agenc'
2026-05-05 15:46:36,144 - INFO -   Visible DIV 2: class='auth-panel' id='no-id' text='Welcome Back

Sign in to your account to continue
'
2026-05-05 15:46:36,250 - INFO -   Visible DIV 3: class='auth-card' id='no-id' text='Welcome Back

Sign in to your account to continue
'
2026-05-05 15:46:36,331 - INFO -   Visible DIV 4: class='auth-step' id='no-id' text='Welcome Back

Sign in to your account to continue
'
2026-05-05 15:46:36,468 - INFO -   Visible DIV 5: class='field-wrap' id='no-id' text='Email ID / Username *
person'
2026-05-05 15:46:36,563 - INFO -   Visible DIV 6: class='input-shell' id='no-id' text='person'
2026-05-05 15:46:36,644 - INFO -   Visible DIV 7: class='field-wrap' id='no-id' text='Password *
lock
visibility_off'
2026-05-05 15:46:36,724 - INFO -   Visible DIV 8: class='input-shell' id='no-id' text='lock
visibility_off'
2026-05-05 15:46:36,861 - INFO -   Visible DIV 9: class='auth-bottom-links' id='no-id' text='New user?  Access Account

Forgot password?'
2026-05-05 15:46:36,897 - INFO - 
================================================================================

2026-05-05 15:46:37,496 - INFO - Login button clicked.
2026-05-05 15:46:37,499 - INFO - Taking rapid screenshots and validating pop-up...
2026-05-05 15:46:38,040 - INFO - Screenshot 1 captured - Attempting validation...
2026-05-05 15:46:38,044 - INFO - 
================================================================================
2026-05-05 15:46:38,047 - INFO - STARTING COMPREHENSIVE POP-UP VALIDATION
2026-05-05 15:46:38,047 - INFO - ================================================================================
2026-05-05 15:46:38,080 - INFO - 
[VALIDATION 1] Checking Pop-up Visibility...
2026-05-05 15:46:38,105 - INFO -   Visibility Status: True
2026-05-05 15:46:38,105 - INFO -   PASSED: Pop-up is visible
2026-05-05 15:46:38,105 - INFO - 
[VALIDATION 2] Extracting and Validating Text Content...
2026-05-05 15:46:38,130 - INFO -   Extracted Text: 'Login Successful'
2026-05-05 15:46:38,130 - INFO -   PASSED: Text matches exactly: 'Login Successful'
2026-05-05 15:46:38,130 - INFO - 
[VALIDATION 3] Checking for Typos...
2026-05-05 15:46:38,130 - INFO -   PASSED: No known typos detected
2026-05-05 15:46:38,130 - INFO - 
[VALIDATION 4] Extracting CSS Classes and Attributes...
2026-05-05 15:46:38,153 - INFO -   CSS Classes: snackbar success-snackbar
2026-05-05 15:46:38,156 - INFO -   PASSED: 'success' class is present
2026-05-05 15:46:38,156 - INFO - 
[VALIDATION 5] Checking Element Properties...
2026-05-05 15:46:38,245 - INFO -   ID: Not set
2026-05-05 15:46:38,245 - INFO -   Data-TestID: Not set
2026-05-05 15:46:38,245 - INFO -   Role: Not set
2026-05-05 15:46:38,245 - INFO -   ARIA Label: Not set
2026-05-05 15:46:38,245 - INFO - 
[VALIDATION 6] Checking Position and Size...
2026-05-05 15:46:38,266 - INFO -   X: 1230, Y: 20
2026-05-05 15:46:38,266 - INFO -   Width: 250, Height: 43.5
2026-05-05 15:46:38,266 - INFO -   PASSED: Element has valid dimensions
2026-05-05 15:46:38,266 - INFO - 
[VALIDATION 7] Checking Computed Styles...
2026-05-05 15:46:38,300 - INFO -   Display: block
2026-05-05 15:46:38,300 - INFO -   Opacity: 1
2026-05-05 15:46:38,300 - INFO -   PASSED: Element is displayed with proper opacity
2026-05-05 15:46:38,300 - INFO - 
================================================================================
2026-05-05 15:46:38,300 - INFO - POP-UP VALIDATION SUMMARY
2026-05-05 15:46:38,300 - INFO - ================================================================================
2026-05-05 15:46:38,300 - INFO -   Visibility: PASSED
2026-05-05 15:46:38,300 - INFO -   Text Match: PASSED
2026-05-05 15:46:38,300 - INFO -   Typo Check: PASSED
2026-05-05 15:46:38,300 - INFO -   CSS Classes: Present
2026-05-05 15:46:38,300 - INFO -   Position & Size: Valid
2026-05-05 15:46:38,300 - INFO -   Computed Styles: Valid
2026-05-05 15:46:38,300 - INFO - ================================================================================

2026-05-05 15:46:38,300 - INFO - ✓ ALL VALIDATIONS PASSED - Pop-up is working correctly!
2026-05-05 15:46:38,653 - INFO - Screenshot 2 captured - Attempting validation...
2026-05-05 15:46:38,653 - INFO - 
================================================================================
2026-05-05 15:46:38,653 - INFO - STARTING COMPREHENSIVE POP-UP VALIDATION
2026-05-05 15:46:38,659 - INFO - ================================================================================
2026-05-05 15:46:38,689 - ERROR - VALIDATION FAILED: Pop-up element not found!
2026-05-05 15:46:40,398 - INFO - Screenshot 3 captured - Attempting validation...
2026-05-05 15:46:40,399 - INFO - 
================================================================================
2026-05-05 15:46:40,400 - INFO - STARTING COMPREHENSIVE POP-UP VALIDATION
2026-05-05 15:46:40,400 - INFO - ================================================================================
2026-05-05 15:46:40,420 - ERROR - VALIDATION FAILED: Pop-up element not found!
2026-05-05 15:46:40,538 - INFO - Logging DOM elements AFTER login click (pop-up should appear here)...
2026-05-05 15:46:40,539 - INFO - 
================================================================================
2026-05-05 15:46:40,540 - INFO - DOM SNAPSHOT AT STAGE: After_Login_Click
2026-05-05 15:46:40,540 - INFO - ================================================================================
2026-05-05 15:46:40,576 - INFO - 
Searching for pop-up elements in page content...
2026-05-05 15:46:40,890 - WARNING - ⚠ No known pop-up selectors found. Checking all visible divs...
2026-05-05 15:46:40,944 - INFO - Total DIV elements on page: 29
2026-05-05 15:46:41,200 - INFO -   Visible DIV 1: class='header-right' id='no-id' text='English
French
Spanish
Quantum Toll Authority
supe'
2026-05-05 15:46:41,322 - INFO -   Visible DIV 2: class='nav-user' id='no-id' text='Quantum Toll Authority
superadmin_qm@yopmail.com'
2026-05-05 15:46:41,471 - INFO -   Visible DIV 3: class='nav-user-info' id='no-id' text='Quantum Toll Authority
superadmin_qm@yopmail.com'
2026-05-05 15:46:41,566 - INFO -   Visible DIV 4: class='uname' id='no-id' text='Quantum Toll Authority'
2026-05-05 15:46:41,672 - INFO -   Visible DIV 5: class='urole' id='no-id' text='superadmin_qm@yopmail.com'
2026-05-05 15:46:41,774 - INFO -   Visible DIV 6: class='main-container' id='no-id' text='dashboard_2
group
decimal_increase
admin_panel_set'
2026-05-05 15:46:41,881 - INFO -   Visible DIV 7: class='inner' id='no-id' text='dashboard_2'
2026-05-05 15:46:41,972 - INFO -   Visible DIV 8: class='inner' id='no-id' text='group'
2026-05-05 15:46:42,089 - INFO -   Visible DIV 9: class='inner' id='no-id' text='decimal_increase'
2026-05-05 15:46:42,232 - INFO -   Visible DIV 10: class='inner' id='no-id' text='admin_panel_settings'
2026-05-05 15:46:42,336 - INFO -   Visible DIV 11: class='inner' id='no-id' text='nest_doorbell_visitor'
2026-05-05 15:46:42,455 - INFO -   Visible DIV 12: class='inner' id='no-id' text='key_visualizer'
2026-05-05 15:46:42,481 - INFO - 
================================================================================

2026-05-05 15:46:42,717 - INFO - Waiting for dashboard URL...
2026-05-05 15:46:42,717 - INFO - 
================================================================================
2026-05-05 15:46:42,718 - INFO - DOM SNAPSHOT AT STAGE: Before_Dashboard_Navigation
2026-05-05 15:46:42,718 - INFO - ================================================================================
2026-05-05 15:46:42,744 - INFO - 
Searching for pop-up elements in page content...
2026-05-05 15:46:43,012 - WARNING - ⚠ No known pop-up selectors found. Checking all visible divs...
2026-05-05 15:46:43,047 - INFO - Total DIV elements on page: 29
2026-05-05 15:46:43,218 - INFO -   Visible DIV 1: class='header-right' id='no-id' text='English
French
Spanish
Quantum Toll Authority
supe'
2026-05-05 15:46:43,295 - INFO -   Visible DIV 2: class='nav-user' id='no-id' text='Quantum Toll Authority
superadmin_qm@yopmail.com'
2026-05-05 15:46:43,395 - INFO -   Visible DIV 3: class='nav-user-info' id='no-id' text='Quantum Toll Authority
superadmin_qm@yopmail.com'
2026-05-05 15:46:43,445 - INFO -   Visible DIV 4: class='uname' id='no-id' text='Quantum Toll Authority'
2026-05-05 15:46:43,519 - INFO -   Visible DIV 5: class='urole' id='no-id' text='superadmin_qm@yopmail.com'
2026-05-05 15:46:43,595 - INFO -   Visible DIV 6: class='main-container' id='no-id' text='dashboard_2
group
decimal_increase
admin_panel_set'
2026-05-05 15:46:43,660 - INFO -   Visible DIV 7: class='inner' id='no-id' text='dashboard_2'
2026-05-05 15:46:43,735 - INFO -   Visible DIV 8: class='inner' id='no-id' text='group'
2026-05-05 15:46:43,819 - INFO -   Visible DIV 9: class='inner' id='no-id' text='decimal_increase'
2026-05-05 15:46:43,895 - INFO -   Visible DIV 10: class='inner' id='no-id' text='admin_panel_settings'
2026-05-05 15:46:43,996 - INFO -   Visible DIV 11: class='inner' id='no-id' text='nest_doorbell_visitor'
2026-05-05 15:46:44,093 - INFO -   Visible DIV 12: class='inner' id='no-id' text='key_visualizer'
2026-05-05 15:46:44,112 - INFO - 
================================================================================

2026-05-05 15:46:44,127 - INFO - Login SUCCESS: Dashboard URL reached.
2026-05-05 15:46:44,644 - INFO - 
================================================================================
2026-05-05 15:46:44,645 - INFO - DOM SNAPSHOT AT STAGE: After_Dashboard_Loaded
2026-05-05 15:46:44,645 - INFO - ================================================================================
2026-05-05 15:46:44,664 - INFO - 
Searching for pop-up elements in page content...
2026-05-05 15:46:44,862 - WARNING - ⚠ No known pop-up selectors found. Checking all visible divs...
2026-05-05 15:46:44,898 - INFO - Total DIV elements on page: 29
2026-05-05 15:46:45,047 - INFO -   Visible DIV 1: class='header-right' id='no-id' text='English
French
Spanish
Quantum Toll Authority
supe'
2026-05-05 15:46:45,129 - INFO -   Visible DIV 2: class='nav-user' id='no-id' text='Quantum Toll Authority
superadmin_qm@yopmail.com'
2026-05-05 15:46:45,228 - INFO -   Visible DIV 3: class='nav-user-info' id='no-id' text='Quantum Toll Authority
superadmin_qm@yopmail.com'
2026-05-05 15:46:45,286 - INFO -   Visible DIV 4: class='uname' id='no-id' text='Quantum Toll Authority'
2026-05-05 15:46:45,356 - INFO -   Visible DIV 5: class='urole' id='no-id' text='superadmin_qm@yopmail.com'
2026-05-05 15:46:45,446 - INFO -   Visible DIV 6: class='main-container' id='no-id' text='dashboard_2
group
decimal_increase
admin_panel_set'
2026-05-05 15:46:45,528 - INFO -   Visible DIV 7: class='inner' id='no-id' text='dashboard_2'
2026-05-05 15:46:45,622 - INFO -   Visible DIV 8: class='inner' id='no-id' text='group'
2026-05-05 15:46:45,762 - INFO -   Visible DIV 9: class='inner' id='no-id' text='decimal_increase'
2026-05-05 15:46:45,903 - INFO -   Visible DIV 10: class='inner' id='no-id' text='admin_panel_settings'
2026-05-05 15:46:46,037 - INFO -   Visible DIV 11: class='inner' id='no-id' text='nest_doorbell_visitor'
2026-05-05 15:46:46,179 - INFO -   Visible DIV 12: class='inner' id='no-id' text='key_visualizer'
2026-05-05 15:46:46,208 - INFO - 
================================================================================

2026-05-05 15:46:46,212 - INFO - Checking for dashboard header 'Welcome to QM Toll portal!'...
2026-05-05 15:46:46,300 - INFO - ✅ Dashboard header found with selector: h4:has-text("Welcome to QM Toll portal!")
2026-05-05 15:46:46,302 - INFO -    Header text: 'Welcome to QM Toll portal!'
2026-05-05 15:46:46,305 - INFO - ✅ DASHBOARD VALIDATION PASSED: 'Welcome to QM Toll portal!' header found
2026-05-05 15:46:47,151 - INFO - Step 1: Navigating and Starting Onboarding...
2026-05-05 15:46:47,151 - INFO - Executing Sidebar Navigation Sequence...
2026-05-05 15:46:50,118 - INFO - Filling Step 1: Account Details...
2026-05-05 15:46:53,554 - INFO - Filled First Name: Uthkarsh
2026-05-05 15:46:54,696 - INFO - Filled Middle Name: QA Team
2026-05-05 15:46:55,968 - INFO - Filled Last Name: Shanker
2026-05-05 15:46:57,118 - INFO - Checked: Use Same for Billing
2026-05-05 15:46:58,290 - INFO - Checked: Use Same for Shipping
2026-05-05 15:46:59,479 - INFO - Checked: Primary Address
2026-05-05 15:47:03,391 - INFO - Filled Address: 123 Automation Blvd
2026-05-05 15:47:04,577 - INFO - Filled Zip Code: 12345
2026-05-05 15:47:06,384 - INFO - Filled Phone: 9780044102
2026-05-05 15:47:07,567 - INFO - Filled Email: uthkarsh.shanker59@testmail.com
2026-05-05 15:47:08,741 - INFO - Filled Confirm Email: uthkarsh.shanker59@testmail.com
2026-05-05 15:47:08,746 - INFO - Clicking Save & Next...
2026-05-05 15:47:08,782 - INFO - Chatbot elements hidden via CSS injection.
2026-05-05 15:47:10,662 - INFO - Step 1 Submitted.
2026-05-05 15:47:10,662 - INFO - Adding 1 Vehicle(s)...
2026-05-05 15:47:11,041 - INFO - Step 2 loaded successfully.
2026-05-05 15:47:11,094 - INFO - Chatbot elements hidden via CSS injection.
2026-05-05 15:47:12,361 - INFO - Filled Plate 1: QA1363GP
2026-05-05 15:47:16,909 - INFO - Filled Plate Start Date: 2026-05-05
2026-05-05 15:47:28,320 - INFO - Clicking 'Add' button for Vehicle 1...
2026-05-05 15:47:28,364 - INFO - Chatbot elements hidden via CSS injection.
2026-05-05 15:47:31,590 - INFO - Vehicle 1 added successfully.
2026-05-05 15:47:33,128 - INFO - Highlighting and clicking 'Next' button...
2026-05-05 15:47:33,162 - INFO - Chatbot elements hidden via CSS injection.
2026-05-05 15:47:36,056 - INFO - Captured Permanent Account Number: 2000011285
2026-05-05 15:47:36,056 - INFO - Account 2000011285 saved to SharedData.
2026-05-05 15:47:36,056 - INFO - Starting Step 3: Payment Information...
2026-05-05 15:47:36,087 - INFO - Chatbot elements hidden via CSS injection.
2026-05-05 15:47:40,402 - INFO - Filled Cardholder Name: gFxAXnhxvVCOGNnlXFwZ
2026-05-05 15:47:42,012 - INFO - Filled Card Number: 6609907142178710
2026-05-05 15:47:43,631 - INFO - Filled Expiry Date: 05/28
2026-05-05 15:47:45,157 - INFO - Filled CVV: 400
2026-05-05 15:47:47,523 - INFO - Clicking 'Preview and Pay'...
2026-05-05 15:47:47,539 - INFO - Chatbot elements hidden via CSS injection.
2026-05-05 15:47:48,230 - INFO - Waiting for Payment Summary card...
2026-05-05 15:47:49,711 - INFO - Starting Final Confirmation Modal...
2026-05-05 15:47:50,960 - INFO - ✅ Account onboarding completed successfully.
2026-05-05 15:47:50,963 - INFO - Finalizing process: Clicking 'Account Summary' button...
2026-05-05 15:47:51,247 - INFO - Step 2: Creating case for account: 2000011285
2026-05-05 16:15:54,089 - INFO - Navigating to Login Page: http://operator-qa.qmaastech.com/
2026-05-05 16:15:56,890 - INFO - Attempting login for user: superadmin_qm@yopmail.com
2026-05-05 16:15:58,583 - INFO - Logging DOM elements BEFORE login click...
2026-05-05 16:15:58,583 - INFO - 
================================================================================
2026-05-05 16:15:58,583 - INFO - DOM SNAPSHOT AT STAGE: Before_Login
2026-05-05 16:15:58,583 - INFO - ================================================================================
2026-05-05 16:15:58,608 - INFO - 
Searching for pop-up elements in page content...
2026-05-05 16:15:58,889 - WARNING - ⚠ No known pop-up selectors found. Checking all visible divs...
2026-05-05 16:15:58,933 - INFO - Total DIV elements on page: 21
2026-05-05 16:15:59,409 - INFO -   Visible DIV 1: class='hero-pills' id='no-id' text='bolt
Real-time
smart_toy
AI-driven
hub
Multi-agenc'
2026-05-05 16:15:59,548 - INFO -   Visible DIV 2: class='auth-panel' id='no-id' text='Welcome Back

Sign in to your account to continue
'
2026-05-05 16:15:59,652 - INFO -   Visible DIV 3: class='auth-card' id='no-id' text='Welcome Back

Sign in to your account to continue
'
2026-05-05 16:15:59,760 - INFO -   Visible DIV 4: class='auth-step' id='no-id' text='Welcome Back

Sign in to your account to continue
'
2026-05-05 16:15:59,889 - INFO -   Visible DIV 5: class='field-wrap' id='no-id' text='Email ID / Username *
person'
2026-05-05 16:15:59,959 - INFO -   Visible DIV 6: class='input-shell' id='no-id' text='person'
2026-05-05 16:16:00,053 - INFO -   Visible DIV 7: class='field-wrap' id='no-id' text='Password *
lock
visibility_off'
2026-05-05 16:16:00,132 - INFO -   Visible DIV 8: class='input-shell' id='no-id' text='lock
visibility_off'
2026-05-05 16:16:00,215 - INFO -   Visible DIV 9: class='auth-bottom-links' id='no-id' text='New user?  Access Account

Forgot password?'
2026-05-05 16:16:00,251 - INFO - 
================================================================================

2026-05-05 16:16:00,846 - INFO - Login button clicked.
2026-05-05 16:16:00,851 - INFO - Taking rapid screenshots and validating pop-up...
2026-05-05 16:16:01,452 - INFO - Screenshot 1 captured - Attempting validation...
2026-05-05 16:16:01,452 - INFO - 
================================================================================
2026-05-05 16:16:01,452 - INFO - STARTING COMPREHENSIVE POP-UP VALIDATION
2026-05-05 16:16:01,452 - INFO - ================================================================================
2026-05-05 16:16:01,475 - INFO - 
[VALIDATION 1] Checking Pop-up Visibility...
2026-05-05 16:16:01,492 - INFO -   Visibility Status: True
2026-05-05 16:16:01,492 - INFO -   PASSED: Pop-up is visible
2026-05-05 16:16:01,492 - INFO - 
[VALIDATION 2] Extracting and Validating Text Content...
2026-05-05 16:16:01,524 - INFO -   Extracted Text: 'Login Successful'
2026-05-05 16:16:01,524 - INFO -   PASSED: Text matches exactly: 'Login Successful'
2026-05-05 16:16:01,524 - INFO - 
[VALIDATION 3] Checking for Typos...
2026-05-05 16:16:01,524 - INFO -   PASSED: No known typos detected
2026-05-05 16:16:01,524 - INFO - 
[VALIDATION 4] Extracting CSS Classes and Attributes...
2026-05-05 16:16:01,542 - INFO -   CSS Classes: snackbar success-snackbar
2026-05-05 16:16:01,542 - INFO -   PASSED: 'success' class is present
2026-05-05 16:16:01,542 - INFO - 
[VALIDATION 5] Checking Element Properties...
2026-05-05 16:16:01,641 - INFO -   ID: Not set
2026-05-05 16:16:01,641 - INFO -   Data-TestID: Not set
2026-05-05 16:16:01,641 - INFO -   Role: Not set
2026-05-05 16:16:01,641 - INFO -   ARIA Label: Not set
2026-05-05 16:16:01,641 - INFO - 
[VALIDATION 6] Checking Position and Size...
2026-05-05 16:16:01,669 - INFO -   X: 1230, Y: 20
2026-05-05 16:16:01,669 - INFO -   Width: 250, Height: 43.5
2026-05-05 16:16:01,669 - INFO -   PASSED: Element has valid dimensions
2026-05-05 16:16:01,669 - INFO - 
[VALIDATION 7] Checking Computed Styles...
2026-05-05 16:16:01,691 - INFO -   Display: block
2026-05-05 16:16:01,706 - INFO -   Opacity: 1
2026-05-05 16:16:01,707 - INFO -   PASSED: Element is displayed with proper opacity
2026-05-05 16:16:01,707 - INFO - 
================================================================================
2026-05-05 16:16:01,708 - INFO - POP-UP VALIDATION SUMMARY
2026-05-05 16:16:01,708 - INFO - ================================================================================
2026-05-05 16:16:01,708 - INFO -   Visibility: PASSED
2026-05-05 16:16:01,708 - INFO -   Text Match: PASSED
2026-05-05 16:16:01,708 - INFO -   Typo Check: PASSED
2026-05-05 16:16:01,708 - INFO -   CSS Classes: Present
2026-05-05 16:16:01,708 - INFO -   Position & Size: Valid
2026-05-05 16:16:01,708 - INFO -   Computed Styles: Valid
2026-05-05 16:16:01,708 - INFO - ================================================================================

2026-05-05 16:16:01,708 - INFO - ✓ ALL VALIDATIONS PASSED - Pop-up is working correctly!
2026-05-05 16:16:02,097 - INFO - Screenshot 2 captured - Attempting validation...
2026-05-05 16:16:02,097 - INFO - 
================================================================================
2026-05-05 16:16:02,098 - INFO - STARTING COMPREHENSIVE POP-UP VALIDATION
2026-05-05 16:16:02,098 - INFO - ================================================================================
2026-05-05 16:16:02,188 - ERROR - VALIDATION FAILED: Pop-up element not found!
2026-05-05 16:16:03,862 - INFO - Screenshot 3 captured - Attempting validation...
2026-05-05 16:16:03,864 - INFO - 
================================================================================
2026-05-05 16:16:03,865 - INFO - STARTING COMPREHENSIVE POP-UP VALIDATION
2026-05-05 16:16:03,866 - INFO - ================================================================================
2026-05-05 16:16:03,890 - ERROR - VALIDATION FAILED: Pop-up element not found!
2026-05-05 16:16:04,012 - INFO - Logging DOM elements AFTER login click (pop-up should appear here)...
2026-05-05 16:16:04,013 - INFO - 
================================================================================
2026-05-05 16:16:04,013 - INFO - DOM SNAPSHOT AT STAGE: After_Login_Click
2026-05-05 16:16:04,014 - INFO - ================================================================================
2026-05-05 16:16:04,047 - INFO - 
Searching for pop-up elements in page content...
2026-05-05 16:16:04,404 - WARNING - ⚠ No known pop-up selectors found. Checking all visible divs...
2026-05-05 16:16:04,458 - INFO - Total DIV elements on page: 29
2026-05-05 16:16:04,668 - INFO -   Visible DIV 1: class='header-right' id='no-id' text='English
French
Spanish
Quantum Toll Authority
supe'
2026-05-05 16:16:04,765 - INFO -   Visible DIV 2: class='nav-user' id='no-id' text='Quantum Toll Authority
superadmin_qm@yopmail.com'
2026-05-05 16:16:04,930 - INFO -   Visible DIV 3: class='nav-user-info' id='no-id' text='Quantum Toll Authority
superadmin_qm@yopmail.com'
2026-05-05 16:16:05,035 - INFO -   Visible DIV 4: class='uname' id='no-id' text='Quantum Toll Authority'
2026-05-05 16:16:05,136 - INFO -   Visible DIV 5: class='urole' id='no-id' text='superadmin_qm@yopmail.com'
2026-05-05 16:16:05,228 - INFO -   Visible DIV 6: class='main-container' id='no-id' text='dashboard_2
group
decimal_increase
admin_panel_set'
2026-05-05 16:16:05,333 - INFO -   Visible DIV 7: class='inner' id='no-id' text='dashboard_2'
2026-05-05 16:16:05,422 - INFO -   Visible DIV 8: class='inner' id='no-id' text='group'
2026-05-05 16:16:05,543 - INFO -   Visible DIV 9: class='inner' id='no-id' text='decimal_increase'
2026-05-05 16:16:05,649 - INFO -   Visible DIV 10: class='inner' id='no-id' text='admin_panel_settings'
2026-05-05 16:16:05,775 - INFO -   Visible DIV 11: class='inner' id='no-id' text='nest_doorbell_visitor'
2026-05-05 16:16:05,885 - INFO -   Visible DIV 12: class='inner' id='no-id' text='key_visualizer'
2026-05-05 16:16:05,912 - INFO - 
================================================================================

2026-05-05 16:16:06,272 - INFO - Waiting for dashboard URL...
2026-05-05 16:16:06,272 - INFO - 
================================================================================
2026-05-05 16:16:06,274 - INFO - DOM SNAPSHOT AT STAGE: Before_Dashboard_Navigation
2026-05-05 16:16:06,276 - INFO - ================================================================================
2026-05-05 16:16:06,295 - INFO - 
Searching for pop-up elements in page content...
2026-05-05 16:16:06,510 - WARNING - ⚠ No known pop-up selectors found. Checking all visible divs...
2026-05-05 16:16:06,544 - INFO - Total DIV elements on page: 29
2026-05-05 16:16:06,694 - INFO -   Visible DIV 1: class='header-right' id='no-id' text='English
French
Spanish
Quantum Toll Authority
supe'
2026-05-05 16:16:06,777 - INFO -   Visible DIV 2: class='nav-user' id='no-id' text='Quantum Toll Authority
superadmin_qm@yopmail.com'
2026-05-05 16:16:06,876 - INFO -   Visible DIV 3: class='nav-user-info' id='no-id' text='Quantum Toll Authority
superadmin_qm@yopmail.com'
2026-05-05 16:16:06,960 - INFO -   Visible DIV 4: class='uname' id='no-id' text='Quantum Toll Authority'
2026-05-05 16:16:07,037 - INFO -   Visible DIV 5: class='urole' id='no-id' text='superadmin_qm@yopmail.com'
2026-05-05 16:16:07,111 - INFO -   Visible DIV 6: class='main-container' id='no-id' text='dashboard_2
group
decimal_increase
admin_panel_set'
2026-05-05 16:16:07,174 - INFO -   Visible DIV 7: class='inner' id='no-id' text='dashboard_2'
2026-05-05 16:16:07,242 - INFO -   Visible DIV 8: class='inner' id='no-id' text='group'
2026-05-05 16:16:07,327 - INFO -   Visible DIV 9: class='inner' id='no-id' text='decimal_increase'
2026-05-05 16:16:07,428 - INFO -   Visible DIV 10: class='inner' id='no-id' text='admin_panel_settings'
2026-05-05 16:16:07,526 - INFO -   Visible DIV 11: class='inner' id='no-id' text='nest_doorbell_visitor'
2026-05-05 16:16:07,627 - INFO -   Visible DIV 12: class='inner' id='no-id' text='key_visualizer'
2026-05-05 16:16:07,644 - INFO - 
================================================================================

2026-05-05 16:16:07,666 - INFO - Login SUCCESS: Dashboard URL reached.
2026-05-05 16:16:08,192 - INFO - 
================================================================================
2026-05-05 16:16:08,194 - INFO - DOM SNAPSHOT AT STAGE: After_Dashboard_Loaded
2026-05-05 16:16:08,195 - INFO - ================================================================================
2026-05-05 16:16:08,240 - INFO - 
Searching for pop-up elements in page content...
2026-05-05 16:16:08,608 - WARNING - ⚠ No known pop-up selectors found. Checking all visible divs...
2026-05-05 16:16:08,670 - INFO - Total DIV elements on page: 29
2026-05-05 16:16:08,848 - INFO -   Visible DIV 1: class='header-right' id='no-id' text='English
French
Spanish
Quantum Toll Authority
supe'
2026-05-05 16:16:08,961 - INFO -   Visible DIV 2: class='nav-user' id='no-id' text='Quantum Toll Authority
superadmin_qm@yopmail.com'
2026-05-05 16:16:09,143 - INFO -   Visible DIV 3: class='nav-user-info' id='no-id' text='Quantum Toll Authority
superadmin_qm@yopmail.com'
2026-05-05 16:16:09,226 - INFO -   Visible DIV 4: class='uname' id='no-id' text='Quantum Toll Authority'
2026-05-05 16:16:09,328 - INFO -   Visible DIV 5: class='urole' id='no-id' text='superadmin_qm@yopmail.com'
2026-05-05 16:16:09,453 - INFO -   Visible DIV 6: class='main-container' id='no-id' text='dashboard_2
group
decimal_increase
admin_panel_set'
2026-05-05 16:16:09,550 - INFO -   Visible DIV 7: class='inner' id='no-id' text='dashboard_2'
2026-05-05 16:16:09,654 - INFO -   Visible DIV 8: class='inner' id='no-id' text='group'
2026-05-05 16:16:09,849 - INFO -   Visible DIV 9: class='inner' id='no-id' text='decimal_increase'
2026-05-05 16:16:09,973 - INFO -   Visible DIV 10: class='inner' id='no-id' text='admin_panel_settings'
2026-05-05 16:16:10,094 - INFO -   Visible DIV 11: class='inner' id='no-id' text='nest_doorbell_visitor'
2026-05-05 16:16:10,252 - INFO -   Visible DIV 12: class='inner' id='no-id' text='key_visualizer'
2026-05-05 16:16:10,283 - INFO - 
================================================================================

2026-05-05 16:16:10,283 - INFO - Checking for dashboard header 'Welcome to QM Toll portal!'...
2026-05-05 16:16:10,361 - INFO - ✅ Dashboard header found with selector: h4:has-text("Welcome to QM Toll portal!")
2026-05-05 16:16:10,361 - INFO -    Header text: 'Welcome to QM Toll portal!'
2026-05-05 16:16:10,361 - INFO - ✅ DASHBOARD VALIDATION PASSED: 'Welcome to QM Toll portal!' header found
2026-05-05 16:16:11,059 - INFO - Step 1: Navigating and Starting Onboarding...
2026-05-05 16:16:11,059 - INFO - Executing Sidebar Navigation Sequence...
2026-05-05 16:16:13,925 - INFO - Filling Step 1: Account Details...
2026-05-05 16:16:18,210 - INFO - Filled First Name: Suhana
2026-05-05 16:16:19,369 - INFO - Filled Middle Name: QA Team
2026-05-05 16:16:20,549 - INFO - Filled Last Name: Garde
2026-05-05 16:16:21,751 - INFO - Checked: Use Same for Billing
2026-05-05 16:16:22,917 - INFO - Checked: Use Same for Shipping
2026-05-05 16:16:24,098 - INFO - Checked: Primary Address
2026-05-05 16:16:27,919 - INFO - Filled Address: 123 Automation Blvd
2026-05-05 16:16:29,066 - INFO - Filled Zip Code: 12345
2026-05-05 16:16:30,792 - INFO - Filled Phone: 9103751706
2026-05-05 16:16:31,988 - INFO - Filled Email: suhana.garde17@testmail.com
2026-05-05 16:16:33,178 - INFO - Filled Confirm Email: suhana.garde17@testmail.com
2026-05-05 16:16:33,181 - INFO - Clicking Save & Next...
2026-05-05 16:16:33,216 - INFO - Chatbot elements hidden via CSS injection.
2026-05-05 16:16:35,063 - INFO - Step 1 Submitted.
2026-05-05 16:16:35,065 - INFO - Adding 1 Vehicle(s)...
2026-05-05 16:16:35,687 - INFO - Step 2 loaded successfully.
2026-05-05 16:16:35,718 - INFO - Chatbot elements hidden via CSS injection.
2026-05-05 16:16:37,009 - INFO - Filled Plate 1: QA8024GP
2026-05-05 16:16:41,460 - INFO - Filled Plate Start Date: 2026-05-05
2026-05-05 16:16:52,810 - INFO - Clicking 'Add' button for Vehicle 1...
2026-05-05 16:16:52,842 - INFO - Chatbot elements hidden via CSS injection.
2026-05-05 16:16:56,110 - INFO - Vehicle 1 added successfully.
2026-05-05 16:16:57,656 - INFO - Highlighting and clicking 'Next' button...
2026-05-05 16:16:57,710 - INFO - Chatbot elements hidden via CSS injection.
2026-05-05 16:17:00,639 - INFO - Captured Permanent Account Number: 2000011286
2026-05-05 16:17:00,639 - INFO - Account 2000011286 saved to SharedData.
2026-05-05 16:17:00,639 - INFO - Starting Step 3: Payment Information...
2026-05-05 16:17:00,657 - INFO - Chatbot elements hidden via CSS injection.
2026-05-05 16:17:04,921 - INFO - Filled Cardholder Name: QubxfpECpu
2026-05-05 16:17:06,586 - INFO - Filled Card Number: 6055055402625983
2026-05-05 16:17:08,183 - INFO - Filled Expiry Date: 05/28
2026-05-05 16:17:09,812 - INFO - Filled CVV: 868
2026-05-05 16:17:12,089 - INFO - Clicking 'Preview and Pay'...
2026-05-05 16:17:12,105 - INFO - Chatbot elements hidden via CSS injection.
2026-05-05 16:17:12,786 - INFO - Waiting for Payment Summary card...
2026-05-05 16:17:14,285 - INFO - Starting Final Confirmation Modal...
2026-05-05 16:17:15,548 - INFO - ✅ Account onboarding completed successfully.
2026-05-05 16:17:15,552 - INFO - Finalizing process: Clicking 'Account Summary' button...
2026-05-05 16:17:15,872 - INFO - Step 2: Creating case for account: 2000011286
2026-05-05 16:48:39,870 - INFO - Navigating to Login Page: http://operator-qa.qmaastech.com/
2026-05-05 16:48:42,694 - INFO - Attempting login for user: superadmin_qm@yopmail.com
2026-05-05 16:48:44,416 - INFO - Logging DOM elements BEFORE login click...
2026-05-05 16:48:44,416 - INFO - 
================================================================================
2026-05-05 16:48:44,416 - INFO - DOM SNAPSHOT AT STAGE: Before_Login
2026-05-05 16:48:44,416 - INFO - ================================================================================
2026-05-05 16:48:44,464 - INFO - 
Searching for pop-up elements in page content...
2026-05-05 16:48:44,728 - WARNING - ⚠ No known pop-up selectors found. Checking all visible divs...
2026-05-05 16:48:44,826 - INFO - Total DIV elements on page: 21
2026-05-05 16:48:45,383 - INFO -   Visible DIV 1: class='hero-pills' id='no-id' text='bolt
Real-time
smart_toy
AI-driven
hub
Multi-agenc'
2026-05-05 16:48:45,537 - INFO -   Visible DIV 2: class='auth-panel' id='no-id' text='Welcome Back

Sign in to your account to continue
'
2026-05-05 16:48:45,669 - INFO -   Visible DIV 3: class='auth-card' id='no-id' text='Welcome Back

Sign in to your account to continue
'
2026-05-05 16:48:45,800 - INFO -   Visible DIV 4: class='auth-step' id='no-id' text='Welcome Back

Sign in to your account to continue
'
2026-05-05 16:48:45,946 - INFO -   Visible DIV 5: class='field-wrap' id='no-id' text='Email ID / Username *
person'
2026-05-05 16:48:46,024 - INFO -   Visible DIV 6: class='input-shell' id='no-id' text='person'
2026-05-05 16:48:46,118 - INFO -   Visible DIV 7: class='field-wrap' id='no-id' text='Password *
lock
visibility_off'
2026-05-05 16:48:46,230 - INFO -   Visible DIV 8: class='input-shell' id='no-id' text='lock
visibility_off'
2026-05-05 16:48:46,309 - INFO -   Visible DIV 9: class='auth-bottom-links' id='no-id' text='New user?  Access Account

Forgot password?'
2026-05-05 16:48:46,356 - INFO - 
================================================================================

2026-05-05 16:48:46,942 - INFO - Login button clicked.
2026-05-05 16:48:46,942 - INFO - Taking rapid screenshots and validating pop-up...
2026-05-05 16:48:47,588 - INFO - Screenshot 1 captured - Attempting validation...
2026-05-05 16:48:47,588 - INFO - 
================================================================================
2026-05-05 16:48:47,588 - INFO - STARTING COMPREHENSIVE POP-UP VALIDATION
2026-05-05 16:48:47,588 - INFO - ================================================================================
2026-05-05 16:48:47,633 - INFO - 
[VALIDATION 1] Checking Pop-up Visibility...
2026-05-05 16:48:47,656 - INFO -   Visibility Status: True
2026-05-05 16:48:47,656 - INFO -   PASSED: Pop-up is visible
2026-05-05 16:48:47,656 - INFO - 
[VALIDATION 2] Extracting and Validating Text Content...
2026-05-05 16:48:47,690 - INFO -   Extracted Text: 'Login Successful'
2026-05-05 16:48:47,690 - INFO -   PASSED: Text matches exactly: 'Login Successful'
2026-05-05 16:48:47,690 - INFO - 
[VALIDATION 3] Checking for Typos...
2026-05-05 16:48:47,690 - INFO -   PASSED: No known typos detected
2026-05-05 16:48:47,690 - INFO - 
[VALIDATION 4] Extracting CSS Classes and Attributes...
2026-05-05 16:48:47,709 - INFO -   CSS Classes: snackbar success-snackbar
2026-05-05 16:48:47,709 - INFO -   PASSED: 'success' class is present
2026-05-05 16:48:47,709 - INFO - 
[VALIDATION 5] Checking Element Properties...
2026-05-05 16:48:47,823 - INFO -   ID: Not set
2026-05-05 16:48:47,823 - INFO -   Data-TestID: Not set
2026-05-05 16:48:47,823 - INFO -   Role: Not set
2026-05-05 16:48:47,823 - INFO -   ARIA Label: Not set
2026-05-05 16:48:47,823 - INFO - 
[VALIDATION 6] Checking Position and Size...
2026-05-05 16:48:47,850 - INFO -   X: 1230, Y: 20
2026-05-05 16:48:47,852 - INFO -   Width: 250, Height: 43.5
2026-05-05 16:48:47,852 - INFO -   PASSED: Element has valid dimensions
2026-05-05 16:48:47,854 - INFO - 
[VALIDATION 7] Checking Computed Styles...
2026-05-05 16:48:47,888 - INFO -   Display: block
2026-05-05 16:48:47,888 - INFO -   Opacity: 1
2026-05-05 16:48:47,888 - INFO -   PASSED: Element is displayed with proper opacity
2026-05-05 16:48:47,888 - INFO - 
================================================================================
2026-05-05 16:48:47,888 - INFO - POP-UP VALIDATION SUMMARY
2026-05-05 16:48:47,888 - INFO - ================================================================================
2026-05-05 16:48:47,888 - INFO -   Visibility: PASSED
2026-05-05 16:48:47,888 - INFO -   Text Match: PASSED
2026-05-05 16:48:47,888 - INFO -   Typo Check: PASSED
2026-05-05 16:48:47,888 - INFO -   CSS Classes: Present
2026-05-05 16:48:47,888 - INFO -   Position & Size: Valid
2026-05-05 16:48:47,888 - INFO -   Computed Styles: Valid
2026-05-05 16:48:47,888 - INFO - ================================================================================

2026-05-05 16:48:47,888 - INFO - ✓ ALL VALIDATIONS PASSED - Pop-up is working correctly!
2026-05-05 16:48:48,221 - INFO - Screenshot 2 captured - Attempting validation...
2026-05-05 16:48:48,222 - INFO - 
================================================================================
2026-05-05 16:48:48,224 - INFO - STARTING COMPREHENSIVE POP-UP VALIDATION
2026-05-05 16:48:48,225 - INFO - ================================================================================
2026-05-05 16:48:48,240 - ERROR - VALIDATION FAILED: Pop-up element not found!
2026-05-05 16:48:49,559 - INFO - Screenshot 3 captured - Attempting validation...
2026-05-05 16:48:49,559 - INFO - 
================================================================================
2026-05-05 16:48:49,559 - INFO - STARTING COMPREHENSIVE POP-UP VALIDATION
2026-05-05 16:48:49,559 - INFO - ================================================================================
2026-05-05 16:48:49,586 - ERROR - VALIDATION FAILED: Pop-up element not found!
2026-05-05 16:48:49,725 - INFO - Logging DOM elements AFTER login click (pop-up should appear here)...
2026-05-05 16:48:49,726 - INFO - 
================================================================================
2026-05-05 16:48:49,726 - INFO - DOM SNAPSHOT AT STAGE: After_Login_Click
2026-05-05 16:48:49,727 - INFO - ================================================================================
2026-05-05 16:48:49,753 - INFO - 
Searching for pop-up elements in page content...
2026-05-05 16:48:50,037 - WARNING - ⚠ No known pop-up selectors found. Checking all visible divs...
2026-05-05 16:48:50,089 - INFO - Total DIV elements on page: 29
2026-05-05 16:48:50,309 - INFO -   Visible DIV 1: class='header-right' id='no-id' text='English
French
Spanish
Quantum Toll Authority
supe'
2026-05-05 16:48:50,424 - INFO -   Visible DIV 2: class='nav-user' id='no-id' text='Quantum Toll Authority
superadmin_qm@yopmail.com'
2026-05-05 16:48:50,584 - INFO -   Visible DIV 3: class='nav-user-info' id='no-id' text='Quantum Toll Authority
superadmin_qm@yopmail.com'
2026-05-05 16:48:50,687 - INFO -   Visible DIV 4: class='uname' id='no-id' text='Quantum Toll Authority'
2026-05-05 16:48:50,795 - INFO -   Visible DIV 5: class='urole' id='no-id' text='superadmin_qm@yopmail.com'
2026-05-05 16:48:50,893 - INFO -   Visible DIV 6: class='main-container' id='no-id' text='dashboard_2
group
decimal_increase
admin_panel_set'
2026-05-05 16:48:50,999 - INFO -   Visible DIV 7: class='inner' id='no-id' text='dashboard_2'
2026-05-05 16:48:51,091 - INFO -   Visible DIV 8: class='inner' id='no-id' text='group'
2026-05-05 16:48:51,211 - INFO -   Visible DIV 9: class='inner' id='no-id' text='decimal_increase'
2026-05-05 16:48:51,328 - INFO -   Visible DIV 10: class='inner' id='no-id' text='admin_panel_settings'
2026-05-05 16:48:51,446 - INFO -   Visible DIV 11: class='inner' id='no-id' text='nest_doorbell_visitor'
2026-05-05 16:48:51,549 - INFO -   Visible DIV 12: class='inner' id='no-id' text='key_visualizer'
2026-05-05 16:48:51,570 - INFO - 
================================================================================

2026-05-05 16:48:51,903 - INFO - Waiting for dashboard URL...
2026-05-05 16:48:51,903 - INFO - 
================================================================================
2026-05-05 16:48:51,904 - INFO - DOM SNAPSHOT AT STAGE: Before_Dashboard_Navigation
2026-05-05 16:48:51,904 - INFO - ================================================================================
2026-05-05 16:48:51,929 - INFO - 
Searching for pop-up elements in page content...
2026-05-05 16:48:52,139 - WARNING - ⚠ No known pop-up selectors found. Checking all visible divs...
2026-05-05 16:48:52,193 - INFO - Total DIV elements on page: 29
2026-05-05 16:48:52,322 - INFO -   Visible DIV 1: class='header-right' id='no-id' text='English
French
Spanish
Quantum Toll Authority
supe'
2026-05-05 16:48:52,389 - INFO -   Visible DIV 2: class='nav-user' id='no-id' text='Quantum Toll Authority
superadmin_qm@yopmail.com'
2026-05-05 16:48:52,505 - INFO -   Visible DIV 3: class='nav-user-info' id='no-id' text='Quantum Toll Authority
superadmin_qm@yopmail.com'
2026-05-05 16:48:52,589 - INFO -   Visible DIV 4: class='uname' id='no-id' text='Quantum Toll Authority'
2026-05-05 16:48:52,655 - INFO -   Visible DIV 5: class='urole' id='no-id' text='superadmin_qm@yopmail.com'
2026-05-05 16:48:52,723 - INFO -   Visible DIV 6: class='main-container' id='no-id' text='dashboard_2
group
decimal_increase
admin_panel_set'
2026-05-05 16:48:52,806 - INFO -   Visible DIV 7: class='inner' id='no-id' text='dashboard_2'
2026-05-05 16:48:52,872 - INFO -   Visible DIV 8: class='inner' id='no-id' text='group'
2026-05-05 16:48:52,956 - INFO -   Visible DIV 9: class='inner' id='no-id' text='decimal_increase'
2026-05-05 16:48:53,039 - INFO -   Visible DIV 10: class='inner' id='no-id' text='admin_panel_settings'
2026-05-05 16:48:53,122 - INFO -   Visible DIV 11: class='inner' id='no-id' text='nest_doorbell_visitor'
2026-05-05 16:48:53,206 - INFO -   Visible DIV 12: class='inner' id='no-id' text='key_visualizer'
2026-05-05 16:48:53,229 - INFO - 
================================================================================

2026-05-05 16:48:53,257 - INFO - Login SUCCESS: Dashboard URL reached.
2026-05-05 16:48:53,787 - INFO - 
================================================================================
2026-05-05 16:48:53,789 - INFO - DOM SNAPSHOT AT STAGE: After_Dashboard_Loaded
2026-05-05 16:48:53,790 - INFO - ================================================================================
2026-05-05 16:48:53,810 - INFO - 
Searching for pop-up elements in page content...
2026-05-05 16:48:54,089 - WARNING - ⚠ No known pop-up selectors found. Checking all visible divs...
2026-05-05 16:48:54,120 - INFO - Total DIV elements on page: 29
2026-05-05 16:48:54,323 - INFO -   Visible DIV 1: class='header-right' id='no-id' text='English
French
Spanish
Quantum Toll Authority
supe'
2026-05-05 16:48:54,439 - INFO -   Visible DIV 2: class='nav-user' id='no-id' text='Quantum Toll Authority
superadmin_qm@yopmail.com'
2026-05-05 16:48:54,589 - INFO -   Visible DIV 3: class='nav-user-info' id='no-id' text='Quantum Toll Authority
superadmin_qm@yopmail.com'
2026-05-05 16:48:54,698 - INFO -   Visible DIV 4: class='uname' id='no-id' text='Quantum Toll Authority'
2026-05-05 16:48:54,823 - INFO -   Visible DIV 5: class='urole' id='no-id' text='superadmin_qm@yopmail.com'
2026-05-05 16:48:54,889 - INFO -   Visible DIV 6: class='main-container' id='no-id' text='dashboard_2
group
decimal_increase
admin_panel_set'
2026-05-05 16:48:54,957 - INFO -   Visible DIV 7: class='inner' id='no-id' text='dashboard_2'
2026-05-05 16:48:55,034 - INFO -   Visible DIV 8: class='inner' id='no-id' text='group'
2026-05-05 16:48:55,274 - INFO -   Visible DIV 9: class='inner' id='no-id' text='decimal_increase'
2026-05-05 16:48:55,399 - INFO -   Visible DIV 10: class='inner' id='no-id' text='admin_panel_settings'
2026-05-05 16:48:55,511 - INFO -   Visible DIV 11: class='inner' id='no-id' text='nest_doorbell_visitor'
2026-05-05 16:48:55,635 - INFO -   Visible DIV 12: class='inner' id='no-id' text='key_visualizer'
2026-05-05 16:48:55,666 - INFO - 
================================================================================

2026-05-05 16:48:55,679 - INFO - Checking for dashboard header 'Welcome to QM Toll portal!'...
2026-05-05 16:48:55,780 - INFO - ✅ Dashboard header found with selector: h4:has-text("Welcome to QM Toll portal!")
2026-05-05 16:48:55,780 - INFO -    Header text: 'Welcome to QM Toll portal!'
2026-05-05 16:48:55,780 - INFO - ✅ DASHBOARD VALIDATION PASSED: 'Welcome to QM Toll portal!' header found
2026-05-05 16:48:56,324 - INFO - Step 1: Navigating and Starting Onboarding...
2026-05-05 16:48:56,324 - INFO - Executing Sidebar Navigation Sequence...
2026-05-05 16:48:59,267 - INFO - Filling Step 1: Account Details...
2026-05-05 16:49:02,658 - INFO - Filled First Name: Seher
2026-05-05 16:49:03,788 - INFO - Filled Middle Name: QA Team
2026-05-05 16:49:04,939 - INFO - Filled Last Name: Gill
2026-05-05 16:49:06,106 - INFO - Checked: Use Same for Billing
2026-05-05 16:49:07,297 - INFO - Checked: Use Same for Shipping
2026-05-05 16:49:08,507 - INFO - Checked: Primary Address
2026-05-05 16:49:12,379 - INFO - Filled Address: 123 Automation Blvd
2026-05-05 16:49:13,582 - INFO - Filled Zip Code: 12345
2026-05-05 16:49:15,337 - INFO - Filled Phone: 7581276275
2026-05-05 16:49:16,542 - INFO - Filled Email: seher.gill72@testmail.com
2026-05-05 16:49:17,763 - INFO - Filled Confirm Email: seher.gill72@testmail.com
2026-05-05 16:49:17,763 - INFO - Clicking Save & Next...
2026-05-05 16:49:17,790 - INFO - Chatbot elements hidden via CSS injection.
2026-05-05 16:49:19,661 - INFO - Step 1 Submitted.
2026-05-05 16:49:19,663 - INFO - Adding 1 Vehicle(s)...
2026-05-05 16:49:20,047 - INFO - Step 2 loaded successfully.
2026-05-05 16:49:20,070 - INFO - Chatbot elements hidden via CSS injection.
2026-05-05 16:49:21,279 - INFO - Filled Plate 1: QA3470GP
2026-05-05 16:49:25,794 - INFO - Filled Plate Start Date: 2026-05-05
2026-05-05 16:49:37,192 - INFO - Clicking 'Add' button for Vehicle 1...
2026-05-05 16:49:37,219 - INFO - Chatbot elements hidden via CSS injection.
2026-05-05 16:49:40,421 - INFO - Vehicle 1 added successfully.
2026-05-05 16:49:41,965 - INFO - Highlighting and clicking 'Next' button...
2026-05-05 16:49:41,982 - INFO - Chatbot elements hidden via CSS injection.
2026-05-05 16:49:44,690 - INFO - Captured Permanent Account Number: 2000011287
2026-05-05 16:49:44,690 - INFO - Account 2000011287 saved to SharedData.
2026-05-05 16:49:44,690 - INFO - Starting Step 3: Payment Information...
2026-05-05 16:49:44,706 - INFO - Chatbot elements hidden via CSS injection.
2026-05-05 16:49:49,030 - INFO - Filled Cardholder Name: QILeDxeEoAGHSiAMrICkISIDeRhDyLJdQ
2026-05-05 16:49:50,666 - INFO - Filled Card Number: 0126730019199641
2026-05-05 16:49:52,236 - INFO - Filled Expiry Date: 05/28
2026-05-05 16:49:53,740 - INFO - Filled CVV: 904
2026-05-05 16:49:56,089 - INFO - Clicking 'Preview and Pay'...
2026-05-05 16:49:56,109 - INFO - Chatbot elements hidden via CSS injection.
2026-05-05 16:49:56,787 - INFO - Waiting for Payment Summary card...
2026-05-05 16:49:58,233 - INFO - Starting Final Confirmation Modal...
2026-05-05 16:49:59,489 - INFO - ✅ Account onboarding completed successfully.
2026-05-05 16:49:59,490 - INFO - Finalizing process: Clicking 'Account Summary' button...
2026-05-05 16:49:59,756 - INFO - Step 2: Creating case for account: 2000011287
2026-05-05 16:51:48,726 - INFO - Navigating to Login Page: http://operator-qa.qmaastech.com/
2026-05-05 16:51:51,531 - INFO - Attempting login for user: superadmin_qm@yopmail.com
2026-05-05 16:51:53,230 - INFO - Logging DOM elements BEFORE login click...
2026-05-05 16:51:53,230 - INFO - 
================================================================================
2026-05-05 16:51:53,230 - INFO - DOM SNAPSHOT AT STAGE: Before_Login
2026-05-05 16:51:53,230 - INFO - ================================================================================
2026-05-05 16:51:53,263 - INFO - 
Searching for pop-up elements in page content...
2026-05-05 16:51:53,530 - WARNING - ⚠ No known pop-up selectors found. Checking all visible divs...
2026-05-05 16:51:53,556 - INFO - Total DIV elements on page: 21
2026-05-05 16:51:54,123 - INFO -   Visible DIV 1: class='hero-pills' id='no-id' text='bolt
Real-time
smart_toy
AI-driven
hub
Multi-agenc'
2026-05-05 16:51:54,263 - INFO -   Visible DIV 2: class='auth-panel' id='no-id' text='Welcome Back

Sign in to your account to continue
'
2026-05-05 16:51:54,384 - INFO -   Visible DIV 3: class='auth-card' id='no-id' text='Welcome Back

Sign in to your account to continue
'
2026-05-05 16:51:54,508 - INFO -   Visible DIV 4: class='auth-step' id='no-id' text='Welcome Back

Sign in to your account to continue
'
2026-05-05 16:51:54,641 - INFO -   Visible DIV 5: class='field-wrap' id='no-id' text='Email ID / Username *
person'
2026-05-05 16:51:54,721 - INFO -   Visible DIV 6: class='input-shell' id='no-id' text='person'
2026-05-05 16:51:54,791 - INFO -   Visible DIV 7: class='field-wrap' id='no-id' text='Password *
lock
visibility_off'
2026-05-05 16:51:54,873 - INFO -   Visible DIV 8: class='input-shell' id='no-id' text='lock
visibility_off'
2026-05-05 16:51:54,956 - INFO -   Visible DIV 9: class='auth-bottom-links' id='no-id' text='New user?  Access Account

Forgot password?'
2026-05-05 16:51:55,006 - INFO - 
================================================================================

2026-05-05 16:51:55,600 - INFO - Login button clicked.
2026-05-05 16:51:55,603 - INFO - Taking rapid screenshots and validating pop-up...
2026-05-05 16:51:56,263 - INFO - Screenshot 1 captured - Attempting validation...
2026-05-05 16:51:56,263 - INFO - 
================================================================================
2026-05-05 16:51:56,263 - INFO - STARTING COMPREHENSIVE POP-UP VALIDATION
2026-05-05 16:51:56,263 - INFO - ================================================================================
2026-05-05 16:51:56,292 - INFO - 
[VALIDATION 1] Checking Pop-up Visibility...
2026-05-05 16:51:56,309 - INFO -   Visibility Status: True
2026-05-05 16:51:56,325 - INFO -   PASSED: Pop-up is visible
2026-05-05 16:51:56,325 - INFO - 
[VALIDATION 2] Extracting and Validating Text Content...
2026-05-05 16:51:56,342 - INFO -   Extracted Text: 'Login Successful'
2026-05-05 16:51:56,354 - INFO -   PASSED: Text matches exactly: 'Login Successful'
2026-05-05 16:51:56,354 - INFO - 
[VALIDATION 3] Checking for Typos...
2026-05-05 16:51:56,354 - INFO -   PASSED: No known typos detected
2026-05-05 16:51:56,354 - INFO - 
[VALIDATION 4] Extracting CSS Classes and Attributes...
2026-05-05 16:51:56,376 - INFO -   CSS Classes: snackbar success-snackbar
2026-05-05 16:51:56,376 - INFO -   PASSED: 'success' class is present
2026-05-05 16:51:56,376 - INFO - 
[VALIDATION 5] Checking Element Properties...
2026-05-05 16:51:56,493 - INFO -   ID: Not set
2026-05-05 16:51:56,493 - INFO -   Data-TestID: Not set
2026-05-05 16:51:56,493 - INFO -   Role: Not set
2026-05-05 16:51:56,493 - INFO -   ARIA Label: Not set
2026-05-05 16:51:56,493 - INFO - 
[VALIDATION 6] Checking Position and Size...
2026-05-05 16:51:56,510 - INFO -   X: 1230, Y: 20
2026-05-05 16:51:56,510 - INFO -   Width: 250, Height: 43.5
2026-05-05 16:51:56,510 - INFO -   PASSED: Element has valid dimensions
2026-05-05 16:51:56,510 - INFO - 
[VALIDATION 7] Checking Computed Styles...
2026-05-05 16:51:56,638 - ERROR - Validation error: TypeError: Failed to execute 'getComputedStyle' on 'Window': parameter 1 is not of type 'Element'.
    at eval (eval at evaluate (:226:30), <anonymous>:1:8)
    at eval (<anonymous>)
    at UtilityScript.evaluate (<anonymous>:226:30)
    at UtilityScript.<anonymous> (<anonymous>:1:44)
2026-05-05 16:51:56,643 - WARNING -   WARNING: Could not check computed styles - element may have disappeared
2026-05-05 16:51:56,644 - INFO - 
================================================================================
2026-05-05 16:51:56,645 - INFO - POP-UP VALIDATION SUMMARY
2026-05-05 16:51:56,645 - INFO - ================================================================================
2026-05-05 16:51:56,646 - INFO -   Visibility: PASSED
2026-05-05 16:51:56,646 - INFO -   Text Match: PASSED
2026-05-05 16:51:56,647 - INFO -   Typo Check: PASSED
2026-05-05 16:51:56,647 - INFO -   CSS Classes: Present
2026-05-05 16:51:56,648 - INFO -   Position & Size: Valid
2026-05-05 16:51:56,648 - INFO -   Computed Styles: Valid
2026-05-05 16:51:56,649 - INFO - ================================================================================

2026-05-05 16:51:56,649 - INFO - ✓ ALL VALIDATIONS PASSED - Pop-up is working correctly!
2026-05-05 16:51:58,308 - INFO - Screenshot 2 captured - Attempting validation...
2026-05-05 16:51:58,309 - INFO - 
================================================================================
2026-05-05 16:51:58,309 - INFO - STARTING COMPREHENSIVE POP-UP VALIDATION
2026-05-05 16:51:58,310 - INFO - ================================================================================
2026-05-05 16:51:58,334 - ERROR - VALIDATION FAILED: Pop-up element not found!
2026-05-05 16:51:58,694 - INFO - Screenshot 3 captured - Attempting validation...
2026-05-05 16:51:58,695 - INFO - 
================================================================================
2026-05-05 16:51:58,696 - INFO - STARTING COMPREHENSIVE POP-UP VALIDATION
2026-05-05 16:51:58,697 - INFO - ================================================================================
2026-05-05 16:51:58,742 - ERROR - VALIDATION FAILED: Pop-up element not found!
2026-05-05 16:51:58,872 - INFO - Logging DOM elements AFTER login click (pop-up should appear here)...
2026-05-05 16:51:58,873 - INFO - 
================================================================================
2026-05-05 16:51:58,873 - INFO - DOM SNAPSHOT AT STAGE: After_Login_Click
2026-05-05 16:51:58,874 - INFO - ================================================================================
2026-05-05 16:51:58,912 - INFO - 
Searching for pop-up elements in page content...
2026-05-05 16:51:59,237 - WARNING - ⚠ No known pop-up selectors found. Checking all visible divs...
2026-05-05 16:51:59,294 - INFO - Total DIV elements on page: 29
2026-05-05 16:51:59,499 - INFO -   Visible DIV 1: class='header-right' id='no-id' text='English
French
Spanish
Quantum Toll Authority
supe'
2026-05-05 16:51:59,599 - INFO -   Visible DIV 2: class='nav-user' id='no-id' text='Quantum Toll Authority
superadmin_qm@yopmail.com'
2026-05-05 16:51:59,736 - INFO -   Visible DIV 3: class='nav-user-info' id='no-id' text='Quantum Toll Authority
superadmin_qm@yopmail.com'
2026-05-05 16:51:59,832 - INFO -   Visible DIV 4: class='uname' id='no-id' text='Quantum Toll Authority'
2026-05-05 16:51:59,919 - INFO -   Visible DIV 5: class='urole' id='no-id' text='superadmin_qm@yopmail.com'
2026-05-05 16:52:00,011 - INFO -   Visible DIV 6: class='main-container' id='no-id' text='dashboard_2
group
decimal_increase
admin_panel_set'
2026-05-05 16:52:00,115 - INFO -   Visible DIV 7: class='inner' id='no-id' text='dashboard_2'
2026-05-05 16:52:00,200 - INFO -   Visible DIV 8: class='inner' id='no-id' text='group'
2026-05-05 16:52:00,317 - INFO -   Visible DIV 9: class='inner' id='no-id' text='decimal_increase'
2026-05-05 16:52:00,431 - INFO -   Visible DIV 10: class='inner' id='no-id' text='admin_panel_settings'
2026-05-05 16:52:00,555 - INFO -   Visible DIV 11: class='inner' id='no-id' text='nest_doorbell_visitor'
2026-05-05 16:52:00,662 - INFO -   Visible DIV 12: class='inner' id='no-id' text='key_visualizer'
2026-05-05 16:52:00,677 - INFO - 
================================================================================

2026-05-05 16:52:00,860 - INFO - Waiting for dashboard URL...
2026-05-05 16:52:00,861 - INFO - 
================================================================================
2026-05-05 16:52:00,862 - INFO - DOM SNAPSHOT AT STAGE: Before_Dashboard_Navigation
2026-05-05 16:52:00,862 - INFO - ================================================================================
2026-05-05 16:52:00,892 - INFO - 
Searching for pop-up elements in page content...
2026-05-05 16:52:01,093 - WARNING - ⚠ No known pop-up selectors found. Checking all visible divs...
2026-05-05 16:52:01,129 - INFO - Total DIV elements on page: 29
2026-05-05 16:52:01,276 - INFO -   Visible DIV 1: class='header-right' id='no-id' text='English
French
Spanish
Quantum Toll Authority
supe'
2026-05-05 16:52:01,343 - INFO -   Visible DIV 2: class='nav-user' id='no-id' text='Quantum Toll Authority
superadmin_qm@yopmail.com'
2026-05-05 16:52:01,461 - INFO -   Visible DIV 3: class='nav-user-info' id='no-id' text='Quantum Toll Authority
superadmin_qm@yopmail.com'
2026-05-05 16:52:01,549 - INFO -   Visible DIV 4: class='uname' id='no-id' text='Quantum Toll Authority'
2026-05-05 16:52:01,627 - INFO -   Visible DIV 5: class='urole' id='no-id' text='superadmin_qm@yopmail.com'
2026-05-05 16:52:01,694 - INFO -   Visible DIV 6: class='main-container' id='no-id' text='dashboard_2
group
decimal_increase
admin_panel_set'
2026-05-05 16:52:01,761 - INFO -   Visible DIV 7: class='inner' id='no-id' text='dashboard_2'
2026-05-05 16:52:01,845 - INFO -   Visible DIV 8: class='inner' id='no-id' text='group'
2026-05-05 16:52:01,910 - INFO -   Visible DIV 9: class='inner' id='no-id' text='decimal_increase'
2026-05-05 16:52:01,999 - INFO -   Visible DIV 10: class='inner' id='no-id' text='admin_panel_settings'
2026-05-05 16:52:02,094 - INFO -   Visible DIV 11: class='inner' id='no-id' text='nest_doorbell_visitor'
2026-05-05 16:52:02,165 - INFO -   Visible DIV 12: class='inner' id='no-id' text='key_visualizer'
2026-05-05 16:52:02,176 - INFO - 
================================================================================

2026-05-05 16:52:02,195 - INFO - Login SUCCESS: Dashboard URL reached.
2026-05-05 16:52:02,712 - INFO - 
================================================================================
2026-05-05 16:52:02,712 - INFO - DOM SNAPSHOT AT STAGE: After_Dashboard_Loaded
2026-05-05 16:52:02,712 - INFO - ================================================================================
2026-05-05 16:52:02,730 - INFO - 
Searching for pop-up elements in page content...
2026-05-05 16:52:02,910 - WARNING - ⚠ No known pop-up selectors found. Checking all visible divs...
2026-05-05 16:52:02,965 - INFO - Total DIV elements on page: 29
2026-05-05 16:52:03,163 - INFO -   Visible DIV 1: class='header-right' id='no-id' text='English
French
Spanish
Quantum Toll Authority
supe'
2026-05-05 16:52:03,255 - INFO -   Visible DIV 2: class='nav-user' id='no-id' text='Quantum Toll Authority
superadmin_qm@yopmail.com'
2026-05-05 16:52:03,377 - INFO -   Visible DIV 3: class='nav-user-info' id='no-id' text='Quantum Toll Authority
superadmin_qm@yopmail.com'
2026-05-05 16:52:03,478 - INFO -   Visible DIV 4: class='uname' id='no-id' text='Quantum Toll Authority'
2026-05-05 16:52:03,611 - INFO -   Visible DIV 5: class='urole' id='no-id' text='superadmin_qm@yopmail.com'
2026-05-05 16:52:03,733 - INFO -   Visible DIV 6: class='main-container' id='no-id' text='dashboard_2
group
decimal_increase
admin_panel_set'
2026-05-05 16:52:03,828 - INFO -   Visible DIV 7: class='inner' id='no-id' text='dashboard_2'
2026-05-05 16:52:03,960 - INFO -   Visible DIV 8: class='inner' id='no-id' text='group'
2026-05-05 16:52:04,179 - INFO -   Visible DIV 9: class='inner' id='no-id' text='decimal_increase'
2026-05-05 16:52:04,293 - INFO -   Visible DIV 10: class='inner' id='no-id' text='admin_panel_settings'
2026-05-05 16:52:04,403 - INFO -   Visible DIV 11: class='inner' id='no-id' text='nest_doorbell_visitor'
2026-05-05 16:52:04,544 - INFO -   Visible DIV 12: class='inner' id='no-id' text='key_visualizer'
2026-05-05 16:52:04,576 - INFO - 
================================================================================

2026-05-05 16:52:04,580 - INFO - Checking for dashboard header 'Welcome to QM Toll portal!'...
2026-05-05 16:52:04,664 - INFO - ✅ Dashboard header found with selector: h4:has-text("Welcome to QM Toll portal!")
2026-05-05 16:52:04,668 - INFO -    Header text: 'Welcome to QM Toll portal!'
2026-05-05 16:52:04,670 - INFO - ✅ DASHBOARD VALIDATION PASSED: 'Welcome to QM Toll portal!' header found
2026-05-05 16:52:05,435 - INFO - Step 1: Navigating and Starting Onboarding...
2026-05-05 16:52:05,435 - INFO - Executing Sidebar Navigation Sequence...
2026-05-05 16:52:08,370 - INFO - Filling Step 1: Account Details...
2026-05-05 16:52:11,728 - INFO - Filled First Name: Alia
2026-05-05 16:52:12,955 - INFO - Filled Middle Name: QA Team
2026-05-05 16:52:14,150 - INFO - Filled Last Name: Shanker
2026-05-05 16:52:15,304 - INFO - Checked: Use Same for Billing
2026-05-05 16:52:16,470 - INFO - Checked: Use Same for Shipping
2026-05-05 16:52:17,678 - INFO - Checked: Primary Address
2026-05-05 16:52:21,545 - INFO - Filled Address: 123 Automation Blvd
2026-05-05 16:52:22,827 - INFO - Filled Zip Code: 12345
2026-05-05 16:52:24,610 - INFO - Filled Phone: 7003762653
2026-05-05 16:52:25,844 - INFO - Filled Email: alia.shanker50@testmail.com
2026-05-05 16:52:27,061 - INFO - Filled Confirm Email: alia.shanker50@testmail.com
2026-05-05 16:52:27,061 - INFO - Clicking Save & Next...
2026-05-05 16:52:27,103 - INFO - Chatbot elements hidden via CSS injection.
2026-05-05 16:52:28,977 - INFO - Step 1 Submitted.
2026-05-05 16:52:28,979 - INFO - Adding 1 Vehicle(s)...
2026-05-05 16:52:29,470 - INFO - Step 2 loaded successfully.
2026-05-05 16:52:29,507 - INFO - Chatbot elements hidden via CSS injection.
2026-05-05 16:52:30,760 - INFO - Filled Plate 1: QA2237GP
2026-05-05 16:52:35,158 - INFO - Filled Plate Start Date: 2026-05-05
2026-05-05 16:52:46,398 - INFO - Clicking 'Add' button for Vehicle 1...
2026-05-05 16:52:46,429 - INFO - Chatbot elements hidden via CSS injection.
2026-05-05 16:52:49,653 - INFO - Vehicle 1 added successfully.
2026-05-05 16:52:51,188 - INFO - Highlighting and clicking 'Next' button...
2026-05-05 16:52:51,212 - INFO - Chatbot elements hidden via CSS injection.
2026-05-05 16:52:53,981 - INFO - Captured Permanent Account Number: 2000011288
2026-05-05 16:52:53,981 - INFO - Account 2000011288 saved to SharedData.
2026-05-05 16:52:53,981 - INFO - Starting Step 3: Payment Information...
2026-05-05 16:52:54,005 - INFO - Chatbot elements hidden via CSS injection.
2026-05-05 16:52:58,261 - INFO - Filled Cardholder Name: EvCMtYgtTMfKmHSLnomQLLDXkAWbrDnzMNJaXMaDFSb
2026-05-05 16:52:59,800 - INFO - Filled Card Number: 5813146346239986
2026-05-05 16:53:01,364 - INFO - Filled Expiry Date: 05/28
2026-05-05 16:53:02,948 - INFO - Filled CVV: 314
2026-05-05 16:53:05,252 - INFO - Clicking 'Preview and Pay'...
2026-05-05 16:53:05,278 - INFO - Chatbot elements hidden via CSS injection.
2026-05-05 16:53:05,967 - INFO - Waiting for Payment Summary card...
2026-05-05 16:53:07,413 - INFO - Starting Final Confirmation Modal...
2026-05-05 16:53:08,623 - INFO - ✅ Account onboarding completed successfully.
2026-05-05 16:53:08,625 - INFO - Finalizing process: Clicking 'Account Summary' button...
2026-05-05 16:53:08,883 - INFO - Step 2: Creating case for account: 2000011288
2026-05-05 17:00:24,331 - INFO - Navigating to Login Page: http://operator-qa.qmaastech.com/
2026-05-05 17:00:27,025 - INFO - Attempting login for user: superadmin_qm@yopmail.com
2026-05-05 17:00:28,728 - INFO - Logging DOM elements BEFORE login click...
2026-05-05 17:00:28,728 - INFO - 
================================================================================
2026-05-05 17:00:28,728 - INFO - DOM SNAPSHOT AT STAGE: Before_Login
2026-05-05 17:00:28,728 - INFO - ================================================================================
2026-05-05 17:00:28,770 - INFO - 
Searching for pop-up elements in page content...
2026-05-05 17:00:29,105 - WARNING - ⚠ No known pop-up selectors found. Checking all visible divs...
2026-05-05 17:00:29,158 - INFO - Total DIV elements on page: 21
2026-05-05 17:00:29,761 - INFO -   Visible DIV 1: class='hero-pills' id='no-id' text='bolt
Real-time
smart_toy
AI-driven
hub
Multi-agenc'
2026-05-05 17:00:29,898 - INFO -   Visible DIV 2: class='auth-panel' id='no-id' text='Welcome Back

Sign in to your account to continue
'
2026-05-05 17:00:30,002 - INFO -   Visible DIV 3: class='auth-card' id='no-id' text='Welcome Back

Sign in to your account to continue
'
2026-05-05 17:00:30,129 - INFO -   Visible DIV 4: class='auth-step' id='no-id' text='Welcome Back

Sign in to your account to continue
'
2026-05-05 17:00:30,293 - INFO -   Visible DIV 5: class='field-wrap' id='no-id' text='Email ID / Username *
person'
2026-05-05 17:00:30,373 - INFO -   Visible DIV 6: class='input-shell' id='no-id' text='person'
2026-05-05 17:00:30,468 - INFO -   Visible DIV 7: class='field-wrap' id='no-id' text='Password *
lock
visibility_off'
2026-05-05 17:00:30,564 - INFO -   Visible DIV 8: class='input-shell' id='no-id' text='lock
visibility_off'
2026-05-05 17:00:30,659 - INFO -   Visible DIV 9: class='auth-bottom-links' id='no-id' text='New user?  Access Account

Forgot password?'
2026-05-05 17:00:30,707 - INFO - 
================================================================================

2026-05-05 17:00:31,307 - INFO - Login button clicked.
2026-05-05 17:00:31,311 - INFO - Taking rapid screenshots and validating pop-up...
2026-05-05 17:00:31,937 - INFO - Screenshot 1 captured - Attempting validation...
2026-05-05 17:00:31,937 - INFO - 
================================================================================
2026-05-05 17:00:31,937 - INFO - STARTING COMPREHENSIVE POP-UP VALIDATION
2026-05-05 17:00:31,937 - INFO - ================================================================================
2026-05-05 17:00:31,954 - INFO - 
[VALIDATION 1] Checking Pop-up Visibility...
2026-05-05 17:00:31,988 - INFO -   Visibility Status: True
2026-05-05 17:00:31,988 - INFO -   PASSED: Pop-up is visible
2026-05-05 17:00:31,988 - INFO - 
[VALIDATION 2] Extracting and Validating Text Content...
2026-05-05 17:00:32,004 - INFO -   Extracted Text: 'Login Successful'
2026-05-05 17:00:32,004 - INFO -   PASSED: Text matches exactly: 'Login Successful'
2026-05-05 17:00:32,004 - INFO - 
[VALIDATION 3] Checking for Typos...
2026-05-05 17:00:32,004 - INFO -   PASSED: No known typos detected
2026-05-05 17:00:32,019 - INFO - 
[VALIDATION 4] Extracting CSS Classes and Attributes...
2026-05-05 17:00:32,038 - INFO -   CSS Classes: snackbar success-snackbar
2026-05-05 17:00:32,038 - INFO -   PASSED: 'success' class is present
2026-05-05 17:00:32,038 - INFO - 
[VALIDATION 5] Checking Element Properties...
2026-05-05 17:00:32,137 - INFO -   ID: Not set
2026-05-05 17:00:32,137 - INFO -   Data-TestID: Not set
2026-05-05 17:00:32,137 - INFO -   Role: Not set
2026-05-05 17:00:32,137 - INFO -   ARIA Label: Not set
2026-05-05 17:00:32,137 - INFO - 
[VALIDATION 6] Checking Position and Size...
2026-05-05 17:00:32,155 - INFO -   X: 1230, Y: 20
2026-05-05 17:00:32,155 - INFO -   Width: 250, Height: 43.5
2026-05-05 17:00:32,155 - INFO -   PASSED: Element has valid dimensions
2026-05-05 17:00:32,155 - INFO - 
[VALIDATION 7] Checking Computed Styles...
2026-05-05 17:00:32,221 - INFO -   Display: block
2026-05-05 17:00:32,221 - INFO -   Opacity: 1
2026-05-05 17:00:32,221 - INFO -   PASSED: Element is displayed with proper opacity
2026-05-05 17:00:32,221 - INFO - 
================================================================================
2026-05-05 17:00:32,221 - INFO - POP-UP VALIDATION SUMMARY
2026-05-05 17:00:32,221 - INFO - ================================================================================
2026-05-05 17:00:32,221 - INFO -   Visibility: PASSED
2026-05-05 17:00:32,221 - INFO -   Text Match: PASSED
2026-05-05 17:00:32,221 - INFO -   Typo Check: PASSED
2026-05-05 17:00:32,221 - INFO -   CSS Classes: Present
2026-05-05 17:00:32,221 - INFO -   Position & Size: Valid
2026-05-05 17:00:32,221 - INFO -   Computed Styles: Valid
2026-05-05 17:00:32,221 - INFO - ================================================================================

2026-05-05 17:00:32,221 - INFO - ✓ ALL VALIDATIONS PASSED - Pop-up is working correctly!
2026-05-05 17:00:32,676 - INFO - Screenshot 2 captured - Attempting validation...
2026-05-05 17:00:32,676 - INFO - 
================================================================================
2026-05-05 17:00:32,676 - INFO - STARTING COMPREHENSIVE POP-UP VALIDATION
2026-05-05 17:00:32,676 - INFO - ================================================================================
2026-05-05 17:00:32,746 - ERROR - VALIDATION FAILED: Pop-up element not found!
2026-05-05 17:00:34,215 - INFO - Screenshot 3 captured - Attempting validation...
2026-05-05 17:00:34,216 - INFO - 
================================================================================
2026-05-05 17:00:34,217 - INFO - STARTING COMPREHENSIVE POP-UP VALIDATION
2026-05-05 17:00:34,218 - INFO - ================================================================================
2026-05-05 17:00:34,244 - ERROR - VALIDATION FAILED: Pop-up element not found!
2026-05-05 17:00:34,361 - INFO - Logging DOM elements AFTER login click (pop-up should appear here)...
2026-05-05 17:00:34,362 - INFO - 
================================================================================
2026-05-05 17:00:34,362 - INFO - DOM SNAPSHOT AT STAGE: After_Login_Click
2026-05-05 17:00:34,362 - INFO - ================================================================================
2026-05-05 17:00:34,394 - INFO - 
Searching for pop-up elements in page content...
2026-05-05 17:00:34,688 - WARNING - ⚠ No known pop-up selectors found. Checking all visible divs...
2026-05-05 17:00:34,740 - INFO - Total DIV elements on page: 29
2026-05-05 17:00:34,963 - INFO -   Visible DIV 1: class='header-right' id='no-id' text='English
French
Spanish
Quantum Toll Authority
supe'
2026-05-05 17:00:35,059 - INFO -   Visible DIV 2: class='nav-user' id='no-id' text='Quantum Toll Authority
superadmin_qm@yopmail.com'
2026-05-05 17:00:35,208 - INFO -   Visible DIV 3: class='nav-user-info' id='no-id' text='Quantum Toll Authority
superadmin_qm@yopmail.com'
2026-05-05 17:00:35,304 - INFO -   Visible DIV 4: class='uname' id='no-id' text='Quantum Toll Authority'
2026-05-05 17:00:35,399 - INFO -   Visible DIV 5: class='urole' id='no-id' text='superadmin_qm@yopmail.com'
2026-05-05 17:00:35,492 - INFO -   Visible DIV 6: class='main-container' id='no-id' text='dashboard_2
group
decimal_increase
admin_panel_set'
2026-05-05 17:00:35,597 - INFO -   Visible DIV 7: class='inner' id='no-id' text='dashboard_2'
2026-05-05 17:00:35,689 - INFO -   Visible DIV 8: class='inner' id='no-id' text='group'
2026-05-05 17:00:35,808 - INFO -   Visible DIV 9: class='inner' id='no-id' text='decimal_increase'
2026-05-05 17:00:35,925 - INFO -   Visible DIV 10: class='inner' id='no-id' text='admin_panel_settings'
2026-05-05 17:00:36,030 - INFO -   Visible DIV 11: class='inner' id='no-id' text='nest_doorbell_visitor'
2026-05-05 17:00:36,134 - INFO -   Visible DIV 12: class='inner' id='no-id' text='key_visualizer'
2026-05-05 17:00:36,160 - INFO - 
================================================================================

2026-05-05 17:00:36,441 - INFO - Waiting for dashboard URL...
2026-05-05 17:00:36,442 - INFO - 
================================================================================
2026-05-05 17:00:36,443 - INFO - DOM SNAPSHOT AT STAGE: Before_Dashboard_Navigation
2026-05-05 17:00:36,443 - INFO - ================================================================================
2026-05-05 17:00:36,478 - INFO - 
Searching for pop-up elements in page content...
2026-05-05 17:00:36,689 - WARNING - ⚠ No known pop-up selectors found. Checking all visible divs...
2026-05-05 17:00:36,748 - INFO - Total DIV elements on page: 29
2026-05-05 17:00:36,921 - INFO -   Visible DIV 1: class='header-right' id='no-id' text='English
French
Spanish
Quantum Toll Authority
supe'
2026-05-05 17:00:37,005 - INFO -   Visible DIV 2: class='nav-user' id='no-id' text='Quantum Toll Authority
superadmin_qm@yopmail.com'
2026-05-05 17:00:37,141 - INFO -   Visible DIV 3: class='nav-user-info' id='no-id' text='Quantum Toll Authority
superadmin_qm@yopmail.com'
2026-05-05 17:00:37,204 - INFO -   Visible DIV 4: class='uname' id='no-id' text='Quantum Toll Authority'
2026-05-05 17:00:37,304 - INFO -   Visible DIV 5: class='urole' id='no-id' text='superadmin_qm@yopmail.com'
2026-05-05 17:00:37,393 - INFO -   Visible DIV 6: class='main-container' id='no-id' text='dashboard_2
group
decimal_increase
admin_panel_set'
2026-05-05 17:00:37,478 - INFO -   Visible DIV 7: class='inner' id='no-id' text='dashboard_2'
2026-05-05 17:00:37,555 - INFO -   Visible DIV 8: class='inner' id='no-id' text='group'
2026-05-05 17:00:37,655 - INFO -   Visible DIV 9: class='inner' id='no-id' text='decimal_increase'
2026-05-05 17:00:37,754 - INFO -   Visible DIV 10: class='inner' id='no-id' text='admin_panel_settings'
2026-05-05 17:00:37,855 - INFO -   Visible DIV 11: class='inner' id='no-id' text='nest_doorbell_visitor'
2026-05-05 17:00:37,954 - INFO -   Visible DIV 12: class='inner' id='no-id' text='key_visualizer'
2026-05-05 17:00:37,988 - INFO - 
================================================================================

2026-05-05 17:00:38,005 - INFO - Login SUCCESS: Dashboard URL reached.
2026-05-05 17:00:38,522 - INFO - 
================================================================================
2026-05-05 17:00:38,522 - INFO - DOM SNAPSHOT AT STAGE: After_Dashboard_Loaded
2026-05-05 17:00:38,522 - INFO - ================================================================================
2026-05-05 17:00:38,555 - INFO - 
Searching for pop-up elements in page content...
2026-05-05 17:00:38,771 - WARNING - ⚠ No known pop-up selectors found. Checking all visible divs...
2026-05-05 17:00:38,821 - INFO - Total DIV elements on page: 29
2026-05-05 17:00:38,971 - INFO -   Visible DIV 1: class='header-right' id='no-id' text='English
French
Spanish
Quantum Toll Authority
supe'
2026-05-05 17:00:39,061 - INFO -   Visible DIV 2: class='nav-user' id='no-id' text='Quantum Toll Authority
superadmin_qm@yopmail.com'
2026-05-05 17:00:39,172 - INFO -   Visible DIV 3: class='nav-user-info' id='no-id' text='Quantum Toll Authority
superadmin_qm@yopmail.com'
2026-05-05 17:00:39,261 - INFO -   Visible DIV 4: class='uname' id='no-id' text='Quantum Toll Authority'
2026-05-05 17:00:39,354 - INFO -   Visible DIV 5: class='urole' id='no-id' text='superadmin_qm@yopmail.com'
2026-05-05 17:00:39,421 - INFO -   Visible DIV 6: class='main-container' id='no-id' text='dashboard_2
group
decimal_increase
admin_panel_set'
2026-05-05 17:00:39,538 - INFO -   Visible DIV 7: class='inner' id='no-id' text='dashboard_2'
2026-05-05 17:00:39,646 - INFO -   Visible DIV 8: class='inner' id='no-id' text='group'
2026-05-05 17:00:39,826 - INFO -   Visible DIV 9: class='inner' id='no-id' text='decimal_increase'
2026-05-05 17:00:39,991 - INFO -   Visible DIV 10: class='inner' id='no-id' text='admin_panel_settings'
2026-05-05 17:00:40,099 - INFO -   Visible DIV 11: class='inner' id='no-id' text='nest_doorbell_visitor'
2026-05-05 17:00:40,260 - INFO -   Visible DIV 12: class='inner' id='no-id' text='key_visualizer'
2026-05-05 17:00:40,290 - INFO - 
================================================================================

2026-05-05 17:00:40,290 - INFO - Checking for dashboard header 'Welcome to QM Toll portal!'...
2026-05-05 17:00:40,375 - INFO - ✅ Dashboard header found with selector: h4:has-text("Welcome to QM Toll portal!")
2026-05-05 17:00:40,375 - INFO -    Header text: 'Welcome to QM Toll portal!'
2026-05-05 17:00:40,375 - INFO - ✅ DASHBOARD VALIDATION PASSED: 'Welcome to QM Toll portal!' header found
2026-05-05 17:00:41,090 - INFO - Step 1: Navigating and Starting Onboarding...
2026-05-05 17:00:41,090 - INFO - Executing Sidebar Navigation Sequence...
2026-05-05 17:00:43,924 - INFO - Filling Step 1: Account Details...
2026-05-05 17:00:47,720 - INFO - Filled First Name: Shlok
2026-05-05 17:00:48,888 - INFO - Filled Middle Name: QA Team
2026-05-05 17:00:50,051 - INFO - Filled Last Name: Thaman
2026-05-05 17:00:51,285 - INFO - Checked: Use Same for Billing
2026-05-05 17:00:52,499 - INFO - Checked: Use Same for Shipping
2026-05-05 17:00:53,676 - INFO - Checked: Primary Address
2026-05-05 17:00:57,561 - INFO - Filled Address: 123 Automation Blvd
2026-05-05 17:00:58,798 - INFO - Filled Zip Code: 12345
2026-05-05 17:01:00,622 - INFO - Filled Phone: 9015963104
2026-05-05 17:01:01,827 - INFO - Filled Email: shlok.thaman83@testmail.com
2026-05-05 17:01:03,058 - INFO - Filled Confirm Email: shlok.thaman83@testmail.com
2026-05-05 17:01:03,060 - INFO - Clicking Save & Next...
2026-05-05 17:01:03,094 - INFO - Chatbot elements hidden via CSS injection.
2026-05-05 17:01:04,918 - INFO - Step 1 Submitted.
2026-05-05 17:01:04,918 - INFO - Adding 1 Vehicle(s)...
2026-05-05 17:01:05,297 - INFO - Step 2 loaded successfully.
2026-05-05 17:01:05,325 - INFO - Chatbot elements hidden via CSS injection.
2026-05-05 17:01:06,530 - INFO - Filled Plate 1: QA7265GP
2026-05-05 17:01:10,969 - INFO - Filled Plate Start Date: 2026-05-05
2026-05-05 17:01:22,199 - INFO - Clicking 'Add' button for Vehicle 1...
2026-05-05 17:01:22,215 - INFO - Chatbot elements hidden via CSS injection.
2026-05-05 17:01:25,462 - INFO - Vehicle 1 added successfully.
2026-05-05 17:01:26,987 - INFO - Highlighting and clicking 'Next' button...
2026-05-05 17:01:27,010 - INFO - Chatbot elements hidden via CSS injection.
2026-05-05 17:01:29,756 - INFO - Captured Permanent Account Number: 2000011290
2026-05-05 17:01:29,756 - INFO - Account 2000011290 saved to SharedData.
2026-05-05 17:01:29,757 - INFO - Starting Step 3: Payment Information...
2026-05-05 17:01:29,778 - INFO - Chatbot elements hidden via CSS injection.
2026-05-05 17:01:33,916 - INFO - Filled Cardholder Name: kCqSimtojBymWULaCMVSaAM
2026-05-05 17:01:35,486 - INFO - Filled Card Number: 0143270888889485
2026-05-05 17:01:37,124 - INFO - Filled Expiry Date: 05/28
2026-05-05 17:01:38,684 - INFO - Filled CVV: 851
2026-05-05 17:01:41,001 - INFO - Clicking 'Preview and Pay'...
2026-05-05 17:01:41,025 - INFO - Chatbot elements hidden via CSS injection.
2026-05-05 17:01:41,866 - INFO - Waiting for Payment Summary card...
2026-05-05 17:01:43,312 - INFO - Starting Final Confirmation Modal...
2026-05-05 17:01:44,612 - INFO - ✅ Account onboarding completed successfully.
2026-05-05 17:01:44,615 - INFO - Finalizing process: Clicking 'Account Summary' button...
2026-05-05 17:01:44,877 - INFO - Step 2: Creating case for account: 2000011290
2026-05-05 17:12:14,191 - INFO - Navigating to Login Page: http://operator-qa.qmaastech.com/
2026-05-05 17:12:18,283 - INFO - Attempting login for user: superadmin_qm@yopmail.com
2026-05-05 17:12:20,006 - INFO - Logging DOM elements BEFORE login click...
2026-05-05 17:12:20,006 - INFO - 
================================================================================
2026-05-05 17:12:20,006 - INFO - DOM SNAPSHOT AT STAGE: Before_Login
2026-05-05 17:12:20,006 - INFO - ================================================================================
2026-05-05 17:12:20,054 - INFO - 
Searching for pop-up elements in page content...
2026-05-05 17:12:20,491 - WARNING - ⚠ No known pop-up selectors found. Checking all visible divs...
2026-05-05 17:12:20,545 - INFO - Total DIV elements on page: 21
2026-05-05 17:12:21,087 - INFO -   Visible DIV 1: class='hero-pills' id='no-id' text='bolt
Real-time
smart_toy
AI-driven
hub
Multi-agenc'
2026-05-05 17:12:21,229 - INFO -   Visible DIV 2: class='auth-panel' id='no-id' text='Welcome Back

Sign in to your account to continue
'
2026-05-05 17:12:21,342 - INFO -   Visible DIV 3: class='auth-card' id='no-id' text='Welcome Back

Sign in to your account to continue
'
2026-05-05 17:12:21,467 - INFO -   Visible DIV 4: class='auth-step' id='no-id' text='Welcome Back

Sign in to your account to continue
'
2026-05-05 17:12:21,627 - INFO -   Visible DIV 5: class='field-wrap' id='no-id' text='Email ID / Username *
person'
2026-05-05 17:12:21,727 - INFO -   Visible DIV 6: class='input-shell' id='no-id' text='person'
2026-05-05 17:12:21,832 - INFO -   Visible DIV 7: class='field-wrap' id='no-id' text='Password *
lock
visibility_off'
2026-05-05 17:12:21,917 - INFO -   Visible DIV 8: class='input-shell' id='no-id' text='lock
visibility_off'
2026-05-05 17:12:21,995 - INFO -   Visible DIV 9: class='auth-bottom-links' id='no-id' text='New user?  Access Account

Forgot password?'
2026-05-05 17:12:22,043 - INFO - 
================================================================================

2026-05-05 17:12:22,648 - INFO - Login button clicked.
2026-05-05 17:12:22,654 - INFO - Taking rapid screenshots and validating pop-up...
2026-05-05 17:12:23,252 - INFO - Screenshot 1 captured - Attempting validation...
2026-05-05 17:12:23,252 - INFO - 
================================================================================
2026-05-05 17:12:23,253 - INFO - STARTING COMPREHENSIVE POP-UP VALIDATION
2026-05-05 17:12:23,254 - INFO - ================================================================================
2026-05-05 17:12:23,280 - INFO - 
[VALIDATION 1] Checking Pop-up Visibility...
2026-05-05 17:12:23,288 - INFO -   Visibility Status: True
2026-05-05 17:12:23,304 - INFO -   PASSED: Pop-up is visible
2026-05-05 17:12:23,305 - INFO - 
[VALIDATION 2] Extracting and Validating Text Content...
2026-05-05 17:12:23,321 - INFO -   Extracted Text: 'Login Successful'
2026-05-05 17:12:23,330 - INFO -   PASSED: Text matches exactly: 'Login Successful'
2026-05-05 17:12:23,330 - INFO - 
[VALIDATION 3] Checking for Typos...
2026-05-05 17:12:23,330 - INFO -   PASSED: No known typos detected
2026-05-05 17:12:23,330 - INFO - 
[VALIDATION 4] Extracting CSS Classes and Attributes...
2026-05-05 17:12:23,355 - INFO -   CSS Classes: snackbar success-snackbar
2026-05-05 17:12:23,355 - INFO -   PASSED: 'success' class is present
2026-05-05 17:12:23,366 - INFO - 
[VALIDATION 5] Checking Element Properties...
2026-05-05 17:12:23,454 - INFO -   ID: Not set
2026-05-05 17:12:23,454 - INFO -   Data-TestID: Not set
2026-05-05 17:12:23,469 - INFO -   Role: Not set
2026-05-05 17:12:23,469 - INFO -   ARIA Label: Not set
2026-05-05 17:12:23,470 - INFO - 
[VALIDATION 6] Checking Position and Size...
2026-05-05 17:12:23,488 - INFO -   X: 1230, Y: 20
2026-05-05 17:12:23,488 - INFO -   Width: 250, Height: 43.5
2026-05-05 17:12:23,488 - INFO -   PASSED: Element has valid dimensions
2026-05-05 17:12:23,488 - INFO - 
[VALIDATION 7] Checking Computed Styles...
2026-05-05 17:12:23,531 - INFO -   Display: block
2026-05-05 17:12:23,531 - INFO -   Opacity: 1
2026-05-05 17:12:23,531 - INFO -   PASSED: Element is displayed with proper opacity
2026-05-05 17:12:23,531 - INFO - 
================================================================================
2026-05-05 17:12:23,531 - INFO - POP-UP VALIDATION SUMMARY
2026-05-05 17:12:23,531 - INFO - ================================================================================
2026-05-05 17:12:23,531 - INFO -   Visibility: PASSED
2026-05-05 17:12:23,531 - INFO -   Text Match: PASSED
2026-05-05 17:12:23,531 - INFO -   Typo Check: PASSED
2026-05-05 17:12:23,531 - INFO -   CSS Classes: Present
2026-05-05 17:12:23,531 - INFO -   Position & Size: Valid
2026-05-05 17:12:23,537 - INFO -   Computed Styles: Valid
2026-05-05 17:12:23,537 - INFO - ================================================================================

2026-05-05 17:12:23,539 - INFO - ✓ ALL VALIDATIONS PASSED - Pop-up is working correctly!
2026-05-05 17:12:23,955 - INFO - Screenshot 2 captured - Attempting validation...
2026-05-05 17:12:23,956 - INFO - 
================================================================================
2026-05-05 17:12:23,957 - INFO - STARTING COMPREHENSIVE POP-UP VALIDATION
2026-05-05 17:12:23,958 - INFO - ================================================================================
2026-05-05 17:12:23,974 - ERROR - VALIDATION FAILED: Pop-up element not found!
2026-05-05 17:12:25,241 - INFO - Screenshot 3 captured - Attempting validation...
2026-05-05 17:12:25,242 - INFO - 
================================================================================
2026-05-05 17:12:25,243 - INFO - STARTING COMPREHENSIVE POP-UP VALIDATION
2026-05-05 17:12:25,244 - INFO - ================================================================================
2026-05-05 17:12:25,277 - ERROR - VALIDATION FAILED: Pop-up element not found!
2026-05-05 17:12:25,406 - INFO - Logging DOM elements AFTER login click (pop-up should appear here)...
2026-05-05 17:12:25,406 - INFO - 
================================================================================
2026-05-05 17:12:25,406 - INFO - DOM SNAPSHOT AT STAGE: After_Login_Click
2026-05-05 17:12:25,406 - INFO - ================================================================================
2026-05-05 17:12:25,438 - INFO - 
Searching for pop-up elements in page content...
2026-05-05 17:12:25,733 - WARNING - ⚠ No known pop-up selectors found. Checking all visible divs...
2026-05-05 17:12:25,797 - INFO - Total DIV elements on page: 29
2026-05-05 17:12:26,015 - INFO -   Visible DIV 1: class='header-right' id='no-id' text='English
French
Spanish
Quantum Toll Authority
supe'
2026-05-05 17:12:26,122 - INFO -   Visible DIV 2: class='nav-user' id='no-id' text='Quantum Toll Authority
superadmin_qm@yopmail.com'
2026-05-05 17:12:26,282 - INFO -   Visible DIV 3: class='nav-user-info' id='no-id' text='Quantum Toll Authority
superadmin_qm@yopmail.com'
2026-05-05 17:12:26,451 - INFO -   Visible DIV 4: class='uname' id='no-id' text='Quantum Toll Authority'
2026-05-05 17:12:26,563 - INFO -   Visible DIV 5: class='urole' id='no-id' text='superadmin_qm@yopmail.com'
2026-05-05 17:12:26,658 - INFO -   Visible DIV 6: class='main-container' id='no-id' text='dashboard_2
group
decimal_increase
admin_panel_set'
2026-05-05 17:12:26,757 - INFO -   Visible DIV 7: class='inner' id='no-id' text='dashboard_2'
2026-05-05 17:12:26,848 - INFO -   Visible DIV 8: class='inner' id='no-id' text='group'
2026-05-05 17:12:26,964 - INFO -   Visible DIV 9: class='inner' id='no-id' text='decimal_increase'
2026-05-05 17:12:27,086 - INFO -   Visible DIV 10: class='inner' id='no-id' text='admin_panel_settings'
2026-05-05 17:12:27,201 - INFO -   Visible DIV 11: class='inner' id='no-id' text='nest_doorbell_visitor'
2026-05-05 17:12:27,311 - INFO -   Visible DIV 12: class='inner' id='no-id' text='key_visualizer'
2026-05-05 17:12:27,334 - INFO - 
================================================================================

2026-05-05 17:12:27,707 - INFO - Waiting for dashboard URL...
2026-05-05 17:12:27,707 - INFO - 
================================================================================
2026-05-05 17:12:27,708 - INFO - DOM SNAPSHOT AT STAGE: Before_Dashboard_Navigation
2026-05-05 17:12:27,708 - INFO - ================================================================================
2026-05-05 17:12:27,739 - INFO - 
Searching for pop-up elements in page content...
2026-05-05 17:12:27,979 - WARNING - ⚠ No known pop-up selectors found. Checking all visible divs...
2026-05-05 17:12:28,010 - INFO - Total DIV elements on page: 29
2026-05-05 17:12:28,156 - INFO -   Visible DIV 1: class='header-right' id='no-id' text='English
French
Spanish
Quantum Toll Authority
supe'
2026-05-05 17:12:28,230 - INFO -   Visible DIV 2: class='nav-user' id='no-id' text='Quantum Toll Authority
superadmin_qm@yopmail.com'
2026-05-05 17:12:28,366 - INFO -   Visible DIV 3: class='nav-user-info' id='no-id' text='Quantum Toll Authority
superadmin_qm@yopmail.com'
2026-05-05 17:12:28,439 - INFO -   Visible DIV 4: class='uname' id='no-id' text='Quantum Toll Authority'
2026-05-05 17:12:28,506 - INFO -   Visible DIV 5: class='urole' id='no-id' text='superadmin_qm@yopmail.com'
2026-05-05 17:12:28,613 - INFO -   Visible DIV 6: class='main-container' id='no-id' text='dashboard_2
group
decimal_increase
admin_panel_set'
2026-05-05 17:12:28,717 - INFO -   Visible DIV 7: class='inner' id='no-id' text='dashboard_2'
2026-05-05 17:12:28,818 - INFO -   Visible DIV 8: class='inner' id='no-id' text='group'
2026-05-05 17:12:28,930 - INFO -   Visible DIV 9: class='inner' id='no-id' text='decimal_increase'
2026-05-05 17:12:29,052 - INFO -   Visible DIV 10: class='inner' id='no-id' text='admin_panel_settings'
2026-05-05 17:12:29,209 - INFO -   Visible DIV 11: class='inner' id='no-id' text='nest_doorbell_visitor'
2026-05-05 17:12:29,390 - INFO -   Visible DIV 12: class='inner' id='no-id' text='key_visualizer'
2026-05-05 17:12:29,423 - INFO - 
================================================================================

2026-05-05 17:12:29,456 - INFO - Login SUCCESS: Dashboard URL reached.
2026-05-05 17:12:29,989 - INFO - 
================================================================================
2026-05-05 17:12:29,991 - INFO - DOM SNAPSHOT AT STAGE: After_Dashboard_Loaded
2026-05-05 17:12:29,991 - INFO - ================================================================================
2026-05-05 17:12:30,006 - INFO - 
Searching for pop-up elements in page content...
2026-05-05 17:12:30,232 - WARNING - ⚠ No known pop-up selectors found. Checking all visible divs...
2026-05-05 17:12:30,279 - INFO - Total DIV elements on page: 29
2026-05-05 17:12:30,438 - INFO -   Visible DIV 1: class='header-right' id='no-id' text='English
French
Spanish
Quantum Toll Authority
supe'
2026-05-05 17:12:30,506 - INFO -   Visible DIV 2: class='nav-user' id='no-id' text='Quantum Toll Authority
superadmin_qm@yopmail.com'
2026-05-05 17:12:30,606 - INFO -   Visible DIV 3: class='nav-user-info' id='no-id' text='Quantum Toll Authority
superadmin_qm@yopmail.com'
2026-05-05 17:12:30,704 - INFO -   Visible DIV 4: class='uname' id='no-id' text='Quantum Toll Authority'
2026-05-05 17:12:30,776 - INFO -   Visible DIV 5: class='urole' id='no-id' text='superadmin_qm@yopmail.com'
2026-05-05 17:12:30,856 - INFO -   Visible DIV 6: class='main-container' id='no-id' text='dashboard_2
group
decimal_increase
admin_panel_set'
2026-05-05 17:12:30,922 - INFO -   Visible DIV 7: class='inner' id='no-id' text='dashboard_2'
2026-05-05 17:12:31,007 - INFO -   Visible DIV 8: class='inner' id='no-id' text='group'
2026-05-05 17:12:31,105 - INFO -   Visible DIV 9: class='inner' id='no-id' text='decimal_increase'
2026-05-05 17:12:31,189 - INFO -   Visible DIV 10: class='inner' id='no-id' text='admin_panel_settings'
2026-05-05 17:12:31,288 - INFO -   Visible DIV 11: class='inner' id='no-id' text='nest_doorbell_visitor'
2026-05-05 17:12:31,393 - INFO -   Visible DIV 12: class='inner' id='no-id' text='key_visualizer'
2026-05-05 17:12:31,410 - INFO - 
================================================================================

2026-05-05 17:12:31,413 - INFO - Checking for dashboard header 'Welcome to QM Toll portal!'...
2026-05-05 17:12:31,456 - INFO - ✅ Dashboard header found with selector: h4:has-text("Welcome to QM Toll portal!")
2026-05-05 17:12:31,456 - INFO -    Header text: 'Welcome to QM Toll portal!'
2026-05-05 17:12:31,456 - INFO - ✅ DASHBOARD VALIDATION PASSED: 'Welcome to QM Toll portal!' header found
2026-05-05 17:12:31,872 - INFO - Step 1: Navigating and Starting Onboarding...
2026-05-05 17:12:31,872 - INFO - Executing Sidebar Navigation Sequence...
2026-05-05 17:12:34,796 - INFO - Filling Step 1: Account Details...
2026-05-05 17:12:38,100 - INFO - Filled First Name: Drishya
2026-05-05 17:12:39,274 - INFO - Filled Middle Name: QA Team
2026-05-05 17:12:40,469 - INFO - Filled Last Name: Balan
2026-05-05 17:12:41,638 - INFO - Checked: Use Same for Billing
2026-05-05 17:12:42,789 - INFO - Checked: Use Same for Shipping
2026-05-05 17:12:43,974 - INFO - Checked: Primary Address
2026-05-05 17:12:47,775 - INFO - Filled Address: 123 Automation Blvd
2026-05-05 17:12:48,976 - INFO - Filled Zip Code: 12345
2026-05-05 17:12:50,676 - INFO - Filled Phone: 7530622954
2026-05-05 17:12:51,841 - INFO - Filled Email: drishya.balan13@testmail.com
2026-05-05 17:12:53,041 - INFO - Filled Confirm Email: drishya.balan13@testmail.com
2026-05-05 17:12:53,042 - INFO - Clicking Save & Next...
2026-05-05 17:12:53,058 - INFO - Chatbot elements hidden via CSS injection.
2026-05-05 17:12:54,854 - INFO - Step 1 Submitted.
2026-05-05 17:12:54,854 - INFO - Adding 1 Vehicle(s)...
2026-05-05 17:12:55,366 - INFO - Step 2 loaded successfully.
2026-05-05 17:12:55,399 - INFO - Chatbot elements hidden via CSS injection.
2026-05-05 17:12:56,684 - INFO - Filled Plate 1: QA4514GP
2026-05-05 17:13:01,289 - INFO - Filled Plate Start Date: 2026-05-05
2026-05-05 17:13:12,529 - INFO - Clicking 'Add' button for Vehicle 1...
2026-05-05 17:13:12,547 - INFO - Chatbot elements hidden via CSS injection.
2026-05-05 17:13:15,810 - INFO - Vehicle 1 added successfully.
2026-05-05 17:13:17,335 - INFO - Highlighting and clicking 'Next' button...
2026-05-05 17:13:17,360 - INFO - Chatbot elements hidden via CSS injection.
2026-05-05 17:13:20,218 - INFO - Captured Permanent Account Number: 2000011292
2026-05-05 17:13:20,234 - INFO - Account 2000011292 saved to SharedData.
2026-05-05 17:13:20,234 - INFO - Starting Step 3: Payment Information...
2026-05-05 17:13:20,250 - INFO - Chatbot elements hidden via CSS injection.
2026-05-05 17:13:24,447 - INFO - Filled Cardholder Name: NyzpsJBBSHrvZhaBFMAeVbDQHwvZHM
2026-05-05 17:13:26,074 - INFO - Filled Card Number: 2401334339196743
2026-05-05 17:13:27,613 - INFO - Filled Expiry Date: 05/28
2026-05-05 17:13:29,243 - INFO - Filled CVV: 871
2026-05-05 17:13:31,560 - INFO - Clicking 'Preview and Pay'...
2026-05-05 17:13:31,572 - INFO - Chatbot elements hidden via CSS injection.
2026-05-05 17:13:32,255 - INFO - Waiting for Payment Summary card...
2026-05-05 17:13:33,720 - INFO - Starting Final Confirmation Modal...
2026-05-05 17:13:35,163 - INFO - ✅ Account onboarding completed successfully.
2026-05-05 17:13:35,165 - INFO - Finalizing process: Clicking 'Account Summary' button...
2026-05-05 17:13:35,432 - INFO - Step 2: Creating case for account: 2000011292
2026-05-05 17:24:19,439 - INFO - Navigating to Login Page: http://operator-qa.qmaastech.com/
2026-05-05 17:24:22,139 - INFO - Attempting login for user: superadmin_qm@yopmail.com
2026-05-05 17:24:23,853 - INFO - Logging DOM elements BEFORE login click...
2026-05-05 17:24:23,853 - INFO - 
================================================================================
2026-05-05 17:24:23,853 - INFO - DOM SNAPSHOT AT STAGE: Before_Login
2026-05-05 17:24:23,858 - INFO - ================================================================================
2026-05-05 17:24:23,878 - INFO - 
Searching for pop-up elements in page content...
2026-05-05 17:24:24,208 - WARNING - ⚠ No known pop-up selectors found. Checking all visible divs...
2026-05-05 17:24:24,306 - INFO - Total DIV elements on page: 21
2026-05-05 17:24:24,955 - INFO -   Visible DIV 1: class='hero-pills' id='no-id' text='bolt
Real-time
smart_toy
AI-driven
hub
Multi-agenc'
2026-05-05 17:24:25,448 - INFO -   Visible DIV 2: class='auth-panel' id='no-id' text='Welcome Back

Sign in to your account to continue
'
2026-05-05 17:24:25,556 - INFO -   Visible DIV 3: class='auth-card' id='no-id' text='Welcome Back

Sign in to your account to continue
'
2026-05-05 17:24:25,626 - INFO -   Visible DIV 4: class='auth-step' id='no-id' text='Welcome Back

Sign in to your account to continue
'
2026-05-05 17:24:25,789 - INFO -   Visible DIV 5: class='field-wrap' id='no-id' text='Email ID / Username *
person'
2026-05-05 17:24:25,881 - INFO -   Visible DIV 6: class='input-shell' id='no-id' text='person'
2026-05-05 17:24:25,965 - INFO -   Visible DIV 7: class='field-wrap' id='no-id' text='Password *
lock
visibility_off'
2026-05-05 17:24:26,075 - INFO -   Visible DIV 8: class='input-shell' id='no-id' text='lock
visibility_off'
2026-05-05 17:24:26,156 - INFO -   Visible DIV 9: class='auth-bottom-links' id='no-id' text='New user?  Access Account

Forgot password?'
2026-05-05 17:24:26,247 - INFO - 
================================================================================

2026-05-05 17:24:26,902 - INFO - Login button clicked.
2026-05-05 17:24:26,902 - INFO - Taking rapid screenshots and validating pop-up...
2026-05-05 17:24:28,034 - INFO - Screenshot 1 captured - Attempting validation...
2026-05-05 17:24:28,035 - INFO - 
================================================================================
2026-05-05 17:24:28,038 - INFO - STARTING COMPREHENSIVE POP-UP VALIDATION
2026-05-05 17:24:28,040 - INFO - ================================================================================
2026-05-05 17:24:28,471 - ERROR - VALIDATION FAILED: Pop-up element not found!
2026-05-05 17:24:31,959 - INFO - Screenshot 2 captured - Attempting validation...
2026-05-05 17:24:31,960 - INFO - 
================================================================================
2026-05-05 17:24:31,962 - INFO - STARTING COMPREHENSIVE POP-UP VALIDATION
2026-05-05 17:24:31,963 - INFO - ================================================================================
2026-05-05 17:24:32,055 - ERROR - VALIDATION FAILED: Pop-up element not found!
2026-05-05 17:24:34,411 - INFO - Screenshot 3 captured - Attempting validation...
2026-05-05 17:24:34,416 - INFO - 
================================================================================
2026-05-05 17:24:34,418 - INFO - STARTING COMPREHENSIVE POP-UP VALIDATION
2026-05-05 17:24:34,420 - INFO - ================================================================================
2026-05-05 17:24:34,485 - ERROR - VALIDATION FAILED: Pop-up element not found!
2026-05-05 17:24:34,647 - INFO - Logging DOM elements AFTER login click (pop-up should appear here)...
2026-05-05 17:24:34,652 - INFO - 
================================================================================
2026-05-05 17:24:34,657 - INFO - DOM SNAPSHOT AT STAGE: After_Login_Click
2026-05-05 17:24:34,658 - INFO - ================================================================================
2026-05-05 17:24:34,782 - INFO - 
Searching for pop-up elements in page content...
2026-05-05 17:24:35,418 - WARNING - ⚠ No known pop-up selectors found. Checking all visible divs...
2026-05-05 17:24:35,469 - INFO - Total DIV elements on page: 29
2026-05-05 17:24:35,937 - INFO -   Visible DIV 1: class='header-right' id='no-id' text='English
French
Spanish
Quantum Toll Authority
supe'
2026-05-05 17:24:36,285 - INFO -   Visible DIV 2: class='nav-user' id='no-id' text='Quantum Toll Authority
superadmin_qm@yopmail.com'
2026-05-05 17:24:36,558 - INFO -   Visible DIV 3: class='nav-user-info' id='no-id' text='Quantum Toll Authority
superadmin_qm@yopmail.com'
2026-05-05 17:24:36,768 - INFO -   Visible DIV 4: class='uname' id='no-id' text='Quantum Toll Authority'
2026-05-05 17:24:36,890 - INFO -   Visible DIV 5: class='urole' id='no-id' text='superadmin_qm@yopmail.com'
2026-05-05 17:24:37,079 - INFO -   Visible DIV 6: class='main-container' id='no-id' text='dashboard_2
group
decimal_increase
admin_panel_set'
2026-05-05 17:24:37,211 - INFO -   Visible DIV 7: class='inner' id='no-id' text='dashboard_2'
2026-05-05 17:24:37,400 - INFO -   Visible DIV 8: class='inner' id='no-id' text='group'
2026-05-05 17:24:38,071 - INFO -   Visible DIV 9: class='inner' id='no-id' text='decimal_increase'
2026-05-05 17:24:38,281 - INFO -   Visible DIV 10: class='inner' id='no-id' text='admin_panel_settings'
2026-05-05 17:24:38,463 - INFO -   Visible DIV 11: class='inner' id='no-id' text='nest_doorbell_visitor'
2026-05-05 17:24:38,659 - INFO -   Visible DIV 12: class='inner' id='no-id' text='key_visualizer'
2026-05-05 17:24:38,691 - INFO - 
================================================================================

2026-05-05 17:24:39,129 - INFO - Waiting for dashboard URL...
2026-05-05 17:24:39,130 - INFO - 
================================================================================
2026-05-05 17:24:39,130 - INFO - DOM SNAPSHOT AT STAGE: Before_Dashboard_Navigation
2026-05-05 17:24:39,131 - INFO - ================================================================================
2026-05-05 17:24:39,173 - INFO - 
Searching for pop-up elements in page content...
2026-05-05 17:24:39,370 - WARNING - ⚠ No known pop-up selectors found. Checking all visible divs...
2026-05-05 17:24:39,428 - INFO - Total DIV elements on page: 29
2026-05-05 17:24:39,584 - INFO -   Visible DIV 1: class='header-right' id='no-id' text='English
French
Spanish
Quantum Toll Authority
supe'
2026-05-05 17:24:39,641 - INFO -   Visible DIV 2: class='nav-user' id='no-id' text='Quantum Toll Authority
superadmin_qm@yopmail.com'
2026-05-05 17:24:39,737 - INFO -   Visible DIV 3: class='nav-user-info' id='no-id' text='Quantum Toll Authority
superadmin_qm@yopmail.com'
2026-05-05 17:24:39,805 - INFO -   Visible DIV 4: class='uname' id='no-id' text='Quantum Toll Authority'
2026-05-05 17:24:39,860 - INFO -   Visible DIV 5: class='urole' id='no-id' text='superadmin_qm@yopmail.com'
2026-05-05 17:24:39,944 - INFO -   Visible DIV 6: class='main-container' id='no-id' text='dashboard_2
group
decimal_increase
admin_panel_set'
2026-05-05 17:24:40,002 - INFO -   Visible DIV 7: class='inner' id='no-id' text='dashboard_2'
2026-05-05 17:24:40,061 - INFO -   Visible DIV 8: class='inner' id='no-id' text='group'
2026-05-05 17:24:40,139 - INFO -   Visible DIV 9: class='inner' id='no-id' text='decimal_increase'
2026-05-05 17:24:40,273 - INFO -   Visible DIV 10: class='inner' id='no-id' text='admin_panel_settings'
2026-05-05 17:24:40,394 - INFO -   Visible DIV 11: class='inner' id='no-id' text='nest_doorbell_visitor'
2026-05-05 17:24:40,521 - INFO -   Visible DIV 12: class='inner' id='no-id' text='key_visualizer'
2026-05-05 17:24:40,539 - INFO - 
================================================================================

2026-05-05 17:24:40,558 - INFO - Login SUCCESS: Dashboard URL reached.
2026-05-05 17:24:41,077 - INFO - 
================================================================================
2026-05-05 17:24:41,077 - INFO - DOM SNAPSHOT AT STAGE: After_Dashboard_Loaded
2026-05-05 17:24:41,077 - INFO - ================================================================================
2026-05-05 17:24:41,113 - INFO - 
Searching for pop-up elements in page content...
2026-05-05 17:24:41,374 - WARNING - ⚠ No known pop-up selectors found. Checking all visible divs...
2026-05-05 17:24:41,420 - INFO - Total DIV elements on page: 29
2026-05-05 17:24:41,563 - INFO -   Visible DIV 1: class='header-right' id='no-id' text='English
French
Spanish
Quantum Toll Authority
supe'
2026-05-05 17:24:41,626 - INFO -   Visible DIV 2: class='nav-user' id='no-id' text='Quantum Toll Authority
superadmin_qm@yopmail.com'
2026-05-05 17:24:41,725 - INFO -   Visible DIV 3: class='nav-user-info' id='no-id' text='Quantum Toll Authority
superadmin_qm@yopmail.com'
2026-05-05 17:24:41,788 - INFO -   Visible DIV 4: class='uname' id='no-id' text='Quantum Toll Authority'
2026-05-05 17:24:41,875 - INFO -   Visible DIV 5: class='urole' id='no-id' text='superadmin_qm@yopmail.com'
2026-05-05 17:24:41,962 - INFO -   Visible DIV 6: class='main-container' id='no-id' text='dashboard_2
group
decimal_increase
admin_panel_set'
2026-05-05 17:24:42,058 - INFO -   Visible DIV 7: class='inner' id='no-id' text='dashboard_2'
2026-05-05 17:24:42,124 - INFO -   Visible DIV 8: class='inner' id='no-id' text='group'
2026-05-05 17:24:42,233 - INFO -   Visible DIV 9: class='inner' id='no-id' text='decimal_increase'
2026-05-05 17:24:42,330 - INFO -   Visible DIV 10: class='inner' id='no-id' text='admin_panel_settings'
2026-05-05 17:24:42,472 - INFO -   Visible DIV 11: class='inner' id='no-id' text='nest_doorbell_visitor'
2026-05-05 17:24:42,576 - INFO -   Visible DIV 12: class='inner' id='no-id' text='key_visualizer'
2026-05-05 17:24:42,592 - INFO - 
================================================================================

2026-05-05 17:24:42,592 - INFO - Checking for dashboard header 'Welcome to QM Toll portal!'...
2026-05-05 17:24:42,656 - INFO - ✅ Dashboard header found with selector: h4:has-text("Welcome to QM Toll portal!")
2026-05-05 17:24:42,656 - INFO -    Header text: 'Welcome to QM Toll portal!'
2026-05-05 17:24:42,666 - INFO - ✅ DASHBOARD VALIDATION PASSED: 'Welcome to QM Toll portal!' header found
2026-05-05 17:24:43,168 - INFO - Step 1: Navigating and Starting Onboarding...
2026-05-05 17:24:43,171 - INFO - Executing Sidebar Navigation Sequence...
2026-05-05 17:24:46,106 - INFO - Filling Step 1: Account Details...
2026-05-05 17:24:50,063 - INFO - Filled First Name: Tejas
2026-05-05 17:24:51,250 - INFO - Filled Middle Name: QA Team
2026-05-05 17:24:52,457 - INFO - Filled Last Name: Krish
2026-05-05 17:24:53,658 - INFO - Checked: Use Same for Billing
2026-05-05 17:24:54,813 - INFO - Checked: Use Same for Shipping
2026-05-05 17:24:55,933 - INFO - Checked: Primary Address
2026-05-05 17:24:59,733 - INFO - Filled Address: 123 Automation Blvd
2026-05-05 17:25:00,881 - INFO - Filled Zip Code: 12345
2026-05-05 17:25:02,556 - INFO - Filled Phone: 8235201244
2026-05-05 17:25:03,738 - INFO - Filled Email: tejas.krish79@testmail.com
2026-05-05 17:25:04,933 - INFO - Filled Confirm Email: tejas.krish79@testmail.com
2026-05-05 17:25:04,933 - INFO - Clicking Save & Next...
2026-05-05 17:25:04,948 - INFO - Chatbot elements hidden via CSS injection.
2026-05-05 17:25:06,729 - INFO - Step 1 Submitted.
2026-05-05 17:25:06,730 - INFO - Adding 1 Vehicle(s)...
2026-05-05 17:25:07,252 - INFO - Step 2 loaded successfully.
2026-05-05 17:25:07,273 - INFO - Chatbot elements hidden via CSS injection.
2026-05-05 17:25:08,455 - INFO - Filled Plate 1: QA6111GP
2026-05-05 17:25:12,873 - INFO - Filled Plate Start Date: 2026-05-05
2026-05-05 17:25:23,973 - INFO - Clicking 'Add' button for Vehicle 1...
2026-05-05 17:25:23,993 - INFO - Chatbot elements hidden via CSS injection.
2026-05-05 17:25:27,185 - INFO - Vehicle 1 added successfully.
2026-05-05 17:25:28,707 - INFO - Highlighting and clicking 'Next' button...
2026-05-05 17:25:28,729 - INFO - Chatbot elements hidden via CSS injection.
2026-05-05 17:25:31,402 - INFO - Captured Permanent Account Number: 2000011293
2026-05-05 17:25:31,402 - INFO - Account 2000011293 saved to SharedData.
2026-05-05 17:25:31,408 - INFO - Starting Step 3: Payment Information...
2026-05-05 17:25:31,417 - INFO - Chatbot elements hidden via CSS injection.
2026-05-05 17:25:35,482 - INFO - Filled Cardholder Name: kzXTaRvjRJsDsDPMFkSYBbXCtncwlYjIyFQ
2026-05-05 17:25:36,884 - INFO - Filled Card Number: 9619337819432034
2026-05-05 17:25:38,275 - INFO - Filled Expiry Date: 05/28
2026-05-05 17:25:39,735 - INFO - Filled CVV: 333
2026-05-05 17:25:42,032 - INFO - Clicking 'Preview and Pay'...
2026-05-05 17:25:42,051 - INFO - Chatbot elements hidden via CSS injection.
2026-05-05 17:25:42,755 - INFO - Waiting for Payment Summary card...
2026-05-05 17:25:44,207 - INFO - Starting Final Confirmation Modal...
2026-05-05 17:25:45,263 - INFO - ✅ Account onboarding completed successfully.
2026-05-05 17:25:45,264 - INFO - Finalizing process: Clicking 'Account Summary' button...
2026-05-05 17:25:45,448 - INFO - Step 2: Creating case for account: 2000011293
2026-05-05 17:47:41,572 - INFO - Navigating to Login Page: http://operator-qa.qmaastech.com/
2026-05-05 17:47:44,549 - INFO - Attempting login for user: superadmin_qm@yopmail.com
2026-05-05 17:47:46,262 - INFO - Logging DOM elements BEFORE login click...
2026-05-05 17:47:46,262 - INFO - 
================================================================================
2026-05-05 17:47:46,262 - INFO - DOM SNAPSHOT AT STAGE: Before_Login
2026-05-05 17:47:46,262 - INFO - ================================================================================
2026-05-05 17:47:46,316 - INFO - 
Searching for pop-up elements in page content...
2026-05-05 17:47:46,613 - WARNING - ⚠ No known pop-up selectors found. Checking all visible divs...
2026-05-05 17:47:46,663 - INFO - Total DIV elements on page: 21
2026-05-05 17:47:47,215 - INFO -   Visible DIV 1: class='hero-pills' id='no-id' text='bolt
Real-time
smart_toy
AI-driven
hub
Multi-agenc'
2026-05-05 17:47:47,352 - INFO -   Visible DIV 2: class='auth-panel' id='no-id' text='Welcome Back

Sign in to your account to continue
'
2026-05-05 17:47:47,436 - INFO -   Visible DIV 3: class='auth-card' id='no-id' text='Welcome Back

Sign in to your account to continue
'
2026-05-05 17:47:47,629 - INFO -   Visible DIV 4: class='auth-step' id='no-id' text='Welcome Back

Sign in to your account to continue
'
2026-05-05 17:47:47,781 - INFO -   Visible DIV 5: class='field-wrap' id='no-id' text='Email ID / Username *
person'
2026-05-05 17:47:47,864 - INFO -   Visible DIV 6: class='input-shell' id='no-id' text='person'
2026-05-05 17:47:47,937 - INFO -   Visible DIV 7: class='field-wrap' id='no-id' text='Password *
lock
visibility_off'
2026-05-05 17:47:48,009 - INFO -   Visible DIV 8: class='input-shell' id='no-id' text='lock
visibility_off'
2026-05-05 17:47:48,077 - INFO -   Visible DIV 9: class='auth-bottom-links' id='no-id' text='New user?  Access Account

Forgot password?'
2026-05-05 17:47:48,102 - INFO - 
================================================================================

2026-05-05 17:47:48,705 - INFO - Login button clicked.
2026-05-05 17:47:48,709 - INFO - Taking rapid screenshots and validating pop-up...
2026-05-05 17:47:49,331 - INFO - Screenshot 1 captured - Attempting validation...
2026-05-05 17:47:49,331 - INFO - 
================================================================================
2026-05-05 17:47:49,331 - INFO - STARTING COMPREHENSIVE POP-UP VALIDATION
2026-05-05 17:47:49,331 - INFO - ================================================================================
2026-05-05 17:47:49,356 - INFO - 
[VALIDATION 1] Checking Pop-up Visibility...
2026-05-05 17:47:49,390 - INFO -   Visibility Status: True
2026-05-05 17:47:49,390 - INFO -   PASSED: Pop-up is visible
2026-05-05 17:47:49,390 - INFO - 
[VALIDATION 2] Extracting and Validating Text Content...
2026-05-05 17:47:49,425 - INFO -   Extracted Text: 'Login Successful'
2026-05-05 17:47:49,425 - INFO -   PASSED: Text matches exactly: 'Login Successful'
2026-05-05 17:47:49,425 - INFO - 
[VALIDATION 3] Checking for Typos...
2026-05-05 17:47:49,431 - INFO -   PASSED: No known typos detected
2026-05-05 17:47:49,431 - INFO - 
[VALIDATION 4] Extracting CSS Classes and Attributes...
2026-05-05 17:47:49,439 - INFO -   CSS Classes: snackbar success-snackbar
2026-05-05 17:47:49,439 - INFO -   PASSED: 'success' class is present
2026-05-05 17:47:49,439 - INFO - 
[VALIDATION 5] Checking Element Properties...
2026-05-05 17:47:49,539 - INFO -   ID: Not set
2026-05-05 17:47:49,539 - INFO -   Data-TestID: Not set
2026-05-05 17:47:49,539 - INFO -   Role: Not set
2026-05-05 17:47:49,539 - INFO -   ARIA Label: Not set
2026-05-05 17:47:49,542 - INFO - 
[VALIDATION 6] Checking Position and Size...
2026-05-05 17:47:49,557 - INFO -   X: 1230, Y: 20
2026-05-05 17:47:49,557 - INFO -   Width: 250, Height: 43.5
2026-05-05 17:47:49,557 - INFO -   PASSED: Element has valid dimensions
2026-05-05 17:47:49,557 - INFO - 
[VALIDATION 7] Checking Computed Styles...
2026-05-05 17:47:49,587 - INFO -   Display: block
2026-05-05 17:47:49,588 - INFO -   Opacity: 1
2026-05-05 17:47:49,588 - INFO -   PASSED: Element is displayed with proper opacity
2026-05-05 17:47:49,589 - INFO - 
================================================================================
2026-05-05 17:47:49,589 - INFO - POP-UP VALIDATION SUMMARY
2026-05-05 17:47:49,589 - INFO - ================================================================================
2026-05-05 17:47:49,589 - INFO -   Visibility: PASSED
2026-05-05 17:47:49,589 - INFO -   Text Match: PASSED
2026-05-05 17:47:49,589 - INFO -   Typo Check: PASSED
2026-05-05 17:47:49,589 - INFO -   CSS Classes: Present
2026-05-05 17:47:49,589 - INFO -   Position & Size: Valid
2026-05-05 17:47:49,589 - INFO -   Computed Styles: Valid
2026-05-05 17:47:49,589 - INFO - ================================================================================

2026-05-05 17:47:49,589 - INFO - ✓ ALL VALIDATIONS PASSED - Pop-up is working correctly!
2026-05-05 17:47:49,930 - INFO - Screenshot 2 captured - Attempting validation...
2026-05-05 17:47:49,930 - INFO - 
================================================================================
2026-05-05 17:47:49,931 - INFO - STARTING COMPREHENSIVE POP-UP VALIDATION
2026-05-05 17:47:49,931 - INFO - ================================================================================
2026-05-05 17:47:49,957 - ERROR - VALIDATION FAILED: Pop-up element not found!
2026-05-05 17:47:51,450 - INFO - Screenshot 3 captured - Attempting validation...
2026-05-05 17:47:51,451 - INFO - 
================================================================================
2026-05-05 17:47:51,452 - INFO - STARTING COMPREHENSIVE POP-UP VALIDATION
2026-05-05 17:47:51,454 - INFO - ================================================================================
2026-05-05 17:47:51,484 - ERROR - VALIDATION FAILED: Pop-up element not found!
2026-05-05 17:47:51,607 - INFO - Logging DOM elements AFTER login click (pop-up should appear here)...
2026-05-05 17:47:51,607 - INFO - 
================================================================================
2026-05-05 17:47:51,608 - INFO - DOM SNAPSHOT AT STAGE: After_Login_Click
2026-05-05 17:47:51,608 - INFO - ================================================================================
2026-05-05 17:47:51,631 - INFO - 
Searching for pop-up elements in page content...
2026-05-05 17:47:51,927 - WARNING - ⚠ No known pop-up selectors found. Checking all visible divs...
2026-05-05 17:47:51,993 - INFO - Total DIV elements on page: 29
2026-05-05 17:47:52,220 - INFO -   Visible DIV 1: class='header-right' id='no-id' text='English
French
Spanish
Quantum Toll Authority
supe'
2026-05-05 17:47:52,327 - INFO -   Visible DIV 2: class='nav-user' id='no-id' text='Quantum Toll Authority
superadmin_qm@yopmail.com'
2026-05-05 17:47:52,481 - INFO -   Visible DIV 3: class='nav-user-info' id='no-id' text='Quantum Toll Authority
superadmin_qm@yopmail.com'
2026-05-05 17:47:52,573 - INFO -   Visible DIV 4: class='uname' id='no-id' text='Quantum Toll Authority'
2026-05-05 17:47:52,675 - INFO -   Visible DIV 5: class='urole' id='no-id' text='superadmin_qm@yopmail.com'
2026-05-05 17:47:52,788 - INFO -   Visible DIV 6: class='main-container' id='no-id' text='dashboard_2
group
decimal_increase
admin_panel_set'
2026-05-05 17:47:52,906 - INFO -   Visible DIV 7: class='inner' id='no-id' text='dashboard_2'
2026-05-05 17:47:53,013 - INFO -   Visible DIV 8: class='inner' id='no-id' text='group'
2026-05-05 17:47:53,157 - INFO -   Visible DIV 9: class='inner' id='no-id' text='decimal_increase'
2026-05-05 17:47:53,280 - INFO -   Visible DIV 10: class='inner' id='no-id' text='admin_panel_settings'
2026-05-05 17:47:53,402 - INFO -   Visible DIV 11: class='inner' id='no-id' text='nest_doorbell_visitor'
2026-05-05 17:47:53,507 - INFO -   Visible DIV 12: class='inner' id='no-id' text='key_visualizer'
2026-05-05 17:47:53,540 - INFO - 
================================================================================

2026-05-05 17:47:53,936 - INFO - Waiting for dashboard URL...
2026-05-05 17:47:53,936 - INFO - 
================================================================================
2026-05-05 17:47:53,937 - INFO - DOM SNAPSHOT AT STAGE: Before_Dashboard_Navigation
2026-05-05 17:47:53,937 - INFO - ================================================================================
2026-05-05 17:47:53,959 - INFO - 
Searching for pop-up elements in page content...
2026-05-05 17:47:54,180 - WARNING - ⚠ No known pop-up selectors found. Checking all visible divs...
2026-05-05 17:47:54,211 - INFO - Total DIV elements on page: 29
2026-05-05 17:47:54,356 - INFO -   Visible DIV 1: class='header-right' id='no-id' text='English
French
Spanish
Quantum Toll Authority
supe'
2026-05-05 17:47:54,440 - INFO -   Visible DIV 2: class='nav-user' id='no-id' text='Quantum Toll Authority
superadmin_qm@yopmail.com'
2026-05-05 17:47:54,540 - INFO -   Visible DIV 3: class='nav-user-info' id='no-id' text='Quantum Toll Authority
superadmin_qm@yopmail.com'
2026-05-05 17:47:54,623 - INFO -   Visible DIV 4: class='uname' id='no-id' text='Quantum Toll Authority'
2026-05-05 17:47:54,701 - INFO -   Visible DIV 5: class='urole' id='no-id' text='superadmin_qm@yopmail.com'
2026-05-05 17:47:54,778 - INFO -   Visible DIV 6: class='main-container' id='no-id' text='dashboard_2
group
decimal_increase
admin_panel_set'
2026-05-05 17:47:54,840 - INFO -   Visible DIV 7: class='inner' id='no-id' text='dashboard_2'
2026-05-05 17:47:54,923 - INFO -   Visible DIV 8: class='inner' id='no-id' text='group'
2026-05-05 17:47:55,007 - INFO -   Visible DIV 9: class='inner' id='no-id' text='decimal_increase'
2026-05-05 17:47:55,107 - INFO -   Visible DIV 10: class='inner' id='no-id' text='admin_panel_settings'
2026-05-05 17:47:55,207 - INFO -   Visible DIV 11: class='inner' id='no-id' text='nest_doorbell_visitor'
2026-05-05 17:47:55,289 - INFO -   Visible DIV 12: class='inner' id='no-id' text='key_visualizer'
2026-05-05 17:47:55,306 - INFO - 
================================================================================

2026-05-05 17:47:55,327 - INFO - Login SUCCESS: Dashboard URL reached.
2026-05-05 17:47:55,857 - INFO - 
================================================================================
2026-05-05 17:47:55,858 - INFO - DOM SNAPSHOT AT STAGE: After_Dashboard_Loaded
2026-05-05 17:47:55,859 - INFO - ================================================================================
2026-05-05 17:47:55,873 - INFO - 
Searching for pop-up elements in page content...
2026-05-05 17:47:56,077 - WARNING - ⚠ No known pop-up selectors found. Checking all visible divs...
2026-05-05 17:47:56,123 - INFO - Total DIV elements on page: 29
2026-05-05 17:47:56,284 - INFO -   Visible DIV 1: class='header-right' id='no-id' text='English
French
Spanish
Quantum Toll Authority
supe'
2026-05-05 17:47:56,375 - INFO -   Visible DIV 2: class='nav-user' id='no-id' text='Quantum Toll Authority
superadmin_qm@yopmail.com'
2026-05-05 17:47:56,507 - INFO -   Visible DIV 3: class='nav-user-info' id='no-id' text='Quantum Toll Authority
superadmin_qm@yopmail.com'
2026-05-05 17:47:56,573 - INFO -   Visible DIV 4: class='uname' id='no-id' text='Quantum Toll Authority'
2026-05-05 17:47:56,652 - INFO -   Visible DIV 5: class='urole' id='no-id' text='superadmin_qm@yopmail.com'
2026-05-05 17:47:56,717 - INFO -   Visible DIV 6: class='main-container' id='no-id' text='dashboard_2
group
decimal_increase
admin_panel_set'
2026-05-05 17:47:56,787 - INFO -   Visible DIV 7: class='inner' id='no-id' text='dashboard_2'
2026-05-05 17:47:56,864 - INFO -   Visible DIV 8: class='inner' id='no-id' text='group'
2026-05-05 17:47:57,100 - INFO -   Visible DIV 9: class='inner' id='no-id' text='decimal_increase'
2026-05-05 17:47:57,242 - INFO -   Visible DIV 10: class='inner' id='no-id' text='admin_panel_settings'
2026-05-05 17:47:57,411 - INFO -   Visible DIV 11: class='inner' id='no-id' text='nest_doorbell_visitor'
2026-05-05 17:47:57,541 - INFO -   Visible DIV 12: class='inner' id='no-id' text='key_visualizer'
2026-05-05 17:47:57,575 - INFO - 
================================================================================

2026-05-05 17:47:57,575 - INFO - Checking for dashboard header 'Welcome to QM Toll portal!'...
2026-05-05 17:47:57,659 - INFO - ✅ Dashboard header found with selector: h4:has-text("Welcome to QM Toll portal!")
2026-05-05 17:47:57,660 - INFO -    Header text: 'Welcome to QM Toll portal!'
2026-05-05 17:47:57,660 - INFO - ✅ DASHBOARD VALIDATION PASSED: 'Welcome to QM Toll portal!' header found
2026-05-05 17:47:58,227 - INFO - Step 1: Navigating and Starting Onboarding...
2026-05-05 17:47:58,227 - INFO - Executing Sidebar Navigation Sequence...
2026-05-05 17:48:01,108 - INFO - Filling Step 1: Account Details...
2026-05-05 17:48:05,352 - INFO - Filled First Name: Nirvi
2026-05-05 17:48:06,483 - INFO - Filled Middle Name: QA Team
2026-05-05 17:48:07,653 - INFO - Filled Last Name: Ram
2026-05-05 17:48:08,789 - INFO - Checked: Use Same for Billing
2026-05-05 17:48:10,002 - INFO - Checked: Use Same for Shipping
2026-05-05 17:48:11,198 - INFO - Checked: Primary Address
2026-05-05 17:48:15,102 - INFO - Filled Address: 123 Automation Blvd
2026-05-05 17:48:16,322 - INFO - Filled Zip Code: 12345
2026-05-05 17:48:18,040 - INFO - Filled Phone: 8249467720
2026-05-05 17:48:19,272 - INFO - Filled Email: nirvi.ram28@testmail.com
2026-05-05 17:48:20,474 - INFO - Filled Confirm Email: nirvi.ram28@testmail.com
2026-05-05 17:48:20,476 - INFO - Clicking Save & Next...
2026-05-05 17:48:20,523 - INFO - Chatbot elements hidden via CSS injection.
2026-05-05 17:48:22,305 - INFO - Step 1 Submitted.
2026-05-05 17:48:22,306 - INFO - Adding 1 Vehicle(s)...
2026-05-05 17:48:22,762 - INFO - Step 2 loaded successfully.
2026-05-05 17:48:22,783 - INFO - Chatbot elements hidden via CSS injection.
2026-05-05 17:48:23,986 - INFO - Filled Plate 1: QA3828GP
2026-05-05 17:48:28,528 - INFO - Filled Plate Start Date: 2026-05-05
2026-05-05 17:48:39,834 - INFO - Clicking 'Add' button for Vehicle 1...
2026-05-05 17:48:39,866 - INFO - Chatbot elements hidden via CSS injection.
2026-05-05 17:48:43,083 - INFO - Vehicle 1 added successfully.
2026-05-05 17:48:44,611 - INFO - Highlighting and clicking 'Next' button...
2026-05-05 17:48:44,646 - INFO - Chatbot elements hidden via CSS injection.
2026-05-05 17:48:47,481 - INFO - Captured Permanent Account Number: 2000011294
2026-05-05 17:48:47,481 - INFO - Account 2000011294 saved to SharedData.
2026-05-05 17:48:47,481 - INFO - Starting Step 3: Payment Information...
2026-05-05 17:48:47,504 - INFO - Chatbot elements hidden via CSS injection.
2026-05-05 17:48:51,792 - INFO - Filled Cardholder Name: SefHEnLuteyhsjvDNiCEDfIgth
2026-05-05 17:48:53,418 - INFO - Filled Card Number: 9667472382871460
2026-05-05 17:48:54,932 - INFO - Filled Expiry Date: 05/28
2026-05-05 17:48:56,548 - INFO - Filled CVV: 715
2026-05-05 17:48:58,857 - INFO - Clicking 'Preview and Pay'...
2026-05-05 17:48:58,875 - INFO - Chatbot elements hidden via CSS injection.
2026-05-05 17:48:59,538 - INFO - Waiting for Payment Summary card...
2026-05-05 17:49:00,990 - INFO - Starting Final Confirmation Modal...
2026-05-05 17:49:02,217 - INFO - ✅ Account onboarding completed successfully.
2026-05-05 17:49:02,217 - INFO - Finalizing process: Clicking 'Account Summary' button...
2026-05-05 17:49:02,462 - INFO - Step 2: Creating case for account: 2000011294
2026-05-05 17:53:56,156 - INFO - Navigating to Login Page: http://operator-qa.qmaastech.com/
2026-05-05 17:53:58,945 - INFO - Attempting login for user: superadmin_qm@yopmail.com
2026-05-05 17:54:00,631 - INFO - Logging DOM elements BEFORE login click...
2026-05-05 17:54:00,645 - INFO - 
================================================================================
2026-05-05 17:54:00,648 - INFO - DOM SNAPSHOT AT STAGE: Before_Login
2026-05-05 17:54:00,648 - INFO - ================================================================================
2026-05-05 17:54:00,683 - INFO - 
Searching for pop-up elements in page content...
2026-05-05 17:54:00,925 - WARNING - ⚠ No known pop-up selectors found. Checking all visible divs...
2026-05-05 17:54:00,958 - INFO - Total DIV elements on page: 21
2026-05-05 17:54:01,561 - INFO -   Visible DIV 1: class='hero-pills' id='no-id' text='bolt
Real-time
smart_toy
AI-driven
hub
Multi-agenc'
2026-05-05 17:54:01,768 - INFO -   Visible DIV 2: class='auth-panel' id='no-id' text='Welcome Back

Sign in to your account to continue
'
2026-05-05 17:54:01,865 - INFO -   Visible DIV 3: class='auth-card' id='no-id' text='Welcome Back

Sign in to your account to continue
'
2026-05-05 17:54:01,957 - INFO -   Visible DIV 4: class='auth-step' id='no-id' text='Welcome Back

Sign in to your account to continue
'
2026-05-05 17:54:02,083 - INFO -   Visible DIV 5: class='field-wrap' id='no-id' text='Email ID / Username *
person'
2026-05-05 17:54:02,184 - INFO -   Visible DIV 6: class='input-shell' id='no-id' text='person'
2026-05-05 17:54:02,286 - INFO -   Visible DIV 7: class='field-wrap' id='no-id' text='Password *
lock
visibility_off'
2026-05-05 17:54:02,381 - INFO -   Visible DIV 8: class='input-shell' id='no-id' text='lock
visibility_off'
2026-05-05 17:54:02,464 - INFO -   Visible DIV 9: class='auth-bottom-links' id='no-id' text='New user?  Access Account

Forgot password?'
2026-05-05 17:54:02,517 - INFO - 
================================================================================

2026-05-05 17:54:03,126 - INFO - Login button clicked.
2026-05-05 17:54:03,133 - INFO - Taking rapid screenshots and validating pop-up...
2026-05-05 17:54:03,700 - INFO - Screenshot 1 captured - Attempting validation...
2026-05-05 17:54:03,702 - INFO - 
================================================================================
2026-05-05 17:54:03,703 - INFO - STARTING COMPREHENSIVE POP-UP VALIDATION
2026-05-05 17:54:03,704 - INFO - ================================================================================
2026-05-05 17:54:03,724 - INFO - 
[VALIDATION 1] Checking Pop-up Visibility...
2026-05-05 17:54:03,744 - INFO -   Visibility Status: True
2026-05-05 17:54:03,745 - INFO -   PASSED: Pop-up is visible
2026-05-05 17:54:03,745 - INFO - 
[VALIDATION 2] Extracting and Validating Text Content...
2026-05-05 17:54:03,769 - INFO -   Extracted Text: 'Login Successful'
2026-05-05 17:54:03,769 - INFO -   PASSED: Text matches exactly: 'Login Successful'
2026-05-05 17:54:03,770 - INFO - 
[VALIDATION 3] Checking for Typos...
2026-05-05 17:54:03,770 - INFO -   PASSED: No known typos detected
2026-05-05 17:54:03,771 - INFO - 
[VALIDATION 4] Extracting CSS Classes and Attributes...
2026-05-05 17:54:03,790 - INFO -   CSS Classes: snackbar success-snackbar
2026-05-05 17:54:03,790 - INFO -   PASSED: 'success' class is present
2026-05-05 17:54:03,791 - INFO - 
[VALIDATION 5] Checking Element Properties...
2026-05-05 17:54:03,886 - INFO -   ID: Not set
2026-05-05 17:54:03,886 - INFO -   Data-TestID: Not set
2026-05-05 17:54:03,887 - INFO -   Role: Not set
2026-05-05 17:54:03,888 - INFO -   ARIA Label: Not set
2026-05-05 17:54:03,888 - INFO - 
[VALIDATION 6] Checking Position and Size...
2026-05-05 17:54:03,908 - INFO -   X: 1230, Y: 20
2026-05-05 17:54:03,909 - INFO -   Width: 250, Height: 43.5
2026-05-05 17:54:03,910 - INFO -   PASSED: Element has valid dimensions
2026-05-05 17:54:03,911 - INFO - 
[VALIDATION 7] Checking Computed Styles...
2026-05-05 17:54:03,944 - INFO -   Display: block
2026-05-05 17:54:03,944 - INFO -   Opacity: 1
2026-05-05 17:54:03,944 - INFO -   PASSED: Element is displayed with proper opacity
2026-05-05 17:54:03,945 - INFO - 
================================================================================
2026-05-05 17:54:03,945 - INFO - POP-UP VALIDATION SUMMARY
2026-05-05 17:54:03,946 - INFO - ================================================================================
2026-05-05 17:54:03,947 - INFO -   Visibility: PASSED
2026-05-05 17:54:03,947 - INFO -   Text Match: PASSED
2026-05-05 17:54:03,948 - INFO -   Typo Check: PASSED
2026-05-05 17:54:03,948 - INFO -   CSS Classes: Present
2026-05-05 17:54:03,948 - INFO -   Position & Size: Valid
2026-05-05 17:54:03,950 - INFO -   Computed Styles: Valid
2026-05-05 17:54:03,950 - INFO - ================================================================================

2026-05-05 17:54:03,951 - INFO - ✓ ALL VALIDATIONS PASSED - Pop-up is working correctly!
2026-05-05 17:54:04,577 - INFO - Screenshot 2 captured - Attempting validation...
2026-05-05 17:54:04,578 - INFO - 
================================================================================
2026-05-05 17:54:04,579 - INFO - STARTING COMPREHENSIVE POP-UP VALIDATION
2026-05-05 17:54:04,581 - INFO - ================================================================================
2026-05-05 17:54:04,610 - ERROR - VALIDATION FAILED: Pop-up element not found!
2026-05-05 17:54:05,973 - INFO - Screenshot 3 captured - Attempting validation...
2026-05-05 17:54:05,973 - INFO - 
================================================================================
2026-05-05 17:54:05,974 - INFO - STARTING COMPREHENSIVE POP-UP VALIDATION
2026-05-05 17:54:05,974 - INFO - ================================================================================
2026-05-05 17:54:06,003 - ERROR - VALIDATION FAILED: Pop-up element not found!
2026-05-05 17:54:06,128 - INFO - Logging DOM elements AFTER login click (pop-up should appear here)...
2026-05-05 17:54:06,128 - INFO - 
================================================================================
2026-05-05 17:54:06,128 - INFO - DOM SNAPSHOT AT STAGE: After_Login_Click
2026-05-05 17:54:06,129 - INFO - ================================================================================
2026-05-05 17:54:06,160 - INFO - 
Searching for pop-up elements in page content...
2026-05-05 17:54:06,439 - WARNING - ⚠ No known pop-up selectors found. Checking all visible divs...
2026-05-05 17:54:06,510 - INFO - Total DIV elements on page: 29
2026-05-05 17:54:06,735 - INFO -   Visible DIV 1: class='header-right' id='no-id' text='English
French
Spanish
Quantum Toll Authority
supe'
2026-05-05 17:54:06,828 - INFO -   Visible DIV 2: class='nav-user' id='no-id' text='Quantum Toll Authority
superadmin_qm@yopmail.com'
2026-05-05 17:54:06,984 - INFO -   Visible DIV 3: class='nav-user-info' id='no-id' text='Quantum Toll Authority
superadmin_qm@yopmail.com'
2026-05-05 17:54:07,080 - INFO -   Visible DIV 4: class='uname' id='no-id' text='Quantum Toll Authority'
2026-05-05 17:54:07,173 - INFO -   Visible DIV 5: class='urole' id='no-id' text='superadmin_qm@yopmail.com'
2026-05-05 17:54:07,273 - INFO -   Visible DIV 6: class='main-container' id='no-id' text='dashboard_2
group
decimal_increase
admin_panel_set'
2026-05-05 17:54:07,374 - INFO -   Visible DIV 7: class='inner' id='no-id' text='dashboard_2'
2026-05-05 17:54:07,476 - INFO -   Visible DIV 8: class='inner' id='no-id' text='group'
2026-05-05 17:54:07,584 - INFO -   Visible DIV 9: class='inner' id='no-id' text='decimal_increase'
2026-05-05 17:54:07,689 - INFO -   Visible DIV 10: class='inner' id='no-id' text='admin_panel_settings'
2026-05-05 17:54:07,792 - INFO -   Visible DIV 11: class='inner' id='no-id' text='nest_doorbell_visitor'
2026-05-05 17:54:07,909 - INFO -   Visible DIV 12: class='inner' id='no-id' text='key_visualizer'
2026-05-05 17:54:07,929 - INFO - 
================================================================================

2026-05-05 17:54:08,271 - INFO - Waiting for dashboard URL...
2026-05-05 17:54:08,272 - INFO - 
================================================================================
2026-05-05 17:54:08,272 - INFO - DOM SNAPSHOT AT STAGE: Before_Dashboard_Navigation
2026-05-05 17:54:08,272 - INFO - ================================================================================
2026-05-05 17:54:08,296 - INFO - 
Searching for pop-up elements in page content...
2026-05-05 17:54:08,504 - WARNING - ⚠ No known pop-up selectors found. Checking all visible divs...
2026-05-05 17:54:08,541 - INFO - Total DIV elements on page: 29
2026-05-05 17:54:08,670 - INFO -   Visible DIV 1: class='header-right' id='no-id' text='English
French
Spanish
Quantum Toll Authority
supe'
2026-05-05 17:54:08,740 - INFO -   Visible DIV 2: class='nav-user' id='no-id' text='Quantum Toll Authority
superadmin_qm@yopmail.com'
2026-05-05 17:54:08,840 - INFO -   Visible DIV 3: class='nav-user-info' id='no-id' text='Quantum Toll Authority
superadmin_qm@yopmail.com'
2026-05-05 17:54:08,905 - INFO -   Visible DIV 4: class='uname' id='no-id' text='Quantum Toll Authority'
2026-05-05 17:54:08,975 - INFO -   Visible DIV 5: class='urole' id='no-id' text='superadmin_qm@yopmail.com'
2026-05-05 17:54:09,037 - INFO -   Visible DIV 6: class='main-container' id='no-id' text='dashboard_2
group
decimal_increase
admin_panel_set'
2026-05-05 17:54:09,106 - INFO -   Visible DIV 7: class='inner' id='no-id' text='dashboard_2'
2026-05-05 17:54:09,166 - INFO -   Visible DIV 8: class='inner' id='no-id' text='group'
2026-05-05 17:54:09,239 - INFO -   Visible DIV 9: class='inner' id='no-id' text='decimal_increase'
2026-05-05 17:54:09,311 - INFO -   Visible DIV 10: class='inner' id='no-id' text='admin_panel_settings'
2026-05-05 17:54:09,404 - INFO -   Visible DIV 11: class='inner' id='no-id' text='nest_doorbell_visitor'
2026-05-05 17:54:09,493 - INFO -   Visible DIV 12: class='inner' id='no-id' text='key_visualizer'
2026-05-05 17:54:09,517 - INFO - 
================================================================================

2026-05-05 17:54:09,539 - INFO - Login SUCCESS: Dashboard URL reached.
2026-05-05 17:54:10,060 - INFO - 
================================================================================
2026-05-05 17:54:10,061 - INFO - DOM SNAPSHOT AT STAGE: After_Dashboard_Loaded
2026-05-05 17:54:10,061 - INFO - ================================================================================
2026-05-05 17:54:10,077 - INFO - 
Searching for pop-up elements in page content...
2026-05-05 17:54:10,243 - WARNING - ⚠ No known pop-up selectors found. Checking all visible divs...
2026-05-05 17:54:10,275 - INFO - Total DIV elements on page: 29
2026-05-05 17:54:10,410 - INFO -   Visible DIV 1: class='header-right' id='no-id' text='English
French
Spanish
Quantum Toll Authority
supe'
2026-05-05 17:54:10,489 - INFO -   Visible DIV 2: class='nav-user' id='no-id' text='Quantum Toll Authority
superadmin_qm@yopmail.com'
2026-05-05 17:54:10,607 - INFO -   Visible DIV 3: class='nav-user-info' id='no-id' text='Quantum Toll Authority
superadmin_qm@yopmail.com'
2026-05-05 17:54:10,691 - INFO -   Visible DIV 4: class='uname' id='no-id' text='Quantum Toll Authority'
2026-05-05 17:54:10,769 - INFO -   Visible DIV 5: class='urole' id='no-id' text='superadmin_qm@yopmail.com'
2026-05-05 17:54:10,823 - INFO -   Visible DIV 6: class='main-container' id='no-id' text='dashboard_2
group
decimal_increase
admin_panel_set'
2026-05-05 17:54:10,889 - INFO -   Visible DIV 7: class='inner' id='no-id' text='dashboard_2'
2026-05-05 17:54:10,944 - INFO -   Visible DIV 8: class='inner' id='no-id' text='group'
2026-05-05 17:54:11,086 - INFO -   Visible DIV 9: class='inner' id='no-id' text='decimal_increase'
2026-05-05 17:54:11,182 - INFO -   Visible DIV 10: class='inner' id='no-id' text='admin_panel_settings'
2026-05-05 17:54:11,288 - INFO -   Visible DIV 11: class='inner' id='no-id' text='nest_doorbell_visitor'
2026-05-05 17:54:11,438 - INFO -   Visible DIV 12: class='inner' id='no-id' text='key_visualizer'
2026-05-05 17:54:11,457 - INFO - 
================================================================================

2026-05-05 17:54:11,466 - INFO - Checking for dashboard header 'Welcome to QM Toll portal!'...
2026-05-05 17:54:11,542 - INFO - ✅ Dashboard header found with selector: h4:has-text("Welcome to QM Toll portal!")
2026-05-05 17:54:11,552 - INFO -    Header text: 'Welcome to QM Toll portal!'
2026-05-05 17:54:11,554 - INFO - ✅ DASHBOARD VALIDATION PASSED: 'Welcome to QM Toll portal!' header found
2026-05-05 17:54:12,566 - INFO - Step 1: Navigating and Starting Onboarding...
2026-05-05 17:54:12,568 - INFO - Executing Sidebar Navigation Sequence...
2026-05-05 17:54:15,476 - INFO - Filling Step 1: Account Details...
2026-05-05 17:54:19,748 - INFO - Filled First Name: Seher
2026-05-05 17:54:20,916 - INFO - Filled Middle Name: QA Team
2026-05-05 17:54:22,129 - INFO - Filled Last Name: Kata
2026-05-05 17:54:23,310 - INFO - Checked: Use Same for Billing
2026-05-05 17:54:24,468 - INFO - Checked: Use Same for Shipping
2026-05-05 17:54:25,614 - INFO - Checked: Primary Address
2026-05-05 17:54:29,460 - INFO - Filled Address: 123 Automation Blvd
2026-05-05 17:54:30,711 - INFO - Filled Zip Code: 12345
2026-05-05 17:54:32,546 - INFO - Filled Phone: 8378104593
2026-05-05 17:54:33,767 - INFO - Filled Email: seher.kata68@testmail.com
2026-05-05 17:54:34,987 - INFO - Filled Confirm Email: seher.kata68@testmail.com
2026-05-05 17:54:34,987 - INFO - Clicking Save & Next...
2026-05-05 17:54:35,025 - INFO - Chatbot elements hidden via CSS injection.
2026-05-05 17:54:36,854 - INFO - Step 1 Submitted.
2026-05-05 17:54:36,854 - INFO - Adding 1 Vehicle(s)...
2026-05-05 17:54:37,417 - INFO - Step 2 loaded successfully.
2026-05-05 17:54:37,458 - INFO - Chatbot elements hidden via CSS injection.
2026-05-05 17:54:38,676 - INFO - Filled Plate 1: QA3063GP
2026-05-05 17:54:43,128 - INFO - Filled Plate Start Date: 2026-05-05
2026-05-05 17:54:54,425 - INFO - Clicking 'Add' button for Vehicle 1...
2026-05-05 17:54:54,465 - INFO - Chatbot elements hidden via CSS injection.
2026-05-05 17:54:57,684 - INFO - Vehicle 1 added successfully.
2026-05-05 17:54:59,216 - INFO - Highlighting and clicking 'Next' button...
2026-05-05 17:54:59,240 - INFO - Chatbot elements hidden via CSS injection.
2026-05-05 17:55:02,026 - INFO - Captured Permanent Account Number: 2000011295
2026-05-05 17:55:02,026 - INFO - Account 2000011295 saved to SharedData.
2026-05-05 17:55:02,026 - INFO - Starting Step 3: Payment Information...
2026-05-05 17:55:02,030 - INFO - Chatbot elements hidden via CSS injection.
2026-05-05 17:55:06,235 - INFO - Filled Cardholder Name: EmVqbIOmmAcRSotjZCaPRWYALpFOwdIlUkE
2026-05-05 17:55:07,795 - INFO - Filled Card Number: 5759787312326870
2026-05-05 17:55:09,276 - INFO - Filled Expiry Date: 05/28
2026-05-05 17:55:10,819 - INFO - Filled CVV: 013
2026-05-05 17:55:13,099 - INFO - Clicking 'Preview and Pay'...
2026-05-05 17:55:13,104 - INFO - Chatbot elements hidden via CSS injection.
2026-05-05 17:55:13,778 - INFO - Waiting for Payment Summary card...
2026-05-05 17:55:15,227 - INFO - Starting Final Confirmation Modal...
2026-05-05 17:55:16,514 - INFO - ✅ Account onboarding completed successfully.
2026-05-05 17:55:16,516 - INFO - Finalizing process: Clicking 'Account Summary' button...
2026-05-05 17:55:16,793 - INFO - Step 2: Creating case for account: 2000011295
2026-05-05 17:56:44,447 - INFO - Navigating to Login Page: http://operator-qa.qmaastech.com/
2026-05-05 17:56:47,224 - INFO - Attempting login for user: superadmin_qm@yopmail.com
2026-05-05 17:56:48,914 - INFO - Logging DOM elements BEFORE login click...
2026-05-05 17:56:48,914 - INFO - 
================================================================================
2026-05-05 17:56:48,914 - INFO - DOM SNAPSHOT AT STAGE: Before_Login
2026-05-05 17:56:48,914 - INFO - ================================================================================
2026-05-05 17:56:48,946 - INFO - 
Searching for pop-up elements in page content...
2026-05-05 17:56:49,191 - WARNING - ⚠ No known pop-up selectors found. Checking all visible divs...
2026-05-05 17:56:49,238 - INFO - Total DIV elements on page: 21
2026-05-05 17:56:49,839 - INFO -   Visible DIV 1: class='hero-pills' id='no-id' text='bolt
Real-time
smart_toy
AI-driven
hub
Multi-agenc'
2026-05-05 17:56:49,967 - INFO -   Visible DIV 2: class='auth-panel' id='no-id' text='Welcome Back

Sign in to your account to continue
'
2026-05-05 17:56:50,048 - INFO -   Visible DIV 3: class='auth-card' id='no-id' text='Welcome Back

Sign in to your account to continue
'
2026-05-05 17:56:50,193 - INFO -   Visible DIV 4: class='auth-step' id='no-id' text='Welcome Back

Sign in to your account to continue
'
2026-05-05 17:56:50,324 - INFO -   Visible DIV 5: class='field-wrap' id='no-id' text='Email ID / Username *
person'
2026-05-05 17:56:50,414 - INFO -   Visible DIV 6: class='input-shell' id='no-id' text='person'
2026-05-05 17:56:50,504 - INFO -   Visible DIV 7: class='field-wrap' id='no-id' text='Password *
lock
visibility_off'
2026-05-05 17:56:50,583 - INFO -   Visible DIV 8: class='input-shell' id='no-id' text='lock
visibility_off'
2026-05-05 17:56:50,663 - INFO -   Visible DIV 9: class='auth-bottom-links' id='no-id' text='New user?  Access Account

Forgot password?'
2026-05-05 17:56:50,710 - INFO - 
================================================================================

2026-05-05 17:56:51,291 - INFO - Login button clicked.
2026-05-05 17:56:51,295 - INFO - Taking rapid screenshots and validating pop-up...
2026-05-05 17:56:51,896 - INFO - Screenshot 1 captured - Attempting validation...
2026-05-05 17:56:51,896 - INFO - 
================================================================================
2026-05-05 17:56:51,896 - INFO - STARTING COMPREHENSIVE POP-UP VALIDATION
2026-05-05 17:56:51,900 - INFO - ================================================================================
2026-05-05 17:56:51,926 - INFO - 
[VALIDATION 1] Checking Pop-up Visibility...
2026-05-05 17:56:51,934 - INFO -   Visibility Status: True
2026-05-05 17:56:51,934 - INFO -   PASSED: Pop-up is visible
2026-05-05 17:56:51,934 - INFO - 
[VALIDATION 2] Extracting and Validating Text Content...
2026-05-05 17:56:51,970 - INFO -   Extracted Text: 'Login Successful'
2026-05-05 17:56:51,970 - INFO -   PASSED: Text matches exactly: 'Login Successful'
2026-05-05 17:56:51,970 - INFO - 
[VALIDATION 3] Checking for Typos...
2026-05-05 17:56:51,970 - INFO -   PASSED: No known typos detected
2026-05-05 17:56:51,970 - INFO - 
[VALIDATION 4] Extracting CSS Classes and Attributes...
2026-05-05 17:56:52,007 - INFO -   CSS Classes: snackbar success-snackbar
2026-05-05 17:56:52,007 - INFO -   PASSED: 'success' class is present
2026-05-05 17:56:52,007 - INFO - 
[VALIDATION 5] Checking Element Properties...
2026-05-05 17:56:52,104 - INFO -   ID: Not set
2026-05-05 17:56:52,104 - INFO -   Data-TestID: Not set
2026-05-05 17:56:52,104 - INFO -   Role: Not set
2026-05-05 17:56:52,116 - INFO -   ARIA Label: Not set
2026-05-05 17:56:52,116 - INFO - 
[VALIDATION 6] Checking Position and Size...
2026-05-05 17:56:52,138 - INFO -   X: 1230, Y: 20
2026-05-05 17:56:52,138 - INFO -   Width: 250, Height: 43.5
2026-05-05 17:56:52,138 - INFO -   PASSED: Element has valid dimensions
2026-05-05 17:56:52,138 - INFO - 
[VALIDATION 7] Checking Computed Styles...
2026-05-05 17:56:52,168 - INFO -   Display: block
2026-05-05 17:56:52,168 - INFO -   Opacity: 1
2026-05-05 17:56:52,168 - INFO -   PASSED: Element is displayed with proper opacity
2026-05-05 17:56:52,183 - INFO - 
================================================================================
2026-05-05 17:56:52,183 - INFO - POP-UP VALIDATION SUMMARY
2026-05-05 17:56:52,184 - INFO - ================================================================================
2026-05-05 17:56:52,184 - INFO -   Visibility: PASSED
2026-05-05 17:56:52,184 - INFO -   Text Match: PASSED
2026-05-05 17:56:52,184 - INFO -   Typo Check: PASSED
2026-05-05 17:56:52,187 - INFO -   CSS Classes: Present
2026-05-05 17:56:52,187 - INFO -   Position & Size: Valid
2026-05-05 17:56:52,187 - INFO -   Computed Styles: Valid
2026-05-05 17:56:52,187 - INFO - ================================================================================

2026-05-05 17:56:52,187 - INFO - ✓ ALL VALIDATIONS PASSED - Pop-up is working correctly!
2026-05-05 17:56:52,604 - INFO - Screenshot 2 captured - Attempting validation...
2026-05-05 17:56:52,604 - INFO - 
================================================================================
2026-05-05 17:56:52,605 - INFO - STARTING COMPREHENSIVE POP-UP VALIDATION
2026-05-05 17:56:52,605 - INFO - ================================================================================
2026-05-05 17:56:52,623 - ERROR - VALIDATION FAILED: Pop-up element not found!
2026-05-05 17:56:54,028 - INFO - Screenshot 3 captured - Attempting validation...
2026-05-05 17:56:54,028 - INFO - 
================================================================================
2026-05-05 17:56:54,030 - INFO - STARTING COMPREHENSIVE POP-UP VALIDATION
2026-05-05 17:56:54,030 - INFO - ================================================================================
2026-05-05 17:56:54,056 - ERROR - VALIDATION FAILED: Pop-up element not found!
2026-05-05 17:56:54,201 - INFO - Logging DOM elements AFTER login click (pop-up should appear here)...
2026-05-05 17:56:54,202 - INFO - 
================================================================================
2026-05-05 17:56:54,202 - INFO - DOM SNAPSHOT AT STAGE: After_Login_Click
2026-05-05 17:56:54,203 - INFO - ================================================================================
2026-05-05 17:56:54,229 - INFO - 
Searching for pop-up elements in page content...
2026-05-05 17:56:54,578 - WARNING - ⚠ No known pop-up selectors found. Checking all visible divs...
2026-05-05 17:56:54,673 - INFO - Total DIV elements on page: 29
2026-05-05 17:56:54,883 - INFO -   Visible DIV 1: class='header-right' id='no-id' text='English
French
Spanish
Quantum Toll Authority
supe'
2026-05-05 17:56:55,006 - INFO -   Visible DIV 2: class='nav-user' id='no-id' text='Quantum Toll Authority
superadmin_qm@yopmail.com'
2026-05-05 17:56:55,169 - INFO -   Visible DIV 3: class='nav-user-info' id='no-id' text='Quantum Toll Authority
superadmin_qm@yopmail.com'
2026-05-05 17:56:55,262 - INFO -   Visible DIV 4: class='uname' id='no-id' text='Quantum Toll Authority'
2026-05-05 17:56:55,363 - INFO -   Visible DIV 5: class='urole' id='no-id' text='superadmin_qm@yopmail.com'
2026-05-05 17:56:55,490 - INFO -   Visible DIV 6: class='main-container' id='no-id' text='dashboard_2
group
decimal_increase
admin_panel_set'
2026-05-05 17:56:55,592 - INFO -   Visible DIV 7: class='inner' id='no-id' text='dashboard_2'
2026-05-05 17:56:55,690 - INFO -   Visible DIV 8: class='inner' id='no-id' text='group'
2026-05-05 17:56:55,818 - INFO -   Visible DIV 9: class='inner' id='no-id' text='decimal_increase'
2026-05-05 17:56:55,959 - INFO -   Visible DIV 10: class='inner' id='no-id' text='admin_panel_settings'
2026-05-05 17:56:56,124 - INFO -   Visible DIV 11: class='inner' id='no-id' text='nest_doorbell_visitor'
2026-05-05 17:56:56,254 - INFO -   Visible DIV 12: class='inner' id='no-id' text='key_visualizer'
2026-05-05 17:56:56,278 - INFO - 
================================================================================

2026-05-05 17:56:56,568 - INFO - Waiting for dashboard URL...
2026-05-05 17:56:56,570 - INFO - 
================================================================================
2026-05-05 17:56:56,571 - INFO - DOM SNAPSHOT AT STAGE: Before_Dashboard_Navigation
2026-05-05 17:56:56,572 - INFO - ================================================================================
2026-05-05 17:56:56,613 - INFO - 
Searching for pop-up elements in page content...
2026-05-05 17:56:56,854 - WARNING - ⚠ No known pop-up selectors found. Checking all visible divs...
2026-05-05 17:56:56,894 - INFO - Total DIV elements on page: 29
2026-05-05 17:56:57,053 - INFO -   Visible DIV 1: class='header-right' id='no-id' text='English
French
Spanish
Quantum Toll Authority
supe'
2026-05-05 17:56:57,137 - INFO -   Visible DIV 2: class='nav-user' id='no-id' text='Quantum Toll Authority
superadmin_qm@yopmail.com'
2026-05-05 17:56:57,259 - INFO -   Visible DIV 3: class='nav-user-info' id='no-id' text='Quantum Toll Authority
superadmin_qm@yopmail.com'
2026-05-05 17:56:57,355 - INFO -   Visible DIV 4: class='uname' id='no-id' text='Quantum Toll Authority'
2026-05-05 17:56:57,454 - INFO -   Visible DIV 5: class='urole' id='no-id' text='superadmin_qm@yopmail.com'
2026-05-05 17:56:57,675 - INFO -   Visible DIV 6: class='main-container' id='no-id' text='dashboard_2
group
decimal_increase
admin_panel_set'
2026-05-05 17:56:57,789 - INFO -   Visible DIV 7: class='inner' id='no-id' text='dashboard_2'
2026-05-05 17:56:57,906 - INFO -   Visible DIV 8: class='inner' id='no-id' text='group'
2026-05-05 17:56:58,020 - INFO -   Visible DIV 9: class='inner' id='no-id' text='decimal_increase'
2026-05-05 17:56:58,137 - INFO -   Visible DIV 10: class='inner' id='no-id' text='admin_panel_settings'
2026-05-05 17:56:58,264 - INFO -   Visible DIV 11: class='inner' id='no-id' text='nest_doorbell_visitor'
2026-05-05 17:56:58,370 - INFO -   Visible DIV 12: class='inner' id='no-id' text='key_visualizer'
2026-05-05 17:56:58,389 - INFO - 
================================================================================

2026-05-05 17:56:58,415 - INFO - Login SUCCESS: Dashboard URL reached.
2026-05-05 17:56:58,935 - INFO - 
================================================================================
2026-05-05 17:56:58,936 - INFO - DOM SNAPSHOT AT STAGE: After_Dashboard_Loaded
2026-05-05 17:56:58,936 - INFO - ================================================================================
2026-05-05 17:56:58,951 - INFO - 
Searching for pop-up elements in page content...
2026-05-05 17:56:59,151 - WARNING - ⚠ No known pop-up selectors found. Checking all visible divs...
2026-05-05 17:56:59,201 - INFO - Total DIV elements on page: 29
2026-05-05 17:56:59,361 - INFO -   Visible DIV 1: class='header-right' id='no-id' text='English
French
Spanish
Quantum Toll Authority
supe'
2026-05-05 17:56:59,501 - INFO -   Visible DIV 2: class='nav-user' id='no-id' text='Quantum Toll Authority
superadmin_qm@yopmail.com'
2026-05-05 17:57:00,125 - INFO -   Visible DIV 3: class='nav-user-info' id='no-id' text='Quantum Toll Authority
superadmin_qm@yopmail.com'
2026-05-05 17:57:00,281 - INFO -   Visible DIV 4: class='uname' id='no-id' text='Quantum Toll Authority'
2026-05-05 17:57:00,385 - INFO -   Visible DIV 5: class='urole' id='no-id' text='superadmin_qm@yopmail.com'
2026-05-05 17:57:00,490 - INFO -   Visible DIV 6: class='main-container' id='no-id' text='dashboard_2
group
decimal_increase
admin_panel_set'
2026-05-05 17:57:00,575 - INFO -   Visible DIV 7: class='inner' id='no-id' text='dashboard_2'
2026-05-05 17:57:00,653 - INFO -   Visible DIV 8: class='inner' id='no-id' text='group'
2026-05-05 17:57:00,800 - INFO -   Visible DIV 9: class='inner' id='no-id' text='decimal_increase'
2026-05-05 17:57:00,950 - INFO -   Visible DIV 10: class='inner' id='no-id' text='admin_panel_settings'
2026-05-05 17:57:01,084 - INFO -   Visible DIV 11: class='inner' id='no-id' text='nest_doorbell_visitor'
2026-05-05 17:57:01,246 - INFO -   Visible DIV 12: class='inner' id='no-id' text='key_visualizer'
2026-05-05 17:57:01,272 - INFO - 
================================================================================

2026-05-05 17:57:01,273 - INFO - Checking for dashboard header 'Welcome to QM Toll portal!'...
2026-05-05 17:57:01,349 - INFO - ✅ Dashboard header found with selector: h4:has-text("Welcome to QM Toll portal!")
2026-05-05 17:57:01,350 - INFO -    Header text: 'Welcome to QM Toll portal!'
2026-05-05 17:57:01,350 - INFO - ✅ DASHBOARD VALIDATION PASSED: 'Welcome to QM Toll portal!' header found
2026-05-05 17:57:01,830 - INFO - Step 1: Navigating and Starting Onboarding...
2026-05-05 17:57:01,831 - INFO - Executing Sidebar Navigation Sequence...
2026-05-05 17:57:04,672 - INFO - Filling Step 1: Account Details...
2026-05-05 17:57:08,497 - INFO - Filled First Name: Jayant
2026-05-05 17:57:09,629 - INFO - Filled Middle Name: QA Team
2026-05-05 17:57:10,791 - INFO - Filled Last Name: Singh
2026-05-05 17:57:11,942 - INFO - Checked: Use Same for Billing
2026-05-05 17:57:13,080 - INFO - Checked: Use Same for Shipping
2026-05-05 17:57:14,204 - INFO - Checked: Primary Address
2026-05-05 17:57:17,978 - INFO - Filled Address: 123 Automation Blvd
2026-05-05 17:57:19,133 - INFO - Filled Zip Code: 12345
2026-05-05 17:57:20,838 - INFO - Filled Phone: 7269098233
2026-05-05 17:57:22,002 - INFO - Filled Email: jayant.singh69@testmail.com
2026-05-05 17:57:23,186 - INFO - Filled Confirm Email: jayant.singh69@testmail.com
2026-05-05 17:57:23,186 - INFO - Clicking Save & Next...
2026-05-05 17:57:23,202 - INFO - Chatbot elements hidden via CSS injection.
2026-05-05 17:57:24,996 - INFO - Step 1 Submitted.
2026-05-05 17:57:24,997 - INFO - Adding 1 Vehicle(s)...
2026-05-05 17:57:25,511 - INFO - Step 2 loaded successfully.
2026-05-05 17:57:25,532 - INFO - Chatbot elements hidden via CSS injection.
2026-05-05 17:57:26,701 - INFO - Filled Plate 1: QA6142GP
2026-05-05 17:57:31,272 - INFO - Filled Plate Start Date: 2026-05-05
2026-05-05 17:57:42,889 - INFO - Clicking 'Add' button for Vehicle 1...
2026-05-05 17:57:42,921 - INFO - Chatbot elements hidden via CSS injection.
2026-05-05 17:57:46,185 - INFO - Vehicle 1 added successfully.
2026-05-05 17:57:47,721 - INFO - Highlighting and clicking 'Next' button...
2026-05-05 17:57:47,751 - INFO - Chatbot elements hidden via CSS injection.
2026-05-05 17:57:50,559 - INFO - Captured Permanent Account Number: 2000011296
2026-05-05 17:57:50,560 - INFO - Account 2000011296 saved to SharedData.
2026-05-05 17:57:50,560 - INFO - Starting Step 3: Payment Information...
2026-05-05 17:57:50,576 - INFO - Chatbot elements hidden via CSS injection.
2026-05-05 17:57:55,104 - INFO - Filled Cardholder Name: zCHCDVNkuqZUPdsfABjXKutAn
2026-05-05 17:57:56,729 - INFO - Filled Card Number: 7418123347205253
2026-05-05 17:57:58,354 - INFO - Filled Expiry Date: 05/28
2026-05-05 17:58:00,011 - INFO - Filled CVV: 969
2026-05-05 17:58:02,332 - INFO - Clicking 'Preview and Pay'...
2026-05-05 17:58:02,359 - INFO - Chatbot elements hidden via CSS injection.
2026-05-05 17:58:03,072 - INFO - Waiting for Payment Summary card...
2026-05-05 17:58:04,560 - INFO - Starting Final Confirmation Modal...
2026-05-05 17:58:05,693 - INFO - ✅ Account onboarding completed successfully.
2026-05-05 17:58:05,696 - INFO - Finalizing process: Clicking 'Account Summary' button...
2026-05-05 17:58:05,966 - INFO - Step 2: Creating case for account: 2000011296
2026-05-05 18:03:55,678 - INFO - Navigating to Login Page: http://operator-qa.qmaastech.com/
2026-05-05 18:03:58,210 - INFO - Attempting login for user: superadmin_qm@yopmail.com
2026-05-05 18:03:59,957 - INFO - Logging DOM elements BEFORE login click...
2026-05-05 18:03:59,957 - INFO - 
================================================================================
2026-05-05 18:03:59,957 - INFO - DOM SNAPSHOT AT STAGE: Before_Login
2026-05-05 18:03:59,957 - INFO - ================================================================================
2026-05-05 18:03:59,990 - INFO - 
Searching for pop-up elements in page content...
2026-05-05 18:04:00,379 - WARNING - ⚠ No known pop-up selectors found. Checking all visible divs...
2026-05-05 18:04:00,423 - INFO - Total DIV elements on page: 21
2026-05-05 18:04:01,038 - INFO -   Visible DIV 1: class='hero-pills' id='no-id' text='bolt
Real-time
smart_toy
AI-driven
hub
Multi-agenc'
2026-05-05 18:04:01,178 - INFO -   Visible DIV 2: class='auth-panel' id='no-id' text='Welcome Back

Sign in to your account to continue
'
2026-05-05 18:04:01,264 - INFO -   Visible DIV 3: class='auth-card' id='no-id' text='Welcome Back

Sign in to your account to continue
'
2026-05-05 18:04:01,406 - INFO -   Visible DIV 4: class='auth-step' id='no-id' text='Welcome Back

Sign in to your account to continue
'
2026-05-05 18:04:01,542 - INFO -   Visible DIV 5: class='field-wrap' id='no-id' text='Email ID / Username *
person'
2026-05-05 18:04:01,642 - INFO -   Visible DIV 6: class='input-shell' id='no-id' text='person'
2026-05-05 18:04:01,767 - INFO -   Visible DIV 7: class='field-wrap' id='no-id' text='Password *
lock
visibility_off'
2026-05-05 18:04:01,855 - INFO -   Visible DIV 8: class='input-shell' id='no-id' text='lock
visibility_off'
2026-05-05 18:04:01,965 - INFO -   Visible DIV 9: class='auth-bottom-links' id='no-id' text='New user?  Access Account

Forgot password?'
2026-05-05 18:04:02,021 - INFO - 
================================================================================

2026-05-05 18:04:02,609 - INFO - Login button clicked.
2026-05-05 18:04:02,612 - INFO - Taking rapid screenshots and validating pop-up...
2026-05-05 18:04:03,287 - INFO - Screenshot 1 captured - Attempting validation...
2026-05-05 18:04:03,287 - INFO - 
================================================================================
2026-05-05 18:04:03,287 - INFO - STARTING COMPREHENSIVE POP-UP VALIDATION
2026-05-05 18:04:03,287 - INFO - ================================================================================
2026-05-05 18:04:03,315 - INFO - 
[VALIDATION 1] Checking Pop-up Visibility...
2026-05-05 18:04:03,348 - INFO -   Visibility Status: True
2026-05-05 18:04:03,357 - INFO -   PASSED: Pop-up is visible
2026-05-05 18:04:03,357 - INFO - 
[VALIDATION 2] Extracting and Validating Text Content...
2026-05-05 18:04:03,379 - INFO -   Extracted Text: 'Login Successful'
2026-05-05 18:04:03,379 - INFO -   PASSED: Text matches exactly: 'Login Successful'
2026-05-05 18:04:03,379 - INFO - 
[VALIDATION 3] Checking for Typos...
2026-05-05 18:04:03,379 - INFO -   PASSED: No known typos detected
2026-05-05 18:04:03,379 - INFO - 
[VALIDATION 4] Extracting CSS Classes and Attributes...
2026-05-05 18:04:03,407 - INFO -   CSS Classes: snackbar success-snackbar
2026-05-05 18:04:03,407 - INFO -   PASSED: 'success' class is present
2026-05-05 18:04:03,410 - INFO - 
[VALIDATION 5] Checking Element Properties...
2026-05-05 18:04:03,664 - INFO -   ID: Not set
2026-05-05 18:04:03,669 - INFO -   Data-TestID: Not set
2026-05-05 18:04:03,669 - INFO -   Role: Not set
2026-05-05 18:04:03,669 - INFO -   ARIA Label: Not set
2026-05-05 18:04:03,669 - INFO - 
[VALIDATION 6] Checking Position and Size...
2026-05-05 18:04:03,699 - WARNING -   WARNING: Could not get bounding box
2026-05-05 18:04:03,700 - INFO - 
[VALIDATION 7] Checking Computed Styles...
2026-05-05 18:04:03,728 - ERROR - Validation error: TypeError: Failed to execute 'getComputedStyle' on 'Window': parameter 1 is not of type 'Element'.
    at eval (eval at evaluate (:226:30), <anonymous>:1:8)
    at eval (<anonymous>)
    at UtilityScript.evaluate (<anonymous>:226:30)
    at UtilityScript.<anonymous> (<anonymous>:1:44)
2026-05-05 18:04:03,728 - WARNING -   WARNING: Could not check computed styles - element may have disappeared
2026-05-05 18:04:03,728 - INFO - 
================================================================================
2026-05-05 18:04:03,728 - INFO - POP-UP VALIDATION SUMMARY
2026-05-05 18:04:03,735 - INFO - ================================================================================
2026-05-05 18:04:03,735 - INFO -   Visibility: PASSED
2026-05-05 18:04:03,735 - INFO -   Text Match: PASSED
2026-05-05 18:04:03,735 - INFO -   Typo Check: PASSED
2026-05-05 18:04:03,735 - INFO -   CSS Classes: Present
2026-05-05 18:04:03,735 - INFO -   Position & Size: Valid
2026-05-05 18:04:03,738 - INFO -   Computed Styles: Valid
2026-05-05 18:04:03,738 - INFO - ================================================================================

2026-05-05 18:04:03,738 - INFO - ✓ ALL VALIDATIONS PASSED - Pop-up is working correctly!
2026-05-05 18:04:05,675 - INFO - Screenshot 2 captured - Attempting validation...
2026-05-05 18:04:05,676 - INFO - 
================================================================================
2026-05-05 18:04:05,677 - INFO - STARTING COMPREHENSIVE POP-UP VALIDATION
2026-05-05 18:04:05,678 - INFO - ================================================================================
2026-05-05 18:04:05,708 - ERROR - VALIDATION FAILED: Pop-up element not found!
2026-05-05 18:04:06,250 - INFO - Screenshot 3 captured - Attempting validation...
2026-05-05 18:04:06,252 - INFO - 
================================================================================
2026-05-05 18:04:06,253 - INFO - STARTING COMPREHENSIVE POP-UP VALIDATION
2026-05-05 18:04:06,254 - INFO - ================================================================================
2026-05-05 18:04:06,296 - ERROR - VALIDATION FAILED: Pop-up element not found!
2026-05-05 18:04:06,478 - INFO - Logging DOM elements AFTER login click (pop-up should appear here)...
2026-05-05 18:04:06,481 - INFO - 
================================================================================
2026-05-05 18:04:06,484 - INFO - DOM SNAPSHOT AT STAGE: After_Login_Click
2026-05-05 18:04:06,484 - INFO - ================================================================================
2026-05-05 18:04:06,524 - INFO - 
Searching for pop-up elements in page content...
2026-05-05 18:04:06,986 - WARNING - ⚠ No known pop-up selectors found. Checking all visible divs...
2026-05-05 18:04:07,048 - INFO - Total DIV elements on page: 29
2026-05-05 18:04:07,315 - INFO -   Visible DIV 1: class='header-right' id='no-id' text='English
French
Spanish
Quantum Toll Authority
supe'
2026-05-05 18:04:07,430 - INFO -   Visible DIV 2: class='nav-user' id='no-id' text='Quantum Toll Authority
superadmin_qm@yopmail.com'
2026-05-05 18:04:07,617 - INFO -   Visible DIV 3: class='nav-user-info' id='no-id' text='Quantum Toll Authority
superadmin_qm@yopmail.com'
2026-05-05 18:04:07,733 - INFO -   Visible DIV 4: class='uname' id='no-id' text='Quantum Toll Authority'
2026-05-05 18:04:07,853 - INFO -   Visible DIV 5: class='urole' id='no-id' text='superadmin_qm@yopmail.com'
2026-05-05 18:04:07,983 - INFO -   Visible DIV 6: class='main-container' id='no-id' text='dashboard_2
group
decimal_increase
admin_panel_set'
2026-05-05 18:04:08,102 - INFO -   Visible DIV 7: class='inner' id='no-id' text='dashboard_2'
2026-05-05 18:04:08,234 - INFO -   Visible DIV 8: class='inner' id='no-id' text='group'
2026-05-05 18:04:08,392 - INFO -   Visible DIV 9: class='inner' id='no-id' text='decimal_increase'
2026-05-05 18:04:08,538 - INFO -   Visible DIV 10: class='inner' id='no-id' text='admin_panel_settings'
2026-05-05 18:04:08,693 - INFO -   Visible DIV 11: class='inner' id='no-id' text='nest_doorbell_visitor'
2026-05-05 18:04:08,855 - INFO -   Visible DIV 12: class='inner' id='no-id' text='key_visualizer'
2026-05-05 18:04:08,885 - INFO - 
================================================================================

2026-05-05 18:04:09,071 - INFO - Waiting for dashboard URL...
2026-05-05 18:04:09,071 - INFO - 
================================================================================
2026-05-05 18:04:09,072 - INFO - DOM SNAPSHOT AT STAGE: Before_Dashboard_Navigation
2026-05-05 18:04:09,072 - INFO - ================================================================================
2026-05-05 18:04:09,099 - INFO - 
Searching for pop-up elements in page content...
2026-05-05 18:04:09,444 - WARNING - ⚠ No known pop-up selectors found. Checking all visible divs...
2026-05-05 18:04:09,504 - INFO - Total DIV elements on page: 29
2026-05-05 18:04:09,752 - INFO -   Visible DIV 1: class='header-right' id='no-id' text='English
French
Spanish
Quantum Toll Authority
supe'
2026-05-05 18:04:09,875 - INFO -   Visible DIV 2: class='nav-user' id='no-id' text='Quantum Toll Authority
superadmin_qm@yopmail.com'
2026-05-05 18:04:10,078 - INFO -   Visible DIV 3: class='nav-user-info' id='no-id' text='Quantum Toll Authority
superadmin_qm@yopmail.com'
2026-05-05 18:04:10,202 - INFO -   Visible DIV 4: class='uname' id='no-id' text='Quantum Toll Authority'
2026-05-05 18:04:10,314 - INFO -   Visible DIV 5: class='urole' id='no-id' text='superadmin_qm@yopmail.com'
2026-05-05 18:04:10,454 - INFO -   Visible DIV 6: class='main-container' id='no-id' text='dashboard_2
group
decimal_increase
admin_panel_set'
2026-05-05 18:04:10,597 - INFO -   Visible DIV 7: class='inner' id='no-id' text='dashboard_2'
2026-05-05 18:04:10,736 - INFO -   Visible DIV 8: class='inner' id='no-id' text='group'
2026-05-05 18:04:10,846 - INFO -   Visible DIV 9: class='inner' id='no-id' text='decimal_increase'
2026-05-05 18:04:10,947 - INFO -   Visible DIV 10: class='inner' id='no-id' text='admin_panel_settings'
2026-05-05 18:04:11,075 - INFO -   Visible DIV 11: class='inner' id='no-id' text='nest_doorbell_visitor'
2026-05-05 18:04:11,227 - INFO -   Visible DIV 12: class='inner' id='no-id' text='key_visualizer'
2026-05-05 18:04:11,257 - INFO - 
================================================================================

2026-05-05 18:04:11,299 - INFO - Login SUCCESS: Dashboard URL reached.
2026-05-05 18:04:11,829 - INFO - 
================================================================================
2026-05-05 18:04:11,830 - INFO - DOM SNAPSHOT AT STAGE: After_Dashboard_Loaded
2026-05-05 18:04:11,831 - INFO - ================================================================================
2026-05-05 18:04:11,864 - INFO - 
Searching for pop-up elements in page content...
2026-05-05 18:04:12,163 - WARNING - ⚠ No known pop-up selectors found. Checking all visible divs...
2026-05-05 18:04:12,215 - INFO - Total DIV elements on page: 29
2026-05-05 18:04:12,417 - INFO -   Visible DIV 1: class='header-right' id='no-id' text='English
French
Spanish
Quantum Toll Authority
supe'
2026-05-05 18:04:12,513 - INFO -   Visible DIV 2: class='nav-user' id='no-id' text='Quantum Toll Authority
superadmin_qm@yopmail.com'
2026-05-05 18:04:12,664 - INFO -   Visible DIV 3: class='nav-user-info' id='no-id' text='Quantum Toll Authority
superadmin_qm@yopmail.com'
2026-05-05 18:04:12,756 - INFO -   Visible DIV 4: class='uname' id='no-id' text='Quantum Toll Authority'
2026-05-05 18:04:12,831 - INFO -   Visible DIV 5: class='urole' id='no-id' text='superadmin_qm@yopmail.com'
2026-05-05 18:04:12,931 - INFO -   Visible DIV 6: class='main-container' id='no-id' text='dashboard_2
group
decimal_increase
admin_panel_set'
2026-05-05 18:04:13,050 - INFO -   Visible DIV 7: class='inner' id='no-id' text='dashboard_2'
2026-05-05 18:04:13,164 - INFO -   Visible DIV 8: class='inner' id='no-id' text='group'
2026-05-05 18:04:13,330 - INFO -   Visible DIV 9: class='inner' id='no-id' text='decimal_increase'
2026-05-05 18:04:13,430 - INFO -   Visible DIV 10: class='inner' id='no-id' text='admin_panel_settings'
2026-05-05 18:04:13,563 - INFO -   Visible DIV 11: class='inner' id='no-id' text='nest_doorbell_visitor'
2026-05-05 18:04:13,682 - INFO -   Visible DIV 12: class='inner' id='no-id' text='key_visualizer'
2026-05-05 18:04:13,715 - INFO - 
================================================================================

2026-05-05 18:04:13,715 - INFO - Checking for dashboard header 'Welcome to QM Toll portal!'...
2026-05-05 18:04:13,793 - INFO - ✅ Dashboard header found with selector: h4:has-text("Welcome to QM Toll portal!")
2026-05-05 18:04:13,795 - INFO -    Header text: 'Welcome to QM Toll portal!'
2026-05-05 18:04:13,796 - INFO - ✅ DASHBOARD VALIDATION PASSED: 'Welcome to QM Toll portal!' header found
2026-05-05 18:04:14,342 - INFO - Step 1: Navigating and Starting Onboarding...
2026-05-05 18:04:14,344 - INFO - Executing Sidebar Navigation Sequence...
2026-05-05 18:04:17,413 - INFO - Filling Step 1: Account Details...
2026-05-05 18:04:21,390 - INFO - Filled First Name: Vidur
2026-05-05 18:04:22,584 - INFO - Filled Middle Name: QA Team
2026-05-05 18:04:23,790 - INFO - Filled Last Name: Sandhu
2026-05-05 18:04:24,977 - INFO - Checked: Use Same for Billing
2026-05-05 18:04:26,169 - INFO - Checked: Use Same for Shipping
2026-05-05 18:04:27,381 - INFO - Checked: Primary Address
2026-05-05 18:04:31,263 - INFO - Filled Address: 123 Automation Blvd
2026-05-05 18:04:32,463 - INFO - Filled Zip Code: 12345
2026-05-05 18:04:34,225 - INFO - Filled Phone: 9514046697
2026-05-05 18:04:35,444 - INFO - Filled Email: vidur.sandhu41@testmail.com
2026-05-05 18:04:36,651 - INFO - Filled Confirm Email: vidur.sandhu41@testmail.com
2026-05-05 18:04:36,651 - INFO - Clicking Save & Next...
2026-05-05 18:04:36,669 - INFO - Chatbot elements hidden via CSS injection.
2026-05-05 18:04:38,657 - INFO - Step 1 Submitted.
2026-05-05 18:04:38,657 - INFO - Adding 1 Vehicle(s)...
2026-05-05 18:04:39,228 - INFO - Step 2 loaded successfully.
2026-05-05 18:04:39,281 - INFO - Chatbot elements hidden via CSS injection.
2026-05-05 18:04:40,724 - INFO - Filled Plate 1: QA3794GP
2026-05-05 18:04:45,825 - INFO - Filled Plate Start Date: 2026-05-05
2026-05-05 18:04:57,697 - INFO - Clicking 'Add' button for Vehicle 1...
2026-05-05 18:04:57,798 - INFO - Chatbot elements hidden via CSS injection.
2026-05-05 18:05:01,250 - INFO - Vehicle 1 added successfully.
2026-05-05 18:05:02,806 - INFO - Highlighting and clicking 'Next' button...
2026-05-05 18:05:02,871 - INFO - Chatbot elements hidden via CSS injection.
2026-05-05 18:05:05,956 - INFO - Captured Permanent Account Number: 2000011297
2026-05-05 18:05:05,956 - INFO - Account 2000011297 saved to SharedData.
2026-05-05 18:05:05,956 - INFO - Starting Step 3: Payment Information...
2026-05-05 18:05:05,986 - INFO - Chatbot elements hidden via CSS injection.
2026-05-05 18:05:10,556 - INFO - Filled Cardholder Name: OzMGQdIfXAJfKeWkwIhGLxakMrmWrn
2026-05-05 18:05:12,132 - INFO - Filled Card Number: 4167681517066749
2026-05-05 18:05:13,795 - INFO - Filled Expiry Date: 05/28
2026-05-05 18:05:15,406 - INFO - Filled CVV: 497
2026-05-05 18:05:17,801 - INFO - Clicking 'Preview and Pay'...
2026-05-05 18:05:17,827 - INFO - Chatbot elements hidden via CSS injection.
2026-05-05 18:05:18,642 - INFO - Waiting for Payment Summary card...
2026-05-05 18:05:20,238 - INFO - Starting Final Confirmation Modal...
2026-05-05 18:05:21,639 - INFO - ✅ Account onboarding completed successfully.
2026-05-05 18:05:21,640 - INFO - Finalizing process: Clicking 'Account Summary' button...
2026-05-05 18:05:21,948 - INFO - Step 2: Creating case for account: 2000011297
