2026-05-04 13:24:46,609 - INFO - Navigating to Login Page: http://operator-qa.qmaastech.com/
2026-05-04 13:24:49,721 - INFO - Attempting login for user: superadmin_qm@yopmail.com
2026-05-04 13:24:51,409 - INFO - Logging DOM elements BEFORE login click...
2026-05-04 13:24:51,409 - INFO - 
================================================================================
2026-05-04 13:24:51,409 - INFO - DOM SNAPSHOT AT STAGE: Before_Login
2026-05-04 13:24:51,409 - INFO - ================================================================================
2026-05-04 13:24:51,439 - INFO - 
Searching for pop-up elements in page content...
2026-05-04 13:24:51,699 - WARNING - ⚠ No known pop-up selectors found. Checking all visible divs...
2026-05-04 13:24:51,749 - INFO - Total DIV elements on page: 21
2026-05-04 13:24:52,171 - INFO -   Visible DIV 1: class='hero-pills' id='no-id' text='bolt
Real-time
smart_toy
AI-driven
hub
Multi-agenc'
2026-05-04 13:24:52,300 - INFO -   Visible DIV 2: class='auth-panel' id='no-id' text='Welcome Back

Sign in to your account to continue
'
2026-05-04 13:24:52,397 - INFO -   Visible DIV 3: class='auth-card' id='no-id' text='Welcome Back

Sign in to your account to continue
'
2026-05-04 13:24:52,481 - INFO -   Visible DIV 4: class='auth-step' id='no-id' text='Welcome Back

Sign in to your account to continue
'
2026-05-04 13:24:52,654 - INFO -   Visible DIV 5: class='field-wrap' id='no-id' text='Email ID / Username *
person'
2026-05-04 13:24:52,762 - INFO -   Visible DIV 6: class='input-shell' id='no-id' text='person'
2026-05-04 13:24:52,849 - INFO -   Visible DIV 7: class='field-wrap' id='no-id' text='Password *
lock
visibility_off'
2026-05-04 13:24:52,932 - INFO -   Visible DIV 8: class='input-shell' id='no-id' text='lock
visibility_off'
2026-05-04 13:24:53,020 - INFO -   Visible DIV 9: class='auth-bottom-links' id='no-id' text='New user?  Access Account

Forgot password?'
2026-05-04 13:24:53,057 - INFO - 
================================================================================

2026-05-04 13:24:53,642 - INFO - Login button clicked.
2026-05-04 13:24:53,646 - INFO - Taking rapid screenshots and validating pop-up...
2026-05-04 13:24:54,182 - INFO - Screenshot 1 captured - Attempting validation...
2026-05-04 13:24:54,182 - INFO - 
================================================================================
2026-05-04 13:24:54,184 - INFO - STARTING COMPREHENSIVE POP-UP VALIDATION
2026-05-04 13:24:54,184 - INFO - ================================================================================
2026-05-04 13:24:54,201 - INFO - 
[VALIDATION 1] Checking Pop-up Visibility...
2026-05-04 13:24:54,235 - INFO -   Visibility Status: True
2026-05-04 13:24:54,235 - INFO -   PASSED: Pop-up is visible
2026-05-04 13:24:54,235 - INFO - 
[VALIDATION 2] Extracting and Validating Text Content...
2026-05-04 13:24:54,250 - INFO -   Extracted Text: 'Login Successful'
2026-05-04 13:24:54,250 - INFO -   PASSED: Text matches exactly: 'Login Successful'
2026-05-04 13:24:54,250 - INFO - 
[VALIDATION 3] Checking for Typos...
2026-05-04 13:24:54,250 - INFO -   PASSED: No known typos detected
2026-05-04 13:24:54,262 - INFO - 
[VALIDATION 4] Extracting CSS Classes and Attributes...
2026-05-04 13:24:54,283 - INFO -   CSS Classes: snackbar success-snackbar
2026-05-04 13:24:54,283 - INFO -   PASSED: 'success' class is present
2026-05-04 13:24:54,283 - INFO - 
[VALIDATION 5] Checking Element Properties...
2026-05-04 13:24:54,366 - INFO -   ID: Not set
2026-05-04 13:24:54,366 - INFO -   Data-TestID: Not set
2026-05-04 13:24:54,366 - INFO -   Role: Not set
2026-05-04 13:24:54,366 - INFO -   ARIA Label: Not set
2026-05-04 13:24:54,366 - INFO - 
[VALIDATION 6] Checking Position and Size...
2026-05-04 13:24:54,383 - INFO -   X: 1230, Y: 20
2026-05-04 13:24:54,383 - INFO -   Width: 250, Height: 43.5
2026-05-04 13:24:54,383 - INFO -   PASSED: Element has valid dimensions
2026-05-04 13:24:54,383 - INFO - 
[VALIDATION 7] Checking Computed Styles...
2026-05-04 13:24:54,432 - INFO -   Display: block
2026-05-04 13:24:54,436 - INFO -   Opacity: 1
2026-05-04 13:24:54,436 - INFO -   PASSED: Element is displayed with proper opacity
2026-05-04 13:24:54,436 - INFO - 
================================================================================
2026-05-04 13:24:54,436 - INFO - POP-UP VALIDATION SUMMARY
2026-05-04 13:24:54,436 - INFO - ================================================================================
2026-05-04 13:24:54,436 - INFO -   Visibility: PASSED
2026-05-04 13:24:54,436 - INFO -   Text Match: PASSED
2026-05-04 13:24:54,436 - INFO -   Typo Check: PASSED
2026-05-04 13:24:54,436 - INFO -   CSS Classes: Present
2026-05-04 13:24:54,436 - INFO -   Position & Size: Valid
2026-05-04 13:24:54,436 - INFO -   Computed Styles: Valid
2026-05-04 13:24:54,436 - INFO - ================================================================================

2026-05-04 13:24:54,436 - INFO - ✓ ALL VALIDATIONS PASSED - Pop-up is working correctly!
2026-05-04 13:24:54,803 - INFO - Screenshot 2 captured - Attempting validation...
2026-05-04 13:24:54,803 - INFO - 
================================================================================
2026-05-04 13:24:54,803 - INFO - STARTING COMPREHENSIVE POP-UP VALIDATION
2026-05-04 13:24:54,803 - INFO - ================================================================================
2026-05-04 13:24:54,832 - ERROR - VALIDATION FAILED: Pop-up element not found!
2026-05-04 13:24:56,158 - INFO - Screenshot 3 captured - Attempting validation...
2026-05-04 13:24:56,159 - INFO - 
================================================================================
2026-05-04 13:24:56,160 - INFO - STARTING COMPREHENSIVE POP-UP VALIDATION
2026-05-04 13:24:56,160 - INFO - ================================================================================
2026-05-04 13:24:56,194 - ERROR - VALIDATION FAILED: Pop-up element not found!
2026-05-04 13:24:56,316 - INFO - Logging DOM elements AFTER login click (pop-up should appear here)...
2026-05-04 13:24:56,316 - INFO - 
================================================================================
2026-05-04 13:24:56,316 - INFO - DOM SNAPSHOT AT STAGE: After_Login_Click
2026-05-04 13:24:56,316 - INFO - ================================================================================
2026-05-04 13:24:56,359 - INFO - 
Searching for pop-up elements in page content...
2026-05-04 13:24:56,672 - WARNING - ⚠ No known pop-up selectors found. Checking all visible divs...
2026-05-04 13:24:56,737 - INFO - Total DIV elements on page: 29
2026-05-04 13:24:56,943 - INFO -   Visible DIV 1: class='header-right' id='no-id' text='English
French
Spanish
Quantum Toll Authority
supe'
2026-05-04 13:24:57,057 - INFO -   Visible DIV 2: class='nav-user' id='no-id' text='Quantum Toll Authority
superadmin_qm@yopmail.com'
2026-05-04 13:24:57,210 - INFO -   Visible DIV 3: class='nav-user-info' id='no-id' text='Quantum Toll Authority
superadmin_qm@yopmail.com'
2026-05-04 13:24:57,293 - INFO -   Visible DIV 4: class='uname' id='no-id' text='Quantum Toll Authority'
2026-05-04 13:24:57,408 - INFO -   Visible DIV 5: class='urole' id='no-id' text='superadmin_qm@yopmail.com'
2026-05-04 13:24:57,517 - INFO -   Visible DIV 6: class='main-container' id='no-id' text='dashboard_2
group
decimal_increase
admin_panel_set'
2026-05-04 13:24:57,627 - INFO -   Visible DIV 7: class='inner' id='no-id' text='dashboard_2'
2026-05-04 13:24:57,731 - INFO -   Visible DIV 8: class='inner' id='no-id' text='group'
2026-05-04 13:24:57,851 - INFO -   Visible DIV 9: class='inner' id='no-id' text='decimal_increase'
2026-05-04 13:24:57,969 - INFO -   Visible DIV 10: class='inner' id='no-id' text='admin_panel_settings'
2026-05-04 13:24:58,100 - INFO -   Visible DIV 11: class='inner' id='no-id' text='nest_doorbell_visitor'
2026-05-04 13:24:58,244 - INFO -   Visible DIV 12: class='inner' id='no-id' text='key_visualizer'
2026-05-04 13:24:58,272 - INFO - 
================================================================================

2026-05-04 13:24:58,519 - INFO - Waiting for dashboard URL...
2026-05-04 13:24:58,519 - INFO - 
================================================================================
2026-05-04 13:24:58,520 - INFO - DOM SNAPSHOT AT STAGE: Before_Dashboard_Navigation
2026-05-04 13:24:58,520 - INFO - ================================================================================
2026-05-04 13:24:58,555 - INFO - 
Searching for pop-up elements in page content...
2026-05-04 13:24:58,820 - WARNING - ⚠ No known pop-up selectors found. Checking all visible divs...
2026-05-04 13:24:58,867 - INFO - Total DIV elements on page: 29
2026-05-04 13:24:59,014 - INFO -   Visible DIV 1: class='header-right' id='no-id' text='English
French
Spanish
Quantum Toll Authority
supe'
2026-05-04 13:24:59,065 - INFO -   Visible DIV 2: class='nav-user' id='no-id' text='Quantum Toll Authority
superadmin_qm@yopmail.com'
2026-05-04 13:24:59,185 - INFO -   Visible DIV 3: class='nav-user-info' id='no-id' text='Quantum Toll Authority
superadmin_qm@yopmail.com'
2026-05-04 13:24:59,265 - INFO -   Visible DIV 4: class='uname' id='no-id' text='Quantum Toll Authority'
2026-05-04 13:24:59,335 - INFO -   Visible DIV 5: class='urole' id='no-id' text='superadmin_qm@yopmail.com'
2026-05-04 13:24:59,397 - INFO -   Visible DIV 6: class='main-container' id='no-id' text='dashboard_2
group
decimal_increase
admin_panel_set'
2026-05-04 13:24:59,448 - INFO -   Visible DIV 7: class='inner' id='no-id' text='dashboard_2'
2026-05-04 13:24:59,529 - INFO -   Visible DIV 8: class='inner' id='no-id' text='group'
2026-05-04 13:24:59,598 - INFO -   Visible DIV 9: class='inner' id='no-id' text='decimal_increase'
2026-05-04 13:24:59,681 - INFO -   Visible DIV 10: class='inner' id='no-id' text='admin_panel_settings'
2026-05-04 13:24:59,776 - INFO -   Visible DIV 11: class='inner' id='no-id' text='nest_doorbell_visitor'
2026-05-04 13:24:59,865 - INFO -   Visible DIV 12: class='inner' id='no-id' text='key_visualizer'
2026-05-04 13:24:59,881 - INFO - 
================================================================================

2026-05-04 13:24:59,898 - INFO - Login SUCCESS: Dashboard URL reached.
2026-05-04 13:25:00,418 - INFO - 
================================================================================
2026-05-04 13:25:00,430 - INFO - DOM SNAPSHOT AT STAGE: After_Dashboard_Loaded
2026-05-04 13:25:00,431 - INFO - ================================================================================
2026-05-04 13:25:00,466 - INFO - 
Searching for pop-up elements in page content...
2026-05-04 13:25:00,682 - WARNING - ⚠ No known pop-up selectors found. Checking all visible divs...
2026-05-04 13:25:00,717 - INFO - Total DIV elements on page: 29
2026-05-04 13:25:00,865 - INFO -   Visible DIV 1: class='header-right' id='no-id' text='English
French
Spanish
Quantum Toll Authority
supe'
2026-05-04 13:25:00,948 - INFO -   Visible DIV 2: class='nav-user' id='no-id' text='Quantum Toll Authority
superadmin_qm@yopmail.com'
2026-05-04 13:25:01,065 - INFO -   Visible DIV 3: class='nav-user-info' id='no-id' text='Quantum Toll Authority
superadmin_qm@yopmail.com'
2026-05-04 13:25:01,150 - INFO -   Visible DIV 4: class='uname' id='no-id' text='Quantum Toll Authority'
2026-05-04 13:25:01,267 - INFO -   Visible DIV 5: class='urole' id='no-id' text='superadmin_qm@yopmail.com'
2026-05-04 13:25:01,414 - INFO -   Visible DIV 6: class='main-container' id='no-id' text='dashboard_2
group
decimal_increase
admin_panel_set'
2026-05-04 13:25:01,516 - INFO -   Visible DIV 7: class='inner' id='no-id' text='dashboard_2'
2026-05-04 13:25:01,598 - INFO -   Visible DIV 8: class='inner' id='no-id' text='group'
2026-05-04 13:25:01,809 - INFO -   Visible DIV 9: class='inner' id='no-id' text='decimal_increase'
2026-05-04 13:25:01,951 - INFO -   Visible DIV 10: class='inner' id='no-id' text='admin_panel_settings'
2026-05-04 13:25:02,062 - INFO -   Visible DIV 11: class='inner' id='no-id' text='nest_doorbell_visitor'
2026-05-04 13:25:02,242 - INFO -   Visible DIV 12: class='inner' id='no-id' text='key_visualizer'
2026-05-04 13:25:02,284 - INFO - 
================================================================================

2026-05-04 13:25:02,306 - INFO - Checking for dashboard header 'Welcome to QM Toll portal!'...
2026-05-04 13:25:02,395 - INFO - ✅ Dashboard header found with selector: h4:has-text("Welcome to QM Toll portal!")
2026-05-04 13:25:02,409 - INFO -    Header text: 'Welcome to QM Toll portal!'
2026-05-04 13:25:02,438 - INFO - ✅ DASHBOARD VALIDATION PASSED: 'Welcome to QM Toll portal!' header found
2026-05-04 13:25:03,502 - INFO - Step 1: Navigating and Starting Onboarding...
2026-05-04 13:25:03,502 - INFO - Executing Sidebar Navigation Sequence...
2026-05-04 13:25:06,464 - INFO - Filling Step 1: Account Details...
2026-05-04 13:25:09,756 - INFO - Filled First Name: Ira
2026-05-04 13:25:10,912 - INFO - Filled Middle Name: QA Team
2026-05-04 13:25:12,094 - INFO - Filled Last Name: Dalal
2026-05-04 13:25:13,250 - INFO - Checked: Use Same for Billing
2026-05-04 13:25:14,402 - INFO - Checked: Use Same for Shipping
2026-05-04 13:25:15,568 - INFO - Checked: Primary Address
2026-05-04 13:25:19,487 - INFO - Filled Address: 123 Automation Blvd
2026-05-04 13:25:20,641 - INFO - Filled Zip Code: 12345
2026-05-04 13:25:22,407 - INFO - Filled Phone: 9098779659
2026-05-04 13:25:23,568 - INFO - Filled Email: ira.dalal44@testmail.com
2026-05-04 13:25:24,819 - INFO - Filled Confirm Email: ira.dalal44@testmail.com
2026-05-04 13:25:24,819 - INFO - Clicking Save & Next...
2026-05-04 13:25:24,833 - INFO - Chatbot elements hidden via CSS injection.
2026-05-04 13:25:26,637 - INFO - Step 1 Submitted.
2026-05-04 13:25:26,641 - INFO - Adding 1 Vehicle(s)...
2026-05-04 13:25:27,073 - INFO - Step 2 loaded successfully.
2026-05-04 13:25:27,104 - INFO - Chatbot elements hidden via CSS injection.
2026-05-04 13:25:28,309 - INFO - Filled Plate 1: QA6915GP
2026-05-04 13:25:32,855 - INFO - Filled Plate Start Date: 2026-05-04
2026-05-04 13:25:44,173 - INFO - Clicking 'Add' button for Vehicle 1...
2026-05-04 13:25:44,192 - INFO - Chatbot elements hidden via CSS injection.
2026-05-04 13:25:47,409 - INFO - Vehicle 1 added successfully.
2026-05-04 13:25:48,962 - INFO - Highlighting and clicking 'Next' button...
2026-05-04 13:25:48,993 - INFO - Chatbot elements hidden via CSS injection.
2026-05-04 13:25:51,748 - INFO - Captured Permanent Account Number: 2000011033
2026-05-04 13:25:51,763 - INFO - Account 2000011033 saved to SharedData.
2026-05-04 13:25:51,763 - INFO - Starting Step 3: Payment Information...
2026-05-04 13:25:51,790 - INFO - Chatbot elements hidden via CSS injection.
2026-05-04 13:25:55,994 - INFO - Filled Cardholder Name: egMKTmk
2026-05-04 13:25:57,492 - INFO - Filled Card Number: 6589890300060023
2026-05-04 13:25:59,035 - INFO - Filled Expiry Date: 05/28
2026-05-04 13:26:00,591 - INFO - Filled CVV: 508
2026-05-04 13:26:02,879 - INFO - Clicking 'Preview and Pay'...
2026-05-04 13:26:02,916 - INFO - Chatbot elements hidden via CSS injection.
2026-05-04 13:26:03,724 - INFO - Waiting for Payment Summary card...
2026-05-04 13:26:05,204 - INFO - Starting Final Confirmation Modal...
2026-05-04 13:26:06,431 - INFO - ✅ Account onboarding completed successfully.
2026-05-04 13:26:06,434 - INFO - Finalizing process: Clicking 'Account Summary' button...
2026-05-04 13:26:06,690 - INFO - Step 2: Creating case for account: 2000011033
2026-05-04 14:57:21,911 - INFO - Navigating to Login Page: http://operator-qa.qmaastech.com/
2026-05-04 14:57:24,811 - INFO - Attempting login for user: superadmin_qm@yopmail.com
2026-05-04 14:57:26,510 - INFO - Logging DOM elements BEFORE login click...
2026-05-04 14:57:26,510 - INFO - 
================================================================================
2026-05-04 14:57:26,510 - INFO - DOM SNAPSHOT AT STAGE: Before_Login
2026-05-04 14:57:26,510 - INFO - ================================================================================
2026-05-04 14:57:26,526 - INFO - 
Searching for pop-up elements in page content...
2026-05-04 14:57:26,763 - WARNING - ⚠ No known pop-up selectors found. Checking all visible divs...
2026-05-04 14:57:26,814 - INFO - Total DIV elements on page: 21
2026-05-04 14:57:27,391 - INFO -   Visible DIV 1: class='hero-pills' id='no-id' text='bolt
Real-time
smart_toy
AI-driven
hub
Multi-agenc'
2026-05-04 14:57:27,538 - INFO -   Visible DIV 2: class='auth-panel' id='no-id' text='Welcome Back

Sign in to your account to continue
'
2026-05-04 14:57:27,631 - INFO -   Visible DIV 3: class='auth-card' id='no-id' text='Welcome Back

Sign in to your account to continue
'
2026-05-04 14:57:27,798 - INFO -   Visible DIV 4: class='auth-step' id='no-id' text='Welcome Back

Sign in to your account to continue
'
2026-05-04 14:57:28,016 - INFO -   Visible DIV 5: class='field-wrap' id='no-id' text='Email ID / Username *
person'
2026-05-04 14:57:28,108 - INFO -   Visible DIV 6: class='input-shell' id='no-id' text='person'
2026-05-04 14:57:28,201 - INFO -   Visible DIV 7: class='field-wrap' id='no-id' text='Password *
lock
visibility_off'
2026-05-04 14:57:28,302 - INFO -   Visible DIV 8: class='input-shell' id='no-id' text='lock
visibility_off'
2026-05-04 14:57:28,392 - INFO -   Visible DIV 9: class='auth-bottom-links' id='no-id' text='New user?  Access Account

Forgot password?'
2026-05-04 14:57:28,441 - INFO - 
================================================================================

2026-05-04 14:57:29,039 - INFO - Login button clicked.
2026-05-04 14:57:29,039 - INFO - Taking rapid screenshots and validating pop-up...
2026-05-04 14:57:29,604 - INFO - Screenshot 1 captured - Attempting validation...
2026-05-04 14:57:29,604 - INFO - 
================================================================================
2026-05-04 14:57:29,604 - INFO - STARTING COMPREHENSIVE POP-UP VALIDATION
2026-05-04 14:57:29,607 - INFO - ================================================================================
2026-05-04 14:57:29,630 - INFO - 
[VALIDATION 1] Checking Pop-up Visibility...
2026-05-04 14:57:29,652 - INFO -   Visibility Status: True
2026-05-04 14:57:29,654 - INFO -   PASSED: Pop-up is visible
2026-05-04 14:57:29,654 - INFO - 
[VALIDATION 2] Extracting and Validating Text Content...
2026-05-04 14:57:29,674 - INFO -   Extracted Text: 'Login Successful'
2026-05-04 14:57:29,674 - INFO -   PASSED: Text matches exactly: 'Login Successful'
2026-05-04 14:57:29,674 - INFO - 
[VALIDATION 3] Checking for Typos...
2026-05-04 14:57:29,674 - INFO -   PASSED: No known typos detected
2026-05-04 14:57:29,674 - INFO - 
[VALIDATION 4] Extracting CSS Classes and Attributes...
2026-05-04 14:57:29,695 - INFO -   CSS Classes: snackbar success-snackbar
2026-05-04 14:57:29,695 - INFO -   PASSED: 'success' class is present
2026-05-04 14:57:29,695 - INFO - 
[VALIDATION 5] Checking Element Properties...
2026-05-04 14:57:29,769 - INFO -   ID: Not set
2026-05-04 14:57:29,769 - INFO -   Data-TestID: Not set
2026-05-04 14:57:29,769 - INFO -   Role: Not set
2026-05-04 14:57:29,769 - INFO -   ARIA Label: Not set
2026-05-04 14:57:29,769 - INFO - 
[VALIDATION 6] Checking Position and Size...
2026-05-04 14:57:29,803 - INFO -   X: 1230, Y: 20
2026-05-04 14:57:29,803 - INFO -   Width: 250, Height: 43.5
2026-05-04 14:57:29,803 - INFO -   PASSED: Element has valid dimensions
2026-05-04 14:57:29,803 - INFO - 
[VALIDATION 7] Checking Computed Styles...
2026-05-04 14:57:29,836 - INFO -   Display: block
2026-05-04 14:57:29,836 - INFO -   Opacity: 1
2026-05-04 14:57:29,836 - INFO -   PASSED: Element is displayed with proper opacity
2026-05-04 14:57:29,836 - INFO - 
================================================================================
2026-05-04 14:57:29,836 - INFO - POP-UP VALIDATION SUMMARY
2026-05-04 14:57:29,836 - INFO - ================================================================================
2026-05-04 14:57:29,836 - INFO -   Visibility: PASSED
2026-05-04 14:57:29,836 - INFO -   Text Match: PASSED
2026-05-04 14:57:29,836 - INFO -   Typo Check: PASSED
2026-05-04 14:57:29,836 - INFO -   CSS Classes: Present
2026-05-04 14:57:29,836 - INFO -   Position & Size: Valid
2026-05-04 14:57:29,836 - INFO -   Computed Styles: Valid
2026-05-04 14:57:29,836 - INFO - ================================================================================

2026-05-04 14:57:29,852 - INFO - ✓ ALL VALIDATIONS PASSED - Pop-up is working correctly!
2026-05-04 14:57:30,224 - INFO - Screenshot 2 captured - Attempting validation...
2026-05-04 14:57:30,225 - INFO - 
================================================================================
2026-05-04 14:57:30,225 - INFO - STARTING COMPREHENSIVE POP-UP VALIDATION
2026-05-04 14:57:30,226 - INFO - ================================================================================
2026-05-04 14:57:30,304 - ERROR - VALIDATION FAILED: Pop-up element not found!
2026-05-04 14:57:31,881 - INFO - Screenshot 3 captured - Attempting validation...
2026-05-04 14:57:31,881 - INFO - 
================================================================================
2026-05-04 14:57:31,881 - INFO - STARTING COMPREHENSIVE POP-UP VALIDATION
2026-05-04 14:57:31,881 - INFO - ================================================================================
2026-05-04 14:57:31,906 - ERROR - VALIDATION FAILED: Pop-up element not found!
2026-05-04 14:57:32,038 - INFO - Logging DOM elements AFTER login click (pop-up should appear here)...
2026-05-04 14:57:32,039 - INFO - 
================================================================================
2026-05-04 14:57:32,039 - INFO - DOM SNAPSHOT AT STAGE: After_Login_Click
2026-05-04 14:57:32,040 - INFO - ================================================================================
2026-05-04 14:57:32,063 - INFO - 
Searching for pop-up elements in page content...
2026-05-04 14:57:32,308 - WARNING - ⚠ No known pop-up selectors found. Checking all visible divs...
2026-05-04 14:57:32,362 - INFO - Total DIV elements on page: 29
2026-05-04 14:57:32,565 - INFO -   Visible DIV 1: class='header-right' id='no-id' text='English
French
Spanish
Quantum Toll Authority
supe'
2026-05-04 14:57:32,662 - INFO -   Visible DIV 2: class='nav-user' id='no-id' text='Quantum Toll Authority
superadmin_qm@yopmail.com'
2026-05-04 14:57:32,791 - INFO -   Visible DIV 3: class='nav-user-info' id='no-id' text='Quantum Toll Authority
superadmin_qm@yopmail.com'
2026-05-04 14:57:32,900 - INFO -   Visible DIV 4: class='uname' id='no-id' text='Quantum Toll Authority'
2026-05-04 14:57:32,994 - INFO -   Visible DIV 5: class='urole' id='no-id' text='superadmin_qm@yopmail.com'
2026-05-04 14:57:33,083 - INFO -   Visible DIV 6: class='main-container' id='no-id' text='dashboard_2
group
decimal_increase
admin_panel_set'
2026-05-04 14:57:33,166 - INFO -   Visible DIV 7: class='inner' id='no-id' text='dashboard_2'
2026-05-04 14:57:33,263 - INFO -   Visible DIV 8: class='inner' id='no-id' text='group'
2026-05-04 14:57:33,367 - INFO -   Visible DIV 9: class='inner' id='no-id' text='decimal_increase'
2026-05-04 14:57:33,490 - INFO -   Visible DIV 10: class='inner' id='no-id' text='admin_panel_settings'
2026-05-04 14:57:33,603 - INFO -   Visible DIV 11: class='inner' id='no-id' text='nest_doorbell_visitor'
2026-05-04 14:57:33,725 - INFO -   Visible DIV 12: class='inner' id='no-id' text='key_visualizer'
2026-05-04 14:57:33,744 - INFO - 
================================================================================

2026-05-04 14:57:34,042 - INFO - Waiting for dashboard URL...
2026-05-04 14:57:34,042 - INFO - 
================================================================================
2026-05-04 14:57:34,043 - INFO - DOM SNAPSHOT AT STAGE: Before_Dashboard_Navigation
2026-05-04 14:57:34,043 - INFO - ================================================================================
2026-05-04 14:57:34,070 - INFO - 
Searching for pop-up elements in page content...
2026-05-04 14:57:34,309 - WARNING - ⚠ No known pop-up selectors found. Checking all visible divs...
2026-05-04 14:57:34,348 - INFO - Total DIV elements on page: 29
2026-05-04 14:57:34,505 - INFO -   Visible DIV 1: class='header-right' id='no-id' text='English
French
Spanish
Quantum Toll Authority
supe'
2026-05-04 14:57:34,588 - INFO -   Visible DIV 2: class='nav-user' id='no-id' text='Quantum Toll Authority
superadmin_qm@yopmail.com'
2026-05-04 14:57:34,694 - INFO -   Visible DIV 3: class='nav-user-info' id='no-id' text='Quantum Toll Authority
superadmin_qm@yopmail.com'
2026-05-04 14:57:34,773 - INFO -   Visible DIV 4: class='uname' id='no-id' text='Quantum Toll Authority'
2026-05-04 14:57:34,859 - INFO -   Visible DIV 5: class='urole' id='no-id' text='superadmin_qm@yopmail.com'
2026-05-04 14:57:34,939 - INFO -   Visible DIV 6: class='main-container' id='no-id' text='dashboard_2
group
decimal_increase
admin_panel_set'
2026-05-04 14:57:35,024 - INFO -   Visible DIV 7: class='inner' id='no-id' text='dashboard_2'
2026-05-04 14:57:35,104 - INFO -   Visible DIV 8: class='inner' id='no-id' text='group'
2026-05-04 14:57:35,197 - INFO -   Visible DIV 9: class='inner' id='no-id' text='decimal_increase'
2026-05-04 14:57:35,271 - INFO -   Visible DIV 10: class='inner' id='no-id' text='admin_panel_settings'
2026-05-04 14:57:35,371 - INFO -   Visible DIV 11: class='inner' id='no-id' text='nest_doorbell_visitor'
2026-05-04 14:57:35,454 - INFO -   Visible DIV 12: class='inner' id='no-id' text='key_visualizer'
2026-05-04 14:57:35,472 - INFO - 
================================================================================

2026-05-04 14:57:35,505 - INFO - Login SUCCESS: Dashboard URL reached.
2026-05-04 14:57:36,022 - INFO - 
================================================================================
2026-05-04 14:57:36,022 - INFO - DOM SNAPSHOT AT STAGE: After_Dashboard_Loaded
2026-05-04 14:57:36,022 - INFO - ================================================================================
2026-05-04 14:57:36,046 - INFO - 
Searching for pop-up elements in page content...
2026-05-04 14:57:36,304 - WARNING - ⚠ No known pop-up selectors found. Checking all visible divs...
2026-05-04 14:57:36,343 - INFO - Total DIV elements on page: 29
2026-05-04 14:57:36,538 - INFO -   Visible DIV 1: class='header-right' id='no-id' text='English
French
Spanish
Quantum Toll Authority
supe'
2026-05-04 14:57:36,639 - INFO -   Visible DIV 2: class='nav-user' id='no-id' text='Quantum Toll Authority
superadmin_qm@yopmail.com'
2026-05-04 14:57:36,789 - INFO -   Visible DIV 3: class='nav-user-info' id='no-id' text='Quantum Toll Authority
superadmin_qm@yopmail.com'
2026-05-04 14:57:36,902 - INFO -   Visible DIV 4: class='uname' id='no-id' text='Quantum Toll Authority'
2026-05-04 14:57:37,005 - INFO -   Visible DIV 5: class='urole' id='no-id' text='superadmin_qm@yopmail.com'
2026-05-04 14:57:37,088 - INFO -   Visible DIV 6: class='main-container' id='no-id' text='dashboard_2
group
decimal_increase
admin_panel_set'
2026-05-04 14:57:37,171 - INFO -   Visible DIV 7: class='inner' id='no-id' text='dashboard_2'
2026-05-04 14:57:37,277 - INFO -   Visible DIV 8: class='inner' id='no-id' text='group'
2026-05-04 14:57:37,597 - INFO -   Visible DIV 9: class='inner' id='no-id' text='decimal_increase'
2026-05-04 14:57:37,814 - INFO -   Visible DIV 10: class='inner' id='no-id' text='admin_panel_settings'
2026-05-04 14:57:37,962 - INFO -   Visible DIV 11: class='inner' id='no-id' text='nest_doorbell_visitor'
2026-05-04 14:57:38,103 - INFO -   Visible DIV 12: class='inner' id='no-id' text='key_visualizer'
2026-05-04 14:57:38,146 - INFO - 
================================================================================

2026-05-04 14:57:38,157 - INFO - Checking for dashboard header 'Welcome to QM Toll portal!'...
2026-05-04 14:57:38,266 - INFO - ✅ Dashboard header found with selector: h4:has-text("Welcome to QM Toll portal!")
2026-05-04 14:57:38,272 - INFO -    Header text: 'Welcome to QM Toll portal!'
2026-05-04 14:57:38,273 - INFO - ✅ DASHBOARD VALIDATION PASSED: 'Welcome to QM Toll portal!' header found
2026-05-04 14:57:39,454 - INFO - Step 1: Navigating and Starting Onboarding...
2026-05-04 14:57:39,456 - INFO - Executing Sidebar Navigation Sequence...
2026-05-04 14:57:42,352 - INFO - Filling Step 1: Account Details...
2026-05-04 14:57:46,119 - INFO - Filled First Name: Zara
2026-05-04 14:57:47,306 - INFO - Filled Middle Name: QA Team
2026-05-04 14:57:48,471 - INFO - Filled Last Name: Sane
2026-05-04 14:57:49,594 - INFO - Checked: Use Same for Billing
2026-05-04 14:57:50,708 - INFO - Checked: Use Same for Shipping
2026-05-04 14:57:51,886 - INFO - Checked: Primary Address
2026-05-04 14:57:55,654 - INFO - Filled Address: 123 Automation Blvd
2026-05-04 14:57:56,813 - INFO - Filled Zip Code: 12345
2026-05-04 14:57:58,486 - INFO - Filled Phone: 9902127432
2026-05-04 14:57:59,656 - INFO - Filled Email: zara.sane90@testmail.com
2026-05-04 14:58:00,837 - INFO - Filled Confirm Email: zara.sane90@testmail.com
2026-05-04 14:58:00,838 - INFO - Clicking Save & Next...
2026-05-04 14:58:00,838 - INFO - Chatbot elements hidden via CSS injection.
2026-05-04 14:58:02,623 - INFO - Step 1 Submitted.
2026-05-04 14:58:02,623 - INFO - Adding 1 Vehicle(s)...
2026-05-04 14:58:03,128 - INFO - Step 2 loaded successfully.
2026-05-04 14:58:03,154 - INFO - Chatbot elements hidden via CSS injection.
2026-05-04 14:58:04,354 - INFO - Filled Plate 1: QA6837GP
2026-05-04 14:58:08,774 - INFO - Filled Plate Start Date: 2026-05-04
2026-05-04 14:58:20,141 - INFO - Clicking 'Add' button for Vehicle 1...
2026-05-04 14:58:20,190 - INFO - Chatbot elements hidden via CSS injection.
2026-05-04 14:58:23,468 - INFO - Vehicle 1 added successfully.
2026-05-04 14:58:25,017 - INFO - Highlighting and clicking 'Next' button...
2026-05-04 14:58:25,033 - INFO - Chatbot elements hidden via CSS injection.
2026-05-04 14:58:27,960 - INFO - Captured Permanent Account Number: 2000011035
2026-05-04 14:58:27,960 - INFO - Account 2000011035 saved to SharedData.
2026-05-04 14:58:27,960 - INFO - Starting Step 3: Payment Information...
2026-05-04 14:58:27,990 - INFO - Chatbot elements hidden via CSS injection.
2026-05-04 14:58:32,156 - INFO - Filled Cardholder Name: MCqWFpt
2026-05-04 14:58:33,697 - INFO - Filled Card Number: 6174764104089013
2026-05-04 14:58:35,213 - INFO - Filled Expiry Date: 05/28
2026-05-04 14:58:36,659 - INFO - Filled CVV: 743
2026-05-04 14:58:38,942 - INFO - Clicking 'Preview and Pay'...
2026-05-04 14:58:38,958 - INFO - Chatbot elements hidden via CSS injection.
2026-05-04 14:58:39,625 - INFO - Waiting for Payment Summary card...
2026-05-04 14:58:41,070 - INFO - Starting Final Confirmation Modal...
2026-05-04 14:58:42,191 - INFO - ✅ Account onboarding completed successfully.
2026-05-04 14:58:42,194 - INFO - Finalizing process: Clicking 'Account Summary' button...
2026-05-04 14:58:42,491 - INFO - Step 2: Creating case for account: 2000011035
2026-05-04 15:09:58,533 - INFO - Navigating to Login Page: http://operator-qa.qmaastech.com/
2026-05-04 15:10:01,733 - INFO - Attempting login for user: superadmin_qm@yopmail.com
2026-05-04 15:10:03,498 - INFO - Logging DOM elements BEFORE login click...
2026-05-04 15:10:03,502 - INFO - 
================================================================================
2026-05-04 15:10:03,506 - INFO - DOM SNAPSHOT AT STAGE: Before_Login
2026-05-04 15:10:03,506 - INFO - ================================================================================
2026-05-04 15:10:03,573 - INFO - 
Searching for pop-up elements in page content...
2026-05-04 15:10:03,896 - WARNING - ⚠ No known pop-up selectors found. Checking all visible divs...
2026-05-04 15:10:03,958 - INFO - Total DIV elements on page: 21
2026-05-04 15:10:04,501 - INFO -   Visible DIV 1: class='hero-pills' id='no-id' text='bolt
Real-time
smart_toy
AI-driven
hub
Multi-agenc'
2026-05-04 15:10:04,643 - INFO -   Visible DIV 2: class='auth-panel' id='no-id' text='Welcome Back

Sign in to your account to continue
'
2026-05-04 15:10:04,738 - INFO -   Visible DIV 3: class='auth-card' id='no-id' text='Welcome Back

Sign in to your account to continue
'
2026-05-04 15:10:04,817 - INFO -   Visible DIV 4: class='auth-step' id='no-id' text='Welcome Back

Sign in to your account to continue
'
2026-05-04 15:10:04,936 - INFO -   Visible DIV 5: class='field-wrap' id='no-id' text='Email ID / Username *
person'
2026-05-04 15:10:05,018 - INFO -   Visible DIV 6: class='input-shell' id='no-id' text='person'
2026-05-04 15:10:05,102 - INFO -   Visible DIV 7: class='field-wrap' id='no-id' text='Password *
lock
visibility_off'
2026-05-04 15:10:05,181 - INFO -   Visible DIV 8: class='input-shell' id='no-id' text='lock
visibility_off'
2026-05-04 15:10:05,260 - INFO -   Visible DIV 9: class='auth-bottom-links' id='no-id' text='New user?  Access Account

Forgot password?'
2026-05-04 15:10:05,307 - INFO - 
================================================================================

2026-05-04 15:10:05,914 - INFO - Login button clicked.
2026-05-04 15:10:05,914 - INFO - Taking rapid screenshots and validating pop-up...
2026-05-04 15:10:06,531 - INFO - Screenshot 1 captured - Attempting validation...
2026-05-04 15:10:06,531 - INFO - 
================================================================================
2026-05-04 15:10:06,533 - INFO - STARTING COMPREHENSIVE POP-UP VALIDATION
2026-05-04 15:10:06,533 - INFO - ================================================================================
2026-05-04 15:10:06,566 - INFO - 
[VALIDATION 1] Checking Pop-up Visibility...
2026-05-04 15:10:06,589 - INFO -   Visibility Status: True
2026-05-04 15:10:06,589 - INFO -   PASSED: Pop-up is visible
2026-05-04 15:10:06,589 - INFO - 
[VALIDATION 2] Extracting and Validating Text Content...
2026-05-04 15:10:06,606 - INFO -   Extracted Text: 'Login Successful'
2026-05-04 15:10:06,606 - INFO -   PASSED: Text matches exactly: 'Login Successful'
2026-05-04 15:10:06,606 - INFO - 
[VALIDATION 3] Checking for Typos...
2026-05-04 15:10:06,606 - INFO -   PASSED: No known typos detected
2026-05-04 15:10:06,606 - INFO - 
[VALIDATION 4] Extracting CSS Classes and Attributes...
2026-05-04 15:10:06,640 - INFO -   CSS Classes: snackbar success-snackbar
2026-05-04 15:10:06,640 - INFO -   PASSED: 'success' class is present
2026-05-04 15:10:06,640 - INFO - 
[VALIDATION 5] Checking Element Properties...
2026-05-04 15:10:06,722 - INFO -   ID: Not set
2026-05-04 15:10:06,722 - INFO -   Data-TestID: Not set
2026-05-04 15:10:06,723 - INFO -   Role: Not set
2026-05-04 15:10:06,723 - INFO -   ARIA Label: Not set
2026-05-04 15:10:06,723 - INFO - 
[VALIDATION 6] Checking Position and Size...
2026-05-04 15:10:06,739 - INFO -   X: 1230, Y: 20
2026-05-04 15:10:06,739 - INFO -   Width: 250, Height: 43.5
2026-05-04 15:10:06,739 - INFO -   PASSED: Element has valid dimensions
2026-05-04 15:10:06,739 - INFO - 
[VALIDATION 7] Checking Computed Styles...
2026-05-04 15:10:06,773 - INFO -   Display: block
2026-05-04 15:10:06,773 - INFO -   Opacity: 1
2026-05-04 15:10:06,773 - INFO -   PASSED: Element is displayed with proper opacity
2026-05-04 15:10:06,773 - INFO - 
================================================================================
2026-05-04 15:10:06,773 - INFO - POP-UP VALIDATION SUMMARY
2026-05-04 15:10:06,773 - INFO - ================================================================================
2026-05-04 15:10:06,773 - INFO -   Visibility: PASSED
2026-05-04 15:10:06,773 - INFO -   Text Match: PASSED
2026-05-04 15:10:06,773 - INFO -   Typo Check: PASSED
2026-05-04 15:10:06,773 - INFO -   CSS Classes: Present
2026-05-04 15:10:06,773 - INFO -   Position & Size: Valid
2026-05-04 15:10:06,773 - INFO -   Computed Styles: Valid
2026-05-04 15:10:06,773 - INFO - ================================================================================

2026-05-04 15:10:06,773 - INFO - ✓ ALL VALIDATIONS PASSED - Pop-up is working correctly!
2026-05-04 15:10:07,222 - INFO - Screenshot 2 captured - Attempting validation...
2026-05-04 15:10:07,223 - INFO - 
================================================================================
2026-05-04 15:10:07,224 - INFO - STARTING COMPREHENSIVE POP-UP VALIDATION
2026-05-04 15:10:07,225 - INFO - ================================================================================
2026-05-04 15:10:07,240 - ERROR - VALIDATION FAILED: Pop-up element not found!
2026-05-04 15:10:08,622 - INFO - Screenshot 3 captured - Attempting validation...
2026-05-04 15:10:08,624 - INFO - 
================================================================================
2026-05-04 15:10:08,625 - INFO - STARTING COMPREHENSIVE POP-UP VALIDATION
2026-05-04 15:10:08,625 - INFO - ================================================================================
2026-05-04 15:10:08,649 - ERROR - VALIDATION FAILED: Pop-up element not found!
2026-05-04 15:10:08,770 - INFO - Logging DOM elements AFTER login click (pop-up should appear here)...
2026-05-04 15:10:08,770 - INFO - 
================================================================================
2026-05-04 15:10:08,770 - INFO - DOM SNAPSHOT AT STAGE: After_Login_Click
2026-05-04 15:10:08,770 - INFO - ================================================================================
2026-05-04 15:10:08,800 - INFO - 
Searching for pop-up elements in page content...
2026-05-04 15:10:09,040 - WARNING - ⚠ No known pop-up selectors found. Checking all visible divs...
2026-05-04 15:10:09,097 - INFO - Total DIV elements on page: 29
2026-05-04 15:10:09,293 - INFO -   Visible DIV 1: class='header-right' id='no-id' text='English
French
Spanish
Quantum Toll Authority
supe'
2026-05-04 15:10:09,405 - INFO -   Visible DIV 2: class='nav-user' id='no-id' text='Quantum Toll Authority
superadmin_qm@yopmail.com'
2026-05-04 15:10:09,549 - INFO -   Visible DIV 3: class='nav-user-info' id='no-id' text='Quantum Toll Authority
superadmin_qm@yopmail.com'
2026-05-04 15:10:09,655 - INFO -   Visible DIV 4: class='uname' id='no-id' text='Quantum Toll Authority'
2026-05-04 15:10:09,745 - INFO -   Visible DIV 5: class='urole' id='no-id' text='superadmin_qm@yopmail.com'
2026-05-04 15:10:09,828 - INFO -   Visible DIV 6: class='main-container' id='no-id' text='dashboard_2
group
decimal_increase
admin_panel_set'
2026-05-04 15:10:09,927 - INFO -   Visible DIV 7: class='inner' id='no-id' text='dashboard_2'
2026-05-04 15:10:10,024 - INFO -   Visible DIV 8: class='inner' id='no-id' text='group'
2026-05-04 15:10:10,133 - INFO -   Visible DIV 9: class='inner' id='no-id' text='decimal_increase'
2026-05-04 15:10:10,232 - INFO -   Visible DIV 10: class='inner' id='no-id' text='admin_panel_settings'
2026-05-04 15:10:10,354 - INFO -   Visible DIV 11: class='inner' id='no-id' text='nest_doorbell_visitor'
2026-05-04 15:10:10,461 - INFO -   Visible DIV 12: class='inner' id='no-id' text='key_visualizer'
2026-05-04 15:10:10,480 - INFO - 
================================================================================

2026-05-04 15:10:10,808 - INFO - Waiting for dashboard URL...
2026-05-04 15:10:10,808 - INFO - 
================================================================================
2026-05-04 15:10:10,808 - INFO - DOM SNAPSHOT AT STAGE: Before_Dashboard_Navigation
2026-05-04 15:10:10,808 - INFO - ================================================================================
2026-05-04 15:10:10,842 - INFO - 
Searching for pop-up elements in page content...
2026-05-04 15:10:11,041 - WARNING - ⚠ No known pop-up selectors found. Checking all visible divs...
2026-05-04 15:10:11,073 - INFO - Total DIV elements on page: 29
2026-05-04 15:10:11,206 - INFO -   Visible DIV 1: class='header-right' id='no-id' text='English
French
Spanish
Quantum Toll Authority
supe'
2026-05-04 15:10:11,272 - INFO -   Visible DIV 2: class='nav-user' id='no-id' text='Quantum Toll Authority
superadmin_qm@yopmail.com'
2026-05-04 15:10:11,372 - INFO -   Visible DIV 3: class='nav-user-info' id='no-id' text='Quantum Toll Authority
superadmin_qm@yopmail.com'
2026-05-04 15:10:11,439 - INFO -   Visible DIV 4: class='uname' id='no-id' text='Quantum Toll Authority'
2026-05-04 15:10:11,505 - INFO -   Visible DIV 5: class='urole' id='no-id' text='superadmin_qm@yopmail.com'
2026-05-04 15:10:11,571 - INFO -   Visible DIV 6: class='main-container' id='no-id' text='dashboard_2
group
decimal_increase
admin_panel_set'
2026-05-04 15:10:11,648 - INFO -   Visible DIV 7: class='inner' id='no-id' text='dashboard_2'
2026-05-04 15:10:11,715 - INFO -   Visible DIV 8: class='inner' id='no-id' text='group'
2026-05-04 15:10:11,786 - INFO -   Visible DIV 9: class='inner' id='no-id' text='decimal_increase'
2026-05-04 15:10:11,855 - INFO -   Visible DIV 10: class='inner' id='no-id' text='admin_panel_settings'
2026-05-04 15:10:11,955 - INFO -   Visible DIV 11: class='inner' id='no-id' text='nest_doorbell_visitor'
2026-05-04 15:10:12,055 - INFO -   Visible DIV 12: class='inner' id='no-id' text='key_visualizer'
2026-05-04 15:10:12,072 - INFO - 
================================================================================

2026-05-04 15:10:12,099 - INFO - Login SUCCESS: Dashboard URL reached.
2026-05-04 15:10:12,621 - INFO - 
================================================================================
2026-05-04 15:10:12,623 - INFO - DOM SNAPSHOT AT STAGE: After_Dashboard_Loaded
2026-05-04 15:10:12,623 - INFO - ================================================================================
2026-05-04 15:10:12,638 - INFO - 
Searching for pop-up elements in page content...
2026-05-04 15:10:12,805 - WARNING - ⚠ No known pop-up selectors found. Checking all visible divs...
2026-05-04 15:10:12,839 - INFO - Total DIV elements on page: 29
2026-05-04 15:10:12,972 - INFO -   Visible DIV 1: class='header-right' id='no-id' text='English
French
Spanish
Quantum Toll Authority
supe'
2026-05-04 15:10:13,039 - INFO -   Visible DIV 2: class='nav-user' id='no-id' text='Quantum Toll Authority
superadmin_qm@yopmail.com'
2026-05-04 15:10:13,105 - INFO -   Visible DIV 3: class='nav-user-info' id='no-id' text='Quantum Toll Authority
superadmin_qm@yopmail.com'
2026-05-04 15:10:13,155 - INFO -   Visible DIV 4: class='uname' id='no-id' text='Quantum Toll Authority'
2026-05-04 15:10:13,205 - INFO -   Visible DIV 5: class='urole' id='no-id' text='superadmin_qm@yopmail.com'
2026-05-04 15:10:13,257 - INFO -   Visible DIV 6: class='main-container' id='no-id' text='dashboard_2
group
decimal_increase
admin_panel_set'
2026-05-04 15:10:13,321 - INFO -   Visible DIV 7: class='inner' id='no-id' text='dashboard_2'
2026-05-04 15:10:13,379 - INFO -   Visible DIV 8: class='inner' id='no-id' text='group'
2026-05-04 15:10:13,527 - INFO -   Visible DIV 9: class='inner' id='no-id' text='decimal_increase'
2026-05-04 15:10:13,605 - INFO -   Visible DIV 10: class='inner' id='no-id' text='admin_panel_settings'
2026-05-04 15:10:13,655 - INFO -   Visible DIV 11: class='inner' id='no-id' text='nest_doorbell_visitor'
2026-05-04 15:10:13,785 - INFO -   Visible DIV 12: class='inner' id='no-id' text='key_visualizer'
2026-05-04 15:10:13,835 - INFO - 
================================================================================

2026-05-04 15:10:13,841 - INFO - Checking for dashboard header 'Welcome to QM Toll portal!'...
2026-05-04 15:10:13,928 - INFO - ✅ Dashboard header found with selector: h4:has-text("Welcome to QM Toll portal!")
2026-05-04 15:10:13,931 - INFO -    Header text: 'Welcome to QM Toll portal!'
2026-05-04 15:10:13,933 - INFO - ✅ DASHBOARD VALIDATION PASSED: 'Welcome to QM Toll portal!' header found
2026-05-04 15:10:14,848 - INFO - Step 1: Navigating and Starting Onboarding...
2026-05-04 15:10:14,851 - INFO - Executing Sidebar Navigation Sequence...
2026-05-04 15:10:17,786 - INFO - Filling Step 1: Account Details...
2026-05-04 15:10:21,076 - INFO - Filled First Name: Arnav
2026-05-04 15:10:22,304 - INFO - Filled Middle Name: QA Team
2026-05-04 15:10:23,452 - INFO - Filled Last Name: Chandra
2026-05-04 15:10:24,732 - INFO - Checked: Use Same for Billing
2026-05-04 15:10:25,901 - INFO - Checked: Use Same for Shipping
2026-05-04 15:10:27,082 - INFO - Checked: Primary Address
2026-05-04 15:10:30,925 - INFO - Filled Address: 123 Automation Blvd
2026-05-04 15:10:32,096 - INFO - Filled Zip Code: 12345
2026-05-04 15:10:33,744 - INFO - Filled Phone: 7594221691
2026-05-04 15:10:34,922 - INFO - Filled Email: arnav.chandra41@testmail.com
2026-05-04 15:10:36,109 - INFO - Filled Confirm Email: arnav.chandra41@testmail.com
2026-05-04 15:10:36,109 - INFO - Clicking Save & Next...
2026-05-04 15:10:36,125 - INFO - Chatbot elements hidden via CSS injection.
2026-05-04 15:10:37,970 - INFO - Step 1 Submitted.
2026-05-04 15:10:37,973 - INFO - Adding 1 Vehicle(s)...
2026-05-04 15:10:38,422 - INFO - Step 2 loaded successfully.
2026-05-04 15:10:38,448 - INFO - Chatbot elements hidden via CSS injection.
2026-05-04 15:10:39,651 - INFO - Filled Plate 1: QA3166GP
2026-05-04 15:10:44,145 - INFO - Filled Plate Start Date: 2026-05-04
2026-05-04 15:10:55,423 - INFO - Clicking 'Add' button for Vehicle 1...
2026-05-04 15:10:55,438 - INFO - Chatbot elements hidden via CSS injection.
2026-05-04 15:10:58,623 - INFO - Vehicle 1 added successfully.
2026-05-04 15:11:00,156 - INFO - Highlighting and clicking 'Next' button...
2026-05-04 15:11:00,187 - INFO - Chatbot elements hidden via CSS injection.
2026-05-04 15:11:02,972 - INFO - Captured Permanent Account Number: 2000011037
2026-05-04 15:11:02,972 - INFO - Account 2000011037 saved to SharedData.
2026-05-04 15:11:02,972 - INFO - Starting Step 3: Payment Information...
2026-05-04 15:11:02,989 - INFO - Chatbot elements hidden via CSS injection.
2026-05-04 15:11:07,284 - INFO - Filled Cardholder Name: NrlvjbOXxLTKzYQBD
2026-05-04 15:11:08,793 - INFO - Filled Card Number: 2269519809027039
2026-05-04 15:11:10,343 - INFO - Filled Expiry Date: 05/28
2026-05-04 15:11:11,889 - INFO - Filled CVV: 239
2026-05-04 15:11:14,242 - INFO - Clicking 'Preview and Pay'...
2026-05-04 15:11:14,271 - INFO - Chatbot elements hidden via CSS injection.
2026-05-04 15:11:14,941 - INFO - Waiting for Payment Summary card...
2026-05-04 15:11:16,390 - INFO - Starting Final Confirmation Modal...
2026-05-04 15:11:17,577 - INFO - ✅ Account onboarding completed successfully.
2026-05-04 15:11:17,577 - INFO - Finalizing process: Clicking 'Account Summary' button...
2026-05-04 15:11:17,833 - INFO - Step 2: Creating case for account: 2000011037
2026-05-04 15:13:07,862 - INFO - Navigating to Login Page: http://operator-qa.qmaastech.com/
2026-05-04 15:13:10,724 - INFO - Attempting login for user: superadmin_qm@yopmail.com
2026-05-04 15:13:12,442 - INFO - Logging DOM elements BEFORE login click...
2026-05-04 15:13:12,442 - INFO - 
================================================================================
2026-05-04 15:13:12,445 - INFO - DOM SNAPSHOT AT STAGE: Before_Login
2026-05-04 15:13:12,447 - INFO - ================================================================================
2026-05-04 15:13:12,491 - INFO - 
Searching for pop-up elements in page content...
2026-05-04 15:13:12,804 - WARNING - ⚠ No known pop-up selectors found. Checking all visible divs...
2026-05-04 15:13:12,857 - INFO - Total DIV elements on page: 21
2026-05-04 15:13:13,387 - INFO -   Visible DIV 1: class='hero-pills' id='no-id' text='bolt
Real-time
smart_toy
AI-driven
hub
Multi-agenc'
2026-05-04 15:13:13,533 - INFO -   Visible DIV 2: class='auth-panel' id='no-id' text='Welcome Back

Sign in to your account to continue
'
2026-05-04 15:13:13,627 - INFO -   Visible DIV 3: class='auth-card' id='no-id' text='Welcome Back

Sign in to your account to continue
'
2026-05-04 15:13:13,713 - INFO -   Visible DIV 4: class='auth-step' id='no-id' text='Welcome Back

Sign in to your account to continue
'
2026-05-04 15:13:13,829 - INFO -   Visible DIV 5: class='field-wrap' id='no-id' text='Email ID / Username *
person'
2026-05-04 15:13:13,909 - INFO -   Visible DIV 6: class='input-shell' id='no-id' text='person'
2026-05-04 15:13:13,996 - INFO -   Visible DIV 7: class='field-wrap' id='no-id' text='Password *
lock
visibility_off'
2026-05-04 15:13:14,079 - INFO -   Visible DIV 8: class='input-shell' id='no-id' text='lock
visibility_off'
2026-05-04 15:13:14,177 - INFO -   Visible DIV 9: class='auth-bottom-links' id='no-id' text='New user?  Access Account

Forgot password?'
2026-05-04 15:13:14,226 - INFO - 
================================================================================

2026-05-04 15:13:14,829 - INFO - Login button clicked.
2026-05-04 15:13:14,833 - INFO - Taking rapid screenshots and validating pop-up...
2026-05-04 15:13:15,401 - INFO - Screenshot 1 captured - Attempting validation...
2026-05-04 15:13:15,401 - INFO - 
================================================================================
2026-05-04 15:13:15,401 - INFO - STARTING COMPREHENSIVE POP-UP VALIDATION
2026-05-04 15:13:15,409 - INFO - ================================================================================
2026-05-04 15:13:15,587 - ERROR - VALIDATION FAILED: Pop-up element not found!
2026-05-04 15:13:15,977 - INFO - Screenshot 2 captured - Attempting validation...
2026-05-04 15:13:15,977 - INFO - 
================================================================================
2026-05-04 15:13:15,977 - INFO - STARTING COMPREHENSIVE POP-UP VALIDATION
2026-05-04 15:13:15,977 - INFO - ================================================================================
2026-05-04 15:13:15,994 - INFO - 
[VALIDATION 1] Checking Pop-up Visibility...
2026-05-04 15:13:16,010 - INFO -   Visibility Status: True
2026-05-04 15:13:16,010 - INFO -   PASSED: Pop-up is visible
2026-05-04 15:13:16,010 - INFO - 
[VALIDATION 2] Extracting and Validating Text Content...
2026-05-04 15:13:16,044 - INFO -   Extracted Text: 'Login Successful'
2026-05-04 15:13:16,044 - INFO -   PASSED: Text matches exactly: 'Login Successful'
2026-05-04 15:13:16,044 - INFO - 
[VALIDATION 3] Checking for Typos...
2026-05-04 15:13:16,044 - INFO -   PASSED: No known typos detected
2026-05-04 15:13:16,044 - INFO - 
[VALIDATION 4] Extracting CSS Classes and Attributes...
2026-05-04 15:13:16,061 - INFO -   CSS Classes: snackbar success-snackbar
2026-05-04 15:13:16,061 - INFO -   PASSED: 'success' class is present
2026-05-04 15:13:16,061 - INFO - 
[VALIDATION 5] Checking Element Properties...
2026-05-04 15:13:16,141 - INFO -   ID: Not set
2026-05-04 15:13:16,142 - INFO -   Data-TestID: Not set
2026-05-04 15:13:16,143 - INFO -   Role: Not set
2026-05-04 15:13:16,143 - INFO -   ARIA Label: Not set
2026-05-04 15:13:16,143 - INFO - 
[VALIDATION 6] Checking Position and Size...
2026-05-04 15:13:16,143 - INFO -   X: 1230, Y: 20
2026-05-04 15:13:16,157 - INFO -   Width: 250, Height: 43.5
2026-05-04 15:13:16,157 - INFO -   PASSED: Element has valid dimensions
2026-05-04 15:13:16,158 - INFO - 
[VALIDATION 7] Checking Computed Styles...
2026-05-04 15:13:16,193 - INFO -   Display: block
2026-05-04 15:13:16,193 - INFO -   Opacity: 1
2026-05-04 15:13:16,193 - INFO -   PASSED: Element is displayed with proper opacity
2026-05-04 15:13:16,193 - INFO - 
================================================================================
2026-05-04 15:13:16,193 - INFO - POP-UP VALIDATION SUMMARY
2026-05-04 15:13:16,193 - INFO - ================================================================================
2026-05-04 15:13:16,193 - INFO -   Visibility: PASSED
2026-05-04 15:13:16,193 - INFO -   Text Match: PASSED
2026-05-04 15:13:16,193 - INFO -   Typo Check: PASSED
2026-05-04 15:13:16,193 - INFO -   CSS Classes: Present
2026-05-04 15:13:16,193 - INFO -   Position & Size: Valid
2026-05-04 15:13:16,193 - INFO -   Computed Styles: Valid
2026-05-04 15:13:16,193 - INFO - ================================================================================

2026-05-04 15:13:16,193 - INFO - ✓ ALL VALIDATIONS PASSED - Pop-up is working correctly!
2026-05-04 15:13:16,673 - INFO - Screenshot 3 captured - Attempting validation...
2026-05-04 15:13:16,674 - INFO - 
================================================================================
2026-05-04 15:13:16,675 - INFO - STARTING COMPREHENSIVE POP-UP VALIDATION
2026-05-04 15:13:16,676 - INFO - ================================================================================
2026-05-04 15:13:16,699 - ERROR - VALIDATION FAILED: Pop-up element not found!
2026-05-04 15:13:16,824 - INFO - Logging DOM elements AFTER login click (pop-up should appear here)...
2026-05-04 15:13:16,826 - INFO - 
================================================================================
2026-05-04 15:13:16,826 - INFO - DOM SNAPSHOT AT STAGE: After_Login_Click
2026-05-04 15:13:16,826 - INFO - ================================================================================
2026-05-04 15:13:16,878 - INFO - 
Searching for pop-up elements in page content...
2026-05-04 15:13:17,125 - WARNING - ⚠ No known pop-up selectors found. Checking all visible divs...
2026-05-04 15:13:17,174 - INFO - Total DIV elements on page: 29
2026-05-04 15:13:17,341 - INFO -   Visible DIV 1: class='header-right' id='no-id' text='English
French
Spanish
Quantum Toll Authority
supe'
2026-05-04 15:13:17,408 - INFO -   Visible DIV 2: class='nav-user' id='no-id' text='Quantum Toll Authority
superadmin_qm@yopmail.com'
2026-05-04 15:13:17,525 - INFO -   Visible DIV 3: class='nav-user-info' id='no-id' text='Quantum Toll Authority
superadmin_qm@yopmail.com'
2026-05-04 15:13:17,607 - INFO -   Visible DIV 4: class='uname' id='no-id' text='Quantum Toll Authority'
2026-05-04 15:13:17,683 - INFO -   Visible DIV 5: class='urole' id='no-id' text='superadmin_qm@yopmail.com'
2026-05-04 15:13:17,765 - INFO -   Visible DIV 6: class='main-container' id='no-id' text='dashboard_2
group
decimal_increase
admin_panel_set'
2026-05-04 15:13:17,848 - INFO -   Visible DIV 7: class='inner' id='no-id' text='dashboard_2'
2026-05-04 15:13:17,938 - INFO -   Visible DIV 8: class='inner' id='no-id' text='group'
2026-05-04 15:13:18,042 - INFO -   Visible DIV 9: class='inner' id='no-id' text='decimal_increase'
2026-05-04 15:13:18,153 - INFO -   Visible DIV 10: class='inner' id='no-id' text='admin_panel_settings'
2026-05-04 15:13:18,264 - INFO -   Visible DIV 11: class='inner' id='no-id' text='nest_doorbell_visitor'
2026-05-04 15:13:18,395 - INFO -   Visible DIV 12: class='inner' id='no-id' text='key_visualizer'
2026-05-04 15:13:18,419 - INFO - 
================================================================================

2026-05-04 15:13:18,649 - INFO - Waiting for dashboard URL...
2026-05-04 15:13:18,650 - INFO - 
================================================================================
2026-05-04 15:13:18,652 - INFO - DOM SNAPSHOT AT STAGE: Before_Dashboard_Navigation
2026-05-04 15:13:18,655 - INFO - ================================================================================
2026-05-04 15:13:18,686 - INFO - 
Searching for pop-up elements in page content...
2026-05-04 15:13:18,949 - WARNING - ⚠ No known pop-up selectors found. Checking all visible divs...
2026-05-04 15:13:18,981 - INFO - Total DIV elements on page: 29
2026-05-04 15:13:19,155 - INFO -   Visible DIV 1: class='header-right' id='no-id' text='English
French
Spanish
Quantum Toll Authority
supe'
2026-05-04 15:13:19,251 - INFO -   Visible DIV 2: class='nav-user' id='no-id' text='Quantum Toll Authority
superadmin_qm@yopmail.com'
2026-05-04 15:13:19,402 - INFO -   Visible DIV 3: class='nav-user-info' id='no-id' text='Quantum Toll Authority
superadmin_qm@yopmail.com'
2026-05-04 15:13:19,492 - INFO -   Visible DIV 4: class='uname' id='no-id' text='Quantum Toll Authority'
2026-05-04 15:13:19,578 - INFO -   Visible DIV 5: class='urole' id='no-id' text='superadmin_qm@yopmail.com'
2026-05-04 15:13:19,665 - INFO -   Visible DIV 6: class='main-container' id='no-id' text='dashboard_2
group
decimal_increase
admin_panel_set'
2026-05-04 15:13:19,751 - INFO -   Visible DIV 7: class='inner' id='no-id' text='dashboard_2'
2026-05-04 15:13:19,837 - INFO -   Visible DIV 8: class='inner' id='no-id' text='group'
2026-05-04 15:13:19,946 - INFO -   Visible DIV 9: class='inner' id='no-id' text='decimal_increase'
2026-05-04 15:13:20,041 - INFO -   Visible DIV 10: class='inner' id='no-id' text='admin_panel_settings'
2026-05-04 15:13:20,138 - INFO -   Visible DIV 11: class='inner' id='no-id' text='nest_doorbell_visitor'
2026-05-04 15:13:20,223 - INFO -   Visible DIV 12: class='inner' id='no-id' text='key_visualizer'
2026-05-04 15:13:20,243 - INFO - 
================================================================================

2026-05-04 15:13:20,264 - INFO - Login SUCCESS: Dashboard URL reached.
2026-05-04 15:13:20,793 - INFO - 
================================================================================
2026-05-04 15:13:20,794 - INFO - DOM SNAPSHOT AT STAGE: After_Dashboard_Loaded
2026-05-04 15:13:20,794 - INFO - ================================================================================
2026-05-04 15:13:20,815 - INFO - 
Searching for pop-up elements in page content...
2026-05-04 15:13:21,011 - WARNING - ⚠ No known pop-up selectors found. Checking all visible divs...
2026-05-04 15:13:21,044 - INFO - Total DIV elements on page: 29
2026-05-04 15:13:21,200 - INFO -   Visible DIV 1: class='header-right' id='no-id' text='English
French
Spanish
Quantum Toll Authority
supe'
2026-05-04 15:13:21,268 - INFO -   Visible DIV 2: class='nav-user' id='no-id' text='Quantum Toll Authority
superadmin_qm@yopmail.com'
2026-05-04 15:13:21,377 - INFO -   Visible DIV 3: class='nav-user-info' id='no-id' text='Quantum Toll Authority
superadmin_qm@yopmail.com'
2026-05-04 15:13:21,460 - INFO -   Visible DIV 4: class='uname' id='no-id' text='Quantum Toll Authority'
2026-05-04 15:13:21,525 - INFO -   Visible DIV 5: class='urole' id='no-id' text='superadmin_qm@yopmail.com'
2026-05-04 15:13:21,594 - INFO -   Visible DIV 6: class='main-container' id='no-id' text='dashboard_2
group
decimal_increase
admin_panel_set'
2026-05-04 15:13:21,677 - INFO -   Visible DIV 7: class='inner' id='no-id' text='dashboard_2'
2026-05-04 15:13:21,761 - INFO -   Visible DIV 8: class='inner' id='no-id' text='group'
2026-05-04 15:13:21,878 - INFO -   Visible DIV 9: class='inner' id='no-id' text='decimal_increase'
2026-05-04 15:13:21,961 - INFO -   Visible DIV 10: class='inner' id='no-id' text='admin_panel_settings'
2026-05-04 15:13:22,044 - INFO -   Visible DIV 11: class='inner' id='no-id' text='nest_doorbell_visitor'
2026-05-04 15:13:22,144 - INFO -   Visible DIV 12: class='inner' id='no-id' text='key_visualizer'
2026-05-04 15:13:22,169 - INFO - 
================================================================================

2026-05-04 15:13:22,174 - INFO - Checking for dashboard header 'Welcome to QM Toll portal!'...
2026-05-04 15:13:22,232 - INFO - ✅ Dashboard header found with selector: h4:has-text("Welcome to QM Toll portal!")
2026-05-04 15:13:22,232 - INFO -    Header text: 'Welcome to QM Toll portal!'
2026-05-04 15:13:22,232 - INFO - ✅ DASHBOARD VALIDATION PASSED: 'Welcome to QM Toll portal!' header found
2026-05-04 15:13:22,644 - INFO - Step 1: Navigating and Starting Onboarding...
2026-05-04 15:13:22,644 - INFO - Executing Sidebar Navigation Sequence...
2026-05-04 15:13:25,671 - INFO - Filling Step 1: Account Details...
2026-05-04 15:13:29,768 - INFO - Filled First Name: Zara
2026-05-04 15:13:30,901 - INFO - Filled Middle Name: QA Team
2026-05-04 15:13:32,046 - INFO - Filled Last Name: Dhingra
2026-05-04 15:13:33,173 - INFO - Checked: Use Same for Billing
2026-05-04 15:13:34,320 - INFO - Checked: Use Same for Shipping
2026-05-04 15:13:35,471 - INFO - Checked: Primary Address
2026-05-04 15:13:39,394 - INFO - Filled Address: 123 Automation Blvd
2026-05-04 15:13:40,565 - INFO - Filled Zip Code: 12345
2026-05-04 15:13:42,273 - INFO - Filled Phone: 9053192680
2026-05-04 15:13:43,505 - INFO - Filled Email: zara.dhingra70@testmail.com
2026-05-04 15:13:44,684 - INFO - Filled Confirm Email: zara.dhingra70@testmail.com
2026-05-04 15:13:44,684 - INFO - Clicking Save & Next...
2026-05-04 15:13:44,715 - INFO - Chatbot elements hidden via CSS injection.
2026-05-04 15:13:46,497 - INFO - Step 1 Submitted.
2026-05-04 15:13:46,499 - INFO - Adding 1 Vehicle(s)...
2026-05-04 15:13:46,933 - INFO - Step 2 loaded successfully.
2026-05-04 15:13:46,954 - INFO - Chatbot elements hidden via CSS injection.
2026-05-04 15:13:48,127 - INFO - Filled Plate 1: QA2661GP
2026-05-04 15:13:52,752 - INFO - Filled Plate Start Date: 2026-05-04
2026-05-04 15:14:04,006 - INFO - Clicking 'Add' button for Vehicle 1...
2026-05-04 15:14:04,025 - INFO - Chatbot elements hidden via CSS injection.
2026-05-04 15:14:07,239 - INFO - Vehicle 1 added successfully.
2026-05-04 15:14:08,747 - INFO - Highlighting and clicking 'Next' button...
2026-05-04 15:14:08,778 - INFO - Chatbot elements hidden via CSS injection.
2026-05-04 15:14:11,618 - INFO - Captured Permanent Account Number: 2000011038
2026-05-04 15:14:11,618 - INFO - Account 2000011038 saved to SharedData.
2026-05-04 15:14:11,620 - INFO - Starting Step 3: Payment Information...
2026-05-04 15:14:11,628 - INFO - Chatbot elements hidden via CSS injection.
2026-05-04 15:14:15,772 - INFO - Filled Cardholder Name: zODjWEWQzYIXQkhDeNguKcnwcCgTfDRDFyzf
2026-05-04 15:14:17,254 - INFO - Filled Card Number: 2634004903463435
2026-05-04 15:14:18,840 - INFO - Filled Expiry Date: 05/28
2026-05-04 15:14:20,347 - INFO - Filled CVV: 000
2026-05-04 15:14:32,329 - INFO - Clicking 'Preview and Pay'...
2026-05-04 15:14:32,349 - INFO - Chatbot elements hidden via CSS injection.
2026-05-04 15:14:33,024 - INFO - Waiting for Payment Summary card...
2026-05-04 15:14:34,494 - INFO - Starting Final Confirmation Modal...
2026-05-04 15:14:35,672 - INFO - ✅ Account onboarding completed successfully.
2026-05-04 15:14:35,674 - INFO - Finalizing process: Clicking 'Account Summary' button...
2026-05-04 15:14:35,923 - INFO - Step 2: Creating case for account: 2000011038
2026-05-04 15:37:17,909 - INFO - Navigating to Login Page: http://operator-qa.qmaastech.com/
2026-05-04 15:37:20,455 - INFO - Attempting login for user: superadmin_qm@yopmail.com
2026-05-04 15:37:22,193 - INFO - Logging DOM elements BEFORE login click...
2026-05-04 15:37:22,193 - INFO - 
================================================================================
2026-05-04 15:37:22,193 - INFO - DOM SNAPSHOT AT STAGE: Before_Login
2026-05-04 15:37:22,197 - INFO - ================================================================================
2026-05-04 15:37:22,228 - INFO - 
Searching for pop-up elements in page content...
2026-05-04 15:37:22,617 - WARNING - ⚠ No known pop-up selectors found. Checking all visible divs...
2026-05-04 15:37:22,661 - INFO - Total DIV elements on page: 21
2026-05-04 15:37:23,247 - INFO -   Visible DIV 1: class='hero-pills' id='no-id' text='bolt
Real-time
smart_toy
AI-driven
hub
Multi-agenc'
2026-05-04 15:37:23,392 - INFO -   Visible DIV 2: class='auth-panel' id='no-id' text='Welcome Back

Sign in to your account to continue
'
2026-05-04 15:37:23,499 - INFO -   Visible DIV 3: class='auth-card' id='no-id' text='Welcome Back

Sign in to your account to continue
'
2026-05-04 15:37:23,592 - INFO -   Visible DIV 4: class='auth-step' id='no-id' text='Welcome Back

Sign in to your account to continue
'
2026-05-04 15:37:23,765 - INFO -   Visible DIV 5: class='field-wrap' id='no-id' text='Email ID / Username *
person'
2026-05-04 15:37:23,872 - INFO -   Visible DIV 6: class='input-shell' id='no-id' text='person'
2026-05-04 15:37:23,986 - INFO -   Visible DIV 7: class='field-wrap' id='no-id' text='Password *
lock
visibility_off'
2026-05-04 15:37:24,096 - INFO -   Visible DIV 8: class='input-shell' id='no-id' text='lock
visibility_off'
2026-05-04 15:37:24,198 - INFO -   Visible DIV 9: class='auth-bottom-links' id='no-id' text='New user?  Access Account

Forgot password?'
2026-05-04 15:37:24,257 - INFO - 
================================================================================

2026-05-04 15:37:24,845 - INFO - Login button clicked.
2026-05-04 15:37:24,847 - INFO - Taking rapid screenshots and validating pop-up...
2026-05-04 15:37:25,501 - INFO - Screenshot 1 captured - Attempting validation...
2026-05-04 15:37:25,502 - INFO - 
================================================================================
2026-05-04 15:37:25,503 - INFO - STARTING COMPREHENSIVE POP-UP VALIDATION
2026-05-04 15:37:25,503 - INFO - ================================================================================
2026-05-04 15:37:25,526 - INFO - 
[VALIDATION 1] Checking Pop-up Visibility...
2026-05-04 15:37:25,558 - INFO -   Visibility Status: True
2026-05-04 15:37:25,561 - INFO -   PASSED: Pop-up is visible
2026-05-04 15:37:25,561 - INFO - 
[VALIDATION 2] Extracting and Validating Text Content...
2026-05-04 15:37:25,603 - INFO -   Extracted Text: 'Login Successful'
2026-05-04 15:37:25,616 - INFO -   PASSED: Text matches exactly: 'Login Successful'
2026-05-04 15:37:25,633 - INFO - 
[VALIDATION 3] Checking for Typos...
2026-05-04 15:37:25,635 - INFO -   PASSED: No known typos detected
2026-05-04 15:37:25,637 - INFO - 
[VALIDATION 4] Extracting CSS Classes and Attributes...
2026-05-04 15:37:25,667 - INFO -   CSS Classes: snackbar success-snackbar
2026-05-04 15:37:25,682 - INFO -   PASSED: 'success' class is present
2026-05-04 15:37:25,684 - INFO - 
[VALIDATION 5] Checking Element Properties...
2026-05-04 15:37:25,818 - INFO -   ID: Not set
2026-05-04 15:37:25,818 - INFO -   Data-TestID: Not set
2026-05-04 15:37:25,818 - INFO -   Role: Not set
2026-05-04 15:37:25,818 - INFO -   ARIA Label: Not set
2026-05-04 15:37:25,818 - INFO - 
[VALIDATION 6] Checking Position and Size...
2026-05-04 15:37:25,844 - INFO -   X: 1230, Y: 20
2026-05-04 15:37:25,844 - INFO -   Width: 250, Height: 43.5
2026-05-04 15:37:25,844 - INFO -   PASSED: Element has valid dimensions
2026-05-04 15:37:25,844 - INFO - 
[VALIDATION 7] Checking Computed Styles...
2026-05-04 15:37:26,017 - ERROR - Validation error: TypeError: Failed to execute 'getComputedStyle' on 'Window': parameter 1 is not of type 'Element'.
    at eval (eval at evaluate (:226:30), <anonymous>:1:8)
    at eval (<anonymous>)
    at UtilityScript.evaluate (<anonymous>:226:30)
    at UtilityScript.<anonymous> (<anonymous>:1:44)
2026-05-04 15:37:26,025 - WARNING -   WARNING: Could not check computed styles - element may have disappeared
2026-05-04 15:37:26,027 - INFO - 
================================================================================
2026-05-04 15:37:26,028 - INFO - POP-UP VALIDATION SUMMARY
2026-05-04 15:37:26,029 - INFO - ================================================================================
2026-05-04 15:37:26,030 - INFO -   Visibility: PASSED
2026-05-04 15:37:26,031 - INFO -   Text Match: PASSED
2026-05-04 15:37:26,032 - INFO -   Typo Check: PASSED
2026-05-04 15:37:26,032 - INFO -   CSS Classes: Present
2026-05-04 15:37:26,033 - INFO -   Position & Size: Valid
2026-05-04 15:37:26,034 - INFO -   Computed Styles: Valid
2026-05-04 15:37:26,035 - INFO - ================================================================================

2026-05-04 15:37:26,035 - INFO - ✓ ALL VALIDATIONS PASSED - Pop-up is working correctly!
2026-05-04 15:37:27,890 - INFO - Screenshot 2 captured - Attempting validation...
2026-05-04 15:37:27,891 - INFO - 
================================================================================
2026-05-04 15:37:27,891 - INFO - STARTING COMPREHENSIVE POP-UP VALIDATION
2026-05-04 15:37:27,892 - INFO - ================================================================================
2026-05-04 15:37:27,934 - ERROR - VALIDATION FAILED: Pop-up element not found!
2026-05-04 15:37:28,516 - INFO - Screenshot 3 captured - Attempting validation...
2026-05-04 15:37:28,516 - INFO - 
================================================================================
2026-05-04 15:37:28,517 - INFO - STARTING COMPREHENSIVE POP-UP VALIDATION
2026-05-04 15:37:28,517 - INFO - ================================================================================
2026-05-04 15:37:28,548 - ERROR - VALIDATION FAILED: Pop-up element not found!
2026-05-04 15:37:28,672 - INFO - Logging DOM elements AFTER login click (pop-up should appear here)...
2026-05-04 15:37:28,673 - INFO - 
================================================================================
2026-05-04 15:37:28,673 - INFO - DOM SNAPSHOT AT STAGE: After_Login_Click
2026-05-04 15:37:28,673 - INFO - ================================================================================
2026-05-04 15:37:28,714 - INFO - 
Searching for pop-up elements in page content...
2026-05-04 15:37:29,088 - WARNING - ⚠ No known pop-up selectors found. Checking all visible divs...
2026-05-04 15:37:29,153 - INFO - Total DIV elements on page: 29
2026-05-04 15:37:29,382 - INFO -   Visible DIV 1: class='header-right' id='no-id' text='English
French
Spanish
Quantum Toll Authority
supe'
2026-05-04 15:37:29,482 - INFO -   Visible DIV 2: class='nav-user' id='no-id' text='Quantum Toll Authority
superadmin_qm@yopmail.com'
2026-05-04 15:37:29,661 - INFO -   Visible DIV 3: class='nav-user-info' id='no-id' text='Quantum Toll Authority
superadmin_qm@yopmail.com'
2026-05-04 15:37:29,772 - INFO -   Visible DIV 4: class='uname' id='no-id' text='Quantum Toll Authority'
2026-05-04 15:37:29,891 - INFO -   Visible DIV 5: class='urole' id='no-id' text='superadmin_qm@yopmail.com'
2026-05-04 15:37:30,006 - INFO -   Visible DIV 6: class='main-container' id='no-id' text='dashboard_2
group
decimal_increase
admin_panel_set'
2026-05-04 15:37:30,141 - INFO -   Visible DIV 7: class='inner' id='no-id' text='dashboard_2'
2026-05-04 15:37:30,269 - INFO -   Visible DIV 8: class='inner' id='no-id' text='group'
2026-05-04 15:37:30,412 - INFO -   Visible DIV 9: class='inner' id='no-id' text='decimal_increase'
2026-05-04 15:37:30,543 - INFO -   Visible DIV 10: class='inner' id='no-id' text='admin_panel_settings'
2026-05-04 15:37:30,675 - INFO -   Visible DIV 11: class='inner' id='no-id' text='nest_doorbell_visitor'
2026-05-04 15:37:30,807 - INFO -   Visible DIV 12: class='inner' id='no-id' text='key_visualizer'
2026-05-04 15:37:30,829 - INFO - 
================================================================================

2026-05-04 15:37:31,001 - INFO - Waiting for dashboard URL...
2026-05-04 15:37:31,002 - INFO - 
================================================================================
2026-05-04 15:37:31,002 - INFO - DOM SNAPSHOT AT STAGE: Before_Dashboard_Navigation
2026-05-04 15:37:31,003 - INFO - ================================================================================
2026-05-04 15:37:31,034 - INFO - 
Searching for pop-up elements in page content...
2026-05-04 15:37:31,299 - WARNING - ⚠ No known pop-up selectors found. Checking all visible divs...
2026-05-04 15:37:31,344 - INFO - Total DIV elements on page: 29
2026-05-04 15:37:31,544 - INFO -   Visible DIV 1: class='header-right' id='no-id' text='English
French
Spanish
Quantum Toll Authority
supe'
2026-05-04 15:37:31,646 - INFO -   Visible DIV 2: class='nav-user' id='no-id' text='Quantum Toll Authority
superadmin_qm@yopmail.com'
2026-05-04 15:37:31,792 - INFO -   Visible DIV 3: class='nav-user-info' id='no-id' text='Quantum Toll Authority
superadmin_qm@yopmail.com'
2026-05-04 15:37:31,893 - INFO -   Visible DIV 4: class='uname' id='no-id' text='Quantum Toll Authority'
2026-05-04 15:37:31,979 - INFO -   Visible DIV 5: class='urole' id='no-id' text='superadmin_qm@yopmail.com'
2026-05-04 15:37:32,087 - INFO -   Visible DIV 6: class='main-container' id='no-id' text='dashboard_2
group
decimal_increase
admin_panel_set'
2026-05-04 15:37:32,178 - INFO -   Visible DIV 7: class='inner' id='no-id' text='dashboard_2'
2026-05-04 15:37:32,278 - INFO -   Visible DIV 8: class='inner' id='no-id' text='group'
2026-05-04 15:37:32,402 - INFO -   Visible DIV 9: class='inner' id='no-id' text='decimal_increase'
2026-05-04 15:37:32,526 - INFO -   Visible DIV 10: class='inner' id='no-id' text='admin_panel_settings'
2026-05-04 15:37:32,651 - INFO -   Visible DIV 11: class='inner' id='no-id' text='nest_doorbell_visitor'
2026-05-04 15:37:32,778 - INFO -   Visible DIV 12: class='inner' id='no-id' text='key_visualizer'
2026-05-04 15:37:32,797 - INFO - 
================================================================================

2026-05-04 15:37:32,832 - INFO - Login SUCCESS: Dashboard URL reached.
2026-05-04 15:37:33,346 - INFO - 
================================================================================
2026-05-04 15:37:33,346 - INFO - DOM SNAPSHOT AT STAGE: After_Dashboard_Loaded
2026-05-04 15:37:33,346 - INFO - ================================================================================
2026-05-04 15:37:33,390 - INFO - 
Searching for pop-up elements in page content...
2026-05-04 15:37:33,746 - WARNING - ⚠ No known pop-up selectors found. Checking all visible divs...
2026-05-04 15:37:33,813 - INFO - Total DIV elements on page: 29
2026-05-04 15:37:34,027 - INFO -   Visible DIV 1: class='header-right' id='no-id' text='English
French
Spanish
Quantum Toll Authority
supe'
2026-05-04 15:37:34,125 - INFO -   Visible DIV 2: class='nav-user' id='no-id' text='Quantum Toll Authority
superadmin_qm@yopmail.com'
2026-05-04 15:37:34,260 - INFO -   Visible DIV 3: class='nav-user-info' id='no-id' text='Quantum Toll Authority
superadmin_qm@yopmail.com'
2026-05-04 15:37:34,361 - INFO -   Visible DIV 4: class='uname' id='no-id' text='Quantum Toll Authority'
2026-05-04 15:37:34,458 - INFO -   Visible DIV 5: class='urole' id='no-id' text='superadmin_qm@yopmail.com'
2026-05-04 15:37:34,561 - INFO -   Visible DIV 6: class='main-container' id='no-id' text='dashboard_2
group
decimal_increase
admin_panel_set'
2026-05-04 15:37:34,661 - INFO -   Visible DIV 7: class='inner' id='no-id' text='dashboard_2'
2026-05-04 15:37:34,764 - INFO -   Visible DIV 8: class='inner' id='no-id' text='group'
2026-05-04 15:37:34,977 - INFO -   Visible DIV 9: class='inner' id='no-id' text='decimal_increase'
2026-05-04 15:37:35,075 - INFO -   Visible DIV 10: class='inner' id='no-id' text='admin_panel_settings'
2026-05-04 15:37:35,186 - INFO -   Visible DIV 11: class='inner' id='no-id' text='nest_doorbell_visitor'
2026-05-04 15:37:35,297 - INFO -   Visible DIV 12: class='inner' id='no-id' text='key_visualizer'
2026-05-04 15:37:35,329 - INFO - 
================================================================================

2026-05-04 15:37:35,329 - INFO - Checking for dashboard header 'Welcome to QM Toll portal!'...
2026-05-04 15:37:35,416 - INFO - ✅ Dashboard header found with selector: h4:has-text("Welcome to QM Toll portal!")
2026-05-04 15:37:35,419 - INFO -    Header text: 'Welcome to QM Toll portal!'
2026-05-04 15:37:35,427 - INFO - ✅ DASHBOARD VALIDATION PASSED: 'Welcome to QM Toll portal!' header found
2026-05-04 15:37:36,142 - INFO - Step 1: Navigating and Starting Onboarding...
2026-05-04 15:37:36,142 - INFO - Executing Sidebar Navigation Sequence...
2026-05-04 15:37:39,160 - INFO - Filling Step 1: Account Details...
2026-05-04 15:37:43,477 - INFO - Filled First Name: Keya
2026-05-04 15:37:44,656 - INFO - Filled Middle Name: QA Team
2026-05-04 15:37:45,873 - INFO - Filled Last Name: Sagar
2026-05-04 15:37:47,036 - INFO - Checked: Use Same for Billing
2026-05-04 15:37:48,194 - INFO - Checked: Use Same for Shipping
2026-05-04 15:37:49,413 - INFO - Checked: Primary Address
2026-05-04 15:37:53,239 - INFO - Filled Address: 123 Automation Blvd
2026-05-04 15:37:54,437 - INFO - Filled Zip Code: 12345
2026-05-04 15:37:56,161 - INFO - Filled Phone: 9886773240
2026-05-04 15:37:57,337 - INFO - Filled Email: keya.sagar32@testmail.com
2026-05-04 15:37:58,493 - INFO - Filled Confirm Email: keya.sagar32@testmail.com
2026-05-04 15:37:58,496 - INFO - Clicking Save & Next...
2026-05-04 15:37:58,522 - INFO - Chatbot elements hidden via CSS injection.
2026-05-04 15:38:00,420 - INFO - Step 1 Submitted.
2026-05-04 15:38:00,423 - INFO - Adding 1 Vehicle(s)...
2026-05-04 15:38:01,023 - INFO - Step 2 loaded successfully.
2026-05-04 15:38:01,060 - INFO - Chatbot elements hidden via CSS injection.
2026-05-04 15:38:02,577 - INFO - Filled Plate 1: QA2235GP
2026-05-04 15:38:07,152 - INFO - Filled Plate Start Date: 2026-05-04
2026-05-04 15:38:18,469 - INFO - Clicking 'Add' button for Vehicle 1...
2026-05-04 15:38:18,501 - INFO - Chatbot elements hidden via CSS injection.
2026-05-04 15:38:21,734 - INFO - Vehicle 1 added successfully.
2026-05-04 15:38:23,259 - INFO - Highlighting and clicking 'Next' button...
2026-05-04 15:38:23,288 - INFO - Chatbot elements hidden via CSS injection.
2026-05-04 15:38:26,165 - INFO - Captured Permanent Account Number: 2000011039
2026-05-04 15:38:26,165 - INFO - Account 2000011039 saved to SharedData.
2026-05-04 15:38:26,165 - INFO - Starting Step 3: Payment Information...
2026-05-04 15:38:26,222 - INFO - Chatbot elements hidden via CSS injection.
2026-05-04 15:38:30,402 - INFO - Filled Cardholder Name: vGAgBJEA
2026-05-04 15:38:31,891 - INFO - Filled Card Number: 4159002761319989
2026-05-04 15:38:33,463 - INFO - Filled Expiry Date: 05/28
2026-05-04 15:38:35,045 - INFO - Filled CVV: 151
2026-05-04 15:38:37,467 - INFO - Clicking 'Preview and Pay'...
2026-05-04 15:38:37,485 - INFO - Chatbot elements hidden via CSS injection.
2026-05-04 15:38:38,212 - INFO - Waiting for Payment Summary card...
2026-05-04 15:38:39,724 - INFO - Starting Final Confirmation Modal...
2026-05-04 15:38:40,918 - INFO - ✅ Account onboarding completed successfully.
2026-05-04 15:38:40,923 - INFO - Finalizing process: Clicking 'Account Summary' button...
2026-05-04 15:38:41,219 - INFO - Step 2: Creating case for account: 2000011039
2026-05-04 15:40:37,601 - INFO - Navigating to Login Page: http://operator-qa.qmaastech.com/
2026-05-04 15:40:40,367 - INFO - Attempting login for user: superadmin_qm@yopmail.com
2026-05-04 15:40:42,146 - INFO - Logging DOM elements BEFORE login click...
2026-05-04 15:40:42,148 - INFO - 
================================================================================
2026-05-04 15:40:42,149 - INFO - DOM SNAPSHOT AT STAGE: Before_Login
2026-05-04 15:40:42,149 - INFO - ================================================================================
2026-05-04 15:40:42,202 - INFO - 
Searching for pop-up elements in page content...
2026-05-04 15:40:42,973 - WARNING - ⚠ No known pop-up selectors found. Checking all visible divs...
2026-05-04 15:40:43,118 - INFO - Total DIV elements on page: 21
2026-05-04 15:40:44,605 - INFO -   Visible DIV 1: class='hero-pills' id='no-id' text='bolt
Real-time
smart_toy
AI-driven
hub
Multi-agenc'
2026-05-04 15:40:44,832 - INFO -   Visible DIV 2: class='auth-panel' id='no-id' text='Welcome Back

Sign in to your account to continue
'
2026-05-04 15:40:45,181 - INFO -   Visible DIV 3: class='auth-card' id='no-id' text='Welcome Back

Sign in to your account to continue
'
2026-05-04 15:40:45,422 - INFO -   Visible DIV 4: class='auth-step' id='no-id' text='Welcome Back

Sign in to your account to continue
'
2026-05-04 15:40:45,926 - INFO -   Visible DIV 5: class='field-wrap' id='no-id' text='Email ID / Username *
person'
2026-05-04 15:40:46,175 - INFO -   Visible DIV 6: class='input-shell' id='no-id' text='person'
2026-05-04 15:40:46,326 - INFO -   Visible DIV 7: class='field-wrap' id='no-id' text='Password *
lock
visibility_off'
2026-05-04 15:40:46,613 - INFO -   Visible DIV 8: class='input-shell' id='no-id' text='lock
visibility_off'
2026-05-04 15:40:46,855 - INFO -   Visible DIV 9: class='auth-bottom-links' id='no-id' text='New user?  Access Account

Forgot password?'
2026-05-04 15:40:46,918 - INFO - 
================================================================================

2026-05-04 15:40:47,581 - INFO - Login button clicked.
2026-05-04 15:40:47,583 - INFO - Taking rapid screenshots and validating pop-up...
2026-05-04 15:40:49,046 - INFO - Screenshot 1 captured - Attempting validation...
2026-05-04 15:40:49,049 - INFO - 
================================================================================
2026-05-04 15:40:49,051 - INFO - STARTING COMPREHENSIVE POP-UP VALIDATION
2026-05-04 15:40:49,053 - INFO - ================================================================================
2026-05-04 15:40:49,394 - ERROR - VALIDATION FAILED: Pop-up element not found!
2026-05-04 15:40:53,529 - INFO - Screenshot 2 captured - Attempting validation...
2026-05-04 15:40:53,535 - INFO - 
================================================================================
2026-05-04 15:40:53,538 - INFO - STARTING COMPREHENSIVE POP-UP VALIDATION
2026-05-04 15:40:53,539 - INFO - ================================================================================
2026-05-04 15:40:53,627 - ERROR - VALIDATION FAILED: Pop-up element not found!
2026-05-04 15:40:55,136 - INFO - Screenshot 3 captured - Attempting validation...
2026-05-04 15:40:55,138 - INFO - 
================================================================================
2026-05-04 15:40:55,142 - INFO - STARTING COMPREHENSIVE POP-UP VALIDATION
2026-05-04 15:40:55,144 - INFO - ================================================================================
2026-05-04 15:40:55,205 - ERROR - VALIDATION FAILED: Pop-up element not found!
2026-05-04 15:40:55,346 - INFO - Logging DOM elements AFTER login click (pop-up should appear here)...
2026-05-04 15:40:55,352 - INFO - 
================================================================================
2026-05-04 15:40:55,358 - INFO - DOM SNAPSHOT AT STAGE: After_Login_Click
2026-05-04 15:40:55,372 - INFO - ================================================================================
2026-05-04 15:40:55,584 - INFO - 
Searching for pop-up elements in page content...
2026-05-04 15:40:56,797 - WARNING - ⚠ No known pop-up selectors found. Checking all visible divs...
2026-05-04 15:40:56,884 - INFO - Total DIV elements on page: 29
2026-05-04 15:40:57,258 - INFO -   Visible DIV 1: class='header-right' id='no-id' text='English
French
Spanish
Quantum Toll Authority
supe'
2026-05-04 15:40:57,422 - INFO -   Visible DIV 2: class='nav-user' id='no-id' text='Quantum Toll Authority
superadmin_qm@yopmail.com'
2026-05-04 15:40:57,710 - INFO -   Visible DIV 3: class='nav-user-info' id='no-id' text='Quantum Toll Authority
superadmin_qm@yopmail.com'
2026-05-04 15:40:57,881 - INFO -   Visible DIV 4: class='uname' id='no-id' text='Quantum Toll Authority'
2026-05-04 15:40:58,114 - INFO -   Visible DIV 5: class='urole' id='no-id' text='superadmin_qm@yopmail.com'
2026-05-04 15:40:58,287 - INFO -   Visible DIV 6: class='main-container' id='no-id' text='dashboard_2
group
decimal_increase
admin_panel_set'
2026-05-04 15:40:58,514 - INFO -   Visible DIV 7: class='inner' id='no-id' text='dashboard_2'
2026-05-04 15:40:58,715 - INFO -   Visible DIV 8: class='inner' id='no-id' text='group'
2026-05-04 15:40:58,916 - INFO -   Visible DIV 9: class='inner' id='no-id' text='decimal_increase'
2026-05-04 15:40:59,275 - INFO -   Visible DIV 10: class='inner' id='no-id' text='admin_panel_settings'
2026-05-04 15:40:59,556 - INFO -   Visible DIV 11: class='inner' id='no-id' text='nest_doorbell_visitor'
2026-05-04 15:40:59,797 - INFO -   Visible DIV 12: class='inner' id='no-id' text='key_visualizer'
2026-05-04 15:40:59,901 - INFO - 
================================================================================

2026-05-04 15:41:00,241 - INFO - Waiting for dashboard URL...
2026-05-04 15:41:00,242 - INFO - 
================================================================================
2026-05-04 15:41:00,244 - INFO - DOM SNAPSHOT AT STAGE: Before_Dashboard_Navigation
2026-05-04 15:41:00,244 - INFO - ================================================================================
2026-05-04 15:41:00,345 - INFO - 
Searching for pop-up elements in page content...
2026-05-04 15:41:01,113 - WARNING - ⚠ No known pop-up selectors found. Checking all visible divs...
2026-05-04 15:41:01,252 - INFO - Total DIV elements on page: 29
2026-05-04 15:41:01,840 - INFO -   Visible DIV 1: class='header-right' id='no-id' text='English
French
Spanish
Quantum Toll Authority
supe'
2026-05-04 15:41:02,077 - INFO -   Visible DIV 2: class='nav-user' id='no-id' text='Quantum Toll Authority
superadmin_qm@yopmail.com'
2026-05-04 15:41:02,442 - INFO -   Visible DIV 3: class='nav-user-info' id='no-id' text='Quantum Toll Authority
superadmin_qm@yopmail.com'
2026-05-04 15:41:02,661 - INFO -   Visible DIV 4: class='uname' id='no-id' text='Quantum Toll Authority'
2026-05-04 15:41:02,978 - INFO -   Visible DIV 5: class='urole' id='no-id' text='superadmin_qm@yopmail.com'
2026-05-04 15:41:03,233 - INFO -   Visible DIV 6: class='main-container' id='no-id' text='dashboard_2
group
decimal_increase
admin_panel_set'
2026-05-04 15:41:03,491 - INFO -   Visible DIV 7: class='inner' id='no-id' text='dashboard_2'
2026-05-04 15:41:03,714 - INFO -   Visible DIV 8: class='inner' id='no-id' text='group'
2026-05-04 15:41:04,014 - INFO -   Visible DIV 9: class='inner' id='no-id' text='decimal_increase'
2026-05-04 15:41:04,346 - INFO -   Visible DIV 10: class='inner' id='no-id' text='admin_panel_settings'
2026-05-04 15:41:04,624 - INFO -   Visible DIV 11: class='inner' id='no-id' text='nest_doorbell_visitor'
2026-05-04 15:41:04,804 - INFO -   Visible DIV 12: class='inner' id='no-id' text='key_visualizer'
2026-05-04 15:41:04,848 - INFO - 
================================================================================

2026-05-04 15:41:04,905 - INFO - Login SUCCESS: Dashboard URL reached.
2026-05-04 15:41:05,445 - INFO - 
================================================================================
2026-05-04 15:41:05,448 - INFO - DOM SNAPSHOT AT STAGE: After_Dashboard_Loaded
2026-05-04 15:41:05,449 - INFO - ================================================================================
2026-05-04 15:41:05,518 - INFO - 
Searching for pop-up elements in page content...
2026-05-04 15:41:05,994 - WARNING - ⚠ No known pop-up selectors found. Checking all visible divs...
2026-05-04 15:41:06,080 - INFO - Total DIV elements on page: 29
2026-05-04 15:41:06,454 - INFO -   Visible DIV 1: class='header-right' id='no-id' text='English
French
Spanish
Quantum Toll Authority
supe'
2026-05-04 15:41:06,726 - INFO -   Visible DIV 2: class='nav-user' id='no-id' text='Quantum Toll Authority
superadmin_qm@yopmail.com'
2026-05-04 15:41:07,119 - INFO -   Visible DIV 3: class='nav-user-info' id='no-id' text='Quantum Toll Authority
superadmin_qm@yopmail.com'
2026-05-04 15:41:07,327 - INFO -   Visible DIV 4: class='uname' id='no-id' text='Quantum Toll Authority'
2026-05-04 15:41:07,475 - INFO -   Visible DIV 5: class='urole' id='no-id' text='superadmin_qm@yopmail.com'
2026-05-04 15:41:07,772 - INFO -   Visible DIV 6: class='main-container' id='no-id' text='dashboard_2
group
decimal_increase
admin_panel_set'
2026-05-04 15:41:08,013 - INFO -   Visible DIV 7: class='inner' id='no-id' text='dashboard_2'
2026-05-04 15:41:08,265 - INFO -   Visible DIV 8: class='inner' id='no-id' text='group'
2026-05-04 15:41:08,460 - INFO -   Visible DIV 9: class='inner' id='no-id' text='decimal_increase'
2026-05-04 15:41:08,692 - INFO -   Visible DIV 10: class='inner' id='no-id' text='admin_panel_settings'
2026-05-04 15:41:09,039 - INFO -   Visible DIV 11: class='inner' id='no-id' text='nest_doorbell_visitor'
2026-05-04 15:41:09,288 - INFO -   Visible DIV 12: class='inner' id='no-id' text='key_visualizer'
2026-05-04 15:41:09,323 - INFO - 
================================================================================

2026-05-04 15:41:09,323 - INFO - Checking for dashboard header 'Welcome to QM Toll portal!'...
2026-05-04 15:41:09,459 - INFO - ✅ Dashboard header found with selector: h4:has-text("Welcome to QM Toll portal!")
2026-05-04 15:41:09,460 - INFO -    Header text: 'Welcome to QM Toll portal!'
2026-05-04 15:41:09,460 - INFO - ✅ DASHBOARD VALIDATION PASSED: 'Welcome to QM Toll portal!' header found
2026-05-04 15:41:10,395 - INFO - Step 1: Navigating and Starting Onboarding...
2026-05-04 15:41:10,396 - INFO - Executing Sidebar Navigation Sequence...
2026-05-04 15:41:13,575 - INFO - Filling Step 1: Account Details...
2026-05-04 15:41:18,053 - INFO - Filled First Name: Jivin
2026-05-04 15:41:19,324 - INFO - Filled Middle Name: QA Team
2026-05-04 15:41:20,658 - INFO - Filled Last Name: Dayal
2026-05-04 15:41:21,906 - INFO - Checked: Use Same for Billing
2026-05-04 15:41:23,150 - INFO - Checked: Use Same for Shipping
2026-05-04 15:41:24,505 - INFO - Checked: Primary Address
2026-05-04 15:41:28,843 - INFO - Filled Address: 123 Automation Blvd
2026-05-04 15:41:30,188 - INFO - Filled Zip Code: 12345
2026-05-04 15:41:32,120 - INFO - Filled Phone: 7818060523
2026-05-04 15:41:33,406 - INFO - Filled Email: jivin.dayal11@testmail.com
2026-05-04 15:41:34,756 - INFO - Filled Confirm Email: jivin.dayal11@testmail.com
2026-05-04 15:41:34,758 - INFO - Clicking Save & Next...
2026-05-04 15:41:34,811 - INFO - Chatbot elements hidden via CSS injection.
2026-05-04 15:41:36,997 - INFO - Step 1 Submitted.
2026-05-04 15:41:37,001 - INFO - Adding 1 Vehicle(s)...
2026-05-04 15:41:37,666 - INFO - Step 2 loaded successfully.
2026-05-04 15:41:37,783 - INFO - Chatbot elements hidden via CSS injection.
2026-05-04 15:41:39,359 - INFO - Filled Plate 1: QA1781GP
2026-05-04 15:41:44,546 - INFO - Filled Plate Start Date: 2026-05-04
2026-05-04 15:41:56,632 - INFO - Clicking 'Add' button for Vehicle 1...
2026-05-04 15:41:56,727 - INFO - Chatbot elements hidden via CSS injection.
2026-05-04 15:42:00,603 - INFO - Vehicle 1 added successfully.
2026-05-04 15:42:02,130 - INFO - Highlighting and clicking 'Next' button...
2026-05-04 15:42:02,158 - INFO - Chatbot elements hidden via CSS injection.
2026-05-04 15:42:05,132 - INFO - Captured Permanent Account Number: 2000011041
2026-05-04 15:42:05,133 - INFO - Account 2000011041 saved to SharedData.
2026-05-04 15:42:05,134 - INFO - Starting Step 3: Payment Information...
2026-05-04 15:42:05,174 - INFO - Chatbot elements hidden via CSS injection.
2026-05-04 15:42:09,495 - INFO - Filled Cardholder Name: qsvIOJMCfQiWuWrUXHIYjYMXrgnjPUwPyCqGooIRcUB
2026-05-04 15:42:10,765 - INFO - Filled Card Number: 7019006784251629
2026-05-04 15:42:12,572 - INFO - Filled Expiry Date: 05/28
2026-05-04 15:42:14,346 - INFO - Filled CVV: 492
2026-05-04 15:42:16,714 - INFO - Clicking 'Preview and Pay'...
2026-05-04 15:42:16,745 - INFO - Chatbot elements hidden via CSS injection.
2026-05-04 15:42:17,519 - INFO - Waiting for Payment Summary card...
2026-05-04 15:42:19,059 - INFO - Starting Final Confirmation Modal...
2026-05-04 15:42:20,092 - INFO - ✅ Account onboarding completed successfully.
2026-05-04 15:42:20,093 - INFO - Finalizing process: Clicking 'Account Summary' button...
2026-05-04 15:42:20,205 - INFO - Step 2: Creating case for account: 2000011041
2026-05-04 15:45:33,802 - INFO - Navigating to Login Page: http://operator-qa.qmaastech.com/
2026-05-04 15:45:36,056 - INFO - Attempting login for user: superadmin_qm@yopmail.com
2026-05-04 15:45:37,772 - INFO - Logging DOM elements BEFORE login click...
2026-05-04 15:45:37,773 - INFO - 
================================================================================
2026-05-04 15:45:37,773 - INFO - DOM SNAPSHOT AT STAGE: Before_Login
2026-05-04 15:45:37,776 - INFO - ================================================================================
2026-05-04 15:45:37,812 - INFO - 
Searching for pop-up elements in page content...
2026-05-04 15:45:38,022 - WARNING - ⚠ No known pop-up selectors found. Checking all visible divs...
2026-05-04 15:45:38,044 - INFO - Total DIV elements on page: 21
2026-05-04 15:45:38,437 - INFO -   Visible DIV 1: class='hero-pills' id='no-id' text='bolt
Real-time
smart_toy
AI-driven
hub
Multi-agenc'
2026-05-04 15:45:38,538 - INFO -   Visible DIV 2: class='auth-panel' id='no-id' text='Welcome Back

Sign in to your account to continue
'
2026-05-04 15:45:38,604 - INFO -   Visible DIV 3: class='auth-card' id='no-id' text='Welcome Back

Sign in to your account to continue
'
2026-05-04 15:45:38,671 - INFO -   Visible DIV 4: class='auth-step' id='no-id' text='Welcome Back

Sign in to your account to continue
'
2026-05-04 15:45:38,829 - INFO -   Visible DIV 5: class='field-wrap' id='no-id' text='Email ID / Username *
person'
2026-05-04 15:45:38,961 - INFO -   Visible DIV 6: class='input-shell' id='no-id' text='person'
2026-05-04 15:45:39,022 - INFO -   Visible DIV 7: class='field-wrap' id='no-id' text='Password *
lock
visibility_off'
2026-05-04 15:45:39,105 - INFO -   Visible DIV 8: class='input-shell' id='no-id' text='lock
visibility_off'
2026-05-04 15:45:39,187 - INFO -   Visible DIV 9: class='auth-bottom-links' id='no-id' text='New user?  Access Account

Forgot password?'
2026-05-04 15:45:39,204 - INFO - 
================================================================================

2026-05-04 15:45:39,786 - INFO - Login button clicked.
2026-05-04 15:45:39,792 - INFO - Taking rapid screenshots and validating pop-up...
2026-05-04 15:45:40,624 - INFO - Screenshot 1 captured - Attempting validation...
2026-05-04 15:45:40,627 - INFO - 
================================================================================
2026-05-04 15:45:40,627 - INFO - STARTING COMPREHENSIVE POP-UP VALIDATION
2026-05-04 15:45:40,627 - INFO - ================================================================================
2026-05-04 15:45:40,654 - INFO - 
[VALIDATION 1] Checking Pop-up Visibility...
2026-05-04 15:45:40,671 - INFO -   Visibility Status: True
2026-05-04 15:45:40,671 - INFO -   PASSED: Pop-up is visible
2026-05-04 15:45:40,671 - INFO - 
[VALIDATION 2] Extracting and Validating Text Content...
2026-05-04 15:45:40,700 - INFO -   Extracted Text: 'Login Successful'
2026-05-04 15:45:40,700 - INFO -   PASSED: Text matches exactly: 'Login Successful'
2026-05-04 15:45:40,703 - INFO - 
[VALIDATION 3] Checking for Typos...
2026-05-04 15:45:40,703 - INFO -   PASSED: No known typos detected
2026-05-04 15:45:40,704 - INFO - 
[VALIDATION 4] Extracting CSS Classes and Attributes...
2026-05-04 15:45:40,722 - INFO -   CSS Classes: snackbar success-snackbar
2026-05-04 15:45:40,722 - INFO -   PASSED: 'success' class is present
2026-05-04 15:45:40,722 - INFO - 
[VALIDATION 5] Checking Element Properties...
2026-05-04 15:45:40,901 - INFO -   ID: Not set
2026-05-04 15:45:40,902 - INFO -   Data-TestID: Not set
2026-05-04 15:45:40,902 - INFO -   Role: Not set
2026-05-04 15:45:40,903 - INFO -   ARIA Label: Not set
2026-05-04 15:45:40,903 - INFO - 
[VALIDATION 6] Checking Position and Size...
2026-05-04 15:45:40,915 - WARNING -   WARNING: Could not get bounding box
2026-05-04 15:45:40,917 - INFO - 
[VALIDATION 7] Checking Computed Styles...
2026-05-04 15:45:40,947 - ERROR - Validation error: TypeError: Failed to execute 'getComputedStyle' on 'Window': parameter 1 is not of type 'Element'.
    at eval (eval at evaluate (:226:30), <anonymous>:1:8)
    at eval (<anonymous>)
    at UtilityScript.evaluate (<anonymous>:226:30)
    at UtilityScript.<anonymous> (<anonymous>:1:44)
2026-05-04 15:45:40,948 - WARNING -   WARNING: Could not check computed styles - element may have disappeared
2026-05-04 15:45:40,948 - INFO - 
================================================================================
2026-05-04 15:45:40,949 - INFO - POP-UP VALIDATION SUMMARY
2026-05-04 15:45:40,949 - INFO - ================================================================================
2026-05-04 15:45:40,950 - INFO -   Visibility: PASSED
2026-05-04 15:45:40,950 - INFO -   Text Match: PASSED
2026-05-04 15:45:40,950 - INFO -   Typo Check: PASSED
2026-05-04 15:45:40,950 - INFO -   CSS Classes: Present
2026-05-04 15:45:40,951 - INFO -   Position & Size: Valid
2026-05-04 15:45:40,951 - INFO -   Computed Styles: Valid
2026-05-04 15:45:40,951 - INFO - ================================================================================

2026-05-04 15:45:40,952 - INFO - ✓ ALL VALIDATIONS PASSED - Pop-up is working correctly!
2026-05-04 15:45:42,740 - INFO - Screenshot 2 captured - Attempting validation...
2026-05-04 15:45:42,740 - INFO - 
================================================================================
2026-05-04 15:45:42,741 - INFO - STARTING COMPREHENSIVE POP-UP VALIDATION
2026-05-04 15:45:42,741 - INFO - ================================================================================
2026-05-04 15:45:42,749 - ERROR - VALIDATION FAILED: Pop-up element not found!
2026-05-04 15:45:43,233 - INFO - Screenshot 3 captured - Attempting validation...
2026-05-04 15:45:43,234 - INFO - 
================================================================================
2026-05-04 15:45:43,241 - INFO - STARTING COMPREHENSIVE POP-UP VALIDATION
2026-05-04 15:45:43,243 - INFO - ================================================================================
2026-05-04 15:45:43,274 - ERROR - VALIDATION FAILED: Pop-up element not found!
2026-05-04 15:45:43,389 - INFO - Logging DOM elements AFTER login click (pop-up should appear here)...
2026-05-04 15:45:43,390 - INFO - 
================================================================================
2026-05-04 15:45:43,391 - INFO - DOM SNAPSHOT AT STAGE: After_Login_Click
2026-05-04 15:45:43,391 - INFO - ================================================================================
2026-05-04 15:45:43,418 - INFO - 
Searching for pop-up elements in page content...
2026-05-04 15:45:43,613 - WARNING - ⚠ No known pop-up selectors found. Checking all visible divs...
2026-05-04 15:45:43,649 - INFO - Total DIV elements on page: 29
2026-05-04 15:45:43,775 - INFO -   Visible DIV 1: class='header-right' id='no-id' text='English
French
Spanish
Quantum Toll Authority
supe'
2026-05-04 15:45:43,850 - INFO -   Visible DIV 2: class='nav-user' id='no-id' text='Quantum Toll Authority
superadmin_qm@yopmail.com'
2026-05-04 15:45:43,951 - INFO -   Visible DIV 3: class='nav-user-info' id='no-id' text='Quantum Toll Authority
superadmin_qm@yopmail.com'
2026-05-04 15:45:44,021 - INFO -   Visible DIV 4: class='uname' id='no-id' text='Quantum Toll Authority'
2026-05-04 15:45:44,090 - INFO -   Visible DIV 5: class='urole' id='no-id' text='superadmin_qm@yopmail.com'
2026-05-04 15:45:44,175 - INFO -   Visible DIV 6: class='main-container' id='no-id' text='dashboard_2
group
decimal_increase
admin_panel_set'
2026-05-04 15:45:44,263 - INFO -   Visible DIV 7: class='inner' id='no-id' text='dashboard_2'
2026-05-04 15:45:44,322 - INFO -   Visible DIV 8: class='inner' id='no-id' text='group'
2026-05-04 15:45:44,396 - INFO -   Visible DIV 9: class='inner' id='no-id' text='decimal_increase'
2026-05-04 15:45:44,503 - INFO -   Visible DIV 10: class='inner' id='no-id' text='admin_panel_settings'
2026-05-04 15:45:44,618 - INFO -   Visible DIV 11: class='inner' id='no-id' text='nest_doorbell_visitor'
2026-05-04 15:45:44,748 - INFO -   Visible DIV 12: class='inner' id='no-id' text='key_visualizer'
2026-05-04 15:45:44,777 - INFO - 
================================================================================

2026-05-04 15:45:45,212 - INFO - Waiting for dashboard URL...
2026-05-04 15:45:45,212 - INFO - 
================================================================================
2026-05-04 15:45:45,213 - INFO - DOM SNAPSHOT AT STAGE: Before_Dashboard_Navigation
2026-05-04 15:45:45,213 - INFO - ================================================================================
2026-05-04 15:45:45,241 - INFO - 
Searching for pop-up elements in page content...
2026-05-04 15:45:45,389 - WARNING - ⚠ No known pop-up selectors found. Checking all visible divs...
2026-05-04 15:45:45,407 - INFO - Total DIV elements on page: 29
2026-05-04 15:45:45,507 - INFO -   Visible DIV 1: class='header-right' id='no-id' text='English
French
Spanish
Quantum Toll Authority
supe'
2026-05-04 15:45:45,570 - INFO -   Visible DIV 2: class='nav-user' id='no-id' text='Quantum Toll Authority
superadmin_qm@yopmail.com'
2026-05-04 15:45:45,639 - INFO -   Visible DIV 3: class='nav-user-info' id='no-id' text='Quantum Toll Authority
superadmin_qm@yopmail.com'
2026-05-04 15:45:45,688 - INFO -   Visible DIV 4: class='uname' id='no-id' text='Quantum Toll Authority'
2026-05-04 15:45:45,740 - INFO -   Visible DIV 5: class='urole' id='no-id' text='superadmin_qm@yopmail.com'
2026-05-04 15:45:45,797 - INFO -   Visible DIV 6: class='main-container' id='no-id' text='dashboard_2
group
decimal_increase
admin_panel_set'
2026-05-04 15:45:45,853 - INFO -   Visible DIV 7: class='inner' id='no-id' text='dashboard_2'
2026-05-04 15:45:45,908 - INFO -   Visible DIV 8: class='inner' id='no-id' text='group'
2026-05-04 15:45:45,972 - INFO -   Visible DIV 9: class='inner' id='no-id' text='decimal_increase'
2026-05-04 15:45:46,047 - INFO -   Visible DIV 10: class='inner' id='no-id' text='admin_panel_settings'
2026-05-04 15:45:46,108 - INFO -   Visible DIV 11: class='inner' id='no-id' text='nest_doorbell_visitor'
2026-05-04 15:45:46,172 - INFO -   Visible DIV 12: class='inner' id='no-id' text='key_visualizer'
2026-05-04 15:45:46,196 - INFO - 
================================================================================

2026-05-04 15:45:46,208 - INFO - Login SUCCESS: Dashboard URL reached.
2026-05-04 15:45:46,725 - INFO - 
================================================================================
2026-05-04 15:45:46,727 - INFO - DOM SNAPSHOT AT STAGE: After_Dashboard_Loaded
2026-05-04 15:45:46,727 - INFO - ================================================================================
2026-05-04 15:45:46,757 - INFO - 
Searching for pop-up elements in page content...
2026-05-04 15:45:46,890 - WARNING - ⚠ No known pop-up selectors found. Checking all visible divs...
2026-05-04 15:45:46,923 - INFO - Total DIV elements on page: 29
2026-05-04 15:45:47,022 - INFO -   Visible DIV 1: class='header-right' id='no-id' text='English
French
Spanish
Quantum Toll Authority
supe'
2026-05-04 15:45:47,073 - INFO -   Visible DIV 2: class='nav-user' id='no-id' text='Quantum Toll Authority
superadmin_qm@yopmail.com'
2026-05-04 15:45:47,156 - INFO -   Visible DIV 3: class='nav-user-info' id='no-id' text='Quantum Toll Authority
superadmin_qm@yopmail.com'
2026-05-04 15:45:47,210 - INFO -   Visible DIV 4: class='uname' id='no-id' text='Quantum Toll Authority'
2026-05-04 15:45:47,256 - INFO -   Visible DIV 5: class='urole' id='no-id' text='superadmin_qm@yopmail.com'
2026-05-04 15:45:47,323 - INFO -   Visible DIV 6: class='main-container' id='no-id' text='dashboard_2
group
decimal_increase
admin_panel_set'
2026-05-04 15:45:47,389 - INFO -   Visible DIV 7: class='inner' id='no-id' text='dashboard_2'
2026-05-04 15:45:47,457 - INFO -   Visible DIV 8: class='inner' id='no-id' text='group'
2026-05-04 15:45:47,557 - INFO -   Visible DIV 9: class='inner' id='no-id' text='decimal_increase'
2026-05-04 15:45:47,676 - INFO -   Visible DIV 10: class='inner' id='no-id' text='admin_panel_settings'
2026-05-04 15:45:47,811 - INFO -   Visible DIV 11: class='inner' id='no-id' text='nest_doorbell_visitor'
2026-05-04 15:45:47,872 - INFO -   Visible DIV 12: class='inner' id='no-id' text='key_visualizer'
2026-05-04 15:45:47,889 - INFO - 
================================================================================

2026-05-04 15:45:47,889 - INFO - Checking for dashboard header 'Welcome to QM Toll portal!'...
2026-05-04 15:45:47,922 - INFO - ✅ Dashboard header found with selector: h4:has-text("Welcome to QM Toll portal!")
2026-05-04 15:45:47,922 - INFO -    Header text: 'Welcome to QM Toll portal!'
2026-05-04 15:45:47,922 - INFO - ✅ DASHBOARD VALIDATION PASSED: 'Welcome to QM Toll portal!' header found
2026-05-04 15:45:48,356 - INFO - Step 1: Navigating and Starting Onboarding...
2026-05-04 15:45:48,356 - INFO - Executing Sidebar Navigation Sequence...
2026-05-04 15:45:51,510 - INFO - Filling Step 1: Account Details...
2026-05-04 15:45:56,962 - INFO - Filled First Name: Rasha
2026-05-04 15:45:58,174 - INFO - Filled Middle Name: QA Team
2026-05-04 15:45:59,392 - INFO - Filled Last Name: Sheth
2026-05-04 15:46:00,672 - INFO - Checked: Use Same for Billing
2026-05-04 15:46:01,886 - INFO - Checked: Use Same for Shipping
2026-05-04 15:46:03,090 - INFO - Checked: Primary Address
2026-05-04 15:46:06,992 - INFO - Filled Address: 123 Automation Blvd
2026-05-04 15:46:08,208 - INFO - Filled Zip Code: 12345
2026-05-04 15:46:09,975 - INFO - Filled Phone: 8050577261
2026-05-04 15:46:11,142 - INFO - Filled Email: rasha.sheth47@testmail.com
2026-05-04 15:46:12,324 - INFO - Filled Confirm Email: rasha.sheth47@testmail.com
2026-05-04 15:46:12,326 - INFO - Clicking Save & Next...
2026-05-04 15:46:12,368 - INFO - Chatbot elements hidden via CSS injection.
2026-05-04 15:46:14,156 - INFO - Step 1 Submitted.
2026-05-04 15:46:14,156 - INFO - Adding 1 Vehicle(s)...
2026-05-04 15:46:14,614 - INFO - Step 2 loaded successfully.
2026-05-04 15:46:14,634 - INFO - Chatbot elements hidden via CSS injection.
2026-05-04 15:46:16,005 - INFO - Filled Plate 1: QA2083GP
2026-05-04 15:46:20,404 - INFO - Filled Plate Start Date: 2026-05-04
2026-05-04 15:46:31,696 - INFO - Clicking 'Add' button for Vehicle 1...
2026-05-04 15:46:31,713 - INFO - Chatbot elements hidden via CSS injection.
2026-05-04 15:46:34,882 - INFO - Vehicle 1 added successfully.
2026-05-04 15:46:36,404 - INFO - Highlighting and clicking 'Next' button...
2026-05-04 15:46:36,419 - INFO - Chatbot elements hidden via CSS injection.
2026-05-04 15:46:39,134 - INFO - Captured Permanent Account Number: 2000011042
2026-05-04 15:46:39,134 - INFO - Account 2000011042 saved to SharedData.
2026-05-04 15:46:39,134 - INFO - Starting Step 3: Payment Information...
2026-05-04 15:46:39,150 - INFO - Chatbot elements hidden via CSS injection.
2026-05-04 15:46:43,312 - INFO - Filled Cardholder Name: MMmAtXHKirlJgorlRfUaCqcnyyNCXBTbwzWhBoo
2026-05-04 15:46:44,822 - INFO - Filled Card Number: 1660577739467887
2026-05-04 15:46:46,309 - INFO - Filled Expiry Date: 05/28
2026-05-04 15:46:47,793 - INFO - Filled CVV: 559
2026-05-04 15:46:50,063 - INFO - Clicking 'Preview and Pay'...
2026-05-04 15:46:50,080 - INFO - Chatbot elements hidden via CSS injection.
2026-05-04 15:46:50,766 - INFO - Waiting for Payment Summary card...
2026-05-04 15:46:52,216 - INFO - Starting Final Confirmation Modal...
2026-05-04 15:46:53,349 - INFO - ✅ Account onboarding completed successfully.
2026-05-04 15:46:53,350 - INFO - Finalizing process: Clicking 'Account Summary' button...
2026-05-04 15:46:53,567 - INFO - Step 2: Creating case for account: 2000011042
2026-05-04 16:22:39,917 - INFO - Navigating to Login Page: http://operator-qa.qmaastech.com/
2026-05-04 16:22:42,652 - INFO - Attempting login for user: superadmin_qm@yopmail.com
2026-05-04 16:22:44,339 - INFO - Logging DOM elements BEFORE login click...
2026-05-04 16:22:44,339 - INFO - 
================================================================================
2026-05-04 16:22:44,339 - INFO - DOM SNAPSHOT AT STAGE: Before_Login
2026-05-04 16:22:44,339 - INFO - ================================================================================
2026-05-04 16:22:44,368 - INFO - 
Searching for pop-up elements in page content...
2026-05-04 16:22:44,639 - WARNING - ⚠ No known pop-up selectors found. Checking all visible divs...
2026-05-04 16:22:44,706 - INFO - Total DIV elements on page: 21
2026-05-04 16:22:45,137 - INFO -   Visible DIV 1: class='hero-pills' id='no-id' text='bolt
Real-time
smart_toy
AI-driven
hub
Multi-agenc'
2026-05-04 16:22:45,235 - INFO -   Visible DIV 2: class='auth-panel' id='no-id' text='Welcome Back

Sign in to your account to continue
'
2026-05-04 16:22:45,303 - INFO -   Visible DIV 3: class='auth-card' id='no-id' text='Welcome Back

Sign in to your account to continue
'
2026-05-04 16:22:45,369 - INFO -   Visible DIV 4: class='auth-step' id='no-id' text='Welcome Back

Sign in to your account to continue
'
2026-05-04 16:22:45,485 - INFO -   Visible DIV 5: class='field-wrap' id='no-id' text='Email ID / Username *
person'
2026-05-04 16:22:45,554 - INFO -   Visible DIV 6: class='input-shell' id='no-id' text='person'
2026-05-04 16:22:45,608 - INFO -   Visible DIV 7: class='field-wrap' id='no-id' text='Password *
lock
visibility_off'
2026-05-04 16:22:45,672 - INFO -   Visible DIV 8: class='input-shell' id='no-id' text='lock
visibility_off'
2026-05-04 16:22:45,754 - INFO -   Visible DIV 9: class='auth-bottom-links' id='no-id' text='New user?  Access Account

Forgot password?'
2026-05-04 16:22:45,792 - INFO - 
================================================================================

2026-05-04 16:22:46,363 - INFO - Login button clicked.
2026-05-04 16:22:46,365 - INFO - Taking rapid screenshots and validating pop-up...
2026-05-04 16:22:46,880 - INFO - Screenshot 1 captured - Attempting validation...
2026-05-04 16:22:46,881 - INFO - 
================================================================================
2026-05-04 16:22:46,881 - INFO - STARTING COMPREHENSIVE POP-UP VALIDATION
2026-05-04 16:22:46,881 - INFO - ================================================================================
2026-05-04 16:22:46,903 - INFO - 
[VALIDATION 1] Checking Pop-up Visibility...
2026-05-04 16:22:46,927 - INFO -   Visibility Status: True
2026-05-04 16:22:46,927 - INFO -   PASSED: Pop-up is visible
2026-05-04 16:22:46,927 - INFO - 
[VALIDATION 2] Extracting and Validating Text Content...
2026-05-04 16:22:46,951 - INFO -   Extracted Text: 'Login Successful'
2026-05-04 16:22:46,956 - INFO -   PASSED: Text matches exactly: 'Login Successful'
2026-05-04 16:22:46,957 - INFO - 
[VALIDATION 3] Checking for Typos...
2026-05-04 16:22:46,958 - INFO -   PASSED: No known typos detected
2026-05-04 16:22:46,958 - INFO - 
[VALIDATION 4] Extracting CSS Classes and Attributes...
2026-05-04 16:22:46,974 - INFO -   CSS Classes: snackbar success-snackbar
2026-05-04 16:22:46,974 - INFO -   PASSED: 'success' class is present
2026-05-04 16:22:46,974 - INFO - 
[VALIDATION 5] Checking Element Properties...
2026-05-04 16:22:47,057 - INFO -   ID: Not set
2026-05-04 16:22:47,057 - INFO -   Data-TestID: Not set
2026-05-04 16:22:47,057 - INFO -   Role: Not set
2026-05-04 16:22:47,057 - INFO -   ARIA Label: Not set
2026-05-04 16:22:47,057 - INFO - 
[VALIDATION 6] Checking Position and Size...
2026-05-04 16:22:47,076 - INFO -   X: 1230, Y: 20
2026-05-04 16:22:47,076 - INFO -   Width: 250, Height: 43.5
2026-05-04 16:22:47,076 - INFO -   PASSED: Element has valid dimensions
2026-05-04 16:22:47,076 - INFO - 
[VALIDATION 7] Checking Computed Styles...
2026-05-04 16:22:47,124 - INFO -   Display: block
2026-05-04 16:22:47,124 - INFO -   Opacity: 1
2026-05-04 16:22:47,124 - INFO -   PASSED: Element is displayed with proper opacity
2026-05-04 16:22:47,127 - INFO - 
================================================================================
2026-05-04 16:22:47,127 - INFO - POP-UP VALIDATION SUMMARY
2026-05-04 16:22:47,127 - INFO - ================================================================================
2026-05-04 16:22:47,127 - INFO -   Visibility: PASSED
2026-05-04 16:22:47,127 - INFO -   Text Match: PASSED
2026-05-04 16:22:47,127 - INFO -   Typo Check: PASSED
2026-05-04 16:22:47,127 - INFO -   CSS Classes: Present
2026-05-04 16:22:47,127 - INFO -   Position & Size: Valid
2026-05-04 16:22:47,127 - INFO -   Computed Styles: Valid
2026-05-04 16:22:47,127 - INFO - ================================================================================

2026-05-04 16:22:47,127 - INFO - ✓ ALL VALIDATIONS PASSED - Pop-up is working correctly!
2026-05-04 16:22:47,614 - INFO - Screenshot 2 captured - Attempting validation...
2026-05-04 16:22:47,614 - INFO - 
================================================================================
2026-05-04 16:22:47,615 - INFO - STARTING COMPREHENSIVE POP-UP VALIDATION
2026-05-04 16:22:47,615 - INFO - ================================================================================
2026-05-04 16:22:47,642 - ERROR - VALIDATION FAILED: Pop-up element not found!
2026-05-04 16:22:48,877 - INFO - Screenshot 3 captured - Attempting validation...
2026-05-04 16:22:48,878 - INFO - 
================================================================================
2026-05-04 16:22:48,879 - INFO - STARTING COMPREHENSIVE POP-UP VALIDATION
2026-05-04 16:22:48,880 - INFO - ================================================================================
2026-05-04 16:22:48,900 - ERROR - VALIDATION FAILED: Pop-up element not found!
2026-05-04 16:22:49,028 - INFO - Logging DOM elements AFTER login click (pop-up should appear here)...
2026-05-04 16:22:49,029 - INFO - 
================================================================================
2026-05-04 16:22:49,029 - INFO - DOM SNAPSHOT AT STAGE: After_Login_Click
2026-05-04 16:22:49,030 - INFO - ================================================================================
2026-05-04 16:22:49,055 - INFO - 
Searching for pop-up elements in page content...
2026-05-04 16:22:49,315 - WARNING - ⚠ No known pop-up selectors found. Checking all visible divs...
2026-05-04 16:22:49,372 - INFO - Total DIV elements on page: 29
2026-05-04 16:22:49,578 - INFO -   Visible DIV 1: class='header-right' id='no-id' text='English
French
Spanish
Quantum Toll Authority
supe'
2026-05-04 16:22:49,674 - INFO -   Visible DIV 2: class='nav-user' id='no-id' text='Quantum Toll Authority
superadmin_qm@yopmail.com'
2026-05-04 16:22:49,818 - INFO -   Visible DIV 3: class='nav-user-info' id='no-id' text='Quantum Toll Authority
superadmin_qm@yopmail.com'
2026-05-04 16:22:49,901 - INFO -   Visible DIV 4: class='uname' id='no-id' text='Quantum Toll Authority'
2026-05-04 16:22:50,006 - INFO -   Visible DIV 5: class='urole' id='no-id' text='superadmin_qm@yopmail.com'
2026-05-04 16:22:50,096 - INFO -   Visible DIV 6: class='main-container' id='no-id' text='dashboard_2
group
decimal_increase
admin_panel_set'
2026-05-04 16:22:50,184 - INFO -   Visible DIV 7: class='inner' id='no-id' text='dashboard_2'
2026-05-04 16:22:50,294 - INFO -   Visible DIV 8: class='inner' id='no-id' text='group'
2026-05-04 16:22:50,399 - INFO -   Visible DIV 9: class='inner' id='no-id' text='decimal_increase'
2026-05-04 16:22:50,504 - INFO -   Visible DIV 10: class='inner' id='no-id' text='admin_panel_settings'
2026-05-04 16:22:50,631 - INFO -   Visible DIV 11: class='inner' id='no-id' text='nest_doorbell_visitor'
2026-05-04 16:22:50,737 - INFO -   Visible DIV 12: class='inner' id='no-id' text='key_visualizer'
2026-05-04 16:22:50,757 - INFO - 
================================================================================

2026-05-04 16:22:51,043 - INFO - Waiting for dashboard URL...
2026-05-04 16:22:51,044 - INFO - 
================================================================================
2026-05-04 16:22:51,044 - INFO - DOM SNAPSHOT AT STAGE: Before_Dashboard_Navigation
2026-05-04 16:22:51,044 - INFO - ================================================================================
2026-05-04 16:22:51,060 - INFO - 
Searching for pop-up elements in page content...
2026-05-04 16:22:51,294 - WARNING - ⚠ No known pop-up selectors found. Checking all visible divs...
2026-05-04 16:22:51,335 - INFO - Total DIV elements on page: 29
2026-05-04 16:22:51,458 - INFO -   Visible DIV 1: class='header-right' id='no-id' text='English
French
Spanish
Quantum Toll Authority
supe'
2026-05-04 16:22:51,526 - INFO -   Visible DIV 2: class='nav-user' id='no-id' text='Quantum Toll Authority
superadmin_qm@yopmail.com'
2026-05-04 16:22:51,641 - INFO -   Visible DIV 3: class='nav-user-info' id='no-id' text='Quantum Toll Authority
superadmin_qm@yopmail.com'
2026-05-04 16:22:51,725 - INFO -   Visible DIV 4: class='uname' id='no-id' text='Quantum Toll Authority'
2026-05-04 16:22:51,775 - INFO -   Visible DIV 5: class='urole' id='no-id' text='superadmin_qm@yopmail.com'
2026-05-04 16:22:51,859 - INFO -   Visible DIV 6: class='main-container' id='no-id' text='dashboard_2
group
decimal_increase
admin_panel_set'
2026-05-04 16:22:51,936 - INFO -   Visible DIV 7: class='inner' id='no-id' text='dashboard_2'
2026-05-04 16:22:52,008 - INFO -   Visible DIV 8: class='inner' id='no-id' text='group'
2026-05-04 16:22:52,091 - INFO -   Visible DIV 9: class='inner' id='no-id' text='decimal_increase'
2026-05-04 16:22:52,175 - INFO -   Visible DIV 10: class='inner' id='no-id' text='admin_panel_settings'
2026-05-04 16:22:52,241 - INFO -   Visible DIV 11: class='inner' id='no-id' text='nest_doorbell_visitor'
2026-05-04 16:22:52,324 - INFO -   Visible DIV 12: class='inner' id='no-id' text='key_visualizer'
2026-05-04 16:22:52,348 - INFO - 
================================================================================

2026-05-04 16:22:52,358 - INFO - Login SUCCESS: Dashboard URL reached.
2026-05-04 16:22:52,890 - INFO - 
================================================================================
2026-05-04 16:22:52,891 - INFO - DOM SNAPSHOT AT STAGE: After_Dashboard_Loaded
2026-05-04 16:22:52,892 - INFO - ================================================================================
2026-05-04 16:22:52,913 - INFO - 
Searching for pop-up elements in page content...
2026-05-04 16:22:53,122 - WARNING - ⚠ No known pop-up selectors found. Checking all visible divs...
2026-05-04 16:22:53,142 - INFO - Total DIV elements on page: 29
2026-05-04 16:22:53,287 - INFO -   Visible DIV 1: class='header-right' id='no-id' text='English
French
Spanish
Quantum Toll Authority
supe'
2026-05-04 16:22:53,367 - INFO -   Visible DIV 2: class='nav-user' id='no-id' text='Quantum Toll Authority
superadmin_qm@yopmail.com'
2026-05-04 16:22:53,462 - INFO -   Visible DIV 3: class='nav-user-info' id='no-id' text='Quantum Toll Authority
superadmin_qm@yopmail.com'
2026-05-04 16:22:53,523 - INFO -   Visible DIV 4: class='uname' id='no-id' text='Quantum Toll Authority'
2026-05-04 16:22:53,593 - INFO -   Visible DIV 5: class='urole' id='no-id' text='superadmin_qm@yopmail.com'
2026-05-04 16:22:53,654 - INFO -   Visible DIV 6: class='main-container' id='no-id' text='dashboard_2
group
decimal_increase
admin_panel_set'
2026-05-04 16:22:53,738 - INFO -   Visible DIV 7: class='inner' id='no-id' text='dashboard_2'
2026-05-04 16:22:53,797 - INFO -   Visible DIV 8: class='inner' id='no-id' text='group'
2026-05-04 16:22:53,924 - INFO -   Visible DIV 9: class='inner' id='no-id' text='decimal_increase'
2026-05-04 16:22:54,003 - INFO -   Visible DIV 10: class='inner' id='no-id' text='admin_panel_settings'
2026-05-04 16:22:54,083 - INFO -   Visible DIV 11: class='inner' id='no-id' text='nest_doorbell_visitor'
2026-05-04 16:22:54,167 - INFO -   Visible DIV 12: class='inner' id='no-id' text='key_visualizer'
2026-05-04 16:22:54,177 - INFO - 
================================================================================

2026-05-04 16:22:54,177 - INFO - Checking for dashboard header 'Welcome to QM Toll portal!'...
2026-05-04 16:22:54,226 - INFO - ✅ Dashboard header found with selector: h4:has-text("Welcome to QM Toll portal!")
2026-05-04 16:22:54,226 - INFO -    Header text: 'Welcome to QM Toll portal!'
2026-05-04 16:22:54,226 - INFO - ✅ DASHBOARD VALIDATION PASSED: 'Welcome to QM Toll portal!' header found
2026-05-04 16:22:54,641 - INFO - Step 1: Navigating and Starting Onboarding...
2026-05-04 16:22:54,641 - INFO - Executing Sidebar Navigation Sequence...
2026-05-04 16:22:57,587 - INFO - Filling Step 1: Account Details...
2026-05-04 16:23:00,889 - INFO - Filled First Name: Eshani
2026-05-04 16:23:02,072 - INFO - Filled Middle Name: QA Team
2026-05-04 16:23:03,248 - INFO - Filled Last Name: Suri
2026-05-04 16:23:04,470 - INFO - Checked: Use Same for Billing
2026-05-04 16:23:05,627 - INFO - Checked: Use Same for Shipping
2026-05-04 16:23:06,770 - INFO - Checked: Primary Address
2026-05-04 16:23:10,600 - INFO - Filled Address: 123 Automation Blvd
2026-05-04 16:23:11,822 - INFO - Filled Zip Code: 12345
2026-05-04 16:23:13,584 - INFO - Filled Phone: 7072722659
2026-05-04 16:23:14,766 - INFO - Filled Email: eshani.suri99@testmail.com
2026-05-04 16:23:15,957 - INFO - Filled Confirm Email: eshani.suri99@testmail.com
2026-05-04 16:23:15,957 - INFO - Clicking Save & Next...
2026-05-04 16:23:15,979 - INFO - Chatbot elements hidden via CSS injection.
2026-05-04 16:23:17,758 - INFO - Step 1 Submitted.
2026-05-04 16:23:17,762 - INFO - Adding 1 Vehicle(s)...
2026-05-04 16:23:18,134 - INFO - Step 2 loaded successfully.
2026-05-04 16:23:18,171 - INFO - Chatbot elements hidden via CSS injection.
2026-05-04 16:23:19,388 - INFO - Filled Plate 1: QA7731GP
2026-05-04 16:23:23,771 - INFO - Filled Plate Start Date: 2026-05-04
2026-05-04 16:23:34,928 - INFO - Clicking 'Add' button for Vehicle 1...
2026-05-04 16:23:34,945 - INFO - Chatbot elements hidden via CSS injection.
2026-05-04 16:23:38,136 - INFO - Vehicle 1 added successfully.
2026-05-04 16:23:39,669 - INFO - Highlighting and clicking 'Next' button...
2026-05-04 16:23:39,693 - INFO - Chatbot elements hidden via CSS injection.
2026-05-04 16:23:42,434 - INFO - Captured Permanent Account Number: 2000011043
2026-05-04 16:23:42,434 - INFO - Account 2000011043 saved to SharedData.
2026-05-04 16:23:42,434 - INFO - Starting Step 3: Payment Information...
2026-05-04 16:23:42,456 - INFO - Chatbot elements hidden via CSS injection.
2026-05-04 16:23:46,559 - INFO - Filled Cardholder Name: fMOYPoXzUxJzawoKFQuPWRc
2026-05-04 16:23:48,032 - INFO - Filled Card Number: 3865144934351477
2026-05-04 16:23:49,594 - INFO - Filled Expiry Date: 05/28
2026-05-04 16:23:51,024 - INFO - Filled CVV: 822
2026-05-04 16:23:53,252 - INFO - Clicking 'Preview and Pay'...
2026-05-04 16:23:53,275 - INFO - Chatbot elements hidden via CSS injection.
2026-05-04 16:23:53,916 - INFO - Waiting for Payment Summary card...
2026-05-04 16:23:55,399 - INFO - Starting Final Confirmation Modal...
2026-05-04 16:23:56,529 - INFO - ✅ Account onboarding completed successfully.
2026-05-04 16:23:56,529 - INFO - Finalizing process: Clicking 'Account Summary' button...
2026-05-04 16:23:56,767 - INFO - Step 2: Creating case for account: 2000011043
2026-05-04 16:53:28,932 - INFO - Navigating to Login Page: http://operator-qa.qmaastech.com/
2026-05-04 16:53:31,608 - INFO - Attempting login for user: superadmin_qm@yopmail.com
2026-05-04 16:53:33,287 - INFO - Logging DOM elements BEFORE login click...
2026-05-04 16:53:33,287 - INFO - 
================================================================================
2026-05-04 16:53:33,287 - INFO - DOM SNAPSHOT AT STAGE: Before_Login
2026-05-04 16:53:33,287 - INFO - ================================================================================
2026-05-04 16:53:33,346 - INFO - 
Searching for pop-up elements in page content...
2026-05-04 16:53:33,635 - WARNING - ⚠ No known pop-up selectors found. Checking all visible divs...
2026-05-04 16:53:33,683 - INFO - Total DIV elements on page: 21
2026-05-04 16:53:34,188 - INFO -   Visible DIV 1: class='hero-pills' id='no-id' text='bolt
Real-time
smart_toy
AI-driven
hub
Multi-agenc'
2026-05-04 16:53:34,315 - INFO -   Visible DIV 2: class='auth-panel' id='no-id' text='Welcome Back

Sign in to your account to continue
'
2026-05-04 16:53:34,389 - INFO -   Visible DIV 3: class='auth-card' id='no-id' text='Welcome Back

Sign in to your account to continue
'
2026-05-04 16:53:34,476 - INFO -   Visible DIV 4: class='auth-step' id='no-id' text='Welcome Back

Sign in to your account to continue
'
2026-05-04 16:53:34,607 - INFO -   Visible DIV 5: class='field-wrap' id='no-id' text='Email ID / Username *
person'
2026-05-04 16:53:34,674 - INFO -   Visible DIV 6: class='input-shell' id='no-id' text='person'
2026-05-04 16:53:34,743 - INFO -   Visible DIV 7: class='field-wrap' id='no-id' text='Password *
lock
visibility_off'
2026-05-04 16:53:34,839 - INFO -   Visible DIV 8: class='input-shell' id='no-id' text='lock
visibility_off'
2026-05-04 16:53:34,927 - INFO -   Visible DIV 9: class='auth-bottom-links' id='no-id' text='New user?  Access Account

Forgot password?'
2026-05-04 16:53:34,975 - INFO - 
================================================================================

2026-05-04 16:53:35,550 - INFO - Login button clicked.
2026-05-04 16:53:35,550 - INFO - Taking rapid screenshots and validating pop-up...
2026-05-04 16:53:36,130 - INFO - Screenshot 1 captured - Attempting validation...
2026-05-04 16:53:36,144 - INFO - 
================================================================================
2026-05-04 16:53:36,145 - INFO - STARTING COMPREHENSIVE POP-UP VALIDATION
2026-05-04 16:53:36,146 - INFO - ================================================================================
2026-05-04 16:53:36,164 - INFO - 
[VALIDATION 1] Checking Pop-up Visibility...
2026-05-04 16:53:36,180 - INFO -   Visibility Status: True
2026-05-04 16:53:36,180 - INFO -   PASSED: Pop-up is visible
2026-05-04 16:53:36,180 - INFO - 
[VALIDATION 2] Extracting and Validating Text Content...
2026-05-04 16:53:36,196 - INFO -   Extracted Text: 'Login Successful'
2026-05-04 16:53:36,196 - INFO -   PASSED: Text matches exactly: 'Login Successful'
2026-05-04 16:53:36,210 - INFO - 
[VALIDATION 3] Checking for Typos...
2026-05-04 16:53:36,210 - INFO -   PASSED: No known typos detected
2026-05-04 16:53:36,211 - INFO - 
[VALIDATION 4] Extracting CSS Classes and Attributes...
2026-05-04 16:53:36,231 - INFO -   CSS Classes: snackbar success-snackbar
2026-05-04 16:53:36,231 - INFO -   PASSED: 'success' class is present
2026-05-04 16:53:36,231 - INFO - 
[VALIDATION 5] Checking Element Properties...
2026-05-04 16:53:36,319 - INFO -   ID: Not set
2026-05-04 16:53:36,319 - INFO -   Data-TestID: Not set
2026-05-04 16:53:36,319 - INFO -   Role: Not set
2026-05-04 16:53:36,319 - INFO -   ARIA Label: Not set
2026-05-04 16:53:36,319 - INFO - 
[VALIDATION 6] Checking Position and Size...
2026-05-04 16:53:36,329 - INFO -   X: 1230, Y: 20
2026-05-04 16:53:36,329 - INFO -   Width: 250, Height: 43.5
2026-05-04 16:53:36,329 - INFO -   PASSED: Element has valid dimensions
2026-05-04 16:53:36,329 - INFO - 
[VALIDATION 7] Checking Computed Styles...
2026-05-04 16:53:36,363 - INFO -   Display: block
2026-05-04 16:53:36,363 - INFO -   Opacity: 1
2026-05-04 16:53:36,363 - INFO -   PASSED: Element is displayed with proper opacity
2026-05-04 16:53:36,363 - INFO - 
================================================================================
2026-05-04 16:53:36,363 - INFO - POP-UP VALIDATION SUMMARY
2026-05-04 16:53:36,363 - INFO - ================================================================================
2026-05-04 16:53:36,377 - INFO -   Visibility: PASSED
2026-05-04 16:53:36,377 - INFO -   Text Match: PASSED
2026-05-04 16:53:36,378 - INFO -   Typo Check: PASSED
2026-05-04 16:53:36,378 - INFO -   CSS Classes: Present
2026-05-04 16:53:36,379 - INFO -   Position & Size: Valid
2026-05-04 16:53:36,379 - INFO -   Computed Styles: Valid
2026-05-04 16:53:36,379 - INFO - ================================================================================

2026-05-04 16:53:36,379 - INFO - ✓ ALL VALIDATIONS PASSED - Pop-up is working correctly!
2026-05-04 16:53:36,840 - INFO - Screenshot 2 captured - Attempting validation...
2026-05-04 16:53:36,841 - INFO - 
================================================================================
2026-05-04 16:53:36,841 - INFO - STARTING COMPREHENSIVE POP-UP VALIDATION
2026-05-04 16:53:36,842 - INFO - ================================================================================
2026-05-04 16:53:36,862 - ERROR - VALIDATION FAILED: Pop-up element not found!
2026-05-04 16:53:38,185 - INFO - Screenshot 3 captured - Attempting validation...
2026-05-04 16:53:38,186 - INFO - 
================================================================================
2026-05-04 16:53:38,187 - INFO - STARTING COMPREHENSIVE POP-UP VALIDATION
2026-05-04 16:53:38,187 - INFO - ================================================================================
2026-05-04 16:53:38,216 - ERROR - VALIDATION FAILED: Pop-up element not found!
2026-05-04 16:53:38,345 - INFO - Logging DOM elements AFTER login click (pop-up should appear here)...
2026-05-04 16:53:38,347 - INFO - 
================================================================================
2026-05-04 16:53:38,347 - INFO - DOM SNAPSHOT AT STAGE: After_Login_Click
2026-05-04 16:53:38,347 - INFO - ================================================================================
2026-05-04 16:53:38,367 - INFO - 
Searching for pop-up elements in page content...
2026-05-04 16:53:38,634 - WARNING - ⚠ No known pop-up selectors found. Checking all visible divs...
2026-05-04 16:53:38,688 - INFO - Total DIV elements on page: 29
2026-05-04 16:53:38,869 - INFO -   Visible DIV 1: class='header-right' id='no-id' text='English
French
Spanish
Quantum Toll Authority
supe'
2026-05-04 16:53:38,967 - INFO -   Visible DIV 2: class='nav-user' id='no-id' text='Quantum Toll Authority
superadmin_qm@yopmail.com'
2026-05-04 16:53:39,095 - INFO -   Visible DIV 3: class='nav-user-info' id='no-id' text='Quantum Toll Authority
superadmin_qm@yopmail.com'
2026-05-04 16:53:39,184 - INFO -   Visible DIV 4: class='uname' id='no-id' text='Quantum Toll Authority'
2026-05-04 16:53:39,270 - INFO -   Visible DIV 5: class='urole' id='no-id' text='superadmin_qm@yopmail.com'
2026-05-04 16:53:39,357 - INFO -   Visible DIV 6: class='main-container' id='no-id' text='dashboard_2
group
decimal_increase
admin_panel_set'
2026-05-04 16:53:39,465 - INFO -   Visible DIV 7: class='inner' id='no-id' text='dashboard_2'
2026-05-04 16:53:39,555 - INFO -   Visible DIV 8: class='inner' id='no-id' text='group'
2026-05-04 16:53:39,673 - INFO -   Visible DIV 9: class='inner' id='no-id' text='decimal_increase'
2026-05-04 16:53:39,778 - INFO -   Visible DIV 10: class='inner' id='no-id' text='admin_panel_settings'
2026-05-04 16:53:39,885 - INFO -   Visible DIV 11: class='inner' id='no-id' text='nest_doorbell_visitor'
2026-05-04 16:53:39,994 - INFO -   Visible DIV 12: class='inner' id='no-id' text='key_visualizer'
2026-05-04 16:53:40,015 - INFO - 
================================================================================

2026-05-04 16:53:40,452 - INFO - Waiting for dashboard URL...
2026-05-04 16:53:40,453 - INFO - 
================================================================================
2026-05-04 16:53:40,453 - INFO - DOM SNAPSHOT AT STAGE: Before_Dashboard_Navigation
2026-05-04 16:53:40,454 - INFO - ================================================================================
2026-05-04 16:53:40,464 - INFO - 
Searching for pop-up elements in page content...
2026-05-04 16:53:40,688 - WARNING - ⚠ No known pop-up selectors found. Checking all visible divs...
2026-05-04 16:53:40,717 - INFO - Total DIV elements on page: 29
2026-05-04 16:53:40,844 - INFO -   Visible DIV 1: class='header-right' id='no-id' text='English
French
Spanish
Quantum Toll Authority
supe'
2026-05-04 16:53:40,915 - INFO -   Visible DIV 2: class='nav-user' id='no-id' text='Quantum Toll Authority
superadmin_qm@yopmail.com'
2026-05-04 16:53:41,015 - INFO -   Visible DIV 3: class='nav-user-info' id='no-id' text='Quantum Toll Authority
superadmin_qm@yopmail.com'
2026-05-04 16:53:41,080 - INFO -   Visible DIV 4: class='uname' id='no-id' text='Quantum Toll Authority'
2026-05-04 16:53:41,131 - INFO -   Visible DIV 5: class='urole' id='no-id' text='superadmin_qm@yopmail.com'
2026-05-04 16:53:41,196 - INFO -   Visible DIV 6: class='main-container' id='no-id' text='dashboard_2
group
decimal_increase
admin_panel_set'
2026-05-04 16:53:41,263 - INFO -   Visible DIV 7: class='inner' id='no-id' text='dashboard_2'
2026-05-04 16:53:41,347 - INFO -   Visible DIV 8: class='inner' id='no-id' text='group'
2026-05-04 16:53:41,447 - INFO -   Visible DIV 9: class='inner' id='no-id' text='decimal_increase'
2026-05-04 16:53:41,548 - INFO -   Visible DIV 10: class='inner' id='no-id' text='admin_panel_settings'
2026-05-04 16:53:41,630 - INFO -   Visible DIV 11: class='inner' id='no-id' text='nest_doorbell_visitor'
2026-05-04 16:53:41,730 - INFO -   Visible DIV 12: class='inner' id='no-id' text='key_visualizer'
2026-05-04 16:53:41,747 - INFO - 
================================================================================

2026-05-04 16:53:41,764 - INFO - Login SUCCESS: Dashboard URL reached.
2026-05-04 16:53:42,289 - INFO - 
================================================================================
2026-05-04 16:53:42,289 - INFO - DOM SNAPSHOT AT STAGE: After_Dashboard_Loaded
2026-05-04 16:53:42,289 - INFO - ================================================================================
2026-05-04 16:53:42,305 - INFO - 
Searching for pop-up elements in page content...
2026-05-04 16:53:42,505 - WARNING - ⚠ No known pop-up selectors found. Checking all visible divs...
2026-05-04 16:53:42,552 - INFO - Total DIV elements on page: 29
2026-05-04 16:53:42,691 - INFO -   Visible DIV 1: class='header-right' id='no-id' text='English
French
Spanish
Quantum Toll Authority
supe'
2026-05-04 16:53:42,777 - INFO -   Visible DIV 2: class='nav-user' id='no-id' text='Quantum Toll Authority
superadmin_qm@yopmail.com'
2026-05-04 16:53:42,877 - INFO -   Visible DIV 3: class='nav-user-info' id='no-id' text='Quantum Toll Authority
superadmin_qm@yopmail.com'
2026-05-04 16:53:42,962 - INFO -   Visible DIV 4: class='uname' id='no-id' text='Quantum Toll Authority'
2026-05-04 16:53:43,029 - INFO -   Visible DIV 5: class='urole' id='no-id' text='superadmin_qm@yopmail.com'
2026-05-04 16:53:43,097 - INFO -   Visible DIV 6: class='main-container' id='no-id' text='dashboard_2
group
decimal_increase
admin_panel_set'
2026-05-04 16:53:43,163 - INFO -   Visible DIV 7: class='inner' id='no-id' text='dashboard_2'
2026-05-04 16:53:43,233 - INFO -   Visible DIV 8: class='inner' id='no-id' text='group'
2026-05-04 16:53:43,334 - INFO -   Visible DIV 9: class='inner' id='no-id' text='decimal_increase'
2026-05-04 16:53:43,444 - INFO -   Visible DIV 10: class='inner' id='no-id' text='admin_panel_settings'
2026-05-04 16:53:43,531 - INFO -   Visible DIV 11: class='inner' id='no-id' text='nest_doorbell_visitor'
2026-05-04 16:53:43,612 - INFO -   Visible DIV 12: class='inner' id='no-id' text='key_visualizer'
2026-05-04 16:53:43,638 - INFO - 
================================================================================

2026-05-04 16:53:43,638 - INFO - Checking for dashboard header 'Welcome to QM Toll portal!'...
2026-05-04 16:53:43,677 - INFO - ✅ Dashboard header found with selector: h4:has-text("Welcome to QM Toll portal!")
2026-05-04 16:53:43,677 - INFO -    Header text: 'Welcome to QM Toll portal!'
2026-05-04 16:53:43,689 - INFO - ✅ DASHBOARD VALIDATION PASSED: 'Welcome to QM Toll portal!' header found
2026-05-04 16:53:45,067 - INFO - Step 1: Navigating and Starting Onboarding...
2026-05-04 16:53:45,067 - INFO - Executing Sidebar Navigation Sequence...
2026-05-04 16:53:47,952 - INFO - Filling Step 1: Account Details...
2026-05-04 16:53:51,794 - INFO - Filled First Name: Umang
2026-05-04 16:53:52,980 - INFO - Filled Middle Name: QA Team
2026-05-04 16:53:54,147 - INFO - Filled Last Name: Mall
2026-05-04 16:53:55,314 - INFO - Checked: Use Same for Billing
2026-05-04 16:53:56,461 - INFO - Checked: Use Same for Shipping
2026-05-04 16:53:57,628 - INFO - Checked: Primary Address
2026-05-04 16:54:01,501 - INFO - Filled Address: 123 Automation Blvd
2026-05-04 16:54:02,712 - INFO - Filled Zip Code: 12345
2026-05-04 16:54:04,464 - INFO - Filled Phone: 7691680443
2026-05-04 16:54:05,678 - INFO - Filled Email: umang.mall37@testmail.com
2026-05-04 16:54:06,851 - INFO - Filled Confirm Email: umang.mall37@testmail.com
2026-05-04 16:54:06,851 - INFO - Clicking Save & Next...
2026-05-04 16:54:06,851 - INFO - Chatbot elements hidden via CSS injection.
2026-05-04 16:54:08,596 - INFO - Step 1 Submitted.
2026-05-04 16:54:08,600 - INFO - Adding 1 Vehicle(s)...
2026-05-04 16:54:09,037 - INFO - Step 2 loaded successfully.
2026-05-04 16:54:09,054 - INFO - Chatbot elements hidden via CSS injection.
2026-05-04 16:54:10,260 - INFO - Filled Plate 1: QA7777GP
2026-05-04 16:54:14,651 - INFO - Filled Plate Start Date: 2026-05-04
2026-05-04 16:54:25,825 - INFO - Clicking 'Add' button for Vehicle 1...
2026-05-04 16:54:25,841 - INFO - Chatbot elements hidden via CSS injection.
2026-05-04 16:54:29,059 - INFO - Vehicle 1 added successfully.
2026-05-04 16:54:30,589 - INFO - Highlighting and clicking 'Next' button...
2026-05-04 16:54:30,607 - INFO - Chatbot elements hidden via CSS injection.
2026-05-04 16:54:33,372 - INFO - Captured Permanent Account Number: 2000011045
2026-05-04 16:54:33,380 - INFO - Account 2000011045 saved to SharedData.
2026-05-04 16:54:33,380 - INFO - Starting Step 3: Payment Information...
2026-05-04 16:54:33,404 - INFO - Chatbot elements hidden via CSS injection.
2026-05-04 16:54:37,536 - INFO - Filled Cardholder Name: LqbLVWtWHLSslwKXJkuMwMHmdTCLOgmlToXLzpgTTJ
2026-05-04 16:54:38,995 - INFO - Filled Card Number: 8631930900791191
2026-05-04 16:54:40,491 - INFO - Filled Expiry Date: 05/28
2026-05-04 16:54:41,966 - INFO - Filled CVV: 542
2026-05-04 16:54:44,276 - INFO - Clicking 'Preview and Pay'...
2026-05-04 16:54:44,292 - INFO - Chatbot elements hidden via CSS injection.
2026-05-04 16:54:44,993 - INFO - Waiting for Payment Summary card...
2026-05-04 16:54:46,492 - INFO - Starting Final Confirmation Modal...
2026-05-04 16:54:47,351 - INFO - ✅ Account onboarding completed successfully.
2026-05-04 16:54:47,353 - INFO - Finalizing process: Clicking 'Account Summary' button...
2026-05-04 16:54:47,620 - INFO - Step 2: Creating case for account: 2000011045
2026-05-04 16:56:14,744 - INFO - Navigating to Login Page: http://operator-qa.qmaastech.com/
2026-05-04 16:56:18,020 - INFO - Attempting login for user: superadmin_qm@yopmail.com
2026-05-04 16:56:19,664 - INFO - Logging DOM elements BEFORE login click...
2026-05-04 16:56:19,678 - INFO - 
================================================================================
2026-05-04 16:56:19,680 - INFO - DOM SNAPSHOT AT STAGE: Before_Login
2026-05-04 16:56:19,681 - INFO - ================================================================================
2026-05-04 16:56:19,719 - INFO - 
Searching for pop-up elements in page content...
2026-05-04 16:56:20,065 - WARNING - ⚠ No known pop-up selectors found. Checking all visible divs...
2026-05-04 16:56:20,106 - INFO - Total DIV elements on page: 21
2026-05-04 16:56:20,431 - INFO -   Visible DIV 1: class='hero-pills' id='no-id' text='bolt
Real-time
smart_toy
AI-driven
hub
Multi-agenc'
2026-05-04 16:56:20,527 - INFO -   Visible DIV 2: class='auth-panel' id='no-id' text='Welcome Back

Sign in to your account to continue
'
2026-05-04 16:56:20,615 - INFO -   Visible DIV 3: class='auth-card' id='no-id' text='Welcome Back

Sign in to your account to continue
'
2026-05-04 16:56:20,692 - INFO -   Visible DIV 4: class='auth-step' id='no-id' text='Welcome Back

Sign in to your account to continue
'
2026-05-04 16:56:20,795 - INFO -   Visible DIV 5: class='field-wrap' id='no-id' text='Email ID / Username *
person'
2026-05-04 16:56:20,862 - INFO -   Visible DIV 6: class='input-shell' id='no-id' text='person'
2026-05-04 16:56:20,980 - INFO -   Visible DIV 7: class='field-wrap' id='no-id' text='Password *
lock
visibility_off'
2026-05-04 16:56:21,045 - INFO -   Visible DIV 8: class='input-shell' id='no-id' text='lock
visibility_off'
2026-05-04 16:56:21,124 - INFO -   Visible DIV 9: class='auth-bottom-links' id='no-id' text='New user?  Access Account

Forgot password?'
2026-05-04 16:56:21,171 - INFO - 
================================================================================

2026-05-04 16:56:21,737 - INFO - Login button clicked.
2026-05-04 16:56:21,743 - INFO - Taking rapid screenshots and validating pop-up...
2026-05-04 16:56:22,287 - INFO - Screenshot 1 captured - Attempting validation...
2026-05-04 16:56:22,289 - INFO - 
================================================================================
2026-05-04 16:56:22,292 - INFO - STARTING COMPREHENSIVE POP-UP VALIDATION
2026-05-04 16:56:22,295 - INFO - ================================================================================
2026-05-04 16:56:22,354 - INFO - 
[VALIDATION 1] Checking Pop-up Visibility...
2026-05-04 16:56:22,383 - INFO -   Visibility Status: True
2026-05-04 16:56:22,383 - INFO -   PASSED: Pop-up is visible
2026-05-04 16:56:22,383 - INFO - 
[VALIDATION 2] Extracting and Validating Text Content...
2026-05-04 16:56:22,402 - INFO -   Extracted Text: 'Login Successful'
2026-05-04 16:56:22,402 - INFO -   PASSED: Text matches exactly: 'Login Successful'
2026-05-04 16:56:22,402 - INFO - 
[VALIDATION 3] Checking for Typos...
2026-05-04 16:56:22,402 - INFO -   PASSED: No known typos detected
2026-05-04 16:56:22,402 - INFO - 
[VALIDATION 4] Extracting CSS Classes and Attributes...
2026-05-04 16:56:22,433 - INFO -   CSS Classes: snackbar success-snackbar
2026-05-04 16:56:22,433 - INFO -   PASSED: 'success' class is present
2026-05-04 16:56:22,433 - INFO - 
[VALIDATION 5] Checking Element Properties...
2026-05-04 16:56:22,516 - INFO -   ID: Not set
2026-05-04 16:56:22,516 - INFO -   Data-TestID: Not set
2026-05-04 16:56:22,516 - INFO -   Role: Not set
2026-05-04 16:56:22,516 - INFO -   ARIA Label: Not set
2026-05-04 16:56:22,531 - INFO - 
[VALIDATION 6] Checking Position and Size...
2026-05-04 16:56:22,533 - INFO -   X: 1248.885986328125, Y: 20
2026-05-04 16:56:22,533 - INFO -   Width: 250, Height: 43.5
2026-05-04 16:56:22,533 - INFO -   PASSED: Element has valid dimensions
2026-05-04 16:56:22,548 - INFO - 
[VALIDATION 7] Checking Computed Styles...
2026-05-04 16:56:22,589 - INFO -   Display: block
2026-05-04 16:56:22,589 - INFO -   Opacity: 0.994492
2026-05-04 16:56:22,597 - INFO -   PASSED: Element is displayed with proper opacity
2026-05-04 16:56:22,598 - INFO - 
================================================================================
2026-05-04 16:56:22,599 - INFO - POP-UP VALIDATION SUMMARY
2026-05-04 16:56:22,601 - INFO - ================================================================================
2026-05-04 16:56:22,603 - INFO -   Visibility: PASSED
2026-05-04 16:56:22,603 - INFO -   Text Match: PASSED
2026-05-04 16:56:22,603 - INFO -   Typo Check: PASSED
2026-05-04 16:56:22,603 - INFO -   CSS Classes: Present
2026-05-04 16:56:22,603 - INFO -   Position & Size: Valid
2026-05-04 16:56:22,603 - INFO -   Computed Styles: Valid
2026-05-04 16:56:22,603 - INFO - ================================================================================

2026-05-04 16:56:22,603 - INFO - ✓ ALL VALIDATIONS PASSED - Pop-up is working correctly!
2026-05-04 16:56:22,986 - INFO - Screenshot 2 captured - Attempting validation...
2026-05-04 16:56:22,986 - INFO - 
================================================================================
2026-05-04 16:56:22,986 - INFO - STARTING COMPREHENSIVE POP-UP VALIDATION
2026-05-04 16:56:22,986 - INFO - ================================================================================
2026-05-04 16:56:23,098 - ERROR - VALIDATION FAILED: Pop-up element not found!
2026-05-04 16:56:24,684 - INFO - Screenshot 3 captured - Attempting validation...
2026-05-04 16:56:24,685 - INFO - 
================================================================================
2026-05-04 16:56:24,685 - INFO - STARTING COMPREHENSIVE POP-UP VALIDATION
2026-05-04 16:56:24,685 - INFO - ================================================================================
2026-05-04 16:56:24,711 - ERROR - VALIDATION FAILED: Pop-up element not found!
2026-05-04 16:56:24,834 - INFO - Logging DOM elements AFTER login click (pop-up should appear here)...
2026-05-04 16:56:24,835 - INFO - 
================================================================================
2026-05-04 16:56:24,836 - INFO - DOM SNAPSHOT AT STAGE: After_Login_Click
2026-05-04 16:56:24,836 - INFO - ================================================================================
2026-05-04 16:56:24,859 - INFO - 
Searching for pop-up elements in page content...
2026-05-04 16:56:25,119 - WARNING - ⚠ No known pop-up selectors found. Checking all visible divs...
2026-05-04 16:56:25,178 - INFO - Total DIV elements on page: 29
2026-05-04 16:56:25,374 - INFO -   Visible DIV 1: class='header-right' id='no-id' text='English
French
Spanish
Quantum Toll Authority
supe'
2026-05-04 16:56:25,472 - INFO -   Visible DIV 2: class='nav-user' id='no-id' text='Quantum Toll Authority
superadmin_qm@yopmail.com'
2026-05-04 16:56:25,605 - INFO -   Visible DIV 3: class='nav-user-info' id='no-id' text='Quantum Toll Authority
superadmin_qm@yopmail.com'
2026-05-04 16:56:25,687 - INFO -   Visible DIV 4: class='uname' id='no-id' text='Quantum Toll Authority'
2026-05-04 16:56:25,781 - INFO -   Visible DIV 5: class='urole' id='no-id' text='superadmin_qm@yopmail.com'
2026-05-04 16:56:25,872 - INFO -   Visible DIV 6: class='main-container' id='no-id' text='dashboard_2
group
decimal_increase
admin_panel_set'
2026-05-04 16:56:25,961 - INFO -   Visible DIV 7: class='inner' id='no-id' text='dashboard_2'
2026-05-04 16:56:26,049 - INFO -   Visible DIV 8: class='inner' id='no-id' text='group'
2026-05-04 16:56:26,150 - INFO -   Visible DIV 9: class='inner' id='no-id' text='decimal_increase'
2026-05-04 16:56:26,263 - INFO -   Visible DIV 10: class='inner' id='no-id' text='admin_panel_settings'
2026-05-04 16:56:26,376 - INFO -   Visible DIV 11: class='inner' id='no-id' text='nest_doorbell_visitor'
2026-05-04 16:56:26,481 - INFO -   Visible DIV 12: class='inner' id='no-id' text='key_visualizer'
2026-05-04 16:56:26,506 - INFO - 
================================================================================

2026-05-04 16:56:26,768 - INFO - Waiting for dashboard URL...
2026-05-04 16:56:26,771 - INFO - 
================================================================================
2026-05-04 16:56:26,772 - INFO - DOM SNAPSHOT AT STAGE: Before_Dashboard_Navigation
2026-05-04 16:56:26,773 - INFO - ================================================================================
2026-05-04 16:56:26,800 - INFO - 
Searching for pop-up elements in page content...
2026-05-04 16:56:27,012 - WARNING - ⚠ No known pop-up selectors found. Checking all visible divs...
2026-05-04 16:56:27,043 - INFO - Total DIV elements on page: 29
2026-05-04 16:56:27,170 - INFO -   Visible DIV 1: class='header-right' id='no-id' text='English
French
Spanish
Quantum Toll Authority
supe'
2026-05-04 16:56:27,250 - INFO -   Visible DIV 2: class='nav-user' id='no-id' text='Quantum Toll Authority
superadmin_qm@yopmail.com'
2026-05-04 16:56:27,333 - INFO -   Visible DIV 3: class='nav-user-info' id='no-id' text='Quantum Toll Authority
superadmin_qm@yopmail.com'
2026-05-04 16:56:27,390 - INFO -   Visible DIV 4: class='uname' id='no-id' text='Quantum Toll Authority'
2026-05-04 16:56:27,467 - INFO -   Visible DIV 5: class='urole' id='no-id' text='superadmin_qm@yopmail.com'
2026-05-04 16:56:27,531 - INFO -   Visible DIV 6: class='main-container' id='no-id' text='dashboard_2
group
decimal_increase
admin_panel_set'
2026-05-04 16:56:27,600 - INFO -   Visible DIV 7: class='inner' id='no-id' text='dashboard_2'
2026-05-04 16:56:27,666 - INFO -   Visible DIV 8: class='inner' id='no-id' text='group'
2026-05-04 16:56:27,750 - INFO -   Visible DIV 9: class='inner' id='no-id' text='decimal_increase'
2026-05-04 16:56:27,833 - INFO -   Visible DIV 10: class='inner' id='no-id' text='admin_panel_settings'
2026-05-04 16:56:27,938 - INFO -   Visible DIV 11: class='inner' id='no-id' text='nest_doorbell_visitor'
2026-05-04 16:56:28,022 - INFO -   Visible DIV 12: class='inner' id='no-id' text='key_visualizer'
2026-05-04 16:56:28,033 - INFO - 
================================================================================

2026-05-04 16:56:28,064 - INFO - Login SUCCESS: Dashboard URL reached.
2026-05-04 16:56:28,583 - INFO - 
================================================================================
2026-05-04 16:56:28,584 - INFO - DOM SNAPSHOT AT STAGE: After_Dashboard_Loaded
2026-05-04 16:56:28,584 - INFO - ================================================================================
2026-05-04 16:56:28,601 - INFO - 
Searching for pop-up elements in page content...
2026-05-04 16:56:28,806 - WARNING - ⚠ No known pop-up selectors found. Checking all visible divs...
2026-05-04 16:56:28,836 - INFO - Total DIV elements on page: 29
2026-05-04 16:56:29,001 - INFO -   Visible DIV 1: class='header-right' id='no-id' text='English
French
Spanish
Quantum Toll Authority
supe'
2026-05-04 16:56:29,100 - INFO -   Visible DIV 2: class='nav-user' id='no-id' text='Quantum Toll Authority
superadmin_qm@yopmail.com'
2026-05-04 16:56:29,300 - INFO -   Visible DIV 3: class='nav-user-info' id='no-id' text='Quantum Toll Authority
superadmin_qm@yopmail.com'
2026-05-04 16:56:29,401 - INFO -   Visible DIV 4: class='uname' id='no-id' text='Quantum Toll Authority'
2026-05-04 16:56:29,518 - INFO -   Visible DIV 5: class='urole' id='no-id' text='superadmin_qm@yopmail.com'
2026-05-04 16:56:29,667 - INFO -   Visible DIV 6: class='main-container' id='no-id' text='dashboard_2
group
decimal_increase
admin_panel_set'
2026-05-04 16:56:29,769 - INFO -   Visible DIV 7: class='inner' id='no-id' text='dashboard_2'
2026-05-04 16:56:29,938 - INFO -   Visible DIV 8: class='inner' id='no-id' text='group'
2026-05-04 16:56:30,095 - INFO -   Visible DIV 9: class='inner' id='no-id' text='decimal_increase'
2026-05-04 16:56:30,245 - INFO -   Visible DIV 10: class='inner' id='no-id' text='admin_panel_settings'
2026-05-04 16:56:30,348 - INFO -   Visible DIV 11: class='inner' id='no-id' text='nest_doorbell_visitor'
2026-05-04 16:56:30,467 - INFO -   Visible DIV 12: class='inner' id='no-id' text='key_visualizer'
2026-05-04 16:56:30,503 - INFO - 
================================================================================

2026-05-04 16:56:30,507 - INFO - Checking for dashboard header 'Welcome to QM Toll portal!'...
2026-05-04 16:56:30,658 - INFO - ✅ Dashboard header found with selector: h4:has-text("Welcome to QM Toll portal!")
2026-05-04 16:56:30,660 - INFO -    Header text: 'Welcome to QM Toll portal!'
2026-05-04 16:56:30,661 - INFO - ✅ DASHBOARD VALIDATION PASSED: 'Welcome to QM Toll portal!' header found
2026-05-04 16:56:31,384 - INFO - Step 1: Navigating and Starting Onboarding...
2026-05-04 16:56:31,384 - INFO - Executing Sidebar Navigation Sequence...
2026-05-04 16:56:34,259 - INFO - Filling Step 1: Account Details...
2026-05-04 16:56:37,458 - INFO - Filled First Name: Nirvi
2026-05-04 16:56:38,607 - INFO - Filled Middle Name: QA Team
2026-05-04 16:56:39,777 - INFO - Filled Last Name: Sengupta
2026-05-04 16:56:40,957 - INFO - Checked: Use Same for Billing
2026-05-04 16:56:42,154 - INFO - Checked: Use Same for Shipping
2026-05-04 16:56:43,279 - INFO - Checked: Primary Address
2026-05-04 16:56:47,102 - INFO - Filled Address: 123 Automation Blvd
2026-05-04 16:56:48,252 - INFO - Filled Zip Code: 12345
2026-05-04 16:56:49,952 - INFO - Filled Phone: 7628698655
2026-05-04 16:56:51,135 - INFO - Filled Email: nirvi.sengupta50@testmail.com
2026-05-04 16:56:52,287 - INFO - Filled Confirm Email: nirvi.sengupta50@testmail.com
2026-05-04 16:56:52,287 - INFO - Clicking Save & Next...
2026-05-04 16:56:52,302 - INFO - Chatbot elements hidden via CSS injection.
2026-05-04 16:56:54,096 - INFO - Step 1 Submitted.
2026-05-04 16:56:54,096 - INFO - Adding 1 Vehicle(s)...
2026-05-04 16:56:54,475 - INFO - Step 2 loaded successfully.
2026-05-04 16:56:54,496 - INFO - Chatbot elements hidden via CSS injection.
2026-05-04 16:56:55,780 - INFO - Filled Plate 1: QA5799GP
2026-05-04 16:57:00,163 - INFO - Filled Plate Start Date: 2026-05-04
2026-05-04 16:57:11,353 - INFO - Clicking 'Add' button for Vehicle 1...
2026-05-04 16:57:11,369 - INFO - Chatbot elements hidden via CSS injection.
2026-05-04 16:57:14,605 - INFO - Vehicle 1 added successfully.
2026-05-04 16:57:16,133 - INFO - Highlighting and clicking 'Next' button...
2026-05-04 16:57:16,152 - INFO - Chatbot elements hidden via CSS injection.
2026-05-04 16:57:18,873 - INFO - Captured Permanent Account Number: 2000011046
2026-05-04 16:57:18,873 - INFO - Account 2000011046 saved to SharedData.
2026-05-04 16:57:18,873 - INFO - Starting Step 3: Payment Information...
2026-05-04 16:57:18,910 - INFO - Chatbot elements hidden via CSS injection.
2026-05-04 16:57:23,037 - INFO - Filled Cardholder Name: FxxBPIhBGwbiPVJyDKxleO
2026-05-04 16:57:24,502 - INFO - Filled Card Number: 8301619259055063
2026-05-04 16:57:25,999 - INFO - Filled Expiry Date: 05/28
2026-05-04 16:57:27,480 - INFO - Filled CVV: 795
2026-05-04 16:57:29,750 - INFO - Clicking 'Preview and Pay'...
2026-05-04 16:57:29,767 - INFO - Chatbot elements hidden via CSS injection.
2026-05-04 16:57:30,458 - INFO - Waiting for Payment Summary card...
2026-05-04 16:57:31,888 - INFO - Starting Final Confirmation Modal...
2026-05-04 16:57:32,993 - INFO - ✅ Account onboarding completed successfully.
2026-05-04 16:57:33,000 - INFO - Finalizing process: Clicking 'Account Summary' button...
2026-05-04 16:57:33,221 - INFO - Step 2: Creating case for account: 2000011046
2026-05-04 17:08:05,853 - INFO - Navigating to Login Page: http://operator-qa.qmaastech.com/
2026-05-04 17:08:08,934 - INFO - Attempting login for user: superadmin_qm@yopmail.com
2026-05-04 17:08:10,622 - INFO - Logging DOM elements BEFORE login click...
2026-05-04 17:08:10,622 - INFO - 
================================================================================
2026-05-04 17:08:10,622 - INFO - DOM SNAPSHOT AT STAGE: Before_Login
2026-05-04 17:08:10,622 - INFO - ================================================================================
2026-05-04 17:08:10,653 - INFO - 
Searching for pop-up elements in page content...
2026-05-04 17:08:11,071 - WARNING - ⚠ No known pop-up selectors found. Checking all visible divs...
2026-05-04 17:08:11,132 - INFO - Total DIV elements on page: 21
2026-05-04 17:08:11,771 - INFO -   Visible DIV 1: class='hero-pills' id='no-id' text='bolt
Real-time
smart_toy
AI-driven
hub
Multi-agenc'
2026-05-04 17:08:11,960 - INFO -   Visible DIV 2: class='auth-panel' id='no-id' text='Welcome Back

Sign in to your account to continue
'
2026-05-04 17:08:12,093 - INFO -   Visible DIV 3: class='auth-card' id='no-id' text='Welcome Back

Sign in to your account to continue
'
2026-05-04 17:08:12,191 - INFO -   Visible DIV 4: class='auth-step' id='no-id' text='Welcome Back

Sign in to your account to continue
'
2026-05-04 17:08:12,323 - INFO -   Visible DIV 5: class='field-wrap' id='no-id' text='Email ID / Username *
person'
2026-05-04 17:08:12,393 - INFO -   Visible DIV 6: class='input-shell' id='no-id' text='person'
2026-05-04 17:08:12,494 - INFO -   Visible DIV 7: class='field-wrap' id='no-id' text='Password *
lock
visibility_off'
2026-05-04 17:08:12,600 - INFO -   Visible DIV 8: class='input-shell' id='no-id' text='lock
visibility_off'
2026-05-04 17:08:12,680 - INFO -   Visible DIV 9: class='auth-bottom-links' id='no-id' text='New user?  Access Account

Forgot password?'
2026-05-04 17:08:12,714 - INFO - 
================================================================================

2026-05-04 17:08:13,295 - INFO - Login button clicked.
2026-05-04 17:08:13,299 - INFO - Taking rapid screenshots and validating pop-up...
2026-05-04 17:08:13,955 - INFO - Screenshot 1 captured - Attempting validation...
2026-05-04 17:08:13,955 - INFO - 
================================================================================
2026-05-04 17:08:13,957 - INFO - STARTING COMPREHENSIVE POP-UP VALIDATION
2026-05-04 17:08:13,957 - INFO - ================================================================================
2026-05-04 17:08:13,984 - INFO - 
[VALIDATION 1] Checking Pop-up Visibility...
2026-05-04 17:08:14,002 - INFO -   Visibility Status: True
2026-05-04 17:08:14,002 - INFO -   PASSED: Pop-up is visible
2026-05-04 17:08:14,002 - INFO - 
[VALIDATION 2] Extracting and Validating Text Content...
2026-05-04 17:08:14,017 - INFO -   Extracted Text: 'Login Successful'
2026-05-04 17:08:14,017 - INFO -   PASSED: Text matches exactly: 'Login Successful'
2026-05-04 17:08:14,030 - INFO - 
[VALIDATION 3] Checking for Typos...
2026-05-04 17:08:14,032 - INFO -   PASSED: No known typos detected
2026-05-04 17:08:14,032 - INFO - 
[VALIDATION 4] Extracting CSS Classes and Attributes...
2026-05-04 17:08:14,050 - INFO -   CSS Classes: snackbar success-snackbar
2026-05-04 17:08:14,063 - INFO -   PASSED: 'success' class is present
2026-05-04 17:08:14,063 - INFO - 
[VALIDATION 5] Checking Element Properties...
2026-05-04 17:08:14,165 - INFO -   ID: Not set
2026-05-04 17:08:14,165 - INFO -   Data-TestID: Not set
2026-05-04 17:08:14,165 - INFO -   Role: Not set
2026-05-04 17:08:14,165 - INFO -   ARIA Label: Not set
2026-05-04 17:08:14,165 - INFO - 
[VALIDATION 6] Checking Position and Size...
2026-05-04 17:08:14,182 - INFO -   X: 1230, Y: 20
2026-05-04 17:08:14,182 - INFO -   Width: 250, Height: 43.5
2026-05-04 17:08:14,182 - INFO -   PASSED: Element has valid dimensions
2026-05-04 17:08:14,182 - INFO - 
[VALIDATION 7] Checking Computed Styles...
2026-05-04 17:08:14,223 - INFO -   Display: block
2026-05-04 17:08:14,223 - INFO -   Opacity: 1
2026-05-04 17:08:14,223 - INFO -   PASSED: Element is displayed with proper opacity
2026-05-04 17:08:14,223 - INFO - 
================================================================================
2026-05-04 17:08:14,223 - INFO - POP-UP VALIDATION SUMMARY
2026-05-04 17:08:14,231 - INFO - ================================================================================
2026-05-04 17:08:14,231 - INFO -   Visibility: PASSED
2026-05-04 17:08:14,232 - INFO -   Text Match: PASSED
2026-05-04 17:08:14,232 - INFO -   Typo Check: PASSED
2026-05-04 17:08:14,232 - INFO -   CSS Classes: Present
2026-05-04 17:08:14,232 - INFO -   Position & Size: Valid
2026-05-04 17:08:14,232 - INFO -   Computed Styles: Valid
2026-05-04 17:08:14,232 - INFO - ================================================================================

2026-05-04 17:08:14,232 - INFO - ✓ ALL VALIDATIONS PASSED - Pop-up is working correctly!
2026-05-04 17:08:14,605 - INFO - Screenshot 2 captured - Attempting validation...
2026-05-04 17:08:14,605 - INFO - 
================================================================================
2026-05-04 17:08:14,614 - INFO - STARTING COMPREHENSIVE POP-UP VALIDATION
2026-05-04 17:08:14,614 - INFO - ================================================================================
2026-05-04 17:08:14,639 - ERROR - VALIDATION FAILED: Pop-up element not found!
2026-05-04 17:08:16,072 - INFO - Screenshot 3 captured - Attempting validation...
2026-05-04 17:08:16,072 - INFO - 
================================================================================
2026-05-04 17:08:16,072 - INFO - STARTING COMPREHENSIVE POP-UP VALIDATION
2026-05-04 17:08:16,080 - INFO - ================================================================================
2026-05-04 17:08:16,111 - ERROR - VALIDATION FAILED: Pop-up element not found!
2026-05-04 17:08:16,245 - INFO - Logging DOM elements AFTER login click (pop-up should appear here)...
2026-05-04 17:08:16,245 - INFO - 
================================================================================
2026-05-04 17:08:16,248 - INFO - DOM SNAPSHOT AT STAGE: After_Login_Click
2026-05-04 17:08:16,248 - INFO - ================================================================================
2026-05-04 17:08:16,278 - INFO - 
Searching for pop-up elements in page content...
2026-05-04 17:08:16,611 - WARNING - ⚠ No known pop-up selectors found. Checking all visible divs...
2026-05-04 17:08:16,677 - INFO - Total DIV elements on page: 29
2026-05-04 17:08:16,906 - INFO -   Visible DIV 1: class='header-right' id='no-id' text='English
French
Spanish
Quantum Toll Authority
supe'
2026-05-04 17:08:17,029 - INFO -   Visible DIV 2: class='nav-user' id='no-id' text='Quantum Toll Authority
superadmin_qm@yopmail.com'
2026-05-04 17:08:17,201 - INFO -   Visible DIV 3: class='nav-user-info' id='no-id' text='Quantum Toll Authority
superadmin_qm@yopmail.com'
2026-05-04 17:08:17,338 - INFO -   Visible DIV 4: class='uname' id='no-id' text='Quantum Toll Authority'
2026-05-04 17:08:17,461 - INFO -   Visible DIV 5: class='urole' id='no-id' text='superadmin_qm@yopmail.com'
2026-05-04 17:08:17,568 - INFO -   Visible DIV 6: class='main-container' id='no-id' text='dashboard_2
group
decimal_increase
admin_panel_set'
2026-05-04 17:08:17,676 - INFO -   Visible DIV 7: class='inner' id='no-id' text='dashboard_2'
2026-05-04 17:08:17,805 - INFO -   Visible DIV 8: class='inner' id='no-id' text='group'
2026-05-04 17:08:18,028 - INFO -   Visible DIV 9: class='inner' id='no-id' text='decimal_increase'
2026-05-04 17:08:18,189 - INFO -   Visible DIV 10: class='inner' id='no-id' text='admin_panel_settings'
2026-05-04 17:08:18,338 - INFO -   Visible DIV 11: class='inner' id='no-id' text='nest_doorbell_visitor'
2026-05-04 17:08:18,492 - INFO -   Visible DIV 12: class='inner' id='no-id' text='key_visualizer'
2026-05-04 17:08:18,515 - INFO - 
================================================================================

2026-05-04 17:08:18,798 - INFO - Waiting for dashboard URL...
2026-05-04 17:08:18,798 - INFO - 
================================================================================
2026-05-04 17:08:18,798 - INFO - DOM SNAPSHOT AT STAGE: Before_Dashboard_Navigation
2026-05-04 17:08:18,802 - INFO - ================================================================================
2026-05-04 17:08:18,839 - INFO - 
Searching for pop-up elements in page content...
2026-05-04 17:08:19,082 - WARNING - ⚠ No known pop-up selectors found. Checking all visible divs...
2026-05-04 17:08:19,124 - INFO - Total DIV elements on page: 29
2026-05-04 17:08:19,302 - INFO -   Visible DIV 1: class='header-right' id='no-id' text='English
French
Spanish
Quantum Toll Authority
supe'
2026-05-04 17:08:19,365 - INFO -   Visible DIV 2: class='nav-user' id='no-id' text='Quantum Toll Authority
superadmin_qm@yopmail.com'
2026-05-04 17:08:19,465 - INFO -   Visible DIV 3: class='nav-user-info' id='no-id' text='Quantum Toll Authority
superadmin_qm@yopmail.com'
2026-05-04 17:08:19,533 - INFO -   Visible DIV 4: class='uname' id='no-id' text='Quantum Toll Authority'
2026-05-04 17:08:19,616 - INFO -   Visible DIV 5: class='urole' id='no-id' text='superadmin_qm@yopmail.com'
2026-05-04 17:08:19,698 - INFO -   Visible DIV 6: class='main-container' id='no-id' text='dashboard_2
group
decimal_increase
admin_panel_set'
2026-05-04 17:08:19,757 - INFO -   Visible DIV 7: class='inner' id='no-id' text='dashboard_2'
2026-05-04 17:08:19,844 - INFO -   Visible DIV 8: class='inner' id='no-id' text='group'
2026-05-04 17:08:19,944 - INFO -   Visible DIV 9: class='inner' id='no-id' text='decimal_increase'
2026-05-04 17:08:20,036 - INFO -   Visible DIV 10: class='inner' id='no-id' text='admin_panel_settings'
2026-05-04 17:08:20,153 - INFO -   Visible DIV 11: class='inner' id='no-id' text='nest_doorbell_visitor'
2026-05-04 17:08:20,312 - INFO -   Visible DIV 12: class='inner' id='no-id' text='key_visualizer'
2026-05-04 17:08:20,332 - INFO - 
================================================================================

2026-05-04 17:08:20,366 - INFO - Login SUCCESS: Dashboard URL reached.
2026-05-04 17:08:20,896 - INFO - 
================================================================================
2026-05-04 17:08:20,896 - INFO - DOM SNAPSHOT AT STAGE: After_Dashboard_Loaded
2026-05-04 17:08:20,898 - INFO - ================================================================================
2026-05-04 17:08:20,927 - INFO - 
Searching for pop-up elements in page content...
2026-05-04 17:08:21,207 - WARNING - ⚠ No known pop-up selectors found. Checking all visible divs...
2026-05-04 17:08:21,268 - INFO - Total DIV elements on page: 29
2026-05-04 17:08:21,508 - INFO -   Visible DIV 1: class='header-right' id='no-id' text='English
French
Spanish
Quantum Toll Authority
supe'
2026-05-04 17:08:21,645 - INFO -   Visible DIV 2: class='nav-user' id='no-id' text='Quantum Toll Authority
superadmin_qm@yopmail.com'
2026-05-04 17:08:21,842 - INFO -   Visible DIV 3: class='nav-user-info' id='no-id' text='Quantum Toll Authority
superadmin_qm@yopmail.com'
2026-05-04 17:08:21,932 - INFO -   Visible DIV 4: class='uname' id='no-id' text='Quantum Toll Authority'
2026-05-04 17:08:22,116 - INFO -   Visible DIV 5: class='urole' id='no-id' text='superadmin_qm@yopmail.com'
2026-05-04 17:08:22,265 - INFO -   Visible DIV 6: class='main-container' id='no-id' text='dashboard_2
group
decimal_increase
admin_panel_set'
2026-05-04 17:08:22,365 - INFO -   Visible DIV 7: class='inner' id='no-id' text='dashboard_2'
2026-05-04 17:08:22,454 - INFO -   Visible DIV 8: class='inner' id='no-id' text='group'
2026-05-04 17:08:22,599 - INFO -   Visible DIV 9: class='inner' id='no-id' text='decimal_increase'
2026-05-04 17:08:22,716 - INFO -   Visible DIV 10: class='inner' id='no-id' text='admin_panel_settings'
2026-05-04 17:08:22,832 - INFO -   Visible DIV 11: class='inner' id='no-id' text='nest_doorbell_visitor'
2026-05-04 17:08:22,948 - INFO -   Visible DIV 12: class='inner' id='no-id' text='key_visualizer'
2026-05-04 17:08:22,965 - INFO - 
================================================================================

2026-05-04 17:08:22,965 - INFO - Checking for dashboard header 'Welcome to QM Toll portal!'...
2026-05-04 17:08:23,027 - INFO - ✅ Dashboard header found with selector: h4:has-text("Welcome to QM Toll portal!")
2026-05-04 17:08:23,031 - INFO -    Header text: 'Welcome to QM Toll portal!'
2026-05-04 17:08:23,031 - INFO - ✅ DASHBOARD VALIDATION PASSED: 'Welcome to QM Toll portal!' header found
2026-05-04 17:08:23,484 - INFO - Step 1: Navigating and Starting Onboarding...
2026-05-04 17:08:23,484 - INFO - Executing Sidebar Navigation Sequence...
2026-05-04 17:08:26,366 - INFO - Filling Step 1: Account Details...
2026-05-04 17:08:30,212 - INFO - Filled First Name: Nishith
2026-05-04 17:08:31,410 - INFO - Filled Middle Name: QA Team
2026-05-04 17:08:32,609 - INFO - Filled Last Name: Balasubramanian
2026-05-04 17:08:33,839 - INFO - Checked: Use Same for Billing
2026-05-04 17:08:34,966 - INFO - Checked: Use Same for Shipping
2026-05-04 17:08:36,146 - INFO - Checked: Primary Address
2026-05-04 17:08:40,003 - INFO - Filled Address: 123 Automation Blvd
2026-05-04 17:08:41,217 - INFO - Filled Zip Code: 12345
2026-05-04 17:08:42,937 - INFO - Filled Phone: 9988876915
2026-05-04 17:08:44,114 - INFO - Filled Email: nishith.balasubramanian69@testmail.com
2026-05-04 17:08:45,325 - INFO - Filled Confirm Email: nishith.balasubramanian69@testmail.com
2026-05-04 17:08:45,325 - INFO - Clicking Save & Next...
2026-05-04 17:08:45,349 - INFO - Chatbot elements hidden via CSS injection.
2026-05-04 17:08:47,145 - INFO - Step 1 Submitted.
2026-05-04 17:08:47,148 - INFO - Adding 1 Vehicle(s)...
2026-05-04 17:08:47,647 - INFO - Step 2 loaded successfully.
2026-05-04 17:08:47,692 - INFO - Chatbot elements hidden via CSS injection.
2026-05-04 17:08:48,929 - INFO - Filled Plate 1: QA1509GP
2026-05-04 17:08:53,553 - INFO - Filled Plate Start Date: 2026-05-04
2026-05-04 17:09:04,717 - INFO - Clicking 'Add' button for Vehicle 1...
2026-05-04 17:09:04,739 - INFO - Chatbot elements hidden via CSS injection.
2026-05-04 17:09:07,965 - INFO - Vehicle 1 added successfully.
2026-05-04 17:09:09,491 - INFO - Highlighting and clicking 'Next' button...
2026-05-04 17:09:09,507 - INFO - Chatbot elements hidden via CSS injection.
2026-05-04 17:09:12,326 - INFO - Captured Permanent Account Number: 2000011047
2026-05-04 17:09:12,326 - INFO - Account 2000011047 saved to SharedData.
2026-05-04 17:09:12,326 - INFO - Starting Step 3: Payment Information...
2026-05-04 17:09:12,362 - INFO - Chatbot elements hidden via CSS injection.
2026-05-04 17:09:16,570 - INFO - Filled Cardholder Name: RRzlJzsuluciYEe
2026-05-04 17:09:18,108 - INFO - Filled Card Number: 2344461741033537
2026-05-04 17:09:19,766 - INFO - Filled Expiry Date: 05/28
2026-05-04 17:09:21,373 - INFO - Filled CVV: 631
2026-05-04 17:09:23,657 - INFO - Clicking 'Preview and Pay'...
2026-05-04 17:09:23,679 - INFO - Chatbot elements hidden via CSS injection.
2026-05-04 17:09:24,353 - INFO - Waiting for Payment Summary card...
2026-05-04 17:09:25,874 - INFO - Starting Final Confirmation Modal...
2026-05-04 17:09:27,107 - INFO - ✅ Account onboarding completed successfully.
2026-05-04 17:09:27,107 - INFO - Finalizing process: Clicking 'Account Summary' button...
2026-05-04 17:09:27,432 - INFO - Step 2: Creating case for account: 2000011047
2026-05-04 17:14:06,710 - INFO - Navigating to Login Page: http://operator-qa.qmaastech.com/
2026-05-04 17:14:09,987 - INFO - Attempting login for user: superadmin_qm@yopmail.com
2026-05-04 17:14:11,772 - INFO - Logging DOM elements BEFORE login click...
2026-05-04 17:14:11,778 - INFO - 
================================================================================
2026-05-04 17:14:11,778 - INFO - DOM SNAPSHOT AT STAGE: Before_Login
2026-05-04 17:14:11,778 - INFO - ================================================================================
2026-05-04 17:14:11,834 - INFO - 
Searching for pop-up elements in page content...
2026-05-04 17:14:12,182 - WARNING - ⚠ No known pop-up selectors found. Checking all visible divs...
2026-05-04 17:14:12,256 - INFO - Total DIV elements on page: 21
2026-05-04 17:14:12,802 - INFO -   Visible DIV 1: class='hero-pills' id='no-id' text='bolt
Real-time
smart_toy
AI-driven
hub
Multi-agenc'
2026-05-04 17:14:12,933 - INFO -   Visible DIV 2: class='auth-panel' id='no-id' text='Welcome Back

Sign in to your account to continue
'
2026-05-04 17:14:13,035 - INFO -   Visible DIV 3: class='auth-card' id='no-id' text='Welcome Back

Sign in to your account to continue
'
2026-05-04 17:14:13,115 - INFO -   Visible DIV 4: class='auth-step' id='no-id' text='Welcome Back

Sign in to your account to continue
'
2026-05-04 17:14:13,234 - INFO -   Visible DIV 5: class='field-wrap' id='no-id' text='Email ID / Username *
person'
2026-05-04 17:14:13,306 - INFO -   Visible DIV 6: class='input-shell' id='no-id' text='person'
2026-05-04 17:14:13,387 - INFO -   Visible DIV 7: class='field-wrap' id='no-id' text='Password *
lock
visibility_off'
2026-05-04 17:14:13,483 - INFO -   Visible DIV 8: class='input-shell' id='no-id' text='lock
visibility_off'
2026-05-04 17:14:13,580 - INFO -   Visible DIV 9: class='auth-bottom-links' id='no-id' text='New user?  Access Account

Forgot password?'
2026-05-04 17:14:13,626 - INFO - 
================================================================================

2026-05-04 17:14:14,221 - INFO - Login button clicked.
2026-05-04 17:14:14,224 - INFO - Taking rapid screenshots and validating pop-up...
2026-05-04 17:14:14,898 - INFO - Screenshot 1 captured - Attempting validation...
2026-05-04 17:14:14,898 - INFO - 
================================================================================
2026-05-04 17:14:14,900 - INFO - STARTING COMPREHENSIVE POP-UP VALIDATION
2026-05-04 17:14:14,900 - INFO - ================================================================================
2026-05-04 17:14:14,939 - INFO - 
[VALIDATION 1] Checking Pop-up Visibility...
2026-05-04 17:14:14,963 - INFO -   Visibility Status: True
2026-05-04 17:14:14,963 - INFO -   PASSED: Pop-up is visible
2026-05-04 17:14:14,963 - INFO - 
[VALIDATION 2] Extracting and Validating Text Content...
2026-05-04 17:14:14,991 - INFO -   Extracted Text: 'Login Successful'
2026-05-04 17:14:14,991 - INFO -   PASSED: Text matches exactly: 'Login Successful'
2026-05-04 17:14:14,991 - INFO - 
[VALIDATION 3] Checking for Typos...
2026-05-04 17:14:14,991 - INFO -   PASSED: No known typos detected
2026-05-04 17:14:14,991 - INFO - 
[VALIDATION 4] Extracting CSS Classes and Attributes...
2026-05-04 17:14:15,019 - INFO -   CSS Classes: snackbar success-snackbar
2026-05-04 17:14:15,023 - INFO -   PASSED: 'success' class is present
2026-05-04 17:14:15,023 - INFO - 
[VALIDATION 5] Checking Element Properties...
2026-05-04 17:14:15,107 - INFO -   ID: Not set
2026-05-04 17:14:15,107 - INFO -   Data-TestID: Not set
2026-05-04 17:14:15,107 - INFO -   Role: Not set
2026-05-04 17:14:15,107 - INFO -   ARIA Label: Not set
2026-05-04 17:14:15,107 - INFO - 
[VALIDATION 6] Checking Position and Size...
2026-05-04 17:14:15,125 - INFO -   X: 1230, Y: 20
2026-05-04 17:14:15,125 - INFO -   Width: 250, Height: 43.5
2026-05-04 17:14:15,125 - INFO -   PASSED: Element has valid dimensions
2026-05-04 17:14:15,125 - INFO - 
[VALIDATION 7] Checking Computed Styles...
2026-05-04 17:14:15,168 - INFO -   Display: block
2026-05-04 17:14:15,168 - INFO -   Opacity: 1
2026-05-04 17:14:15,173 - INFO -   PASSED: Element is displayed with proper opacity
2026-05-04 17:14:15,173 - INFO - 
================================================================================
2026-05-04 17:14:15,174 - INFO - POP-UP VALIDATION SUMMARY
2026-05-04 17:14:15,174 - INFO - ================================================================================
2026-05-04 17:14:15,174 - INFO -   Visibility: PASSED
2026-05-04 17:14:15,174 - INFO -   Text Match: PASSED
2026-05-04 17:14:15,174 - INFO -   Typo Check: PASSED
2026-05-04 17:14:15,174 - INFO -   CSS Classes: Present
2026-05-04 17:14:15,174 - INFO -   Position & Size: Valid
2026-05-04 17:14:15,174 - INFO -   Computed Styles: Valid
2026-05-04 17:14:15,174 - INFO - ================================================================================

2026-05-04 17:14:15,174 - INFO - ✓ ALL VALIDATIONS PASSED - Pop-up is working correctly!
2026-05-04 17:14:15,669 - INFO - Screenshot 2 captured - Attempting validation...
2026-05-04 17:14:15,669 - INFO - 
================================================================================
2026-05-04 17:14:15,670 - INFO - STARTING COMPREHENSIVE POP-UP VALIDATION
2026-05-04 17:14:15,670 - INFO - ================================================================================
2026-05-04 17:14:15,689 - ERROR - VALIDATION FAILED: Pop-up element not found!
2026-05-04 17:14:17,309 - INFO - Screenshot 3 captured - Attempting validation...
2026-05-04 17:14:17,309 - INFO - 
================================================================================
2026-05-04 17:14:17,309 - INFO - STARTING COMPREHENSIVE POP-UP VALIDATION
2026-05-04 17:14:17,309 - INFO - ================================================================================
2026-05-04 17:14:17,328 - ERROR - VALIDATION FAILED: Pop-up element not found!
2026-05-04 17:14:17,470 - INFO - Logging DOM elements AFTER login click (pop-up should appear here)...
2026-05-04 17:14:17,470 - INFO - 
================================================================================
2026-05-04 17:14:17,470 - INFO - DOM SNAPSHOT AT STAGE: After_Login_Click
2026-05-04 17:14:17,470 - INFO - ================================================================================
2026-05-04 17:14:17,491 - INFO - 
Searching for pop-up elements in page content...
2026-05-04 17:14:17,749 - WARNING - ⚠ No known pop-up selectors found. Checking all visible divs...
2026-05-04 17:14:17,796 - INFO - Total DIV elements on page: 29
2026-05-04 17:14:18,005 - INFO -   Visible DIV 1: class='header-right' id='no-id' text='English
French
Spanish
Quantum Toll Authority
supe'
2026-05-04 17:14:18,109 - INFO -   Visible DIV 2: class='nav-user' id='no-id' text='Quantum Toll Authority
superadmin_qm@yopmail.com'
2026-05-04 17:14:18,275 - INFO -   Visible DIV 3: class='nav-user-info' id='no-id' text='Quantum Toll Authority
superadmin_qm@yopmail.com'
2026-05-04 17:14:18,381 - INFO -   Visible DIV 4: class='uname' id='no-id' text='Quantum Toll Authority'
2026-05-04 17:14:18,463 - INFO -   Visible DIV 5: class='urole' id='no-id' text='superadmin_qm@yopmail.com'
2026-05-04 17:14:18,575 - INFO -   Visible DIV 6: class='main-container' id='no-id' text='dashboard_2
group
decimal_increase
admin_panel_set'
2026-05-04 17:14:18,697 - INFO -   Visible DIV 7: class='inner' id='no-id' text='dashboard_2'
2026-05-04 17:14:18,779 - INFO -   Visible DIV 8: class='inner' id='no-id' text='group'
2026-05-04 17:14:18,895 - INFO -   Visible DIV 9: class='inner' id='no-id' text='decimal_increase'
2026-05-04 17:14:18,995 - INFO -   Visible DIV 10: class='inner' id='no-id' text='admin_panel_settings'
2026-05-04 17:14:19,125 - INFO -   Visible DIV 11: class='inner' id='no-id' text='nest_doorbell_visitor'
2026-05-04 17:14:19,225 - INFO -   Visible DIV 12: class='inner' id='no-id' text='key_visualizer'
2026-05-04 17:14:19,247 - INFO - 
================================================================================

2026-05-04 17:14:19,659 - INFO - Waiting for dashboard URL...
2026-05-04 17:14:19,660 - INFO - 
================================================================================
2026-05-04 17:14:19,660 - INFO - DOM SNAPSHOT AT STAGE: Before_Dashboard_Navigation
2026-05-04 17:14:19,662 - INFO - ================================================================================
2026-05-04 17:14:19,696 - INFO - 
Searching for pop-up elements in page content...
2026-05-04 17:14:19,897 - WARNING - ⚠ No known pop-up selectors found. Checking all visible divs...
2026-05-04 17:14:19,940 - INFO - Total DIV elements on page: 29
2026-05-04 17:14:20,058 - INFO -   Visible DIV 1: class='header-right' id='no-id' text='English
French
Spanish
Quantum Toll Authority
supe'
2026-05-04 17:14:20,123 - INFO -   Visible DIV 2: class='nav-user' id='no-id' text='Quantum Toll Authority
superadmin_qm@yopmail.com'
2026-05-04 17:14:20,217 - INFO -   Visible DIV 3: class='nav-user-info' id='no-id' text='Quantum Toll Authority
superadmin_qm@yopmail.com'
2026-05-04 17:14:20,275 - INFO -   Visible DIV 4: class='uname' id='no-id' text='Quantum Toll Authority'
2026-05-04 17:14:20,338 - INFO -   Visible DIV 5: class='urole' id='no-id' text='superadmin_qm@yopmail.com'
2026-05-04 17:14:20,392 - INFO -   Visible DIV 6: class='main-container' id='no-id' text='dashboard_2
group
decimal_increase
admin_panel_set'
2026-05-04 17:14:20,459 - INFO -   Visible DIV 7: class='inner' id='no-id' text='dashboard_2'
2026-05-04 17:14:20,523 - INFO -   Visible DIV 8: class='inner' id='no-id' text='group'
2026-05-04 17:14:20,592 - INFO -   Visible DIV 9: class='inner' id='no-id' text='decimal_increase'
2026-05-04 17:14:20,686 - INFO -   Visible DIV 10: class='inner' id='no-id' text='admin_panel_settings'
2026-05-04 17:14:20,775 - INFO -   Visible DIV 11: class='inner' id='no-id' text='nest_doorbell_visitor'
2026-05-04 17:14:20,851 - INFO -   Visible DIV 12: class='inner' id='no-id' text='key_visualizer'
2026-05-04 17:14:20,858 - INFO - 
================================================================================

2026-05-04 17:14:20,879 - INFO - Login SUCCESS: Dashboard URL reached.
2026-05-04 17:14:21,403 - INFO - 
================================================================================
2026-05-04 17:14:21,403 - INFO - DOM SNAPSHOT AT STAGE: After_Dashboard_Loaded
2026-05-04 17:14:21,403 - INFO - ================================================================================
2026-05-04 17:14:21,440 - INFO - 
Searching for pop-up elements in page content...
2026-05-04 17:14:21,761 - WARNING - ⚠ No known pop-up selectors found. Checking all visible divs...
2026-05-04 17:14:21,821 - INFO - Total DIV elements on page: 29
2026-05-04 17:14:22,113 - INFO -   Visible DIV 1: class='header-right' id='no-id' text='English
French
Spanish
Quantum Toll Authority
supe'
2026-05-04 17:14:22,208 - INFO -   Visible DIV 2: class='nav-user' id='no-id' text='Quantum Toll Authority
superadmin_qm@yopmail.com'
2026-05-04 17:14:22,343 - INFO -   Visible DIV 3: class='nav-user-info' id='no-id' text='Quantum Toll Authority
superadmin_qm@yopmail.com'
2026-05-04 17:14:22,493 - INFO -   Visible DIV 4: class='uname' id='no-id' text='Quantum Toll Authority'
2026-05-04 17:14:22,657 - INFO -   Visible DIV 5: class='urole' id='no-id' text='superadmin_qm@yopmail.com'
2026-05-04 17:14:22,784 - INFO -   Visible DIV 6: class='main-container' id='no-id' text='dashboard_2
group
decimal_increase
admin_panel_set'
2026-05-04 17:14:22,942 - INFO -   Visible DIV 7: class='inner' id='no-id' text='dashboard_2'
2026-05-04 17:14:23,069 - INFO -   Visible DIV 8: class='inner' id='no-id' text='group'
2026-05-04 17:14:23,309 - INFO -   Visible DIV 9: class='inner' id='no-id' text='decimal_increase'
2026-05-04 17:14:23,452 - INFO -   Visible DIV 10: class='inner' id='no-id' text='admin_panel_settings'
2026-05-04 17:14:23,592 - INFO -   Visible DIV 11: class='inner' id='no-id' text='nest_doorbell_visitor'
2026-05-04 17:14:23,726 - INFO -   Visible DIV 12: class='inner' id='no-id' text='key_visualizer'
2026-05-04 17:14:23,759 - INFO - 
================================================================================

2026-05-04 17:14:23,759 - INFO - Checking for dashboard header 'Welcome to QM Toll portal!'...
2026-05-04 17:14:23,838 - INFO - ✅ Dashboard header found with selector: h4:has-text("Welcome to QM Toll portal!")
2026-05-04 17:14:23,840 - INFO -    Header text: 'Welcome to QM Toll portal!'
2026-05-04 17:14:23,840 - INFO - ✅ DASHBOARD VALIDATION PASSED: 'Welcome to QM Toll portal!' header found
2026-05-04 17:14:24,615 - INFO - Step 1: Navigating and Starting Onboarding...
2026-05-04 17:14:24,619 - INFO - Executing Sidebar Navigation Sequence...
2026-05-04 17:14:27,481 - INFO - Filling Step 1: Account Details...
2026-05-04 17:14:31,186 - INFO - Filled First Name: Hridaan
2026-05-04 17:14:32,368 - INFO - Filled Middle Name: QA Team
2026-05-04 17:14:33,590 - INFO - Filled Last Name: Ray
2026-05-04 17:14:34,808 - INFO - Checked: Use Same for Billing
2026-05-04 17:14:35,970 - INFO - Checked: Use Same for Shipping
2026-05-04 17:14:37,166 - INFO - Checked: Primary Address
2026-05-04 17:14:40,988 - INFO - Filled Address: 123 Automation Blvd
2026-05-04 17:14:42,216 - INFO - Filled Zip Code: 12345
2026-05-04 17:14:43,941 - INFO - Filled Phone: 9999061213
2026-05-04 17:14:45,124 - INFO - Filled Email: hridaan.ray39@testmail.com
2026-05-04 17:14:46,343 - INFO - Filled Confirm Email: hridaan.ray39@testmail.com
2026-05-04 17:14:46,345 - INFO - Clicking Save & Next...
2026-05-04 17:14:46,363 - INFO - Chatbot elements hidden via CSS injection.
2026-05-04 17:14:48,192 - INFO - Step 1 Submitted.
2026-05-04 17:14:48,192 - INFO - Adding 1 Vehicle(s)...
2026-05-04 17:14:48,600 - INFO - Step 2 loaded successfully.
2026-05-04 17:14:48,634 - INFO - Chatbot elements hidden via CSS injection.
2026-05-04 17:14:49,875 - INFO - Filled Plate 1: QA4955GP
2026-05-04 17:14:54,316 - INFO - Filled Plate Start Date: 2026-05-04
2026-05-04 17:15:05,662 - INFO - Clicking 'Add' button for Vehicle 1...
2026-05-04 17:15:05,678 - INFO - Chatbot elements hidden via CSS injection.
2026-05-04 17:15:08,931 - INFO - Vehicle 1 added successfully.
2026-05-04 17:15:10,459 - INFO - Highlighting and clicking 'Next' button...
2026-05-04 17:15:10,506 - INFO - Chatbot elements hidden via CSS injection.
2026-05-04 17:15:13,341 - INFO - Captured Permanent Account Number: 2000011048
2026-05-04 17:15:13,341 - INFO - Account 2000011048 saved to SharedData.
2026-05-04 17:15:13,341 - INFO - Starting Step 3: Payment Information...
2026-05-04 17:15:13,368 - INFO - Chatbot elements hidden via CSS injection.
2026-05-04 17:15:17,575 - INFO - Filled Cardholder Name: vXkeIcLjuTgeQMNkeQxrFWCHhArJLgvMtz
2026-05-04 17:15:19,154 - INFO - Filled Card Number: 7886763718299995
2026-05-04 17:15:20,778 - INFO - Filled Expiry Date: 05/28
2026-05-04 17:15:22,392 - INFO - Filled CVV: 321
2026-05-04 17:15:24,741 - INFO - Clicking 'Preview and Pay'...
2026-05-04 17:15:24,767 - INFO - Chatbot elements hidden via CSS injection.
2026-05-04 17:15:25,462 - INFO - Waiting for Payment Summary card...
2026-05-04 17:15:26,935 - INFO - Starting Final Confirmation Modal...
2026-05-04 17:15:28,062 - INFO - ✅ Account onboarding completed successfully.
2026-05-04 17:15:28,062 - INFO - Finalizing process: Clicking 'Account Summary' button...
2026-05-04 17:15:28,342 - INFO - Step 2: Creating case for account: 2000011048
2026-05-04 17:18:20,646 - INFO - Navigating to Login Page: http://operator-qa.qmaastech.com/
2026-05-04 17:18:23,764 - INFO - Attempting login for user: superadmin_qm@yopmail.com
2026-05-04 17:18:25,563 - INFO - Logging DOM elements BEFORE login click...
2026-05-04 17:18:25,567 - INFO - 
================================================================================
2026-05-04 17:18:25,567 - INFO - DOM SNAPSHOT AT STAGE: Before_Login
2026-05-04 17:18:25,567 - INFO - ================================================================================
2026-05-04 17:18:25,606 - INFO - 
Searching for pop-up elements in page content...
2026-05-04 17:18:26,064 - WARNING - ⚠ No known pop-up selectors found. Checking all visible divs...
2026-05-04 17:18:26,114 - INFO - Total DIV elements on page: 21
2026-05-04 17:18:27,609 - INFO -   Visible DIV 1: class='hero-pills' id='no-id' text='bolt
Real-time
smart_toy
AI-driven
hub
Multi-agenc'
2026-05-04 17:18:27,865 - INFO -   Visible DIV 2: class='auth-panel' id='no-id' text='Welcome Back

Sign in to your account to continue
'
2026-05-04 17:18:27,976 - INFO -   Visible DIV 3: class='auth-card' id='no-id' text='Welcome Back

Sign in to your account to continue
'
2026-05-04 17:18:28,096 - INFO -   Visible DIV 4: class='auth-step' id='no-id' text='Welcome Back

Sign in to your account to continue
'
2026-05-04 17:18:28,312 - INFO -   Visible DIV 5: class='field-wrap' id='no-id' text='Email ID / Username *
person'
2026-05-04 17:18:28,469 - INFO -   Visible DIV 6: class='input-shell' id='no-id' text='person'
2026-05-04 17:18:28,570 - INFO -   Visible DIV 7: class='field-wrap' id='no-id' text='Password *
lock
visibility_off'
2026-05-04 17:18:28,694 - INFO -   Visible DIV 8: class='input-shell' id='no-id' text='lock
visibility_off'
2026-05-04 17:18:28,812 - INFO -   Visible DIV 9: class='auth-bottom-links' id='no-id' text='New user?  Access Account

Forgot password?'
2026-05-04 17:18:28,905 - INFO - 
================================================================================

2026-05-04 17:18:29,519 - INFO - Login button clicked.
2026-05-04 17:18:29,519 - INFO - Taking rapid screenshots and validating pop-up...
2026-05-04 17:18:31,008 - INFO - Screenshot 1 captured - Attempting validation...
2026-05-04 17:18:31,008 - INFO - 
================================================================================
2026-05-04 17:18:31,008 - INFO - STARTING COMPREHENSIVE POP-UP VALIDATION
2026-05-04 17:18:31,008 - INFO - ================================================================================
2026-05-04 17:18:31,439 - ERROR - VALIDATION FAILED: Pop-up element not found!
2026-05-04 17:18:35,344 - INFO - Screenshot 2 captured - Attempting validation...
2026-05-04 17:18:35,344 - INFO - 
================================================================================
2026-05-04 17:18:35,347 - INFO - STARTING COMPREHENSIVE POP-UP VALIDATION
2026-05-04 17:18:35,349 - INFO - ================================================================================
2026-05-04 17:18:35,405 - ERROR - VALIDATION FAILED: Pop-up element not found!
2026-05-04 17:18:36,401 - INFO - Screenshot 3 captured - Attempting validation...
2026-05-04 17:18:36,401 - INFO - 
================================================================================
2026-05-04 17:18:36,403 - INFO - STARTING COMPREHENSIVE POP-UP VALIDATION
2026-05-04 17:18:36,405 - INFO - ================================================================================
2026-05-04 17:18:36,465 - ERROR - VALIDATION FAILED: Pop-up element not found!
2026-05-04 17:18:36,617 - INFO - Logging DOM elements AFTER login click (pop-up should appear here)...
2026-05-04 17:18:36,619 - INFO - 
================================================================================
2026-05-04 17:18:36,621 - INFO - DOM SNAPSHOT AT STAGE: After_Login_Click
2026-05-04 17:18:36,621 - INFO - ================================================================================
2026-05-04 17:18:36,670 - INFO - 
Searching for pop-up elements in page content...
2026-05-04 17:18:37,187 - WARNING - ⚠ No known pop-up selectors found. Checking all visible divs...
2026-05-04 17:18:37,263 - INFO - Total DIV elements on page: 29
2026-05-04 17:18:37,555 - INFO -   Visible DIV 1: class='header-right' id='no-id' text='English
French
Spanish
Quantum Toll Authority
supe'
2026-05-04 17:18:37,687 - INFO -   Visible DIV 2: class='nav-user' id='no-id' text='Quantum Toll Authority
superadmin_qm@yopmail.com'
2026-05-04 17:18:37,881 - INFO -   Visible DIV 3: class='nav-user-info' id='no-id' text='Quantum Toll Authority
superadmin_qm@yopmail.com'
2026-05-04 17:18:38,023 - INFO -   Visible DIV 4: class='uname' id='no-id' text='Quantum Toll Authority'
2026-05-04 17:18:38,187 - INFO -   Visible DIV 5: class='urole' id='no-id' text='superadmin_qm@yopmail.com'
2026-05-04 17:18:38,350 - INFO -   Visible DIV 6: class='main-container' id='no-id' text='dashboard_2
group
decimal_increase
admin_panel_set'
2026-05-04 17:18:38,504 - INFO -   Visible DIV 7: class='inner' id='no-id' text='dashboard_2'
2026-05-04 17:18:38,625 - INFO -   Visible DIV 8: class='inner' id='no-id' text='group'
2026-05-04 17:18:38,788 - INFO -   Visible DIV 9: class='inner' id='no-id' text='decimal_increase'
2026-05-04 17:18:38,940 - INFO -   Visible DIV 10: class='inner' id='no-id' text='admin_panel_settings'
2026-05-04 17:18:39,127 - INFO -   Visible DIV 11: class='inner' id='no-id' text='nest_doorbell_visitor'
2026-05-04 17:18:39,297 - INFO -   Visible DIV 12: class='inner' id='no-id' text='key_visualizer'
2026-05-04 17:18:39,335 - INFO - 
================================================================================

2026-05-04 17:18:39,541 - INFO - Waiting for dashboard URL...
2026-05-04 17:18:39,541 - INFO - 
================================================================================
2026-05-04 17:18:39,543 - INFO - DOM SNAPSHOT AT STAGE: Before_Dashboard_Navigation
2026-05-04 17:18:39,544 - INFO - ================================================================================
2026-05-04 17:18:39,578 - INFO - 
Searching for pop-up elements in page content...
2026-05-04 17:18:39,876 - WARNING - ⚠ No known pop-up selectors found. Checking all visible divs...
2026-05-04 17:18:39,934 - INFO - Total DIV elements on page: 29
2026-05-04 17:18:40,162 - INFO -   Visible DIV 1: class='header-right' id='no-id' text='English
French
Spanish
Quantum Toll Authority
supe'
2026-05-04 17:18:40,248 - INFO -   Visible DIV 2: class='nav-user' id='no-id' text='Quantum Toll Authority
superadmin_qm@yopmail.com'
2026-05-04 17:18:40,431 - INFO -   Visible DIV 3: class='nav-user-info' id='no-id' text='Quantum Toll Authority
superadmin_qm@yopmail.com'
2026-05-04 17:18:40,531 - INFO -   Visible DIV 4: class='uname' id='no-id' text='Quantum Toll Authority'
2026-05-04 17:18:40,615 - INFO -   Visible DIV 5: class='urole' id='no-id' text='superadmin_qm@yopmail.com'
2026-05-04 17:18:40,715 - INFO -   Visible DIV 6: class='main-container' id='no-id' text='dashboard_2
group
decimal_increase
admin_panel_set'
2026-05-04 17:18:40,815 - INFO -   Visible DIV 7: class='inner' id='no-id' text='dashboard_2'
2026-05-04 17:18:40,915 - INFO -   Visible DIV 8: class='inner' id='no-id' text='group'
2026-05-04 17:18:41,048 - INFO -   Visible DIV 9: class='inner' id='no-id' text='decimal_increase'
2026-05-04 17:18:41,165 - INFO -   Visible DIV 10: class='inner' id='no-id' text='admin_panel_settings'
2026-05-04 17:18:41,282 - INFO -   Visible DIV 11: class='inner' id='no-id' text='nest_doorbell_visitor'
2026-05-04 17:18:41,446 - INFO -   Visible DIV 12: class='inner' id='no-id' text='key_visualizer'
2026-05-04 17:18:41,465 - INFO - 
================================================================================

2026-05-04 17:18:41,499 - INFO - Login SUCCESS: Dashboard URL reached.
2026-05-04 17:18:42,026 - INFO - 
================================================================================
2026-05-04 17:18:42,029 - INFO - DOM SNAPSHOT AT STAGE: After_Dashboard_Loaded
2026-05-04 17:18:42,030 - INFO - ================================================================================
2026-05-04 17:18:42,049 - INFO - 
Searching for pop-up elements in page content...
2026-05-04 17:18:42,333 - WARNING - ⚠ No known pop-up selectors found. Checking all visible divs...
2026-05-04 17:18:42,421 - INFO - Total DIV elements on page: 29
2026-05-04 17:18:42,633 - INFO -   Visible DIV 1: class='header-right' id='no-id' text='English
French
Spanish
Quantum Toll Authority
supe'
2026-05-04 17:18:42,743 - INFO -   Visible DIV 2: class='nav-user' id='no-id' text='Quantum Toll Authority
superadmin_qm@yopmail.com'
2026-05-04 17:18:42,890 - INFO -   Visible DIV 3: class='nav-user-info' id='no-id' text='Quantum Toll Authority
superadmin_qm@yopmail.com'
2026-05-04 17:18:42,992 - INFO -   Visible DIV 4: class='uname' id='no-id' text='Quantum Toll Authority'
2026-05-04 17:18:43,098 - INFO -   Visible DIV 5: class='urole' id='no-id' text='superadmin_qm@yopmail.com'
2026-05-04 17:18:43,190 - INFO -   Visible DIV 6: class='main-container' id='no-id' text='dashboard_2
group
decimal_increase
admin_panel_set'
2026-05-04 17:18:43,282 - INFO -   Visible DIV 7: class='inner' id='no-id' text='dashboard_2'
2026-05-04 17:18:43,363 - INFO -   Visible DIV 8: class='inner' id='no-id' text='group'
2026-05-04 17:18:43,479 - INFO -   Visible DIV 9: class='inner' id='no-id' text='decimal_increase'
2026-05-04 17:18:43,596 - INFO -   Visible DIV 10: class='inner' id='no-id' text='admin_panel_settings'
2026-05-04 17:18:43,764 - INFO -   Visible DIV 11: class='inner' id='no-id' text='nest_doorbell_visitor'
2026-05-04 17:18:43,882 - INFO -   Visible DIV 12: class='inner' id='no-id' text='key_visualizer'
2026-05-04 17:18:43,898 - INFO - 
================================================================================

2026-05-04 17:18:43,898 - INFO - Checking for dashboard header 'Welcome to QM Toll portal!'...
2026-05-04 17:18:43,976 - INFO - ✅ Dashboard header found with selector: h4:has-text("Welcome to QM Toll portal!")
2026-05-04 17:18:43,976 - INFO -    Header text: 'Welcome to QM Toll portal!'
2026-05-04 17:18:43,978 - INFO - ✅ DASHBOARD VALIDATION PASSED: 'Welcome to QM Toll portal!' header found
2026-05-04 17:18:44,616 - INFO - Step 1: Navigating and Starting Onboarding...
2026-05-04 17:18:44,616 - INFO - Executing Sidebar Navigation Sequence...
2026-05-04 17:18:47,580 - INFO - Filling Step 1: Account Details...
2026-05-04 17:18:51,557 - INFO - Filled First Name: Anika
2026-05-04 17:18:52,731 - INFO - Filled Middle Name: QA Team
2026-05-04 17:18:53,932 - INFO - Filled Last Name: Dani
2026-05-04 17:18:55,150 - INFO - Checked: Use Same for Billing
2026-05-04 17:18:56,335 - INFO - Checked: Use Same for Shipping
2026-05-04 17:18:57,499 - INFO - Checked: Primary Address
2026-05-04 17:19:01,294 - INFO - Filled Address: 123 Automation Blvd
2026-05-04 17:19:02,603 - INFO - Filled Zip Code: 12345
2026-05-04 17:19:04,359 - INFO - Filled Phone: 7834161471
2026-05-04 17:19:05,579 - INFO - Filled Email: anika.dani74@testmail.com
2026-05-04 17:19:06,738 - INFO - Filled Confirm Email: anika.dani74@testmail.com
2026-05-04 17:19:06,738 - INFO - Clicking Save & Next...
2026-05-04 17:19:06,770 - INFO - Chatbot elements hidden via CSS injection.
2026-05-04 17:19:08,640 - INFO - Step 1 Submitted.
2026-05-04 17:19:08,643 - INFO - Adding 1 Vehicle(s)...
2026-05-04 17:19:09,205 - INFO - Step 2 loaded successfully.
2026-05-04 17:19:09,286 - INFO - Chatbot elements hidden via CSS injection.
2026-05-04 17:19:10,759 - INFO - Filled Plate 1: QA2889GP
2026-05-04 17:19:15,321 - INFO - Filled Plate Start Date: 2026-05-04
2026-05-04 17:19:26,711 - INFO - Clicking 'Add' button for Vehicle 1...
2026-05-04 17:19:26,737 - INFO - Chatbot elements hidden via CSS injection.
2026-05-04 17:19:29,973 - INFO - Vehicle 1 added successfully.
2026-05-04 17:19:31,500 - INFO - Highlighting and clicking 'Next' button...
2026-05-04 17:19:31,514 - INFO - Chatbot elements hidden via CSS injection.
2026-05-04 17:19:34,358 - INFO - Captured Permanent Account Number: 2000011049
2026-05-04 17:19:34,358 - INFO - Account 2000011049 saved to SharedData.
2026-05-04 17:19:34,358 - INFO - Starting Step 3: Payment Information...
2026-05-04 17:19:34,429 - INFO - Chatbot elements hidden via CSS injection.
2026-05-04 17:19:38,606 - INFO - Filled Cardholder Name: mmCDRygbRIOQChcOyCpInJbrEGxzPUYYuFgORL
2026-05-04 17:19:40,117 - INFO - Filled Card Number: 0214592235391918
2026-05-04 17:19:41,682 - INFO - Filled Expiry Date: 05/28
2026-05-04 17:19:43,282 - INFO - Filled CVV: 561
2026-05-04 17:19:45,633 - INFO - Clicking 'Preview and Pay'...
2026-05-04 17:19:45,648 - INFO - Chatbot elements hidden via CSS injection.
2026-05-04 17:19:46,354 - INFO - Waiting for Payment Summary card...
2026-05-04 17:19:47,833 - INFO - Starting Final Confirmation Modal...
2026-05-04 17:19:49,004 - INFO - ✅ Account onboarding completed successfully.
2026-05-04 17:19:49,008 - INFO - Finalizing process: Clicking 'Account Summary' button...
2026-05-04 17:19:49,316 - INFO - Step 2: Creating case for account: 2000011049
2026-05-04 17:23:36,397 - INFO - Navigating to Login Page: http://operator-qa.qmaastech.com/
2026-05-04 17:23:39,394 - INFO - Attempting login for user: superadmin_qm@yopmail.com
2026-05-04 17:23:41,107 - INFO - Logging DOM elements BEFORE login click...
2026-05-04 17:23:41,107 - INFO - 
================================================================================
2026-05-04 17:23:41,111 - INFO - DOM SNAPSHOT AT STAGE: Before_Login
2026-05-04 17:23:41,113 - INFO - ================================================================================
2026-05-04 17:23:41,207 - INFO - 
Searching for pop-up elements in page content...
2026-05-04 17:23:41,686 - WARNING - ⚠ No known pop-up selectors found. Checking all visible divs...
2026-05-04 17:23:41,742 - INFO - Total DIV elements on page: 21
2026-05-04 17:23:42,571 - INFO -   Visible DIV 1: class='hero-pills' id='no-id' text='bolt
Real-time
smart_toy
AI-driven
hub
Multi-agenc'
2026-05-04 17:23:42,725 - INFO -   Visible DIV 2: class='auth-panel' id='no-id' text='Welcome Back

Sign in to your account to continue
'
2026-05-04 17:23:42,821 - INFO -   Visible DIV 3: class='auth-card' id='no-id' text='Welcome Back

Sign in to your account to continue
'
2026-05-04 17:23:42,935 - INFO -   Visible DIV 4: class='auth-step' id='no-id' text='Welcome Back

Sign in to your account to continue
'
2026-05-04 17:23:43,099 - INFO -   Visible DIV 5: class='field-wrap' id='no-id' text='Email ID / Username *
person'
2026-05-04 17:23:43,207 - INFO -   Visible DIV 6: class='input-shell' id='no-id' text='person'
2026-05-04 17:23:43,313 - INFO -   Visible DIV 7: class='field-wrap' id='no-id' text='Password *
lock
visibility_off'
2026-05-04 17:23:43,422 - INFO -   Visible DIV 8: class='input-shell' id='no-id' text='lock
visibility_off'
2026-05-04 17:23:43,521 - INFO -   Visible DIV 9: class='auth-bottom-links' id='no-id' text='New user?  Access Account

Forgot password?'
2026-05-04 17:23:43,571 - INFO - 
================================================================================

2026-05-04 17:23:44,147 - INFO - Login button clicked.
2026-05-04 17:23:44,147 - INFO - Taking rapid screenshots and validating pop-up...
2026-05-04 17:23:45,531 - INFO - Screenshot 1 captured - Attempting validation...
2026-05-04 17:23:45,539 - INFO - 
================================================================================
2026-05-04 17:23:45,540 - INFO - STARTING COMPREHENSIVE POP-UP VALIDATION
2026-05-04 17:23:45,540 - INFO - ================================================================================
2026-05-04 17:23:46,062 - ERROR - VALIDATION FAILED: Pop-up element not found!
2026-05-04 17:23:50,578 - INFO - Screenshot 2 captured - Attempting validation...
2026-05-04 17:23:50,578 - INFO - 
================================================================================
2026-05-04 17:23:50,578 - INFO - STARTING COMPREHENSIVE POP-UP VALIDATION
2026-05-04 17:23:50,587 - INFO - ================================================================================
2026-05-04 17:23:50,677 - ERROR - VALIDATION FAILED: Pop-up element not found!
2026-05-04 17:23:53,392 - INFO - Screenshot 3 captured - Attempting validation...
2026-05-04 17:23:53,401 - INFO - 
================================================================================
2026-05-04 17:23:53,410 - INFO - STARTING COMPREHENSIVE POP-UP VALIDATION
2026-05-04 17:23:53,410 - INFO - ================================================================================
2026-05-04 17:23:53,488 - ERROR - VALIDATION FAILED: Pop-up element not found!
2026-05-04 17:23:53,691 - INFO - Logging DOM elements AFTER login click (pop-up should appear here)...
2026-05-04 17:23:53,699 - INFO - 
================================================================================
2026-05-04 17:23:53,699 - INFO - DOM SNAPSHOT AT STAGE: After_Login_Click
2026-05-04 17:23:53,708 - INFO - ================================================================================
2026-05-04 17:23:53,807 - INFO - 
Searching for pop-up elements in page content...
2026-05-04 17:23:55,025 - WARNING - ⚠ No known pop-up selectors found. Checking all visible divs...
2026-05-04 17:23:55,257 - INFO - Total DIV elements on page: 29
2026-05-04 17:23:55,951 - INFO -   Visible DIV 1: class='header-right' id='no-id' text='English
French
Spanish
Quantum Toll Authority
supe'
2026-05-04 17:23:56,297 - INFO -   Visible DIV 2: class='nav-user' id='no-id' text='Quantum Toll Authority
superadmin_qm@yopmail.com'
2026-05-04 17:23:56,795 - INFO -   Visible DIV 3: class='nav-user-info' id='no-id' text='Quantum Toll Authority
superadmin_qm@yopmail.com'
2026-05-04 17:23:57,085 - INFO -   Visible DIV 4: class='uname' id='no-id' text='Quantum Toll Authority'
2026-05-04 17:23:57,360 - INFO -   Visible DIV 5: class='urole' id='no-id' text='superadmin_qm@yopmail.com'
2026-05-04 17:23:57,659 - INFO -   Visible DIV 6: class='main-container' id='no-id' text='dashboard_2
group
decimal_increase
admin_panel_set'
2026-05-04 17:23:57,987 - INFO -   Visible DIV 7: class='inner' id='no-id' text='dashboard_2'
2026-05-04 17:23:58,269 - INFO -   Visible DIV 8: class='inner' id='no-id' text='group'
2026-05-04 17:23:58,637 - INFO -   Visible DIV 9: class='inner' id='no-id' text='decimal_increase'
2026-05-04 17:23:58,983 - INFO -   Visible DIV 10: class='inner' id='no-id' text='admin_panel_settings'
2026-05-04 17:23:59,323 - INFO -   Visible DIV 11: class='inner' id='no-id' text='nest_doorbell_visitor'
2026-05-04 17:23:59,703 - INFO -   Visible DIV 12: class='inner' id='no-id' text='key_visualizer'
2026-05-04 17:23:59,786 - INFO - 
================================================================================

2026-05-04 17:24:00,253 - INFO - Waiting for dashboard URL...
2026-05-04 17:24:00,258 - INFO - 
================================================================================
2026-05-04 17:24:00,258 - INFO - DOM SNAPSHOT AT STAGE: Before_Dashboard_Navigation
2026-05-04 17:24:00,258 - INFO - ================================================================================
2026-05-04 17:24:00,357 - INFO - 
Searching for pop-up elements in page content...
2026-05-04 17:24:01,209 - WARNING - ⚠ No known pop-up selectors found. Checking all visible divs...
2026-05-04 17:24:01,376 - INFO - Total DIV elements on page: 29
2026-05-04 17:24:01,998 - INFO -   Visible DIV 1: class='header-right' id='no-id' text='English
French
Spanish
Quantum Toll Authority
supe'
2026-05-04 17:24:02,294 - INFO -   Visible DIV 2: class='nav-user' id='no-id' text='Quantum Toll Authority
superadmin_qm@yopmail.com'
2026-05-04 17:24:02,712 - INFO -   Visible DIV 3: class='nav-user-info' id='no-id' text='Quantum Toll Authority
superadmin_qm@yopmail.com'
2026-05-04 17:24:02,996 - INFO -   Visible DIV 4: class='uname' id='no-id' text='Quantum Toll Authority'
2026-05-04 17:24:03,283 - INFO -   Visible DIV 5: class='urole' id='no-id' text='superadmin_qm@yopmail.com'
2026-05-04 17:24:03,547 - INFO -   Visible DIV 6: class='main-container' id='no-id' text='dashboard_2
group
decimal_increase
admin_panel_set'
2026-05-04 17:24:03,738 - INFO -   Visible DIV 7: class='inner' id='no-id' text='dashboard_2'
2026-05-04 17:24:04,027 - INFO -   Visible DIV 8: class='inner' id='no-id' text='group'
2026-05-04 17:24:04,370 - INFO -   Visible DIV 9: class='inner' id='no-id' text='decimal_increase'
2026-05-04 17:24:04,757 - INFO -   Visible DIV 10: class='inner' id='no-id' text='admin_panel_settings'
2026-05-04 17:24:05,112 - INFO -   Visible DIV 11: class='inner' id='no-id' text='nest_doorbell_visitor'
2026-05-04 17:24:05,437 - INFO -   Visible DIV 12: class='inner' id='no-id' text='key_visualizer'
2026-05-04 17:24:05,504 - INFO - 
================================================================================

2026-05-04 17:24:05,598 - INFO - Login SUCCESS: Dashboard URL reached.
2026-05-04 17:24:06,164 - INFO - 
================================================================================
2026-05-04 17:24:06,164 - INFO - DOM SNAPSHOT AT STAGE: After_Dashboard_Loaded
2026-05-04 17:24:06,172 - INFO - ================================================================================
2026-05-04 17:24:06,345 - INFO - 
Searching for pop-up elements in page content...
2026-05-04 17:24:07,676 - WARNING - ⚠ No known pop-up selectors found. Checking all visible divs...
2026-05-04 17:24:07,906 - INFO - Total DIV elements on page: 29
2026-05-04 17:24:08,791 - INFO -   Visible DIV 1: class='header-right' id='no-id' text='English
French
Spanish
Quantum Toll Authority
supe'
2026-05-04 17:24:09,105 - INFO -   Visible DIV 2: class='nav-user' id='no-id' text='Quantum Toll Authority
superadmin_qm@yopmail.com'
2026-05-04 17:24:09,592 - INFO -   Visible DIV 3: class='nav-user-info' id='no-id' text='Quantum Toll Authority
superadmin_qm@yopmail.com'
2026-05-04 17:24:09,872 - INFO -   Visible DIV 4: class='uname' id='no-id' text='Quantum Toll Authority'
2026-05-04 17:24:10,236 - INFO -   Visible DIV 5: class='urole' id='no-id' text='superadmin_qm@yopmail.com'
2026-05-04 17:24:10,608 - INFO -   Visible DIV 6: class='main-container' id='no-id' text='dashboard_2
group
decimal_increase
admin_panel_set'
2026-05-04 17:24:10,918 - INFO -   Visible DIV 7: class='inner' id='no-id' text='dashboard_2'
2026-05-04 17:24:11,253 - INFO -   Visible DIV 8: class='inner' id='no-id' text='group'
2026-05-04 17:24:11,628 - INFO -   Visible DIV 9: class='inner' id='no-id' text='decimal_increase'
2026-05-04 17:24:12,039 - INFO -   Visible DIV 10: class='inner' id='no-id' text='admin_panel_settings'
2026-05-04 17:24:12,469 - INFO -   Visible DIV 11: class='inner' id='no-id' text='nest_doorbell_visitor'
2026-05-04 17:24:12,832 - INFO -   Visible DIV 12: class='inner' id='no-id' text='key_visualizer'
2026-05-04 17:24:12,913 - INFO - 
================================================================================

2026-05-04 17:24:12,915 - INFO - Checking for dashboard header 'Welcome to QM Toll portal!'...
2026-05-04 17:24:13,139 - INFO - ✅ Dashboard header found with selector: h4:has-text("Welcome to QM Toll portal!")
2026-05-04 17:24:13,139 - INFO -    Header text: 'Welcome to QM Toll portal!'
2026-05-04 17:24:13,139 - INFO - ✅ DASHBOARD VALIDATION PASSED: 'Welcome to QM Toll portal!' header found
2026-05-04 17:24:14,409 - INFO - Step 1: Navigating and Starting Onboarding...
2026-05-04 17:24:14,417 - INFO - Executing Sidebar Navigation Sequence...
2026-05-04 17:24:18,085 - INFO - Filling Step 1: Account Details...
2026-05-04 17:24:24,845 - INFO - Filled First Name: Riya
2026-05-04 17:24:26,351 - INFO - Filled Middle Name: QA Team
2026-05-04 17:24:27,742 - INFO - Filled Last Name: Rattan
2026-05-04 17:24:29,080 - INFO - Checked: Use Same for Billing
2026-05-04 17:24:30,647 - INFO - Checked: Use Same for Shipping
2026-05-04 17:24:32,127 - INFO - Checked: Primary Address
2026-05-04 17:24:36,039 - INFO - Filled Address: 123 Automation Blvd
2026-05-04 17:24:37,294 - INFO - Filled Zip Code: 12345
2026-05-04 17:24:39,115 - INFO - Filled Phone: 7855239839
2026-05-04 17:24:40,403 - INFO - Filled Email: riya.rattan31@testmail.com
2026-05-04 17:24:41,682 - INFO - Filled Confirm Email: riya.rattan31@testmail.com
2026-05-04 17:24:41,682 - INFO - Clicking Save & Next...
2026-05-04 17:24:41,726 - INFO - Chatbot elements hidden via CSS injection.
2026-05-04 17:24:43,620 - INFO - Step 1 Submitted.
2026-05-04 17:24:43,620 - INFO - Adding 1 Vehicle(s)...
2026-05-04 17:24:44,174 - INFO - Step 2 loaded successfully.
2026-05-04 17:24:44,251 - INFO - Chatbot elements hidden via CSS injection.
2026-05-04 17:24:45,668 - INFO - Filled Plate 1: QA7004GP
2026-05-04 17:24:50,306 - INFO - Filled Plate Start Date: 2026-05-04
2026-05-04 17:25:01,924 - INFO - Clicking 'Add' button for Vehicle 1...
2026-05-04 17:25:01,966 - INFO - Chatbot elements hidden via CSS injection.
2026-05-04 17:25:05,356 - INFO - Vehicle 1 added successfully.
2026-05-04 17:25:06,906 - INFO - Highlighting and clicking 'Next' button...
2026-05-04 17:25:06,947 - INFO - Chatbot elements hidden via CSS injection.
2026-05-04 17:25:09,949 - INFO - Captured Permanent Account Number: 2000011050
2026-05-04 17:25:09,952 - INFO - Account 2000011050 saved to SharedData.
2026-05-04 17:25:09,955 - INFO - Starting Step 3: Payment Information...
2026-05-04 17:25:10,022 - INFO - Chatbot elements hidden via CSS injection.
2026-05-04 17:25:14,726 - INFO - Filled Cardholder Name: ecGoJWKWFMWvGFJwMrDfOOZcbVg
2026-05-04 17:25:16,583 - INFO - Filled Card Number: 9902213624515526
2026-05-04 17:25:18,373 - INFO - Filled Expiry Date: 05/28
2026-05-04 17:25:20,031 - INFO - Filled CVV: 224
2026-05-04 17:25:22,452 - INFO - Clicking 'Preview and Pay'...
2026-05-04 17:25:22,492 - INFO - Chatbot elements hidden via CSS injection.
2026-05-04 17:25:23,305 - INFO - Waiting for Payment Summary card...
2026-05-04 17:25:24,878 - INFO - Starting Final Confirmation Modal...
2026-05-04 17:25:26,305 - INFO - ✅ Account onboarding completed successfully.
2026-05-04 17:25:26,306 - INFO - Finalizing process: Clicking 'Account Summary' button...
2026-05-04 17:25:26,706 - INFO - Step 2: Creating case for account: 2000011050
2026-05-04 17:26:59,318 - INFO - Navigating to Login Page: http://operator-qa.qmaastech.com/
2026-05-04 17:27:02,223 - INFO - Attempting login for user: superadmin_qm@yopmail.com
2026-05-04 17:27:03,924 - INFO - Logging DOM elements BEFORE login click...
2026-05-04 17:27:03,926 - INFO - 
================================================================================
2026-05-04 17:27:03,928 - INFO - DOM SNAPSHOT AT STAGE: Before_Login
2026-05-04 17:27:03,928 - INFO - ================================================================================
2026-05-04 17:27:03,961 - INFO - 
Searching for pop-up elements in page content...
2026-05-04 17:27:04,259 - WARNING - ⚠ No known pop-up selectors found. Checking all visible divs...
2026-05-04 17:27:04,328 - INFO - Total DIV elements on page: 21
2026-05-04 17:27:04,870 - INFO -   Visible DIV 1: class='hero-pills' id='no-id' text='bolt
Real-time
smart_toy
AI-driven
hub
Multi-agenc'
2026-05-04 17:27:05,054 - INFO -   Visible DIV 2: class='auth-panel' id='no-id' text='Welcome Back

Sign in to your account to continue
'
2026-05-04 17:27:05,142 - INFO -   Visible DIV 3: class='auth-card' id='no-id' text='Welcome Back

Sign in to your account to continue
'
2026-05-04 17:27:05,244 - INFO -   Visible DIV 4: class='auth-step' id='no-id' text='Welcome Back

Sign in to your account to continue
'
2026-05-04 17:27:05,387 - INFO -   Visible DIV 5: class='field-wrap' id='no-id' text='Email ID / Username *
person'
2026-05-04 17:27:05,478 - INFO -   Visible DIV 6: class='input-shell' id='no-id' text='person'
2026-05-04 17:27:05,562 - INFO -   Visible DIV 7: class='field-wrap' id='no-id' text='Password *
lock
visibility_off'
2026-05-04 17:27:05,643 - INFO -   Visible DIV 8: class='input-shell' id='no-id' text='lock
visibility_off'
2026-05-04 17:27:05,725 - INFO -   Visible DIV 9: class='auth-bottom-links' id='no-id' text='New user?  Access Account

Forgot password?'
2026-05-04 17:27:05,764 - INFO - 
================================================================================

2026-05-04 17:27:06,337 - INFO - Login button clicked.
2026-05-04 17:27:06,339 - INFO - Taking rapid screenshots and validating pop-up...
2026-05-04 17:27:06,976 - INFO - Screenshot 1 captured - Attempting validation...
2026-05-04 17:27:06,976 - INFO - 
================================================================================
2026-05-04 17:27:06,976 - INFO - STARTING COMPREHENSIVE POP-UP VALIDATION
2026-05-04 17:27:06,976 - INFO - ================================================================================
2026-05-04 17:27:06,994 - INFO - 
[VALIDATION 1] Checking Pop-up Visibility...
2026-05-04 17:27:07,019 - INFO -   Visibility Status: True
2026-05-04 17:27:07,019 - INFO -   PASSED: Pop-up is visible
2026-05-04 17:27:07,024 - INFO - 
[VALIDATION 2] Extracting and Validating Text Content...
2026-05-04 17:27:07,043 - INFO -   Extracted Text: 'Login Successful'
2026-05-04 17:27:07,043 - INFO -   PASSED: Text matches exactly: 'Login Successful'
2026-05-04 17:27:07,043 - INFO - 
[VALIDATION 3] Checking for Typos...
2026-05-04 17:27:07,043 - INFO -   PASSED: No known typos detected
2026-05-04 17:27:07,043 - INFO - 
[VALIDATION 4] Extracting CSS Classes and Attributes...
2026-05-04 17:27:07,067 - INFO -   CSS Classes: snackbar success-snackbar
2026-05-04 17:27:07,067 - INFO -   PASSED: 'success' class is present
2026-05-04 17:27:07,067 - INFO - 
[VALIDATION 5] Checking Element Properties...
2026-05-04 17:27:07,128 - INFO -   ID: Not set
2026-05-04 17:27:07,138 - INFO -   Data-TestID: Not set
2026-05-04 17:27:07,138 - INFO -   Role: Not set
2026-05-04 17:27:07,138 - INFO -   ARIA Label: Not set
2026-05-04 17:27:07,138 - INFO - 
[VALIDATION 6] Checking Position and Size...
2026-05-04 17:27:07,158 - INFO -   X: 1230, Y: 20
2026-05-04 17:27:07,158 - INFO -   Width: 250, Height: 43.5
2026-05-04 17:27:07,158 - INFO -   PASSED: Element has valid dimensions
2026-05-04 17:27:07,160 - INFO - 
[VALIDATION 7] Checking Computed Styles...
2026-05-04 17:27:07,193 - INFO -   Display: block
2026-05-04 17:27:07,193 - INFO -   Opacity: 1
2026-05-04 17:27:07,193 - INFO -   PASSED: Element is displayed with proper opacity
2026-05-04 17:27:07,193 - INFO - 
================================================================================
2026-05-04 17:27:07,193 - INFO - POP-UP VALIDATION SUMMARY
2026-05-04 17:27:07,193 - INFO - ================================================================================
2026-05-04 17:27:07,193 - INFO -   Visibility: PASSED
2026-05-04 17:27:07,193 - INFO -   Text Match: PASSED
2026-05-04 17:27:07,193 - INFO -   Typo Check: PASSED
2026-05-04 17:27:07,193 - INFO -   CSS Classes: Present
2026-05-04 17:27:07,193 - INFO -   Position & Size: Valid
2026-05-04 17:27:07,193 - INFO -   Computed Styles: Valid
2026-05-04 17:27:07,193 - INFO - ================================================================================

2026-05-04 17:27:07,193 - INFO - ✓ ALL VALIDATIONS PASSED - Pop-up is working correctly!
2026-05-04 17:27:07,614 - INFO - Screenshot 2 captured - Attempting validation...
2026-05-04 17:27:07,616 - INFO - 
================================================================================
2026-05-04 17:27:07,616 - INFO - STARTING COMPREHENSIVE POP-UP VALIDATION
2026-05-04 17:27:07,616 - INFO - ================================================================================
2026-05-04 17:27:07,625 - ERROR - VALIDATION FAILED: Pop-up element not found!
2026-05-04 17:27:09,079 - INFO - Screenshot 3 captured - Attempting validation...
2026-05-04 17:27:09,082 - INFO - 
================================================================================
2026-05-04 17:27:09,082 - INFO - STARTING COMPREHENSIVE POP-UP VALIDATION
2026-05-04 17:27:09,084 - INFO - ================================================================================
2026-05-04 17:27:09,112 - ERROR - VALIDATION FAILED: Pop-up element not found!
2026-05-04 17:27:09,253 - INFO - Logging DOM elements AFTER login click (pop-up should appear here)...
2026-05-04 17:27:09,253 - INFO - 
================================================================================
2026-05-04 17:27:09,253 - INFO - DOM SNAPSHOT AT STAGE: After_Login_Click
2026-05-04 17:27:09,253 - INFO - ================================================================================
2026-05-04 17:27:09,279 - INFO - 
Searching for pop-up elements in page content...
2026-05-04 17:27:09,720 - WARNING - ⚠ No known pop-up selectors found. Checking all visible divs...
2026-05-04 17:27:09,811 - INFO - Total DIV elements on page: 29
2026-05-04 17:27:10,115 - INFO -   Visible DIV 1: class='header-right' id='no-id' text='English
French
Spanish
Quantum Toll Authority
supe'
2026-05-04 17:27:10,249 - INFO -   Visible DIV 2: class='nav-user' id='no-id' text='Quantum Toll Authority
superadmin_qm@yopmail.com'
2026-05-04 17:27:10,460 - INFO -   Visible DIV 3: class='nav-user-info' id='no-id' text='Quantum Toll Authority
superadmin_qm@yopmail.com'
2026-05-04 17:27:10,603 - INFO -   Visible DIV 4: class='uname' id='no-id' text='Quantum Toll Authority'
2026-05-04 17:27:10,726 - INFO -   Visible DIV 5: class='urole' id='no-id' text='superadmin_qm@yopmail.com'
2026-05-04 17:27:10,835 - INFO -   Visible DIV 6: class='main-container' id='no-id' text='dashboard_2
group
decimal_increase
admin_panel_set'
2026-05-04 17:27:10,953 - INFO -   Visible DIV 7: class='inner' id='no-id' text='dashboard_2'
2026-05-04 17:27:11,084 - INFO -   Visible DIV 8: class='inner' id='no-id' text='group'
2026-05-04 17:27:11,243 - INFO -   Visible DIV 9: class='inner' id='no-id' text='decimal_increase'
2026-05-04 17:27:11,378 - INFO -   Visible DIV 10: class='inner' id='no-id' text='admin_panel_settings'
2026-05-04 17:27:11,513 - INFO -   Visible DIV 11: class='inner' id='no-id' text='nest_doorbell_visitor'
2026-05-04 17:27:11,644 - INFO -   Visible DIV 12: class='inner' id='no-id' text='key_visualizer'
2026-05-04 17:27:11,679 - INFO - 
================================================================================

2026-05-04 17:27:11,866 - INFO - Waiting for dashboard URL...
2026-05-04 17:27:11,866 - INFO - 
================================================================================
2026-05-04 17:27:11,866 - INFO - DOM SNAPSHOT AT STAGE: Before_Dashboard_Navigation
2026-05-04 17:27:11,866 - INFO - ================================================================================
2026-05-04 17:27:11,899 - INFO - 
Searching for pop-up elements in page content...
2026-05-04 17:27:12,127 - WARNING - ⚠ No known pop-up selectors found. Checking all visible divs...
2026-05-04 17:27:12,168 - INFO - Total DIV elements on page: 29
2026-05-04 17:27:12,327 - INFO -   Visible DIV 1: class='header-right' id='no-id' text='English
French
Spanish
Quantum Toll Authority
supe'
2026-05-04 17:27:12,393 - INFO -   Visible DIV 2: class='nav-user' id='no-id' text='Quantum Toll Authority
superadmin_qm@yopmail.com'
2026-05-04 17:27:12,497 - INFO -   Visible DIV 3: class='nav-user-info' id='no-id' text='Quantum Toll Authority
superadmin_qm@yopmail.com'
2026-05-04 17:27:12,573 - INFO -   Visible DIV 4: class='uname' id='no-id' text='Quantum Toll Authority'
2026-05-04 17:27:12,653 - INFO -   Visible DIV 5: class='urole' id='no-id' text='superadmin_qm@yopmail.com'
2026-05-04 17:27:12,727 - INFO -   Visible DIV 6: class='main-container' id='no-id' text='dashboard_2
group
decimal_increase
admin_panel_set'
2026-05-04 17:27:12,810 - INFO -   Visible DIV 7: class='inner' id='no-id' text='dashboard_2'
2026-05-04 17:27:12,908 - INFO -   Visible DIV 8: class='inner' id='no-id' text='group'
2026-05-04 17:27:13,010 - INFO -   Visible DIV 9: class='inner' id='no-id' text='decimal_increase'
2026-05-04 17:27:13,125 - INFO -   Visible DIV 10: class='inner' id='no-id' text='admin_panel_settings'
2026-05-04 17:27:13,210 - INFO -   Visible DIV 11: class='inner' id='no-id' text='nest_doorbell_visitor'
2026-05-04 17:27:13,285 - INFO -   Visible DIV 12: class='inner' id='no-id' text='key_visualizer'
2026-05-04 17:27:13,293 - INFO - 
================================================================================

2026-05-04 17:27:13,311 - INFO - Login SUCCESS: Dashboard URL reached.
2026-05-04 17:27:13,838 - INFO - 
================================================================================
2026-05-04 17:27:13,838 - INFO - DOM SNAPSHOT AT STAGE: After_Dashboard_Loaded
2026-05-04 17:27:13,838 - INFO - ================================================================================
2026-05-04 17:27:13,858 - INFO - 
Searching for pop-up elements in page content...
2026-05-04 17:27:14,068 - WARNING - ⚠ No known pop-up selectors found. Checking all visible divs...
2026-05-04 17:27:14,112 - INFO - Total DIV elements on page: 29
2026-05-04 17:27:14,310 - INFO -   Visible DIV 1: class='header-right' id='no-id' text='English
French
Spanish
Quantum Toll Authority
supe'
2026-05-04 17:27:14,376 - INFO -   Visible DIV 2: class='nav-user' id='no-id' text='Quantum Toll Authority
superadmin_qm@yopmail.com'
2026-05-04 17:27:14,462 - INFO -   Visible DIV 3: class='nav-user-info' id='no-id' text='Quantum Toll Authority
superadmin_qm@yopmail.com'
2026-05-04 17:27:14,575 - INFO -   Visible DIV 4: class='uname' id='no-id' text='Quantum Toll Authority'
2026-05-04 17:27:14,710 - INFO -   Visible DIV 5: class='urole' id='no-id' text='superadmin_qm@yopmail.com'
2026-05-04 17:27:14,832 - INFO -   Visible DIV 6: class='main-container' id='no-id' text='dashboard_2
group
decimal_increase
admin_panel_set'
2026-05-04 17:27:14,961 - INFO -   Visible DIV 7: class='inner' id='no-id' text='dashboard_2'
2026-05-04 17:27:15,092 - INFO -   Visible DIV 8: class='inner' id='no-id' text='group'
2026-05-04 17:27:15,311 - INFO -   Visible DIV 9: class='inner' id='no-id' text='decimal_increase'
2026-05-04 17:27:15,425 - INFO -   Visible DIV 10: class='inner' id='no-id' text='admin_panel_settings'
2026-05-04 17:27:15,597 - INFO -   Visible DIV 11: class='inner' id='no-id' text='nest_doorbell_visitor'
2026-05-04 17:27:15,743 - INFO -   Visible DIV 12: class='inner' id='no-id' text='key_visualizer'
2026-05-04 17:27:15,772 - INFO - 
================================================================================

2026-05-04 17:27:15,773 - INFO - Checking for dashboard header 'Welcome to QM Toll portal!'...
2026-05-04 17:27:15,853 - INFO - ✅ Dashboard header found with selector: h4:has-text("Welcome to QM Toll portal!")
2026-05-04 17:27:15,853 - INFO -    Header text: 'Welcome to QM Toll portal!'
2026-05-04 17:27:15,853 - INFO - ✅ DASHBOARD VALIDATION PASSED: 'Welcome to QM Toll portal!' header found
2026-05-04 17:27:16,377 - INFO - Step 1: Navigating and Starting Onboarding...
2026-05-04 17:27:16,377 - INFO - Executing Sidebar Navigation Sequence...
2026-05-04 17:27:19,314 - INFO - Filling Step 1: Account Details...
2026-05-04 17:27:23,005 - INFO - Filled First Name: Krish
2026-05-04 17:27:24,175 - INFO - Filled Middle Name: QA Team
2026-05-04 17:27:25,388 - INFO - Filled Last Name: Kant
2026-05-04 17:27:26,583 - INFO - Checked: Use Same for Billing
2026-05-04 17:27:27,763 - INFO - Checked: Use Same for Shipping
2026-05-04 17:27:28,887 - INFO - Checked: Primary Address
2026-05-04 17:27:32,728 - INFO - Filled Address: 123 Automation Blvd
2026-05-04 17:27:33,884 - INFO - Filled Zip Code: 12345
2026-05-04 17:27:35,611 - INFO - Filled Phone: 7925655143
2026-05-04 17:27:36,753 - INFO - Filled Email: krish.kant55@testmail.com
2026-05-04 17:27:37,932 - INFO - Filled Confirm Email: krish.kant55@testmail.com
2026-05-04 17:27:37,938 - INFO - Clicking Save & Next...
2026-05-04 17:27:37,955 - INFO - Chatbot elements hidden via CSS injection.
2026-05-04 17:27:39,831 - INFO - Step 1 Submitted.
2026-05-04 17:27:39,833 - INFO - Adding 1 Vehicle(s)...
2026-05-04 17:27:40,418 - INFO - Step 2 loaded successfully.
2026-05-04 17:27:40,441 - INFO - Chatbot elements hidden via CSS injection.
2026-05-04 17:27:41,688 - INFO - Filled Plate 1: QA6556GP
2026-05-04 17:27:46,361 - INFO - Filled Plate Start Date: 2026-05-04
2026-05-04 17:27:57,515 - INFO - Clicking 'Add' button for Vehicle 1...
2026-05-04 17:27:57,593 - INFO - Chatbot elements hidden via CSS injection.
2026-05-04 17:28:01,037 - INFO - Vehicle 1 added successfully.
2026-05-04 17:28:02,553 - INFO - Highlighting and clicking 'Next' button...
2026-05-04 17:28:02,569 - INFO - Chatbot elements hidden via CSS injection.
2026-05-04 17:28:05,387 - INFO - Captured Permanent Account Number: 2000011051
2026-05-04 17:28:05,387 - INFO - Account 2000011051 saved to SharedData.
2026-05-04 17:28:05,387 - INFO - Starting Step 3: Payment Information...
2026-05-04 17:28:05,419 - INFO - Chatbot elements hidden via CSS injection.
2026-05-04 17:28:09,810 - INFO - Filled Cardholder Name: BWldprQvBUMfgVvXcaFRImYYFjqFdEKTGJCyRKi
2026-05-04 17:28:11,490 - INFO - Filled Card Number: 6769558249808425
2026-05-04 17:28:13,057 - INFO - Filled Expiry Date: 05/28
2026-05-04 17:28:14,590 - INFO - Filled CVV: 898
2026-05-04 17:28:16,970 - INFO - Clicking 'Preview and Pay'...
2026-05-04 17:28:16,980 - INFO - Chatbot elements hidden via CSS injection.
2026-05-04 17:28:17,674 - INFO - Waiting for Payment Summary card...
2026-05-04 17:28:19,182 - INFO - Starting Final Confirmation Modal...
2026-05-04 17:28:20,478 - INFO - ✅ Account onboarding completed successfully.
2026-05-04 17:28:20,478 - INFO - Finalizing process: Clicking 'Account Summary' button...
2026-05-04 17:28:20,718 - INFO - Step 2: Creating case for account: 2000011051
